Level 1 (Non Applicable Posts),,,,,Level 2 (No Stigma Posts),,,,,Level 3 (Stigma Posts and Comments),,,,,,
post_id,l1_label,subreddit,timestamp,,post_id,l2_label,subreddit,timestamp,,post_id,subreddit,comment_id,created_utc,timestamp,support_tags,stigma_tags
okndls,Not Applicable,harassment,2021-07-15 6:54:13,,ojp7lk,No Stigma,harassment,2021-07-13 21:17:03,,om798f,SexualHarassment,h5j5kk8,1626540383,2021-07-17 16:46:23,"Information Support, Esteem Support","Experienced, Internalized"
oiulpt,Not Applicable,harassment,2021-07-12 16:20:51,,o79e7h,No Stigma,harassment,2021-06-24 20:32:26,,ol3l81,SexualHarassment,h5bz1on,1626389826,2021-07-15 22:57:06,Information Support,"Experienced, Internalized, Anticipated, Structural"
oehv77,Not Applicable,harassment,2021-07-05 22:26:22,,o6t7tt,No Stigma,harassment,2021-06-24 4:07:08,,ojmgbg,SexualHarassment,h52l5q5,1626204661,2021-07-13 19:31:01,"Information Support, Emotional Support",Experienced
odj9mr,Not Applicable,harassment,2021-07-04 12:14:00,,o2aqar,No Stigma,harassment,2021-06-17 23:16:18,,ojmgbg,SexualHarassment,h5314q6,1626211900,2021-07-13 21:31:40,"Information Support, Tangible Assistance",Experienced
odj2wf,Not Applicable,harassment,2021-07-04 12:01:28,,nxvyxq,No Stigma,harassment,2021-06-12 2:02:39,,ojkjeq,SexualHarassment,h52fift,1626202162,2021-07-13 18:49:22,"Information Support, Esteem Support",Internalized
od6jly,Not Applicable,harassment,2021-07-03 21:15:49,,ni95ni,No Stigma,harassment,2021-05-22 2:53:38,,ojkjeq,SexualHarassment,h53mnmh,1626222795,2021-07-14 0:33:15,"Information Support, Esteem Support",Internalized
oc4o1v,Not Applicable,harassment,2021-07-02 6:49:16,,ni7x3j,No Stigma,harassment,2021-05-22 1:37:45,,ojkjeq,SexualHarassment,h9m0pf8,1629424783,2021-08-20 1:59:43,"Information Support, Esteem Support",Internalized
o90l1n,Not Applicable,harassment,2021-06-27 16:37:08,,nbaqrf,No Stigma,harassment,2021-05-13 7:10:52,,ojkjeq,SexualHarassment,hauqmyu,1630273289,2021-08-29 21:41:29,Esteem Support,Internalized
o6wle4,Not Applicable,harassment,2021-06-24 8:20:27,,naf4xv,No Stigma,harassment,2021-05-12 3:14:03,,o9i5c6,SexualHarassment,h3fyfyn,1624977110,2021-06-29 14:31:50,"Information Support, Esteem Support","Experienced, Anticipated, Structural"
o5z0kx,Not Applicable,harassment,2021-06-22 22:28:16,,n699a1,No Stigma,harassment,2021-05-06 15:00:22,,o93cwk,SexualHarassment,h39508u,1624829338,2021-06-27 21:28:58,Information Support,"Experienced, Internalized"
o4n7go,Not Applicable,harassment,2021-06-21 4:40:34,,mxni0w,No Stigma,harassment,2021-04-24 16:34:33,,o5htlf,SexualHarassment,h2pacip,1624400012,2021-06-22 22:13:32,"Information Support, Tangible Assistance","Experienced, Internalized, Structural"
o4m89t,Not Applicable,harassment,2021-06-21 3:40:53,,mjb0n3,No Stigma,harassment,2021-04-03 15:45:20,,o0h2kg,SexualHarassment,h1xwpnc,1623825629,2021-06-16 6:40:29,Information Support,Internalized
nuaxha,Not Applicable,harassment,2021-06-07 12:13:35,,lxevxs,No Stigma,harassment,2021-03-04 7:03:40,,o06bi1,SexualHarassment,h1tupii,1623747275,2021-06-15 8:54:35,Emotional Support,"Experienced, Internalized"
nt5znw,Not Applicable,harassment,2021-06-05 21:33:18,,lap9cr,No Stigma,harassment,2021-02-02 6:20:08,,nz2idq,SexualHarassment,h1pkdk4,1623658271,2021-06-14 8:11:11,"Information Support, Esteem Support","Experienced, Internalized, Anticipated"
nnrs7a,Not Applicable,harassment,2021-05-29 17:07:39,,l8zwh4,No Stigma,harassment,2021-01-31 0:24:53,,nxaylh,SexualHarassment,h1fr2jl,1623439171,2021-06-11 19:19:31,"Information Support, Esteem Support",Internalized
nkwmqd,Not Applicable,harassment,2021-05-25 18:30:52,,kmmkbs,No Stigma,harassment,2020-12-29 20:45:59,,nxaylh,SexualHarassment,h1fems3,1623433659,2021-06-11 17:47:39,"Information Support, Emotional Support, Esteem Support",Internalized
ngs45t,Not Applicable,harassment,2021-05-20 5:45:29,,k828g0,No Stigma,harassment,2020-12-06 21:14:24,,nxaylh,SexualHarassment,h1ojp54,1623632210,2021-06-14 0:56:50,"Information Support, Esteem Support",Internalized
nffxpl,Not Applicable,harassment,2021-05-18 16:59:43,,jmpc59,No Stigma,harassment,2020-11-02 15:21:15,,nxaylh,SexualHarassment,h1rcgz5,1623695762,2021-06-14 18:36:02,"Emotional Support, Esteem Support, Tangible Assistance",Internalized
ne3y3c,Not Applicable,harassment,2021-05-17 2:03:54,,jfxvtz,No Stigma,harassment,2020-10-22 11:32:43,,nwxn0z,SexualHarassment,h1bwxil,1623360994,2021-06-10 21:36:34,Information Support,Experienced
nazhxz,Not Applicable,harassment,2021-05-12 21:09:49,,innpmc,No Stigma,harassment,2020-09-06 15:16:30,,nwxn0z,SexualHarassment,h1deeg9,1623389837,2021-06-11 5:37:17,"Information Support, Emotional Support",Experienced
n8todl,Not Applicable,harassment,2021-05-10 2:31:21,,ikx0ts,No Stigma,harassment,2020-09-02 1:02:16,,nwxn0z,SexualHarassment,h1op5tx,1623635332,2021-06-14 1:48:52,Information Support,Experienced
n5cwv2,Not Applicable,harassment,2021-05-05 10:39:36,,i7iy8s,No Stigma,harassment,2020-08-11 2:05:31,,nutews,SexualHarassment,h10qi1u,1623154755,2021-06-08 12:19:15,"Information Support, Esteem Support",Experienced
n2oimd,Not Applicable,harassment,2021-05-01 18:42:56,,hyyqji,No Stigma,harassment,2020-07-27 19:13:50,,nrl9si,SexualHarassment,h0ifk2p,1622769078,2021-06-04 1:11:18,Emotional Support,"Experienced, Internalized, Anticipated"
n1wwsg,Not Applicable,harassment,2021-04-30 15:58:54,,hy13c5,No Stigma,harassment,2020-07-26 5:03:01,,nrl9si,SexualHarassment,h0o4gvy,1622886238,2021-06-05 9:43:58,"Information Support, Emotional Support","Experienced, Internalized, Anticipated"
mxspg3,Not Applicable,harassment,2021-04-24 20:52:02,,hj38xc,No Stigma,harassment,2020-07-01 4:20:38,,npkwwt,SexualHarassment,h0euvbu,1622703817,2021-06-03 7:03:37,Information Support,Internalized
mvrovf,Not Applicable,harassment,2021-04-21 22:57:45,,hgz0mz,No Stigma,harassment,2020-06-27 18:46:22,,nnms4b,SexualHarassment,gzv9lai,1622293953,2021-05-29 13:12:33,Information Support,Anticipated
mqusqs,Not Applicable,harassment,2021-04-14 16:56:01,,gxoa3h,No Stigma,harassment,2020-06-06 10:04:10,,nnms4b,SexualHarassment,gzxz7up,1622348269,2021-05-30 4:17:49,Information Support,Anticipated
mjdndj,Not Applicable,harassment,2021-04-03 17:59:11,,gq8asy,No Stigma,harassment,2020-05-25 9:56:16,,nfv1lv,SexualHarassment,gyoi025,1621420610,2021-05-19 10:36:50,"Information Support, Esteem Support",Internalized
mhdptw,Not Applicable,harassment,2021-03-31 19:29:27,,9r1qas,No Stigma,harassment,2018-10-24 17:25:37,,n9ulje,SexualHarassment,gxpuyvv,1620733502,2021-05-11 11:45:02,"Information Support, Esteem Support","Internalized, Anticipated"
mguh0u,Not Applicable,harassment,2021-03-31 0:57:17,,9joplp,No Stigma,harassment,2018-09-28 16:58:43,,n8kldg,SexualHarassment,gxixu2f,1620586936,2021-05-09 19:02:16,"Information Support, Esteem Support",Internalized
m6lt1p,Not Applicable,harassment,2021-03-16 22:57:19,,olr4wq,No Stigma,assault,2021-07-16 22:03:37,,n8kldg,SexualHarassment,gzhdwdq,1622007901,2021-05-26 5:45:01,"Information Support, Esteem Support",Internalized
m4ss7k,Not Applicable,harassment,2021-03-14 10:27:22,,olmb7r,No Stigma,assault,2021-07-16 18:01:39,,n6p876,SexualHarassment,gzhza7c,1622026161,2021-05-26 10:49:21,"Information Support, Emotional Support, Esteem Support, Group Interaction","Internalized, Anticipated"
m33u4r,Not Applicable,harassment,2021-03-11 23:31:19,,ol9lru,No Stigma,assault,2021-07-16 4:34:11,,n6nxe5,SexualHarassment,gx89jen,1620354950,2021-05-07 2:35:50,"Information Support, Esteem Support",Internalized
m2bpt4,Not Applicable,harassment,2021-03-10 23:10:18,,ol8uq0,No Stigma,assault,2021-07-16 3:45:28,,n6nxe5,SexualHarassment,gx8a8q0,1620355327,2021-05-07 2:42:07,"Information Support, Esteem Support",Internalized
lu3uk7,Not Applicable,harassment,2021-02-28 3:03:51,,okj151,No Stigma,assault,2021-07-15 2:02:19,,n6nxe5,SexualHarassment,gx90tgf,1620374241,2021-05-07 7:57:21,"Information Support, Esteem Support",Internalized
lhyz1i,Not Applicable,harassment,2021-02-12 0:18:26,,okhu69,No Stigma,assault,2021-07-15 0:50:22,,n6egb7,SexualHarassment,gx794rz,1620336975,2021-05-06 21:36:15,"Information Support, Emotional Support",Experienced
l6l0gf,Not Applicable,harassment,2021-01-28 1:59:05,,okbi98,No Stigma,assault,2021-07-14 19:19:48,,n6egb7,SexualHarassment,gx7cc5g,1620338376,2021-05-06 21:59:36,Information Support,Experienced
kyxku4,Not Applicable,harassment,2021-01-17 2:43:25,,oka3o4,No Stigma,assault,2021-07-14 18:11:07,,n5atad,SexualHarassment,gx06h0r,1620203072,2021-05-05 8:24:32,"Information Support, Emotional Support, Esteem Support","Experienced, Anticipated"
kvq2pd,Not Applicable,harassment,2021-01-12 11:38:33,,ojxqp7,No Stigma,assault,2021-07-14 5:32:55,,n5atad,SexualHarassment,gx3dhwg,1620260417,2021-05-06 0:20:17,"Information Support, Group Interaction","Experienced, Anticipated"
kvloe8,Not Applicable,harassment,2021-01-12 5:51:51,,ojrxoi,No Stigma,assault,2021-07-13 23:38:51,,n5atad,SexualHarassment,gycrfrc,1621191293,2021-05-16 18:54:53,"Information Support, Group Interaction","Experienced, Anticipated"
kn44k6,Not Applicable,harassment,2020-12-30 15:23:08,,ojnzwf,No Stigma,assault,2021-07-13 20:18:18,,n3qkds,SexualHarassment,gwrdvf4,1620030976,2021-05-03 8:36:16,Information Support,
kju0vu,Not Applicable,harassment,2020-12-25 5:47:43,,ojapis,No Stigma,assault,2021-07-13 7:36:42,,n3qkds,SexualHarassment,gwrlule,1620037842,2021-05-03 10:30:42,"Information Support, Esteem Support",
ki6z00,Not Applicable,harassment,2020-12-22 15:03:14,,oj5kx7,No Stigma,assault,2021-07-13 1:47:29,,n0kcy2,SexualHarassment,gw75buy,1619632443,2021-04-28 17:54:03,"Information Support, Esteem Support","Experienced, Internalized"
kdugac,Not Applicable,harassment,2020-12-15 21:02:47,,oikua9,No Stigma,assault,2021-07-12 5:27:59,,mys2w5,SexualHarassment,gvwt42w,1619428216,2021-04-26 9:10:16,Information Support,"Experienced, Internalized, Anticipated"
k7l7yb,Not Applicable,harassment,2020-12-06 2:35:49,,oik09e,No Stigma,assault,2021-07-12 4:29:04,,mys2w5,SexualHarassment,gvwvn1x,1619430685,2021-04-26 9:51:25,"Information Support, Emotional Support, Group Interaction","Experienced, Internalized, Anticipated"
k1xf8z,Not Applicable,harassment,2020-11-27 8:30:24,,oifhi2,No Stigma,assault,2021-07-11 23:45:36,,mvx4fe,SexualHarassment,gvev7v2,1619068241,2021-04-22 5:10:41,"Information Support, Emotional Support, Esteem Support, Tangible Assistance",Internalized
jxhhpd,Not Applicable,harassment,2020-11-20 3:17:29,,ohsx9y,No Stigma,assault,2021-07-10 23:03:09,,mvx4fe,SexualHarassment,gvewjlh,1619069252,2021-04-22 5:27:32,"Information Support, Emotional Support, Esteem Support",Internalized
jsob5l,Not Applicable,harassment,2020-11-12 4:39:00,,ogspce,No Stigma,assault,2021-07-09 10:21:19,,mvx4fe,SexualHarassment,gvewjlk,1619069252,2021-04-22 5:27:32,"Information Support, Emotional Support, Esteem Support",Internalized
jqkla3,Not Applicable,harassment,2020-11-08 22:00:48,,of19is,No Stigma,assault,2021-07-06 18:44:26,,mvx4fe,SexualHarassment,gvj3h35,1619150862,2021-04-23 4:07:42,"Information Support, Esteem Support",Internalized
jqfd9z,Not Applicable,harassment,2020-11-08 17:16:39,,of0lau,No Stigma,assault,2021-07-06 18:11:27,,msmm6f,SexualHarassment,gutiqf3,1618647096,2021-04-17 8:11:36,Information Support,Internalized
jnm40l,Not Applicable,harassment,2020-11-04 0:02:42,,oeyrib,No Stigma,assault,2021-07-06 16:43:27,,msmm6f,SexualHarassment,guugo4i,1618665601,2021-04-17 13:20:01,"Information Support, Emotional Support, Esteem Support",Internalized
jgj6ug,Not Applicable,harassment,2020-10-23 8:27:57,,oekr5o,No Stigma,assault,2021-07-06 1:20:34,,mllmyr,SexualHarassment,gtm5wqj,1617743348,2021-04-06 21:09:08,"Information Support, Esteem Support",
jetpxq,Not Applicable,harassment,2020-10-20 17:03:21,,oe2uwk,No Stigma,assault,2021-07-05 8:29:23,,mllmyr,SexualHarassment,gtmmh97,1617751468,2021-04-06 23:24:28,Information Support,
jdj03r,Not Applicable,harassment,2020-10-18 16:14:16,,ody481,No Stigma,assault,2021-07-05 2:33:41,,mllmyr,SexualHarassment,gtt3jzm,1617888518,2021-04-08 13:28:38,Emotional Support,
jcoqi1,Not Applicable,harassment,2020-10-17 4:19:06,,odwm8v,No Stigma,assault,2021-07-05 0:45:30,,ml2iun,SexualHarassment,gtjmocb,1617692785,2021-04-06 7:06:25,"Information Support, Emotional Support, Esteem Support",Internalized
j7akc0,Not Applicable,harassment,2020-10-08 10:20:03,,odj1ql,No Stigma,assault,2021-07-04 11:59:42,,ml2iun,SexualHarassment,gtjz8eg,1617705169,2021-04-06 10:32:49,Information Support,Internalized
j63342,Not Applicable,harassment,2020-10-06 11:05:12,,oda94h,No Stigma,assault,2021-07-04 1:04:39,,mkrldi,SexualHarassment,gti2xc9,1617659782,2021-04-05 21:56:22,"Information Support, Emotional Support, Esteem Support","Experienced, Internalized, Anticipated, Structural"
j4swyy,Not Applicable,harassment,2020-10-04 4:16:12,,od6t8c,No Stigma,assault,2021-07-03 21:31:02,,mkrldi,SexualHarassment,gti7yuk,1617662291,2021-04-05 22:38:11,Information Support,"Experienced, Internalized, Anticipated, Structural"
j4j3o0,Not Applicable,harassment,2020-10-03 17:29:14,,ocxmpw,No Stigma,assault,2021-07-03 13:00:45,,mitskx,SexualHarassment,gt6r3kl,1617402267,2021-04-02 22:24:27,"Information Support, Esteem Support",
j1zj0j,Not Applicable,harassment,2020-09-29 13:48:09,,ocw6sj,No Stigma,assault,2021-07-03 11:20:52,,mitskx,SexualHarassment,gug249a,1618368311,2021-04-14 2:45:11,"Information Support, Esteem Support",
iz7gos,Not Applicable,harassment,2020-09-24 22:35:11,,ocjnde,No Stigma,assault,2021-07-02 21:15:36,,mh8x3m,SexualHarassment,gszoqmi,1617247117,2021-04-01 3:18:37,,Internalized
iso74x,Not Applicable,harassment,2020-09-14 16:23:01,,obhv7e,No Stigma,assault,2021-07-01 9:08:18,,mh8x3m,SexualHarassment,gtn6dp3,1617761663,2021-04-07 2:14:23,,Internalized
ingtal,Not Applicable,harassment,2020-09-06 5:51:00,,oauxxi,No Stigma,assault,2021-06-30 11:01:25,,mh8x3m,SexualHarassment,gvmflto,1619219225,2021-04-23 23:07:05,"Information Support, Esteem Support",Internalized
inc5ix,Not Applicable,harassment,2020-09-06 0:15:48,,oatkey,No Stigma,assault,2021-06-30 9:19:42,,mff2og,SexualHarassment,gsnauv2,1616985738,2021-03-29 2:42:18,"Information Support, Esteem Support","Internalized, Anticipated"
imug4r,Not Applicable,harassment,2020-09-05 3:48:52,,oamxo3,No Stigma,assault,2021-06-30 1:56:32,,mff2og,SexualHarassment,gsnc4hr,1616986517,2021-03-29 2:55:17,"Information Support, Esteem Support","Internalized, Anticipated"
ilqwk2,Not Applicable,harassment,2020-09-03 10:29:27,,oah4pq,No Stigma,assault,2021-06-29 20:49:51,,mf4hr2,SexualHarassment,gsmr2jw,1616974334,2021-03-28 23:32:14,"Information Support, Esteem Support","Experienced, Internalized, Anticipated"
il97fo,Not Applicable,harassment,2020-09-02 15:43:47,,oa64zr,No Stigma,assault,2021-06-29 11:13:00,,m6v34u,SexualHarassment,gr81sfk,1615977190,2021-03-17 10:33:10,Information Support,Internalized
ib758k,Not Applicable,harassment,2020-08-17 4:07:18,,o9vx95,No Stigma,assault,2021-06-28 23:19:27,,m6v34u,SexualHarassment,gr89i32,1615983466,2021-03-17 12:17:46,"Information Support, Esteem Support",Internalized
i7sd2u,Not Applicable,harassment,2020-08-11 14:02:06,,o9umkj,No Stigma,assault,2021-06-28 22:09:01,,m6p2c4,SexualHarassment,gr79a4s,1615952250,2021-03-17 3:37:30,,Internalized
i3cjil,Not Applicable,harassment,2020-08-04 4:13:27,,o9ef45,No Stigma,assault,2021-06-28 6:17:59,,m6p2c4,SexualHarassment,gr79gga,1615952360,2021-03-17 3:39:20,"Emotional Support, Esteem Support",Internalized
i11te3,Not Applicable,harassment,2020-07-31 5:17:49,,o9cbay,No Stigma,assault,2021-06-28 3:48:12,,m6p2c4,SexualHarassment,gr7fcn1,1615956197,2021-03-17 4:43:17,"Information Support, Esteem Support",Internalized
hsbgg4,Not Applicable,harassment,2020-07-16 15:18:07,,o99719,No Stigma,assault,2021-06-28 0:29:09,,m5xkat,SexualHarassment,gr2swok,1615859112,2021-03-16 1:45:12,Information Support,"Experienced, Anticipated"
hs795d,Not Applicable,harassment,2020-07-16 10:32:24,,o8m4ho,No Stigma,assault,2021-06-27 0:03:53,,m4eu2u,SexualHarassment,gquijvk,1615678481,2021-03-13 23:34:41,Esteem Support,
hotxwe,Not Applicable,harassment,2020-07-10 18:11:13,,o8enuk,No Stigma,assault,2021-06-26 17:01:07,,m407ck,SexualHarassment,gqrw38d,1615614642,2021-03-13 5:50:42,,"Experienced, Internalized, Anticipated"
hlylxy,Not Applicable,harassment,2020-07-06 1:40:51,,o8478p,No Stigma,assault,2021-06-26 4:59:07,,m407ck,SexualHarassment,gqrw8sn,1615614766,2021-03-13 5:52:46,,"Experienced, Internalized, Anticipated"
hkmcqm,Not Applicable,harassment,2020-07-03 16:41:23,,o82i15,No Stigma,assault,2021-06-26 3:03:06,,m407ck,SexualHarassment,gqrxejl,1615615711,2021-03-13 6:08:31,"Information Support, Emotional Support, Esteem Support","Experienced, Internalized, Anticipated"
hih8ne,Not Applicable,harassment,2020-06-30 5:41:15,,o7t3zd,No Stigma,assault,2021-06-25 18:07:11,,m3npwy,SexualHarassment,gqq0r6o,1615576974,2021-03-12 19:22:54,"Information Support, Emotional Support, Esteem Support","Experienced, Internalized"
hhf3fm,Not Applicable,harassment,2020-06-28 14:16:32,,o7mwox,No Stigma,assault,2021-06-25 12:40:58,,m36zmi,SexualHarassment,gqnzvsj,1615531919,2021-03-12 6:51:59,Information Support,Experienced
hglof4,Not Applicable,harassment,2020-06-27 2:49:31,,o7eau4,No Stigma,assault,2021-06-25 2:16:15,,m36zmi,SexualHarassment,gqncgzh,1615516935,2021-03-12 2:42:15,"Information Support, Emotional Support, Tangible Assistance",Experienced
he50lt,Not Applicable,harassment,2020-06-23 1:12:34,,o730yr,No Stigma,assault,2021-06-24 15:20:12,,m2qn2s,SexualHarassment,gqkqnzr,1615473136,2021-03-11 14:32:16,"Information Support, Esteem Support, Group Interaction","Experienced, Internalized, Anticipated"
hbu0k0,Not Applicable,harassment,2020-06-19 4:24:35,,o7054e,No Stigma,assault,2021-06-24 12:45:09,,m2qn2s,SexualHarassment,gqledwb,1615483802,2021-03-11 17:30:02,,"Experienced, Internalized, Anticipated"
hahrl2,Not Applicable,harassment,2020-06-17 1:58:40,,o6qlpg,No Stigma,assault,2021-06-24 1:24:33,,m2qn2s,SexualHarassment,grsbij1,1616395517,2021-03-22 6:45:17,Information Support,"Experienced, Internalized, Anticipated"
h7uki2,Not Applicable,harassment,2020-06-12 22:25:56,,o6ggre,No Stigma,assault,2021-06-23 16:34:45,,m1xqf4,SexualHarassment,gqg4xiz,1615386318,2021-03-10 14:25:18,"Information Support, Esteem Support","Experienced, Anticipated, Structural"
h11h1c,Not Applicable,harassment,2020-06-11 15:29:21,,o66jav,No Stigma,assault,2021-06-23 5:40:05,,lwzmuf,SexualHarassment,gpq0gg9,1614906807,2021-03-05 1:13:27,"Emotional Support, Group Interaction","Experienced, Anticipated"
gxjmhy,Not Applicable,harassment,2020-06-06 3:38:08,,o642p6,No Stigma,assault,2021-06-23 2:58:27,,lwn471,SexualHarassment,gpin5og,1614763769,2021-03-03 9:29:29,Information Support,"Experienced, Anticipated"
gxfy6q,Not Applicable,harassment,2020-06-05 23:47:11,,o596l5,No Stigma,assault,2021-06-21 23:57:28,,lwn471,SexualHarassment,gpiwp7j,1614772659,2021-03-03 11:57:39,Information Support,"Experienced, Anticipated"
gwte3v,Not Applicable,harassment,2020-06-04 23:55:28,,o57i95,No Stigma,assault,2021-06-21 22:34:40,,lwn471,SexualHarassment,gsnl7bn,1616992568,2021-03-29 4:36:08,Information Support,"Experienced, Anticipated"
a60hwp,Not Applicable,harassment,2018-12-14 2:26:24,,o4ji8w,No Stigma,assault,2021-06-21 1:03:22,,lwjyc4,SexualHarassment,gpiye18,1614773958,2021-03-03 12:19:18,"Information Support, Emotional Support",Internalized
a5j99n,Not Applicable,harassment,2018-12-12 15:44:24,,o47uaf,No Stigma,assault,2021-06-20 15:15:00,,lwjyc4,SexualHarassment,gpur6dg,1614998984,2021-03-06 2:49:44,"Information Support, Group Interaction",Internalized
9yb5a0,Not Applicable,harassment,2018-11-18 23:43:09,,o40qyy,No Stigma,assault,2021-06-20 8:14:47,,lw6bs4,SexualHarassment,gpg8yr9,1614714708,2021-03-02 19:51:48,,"Experienced, Internalized, Anticipated"
9lvzia,Not Applicable,harassment,2018-10-06 13:36:03,,o2ya3q,No Stigma,assault,2021-06-18 19:33:00,,ls0wgs,SexualHarassment,gop0nd5,1614252593,2021-02-25 11:29:53,"Information Support, Esteem Support","Experienced, Internalized, Anticipated"
8mbyaf,Not Applicable,harassment,2018-05-26 18:13:11,,o29z44,No Stigma,assault,2021-06-17 22:41:15,,lppm9w,SexualHarassment,godc1j2,1614020045,2021-02-22 18:54:05,Information Support,Experienced
8bes8k,Not Applicable,harassment,2018-04-11 5:43:47,,o253pm,No Stigma,assault,2021-06-17 19:10:04,,lmhdq0,SexualHarassment,gnvg37h,1613645131,2021-02-18 10:45:31,Information Support,"Internalized, Anticipated"
8b4wpf,Not Applicable,harassment,2018-04-10 4:18:02,,o242ek,No Stigma,assault,2021-06-17 18:27:10,,lmhdq0,SexualHarassment,gnwv894,1613672326,2021-02-18 18:18:46,Esteem Support,"Internalized, Anticipated"
8a7f9x,Not Applicable,harassment,2018-04-06 6:49:24,,o22tmy,No Stigma,assault,2021-06-17 17:34:31,,lbh0xv,SexualHarassment,gluh7oa,1612347163,2021-02-03 10:12:43,Information Support,"Experienced, Anticipated"
7ug8b2,Not Applicable,harassment,2018-02-01 4:33:02,,o1x01a,No Stigma,assault,2021-06-17 13:16:14,,lam4md,SexualHarassment,glpec8l,1612249806,2021-02-02 7:10:06,"Information Support, Esteem Support","Internalized, Anticipated"
olixqn,Not Applicable,assault,2021-07-16 15:18:56,,o109a8,No Stigma,assault,2021-06-16 8:45:32,,l8gex7,SexualHarassment,gld39i9,1612011333,2021-01-30 12:55:33,"Information Support, Esteem Support",Internalized
oldu40,Not Applicable,assault,2021-07-16 10:01:45,,o0j4ce,No Stigma,assault,2021-06-15 17:01:29,,l8gex7,SexualHarassment,gleaonn,1612034033,2021-01-30 19:13:53,Information Support,Internalized
old9dy,Not Applicable,assault,2021-07-16 9:15:38,,o09kif,No Stigma,assault,2021-06-15 8:39:13,,l6xo1j,SexualHarassment,gl4g478,1611856336,2021-01-28 17:52:16,Information Support,
ok9dx5,Not Applicable,assault,2021-07-14 17:37:23,,o034na,No Stigma,assault,2021-06-15 2:10:31,,l6xo1j,SexualHarassment,gl6cga9,1611883782,2021-01-29 1:29:42,Information Support,
oist2i,Not Applicable,assault,2021-07-12 14:50:35,,nzxdob,No Stigma,assault,2021-06-14 21:21:34,,l6xo1j,SexualHarassment,glg0pom,1612065260,2021-01-31 3:54:20,Information Support,
oiop95,Not Applicable,assault,2021-07-12 10:39:58,,nzc7lv,No Stigma,assault,2021-06-14 2:16:26,,l6xo1j,SexualHarassment,gn1rh92,1613129599,2021-02-12 11:33:19,Information Support,
og09fb,Not Applicable,assault,2021-07-08 4:52:48,,nynd8z,No Stigma,assault,2021-06-13 3:05:54,,l4jdu3,SexualHarassment,gkozxjk,1611569974,2021-01-25 10:19:34,Information Support,Internalized
od8498,Not Applicable,assault,2021-07-03 22:48:14,,nylf97,No Stigma,assault,2021-06-13 1:11:26,,l46aqb,SexualHarassment,gkpwghr,1611590730,2021-01-25 16:05:30,"Tangible Assistance, Group Interaction","Experienced, Internalized, Anticipated"
o6ik9p,Not Applicable,assault,2021-06-23 18:12:28,,nyh28o,No Stigma,assault,2021-06-12 21:27:09,,l46aqb,SexualHarassment,gkp0hjb,1611570514,2021-01-25 10:28:34,Information Support,"Experienced, Internalized, Anticipated"
nxt9by,Not Applicable,assault,2021-06-11 23:33:33,,ny86u4,No Stigma,assault,2021-06-12 14:38:13,,l3w7gc,SexualHarassment,gkish3l,1611479814,2021-01-24 9:16:54,,"Internalized, Anticipated"
nwef2e,Not Applicable,assault,2021-06-10 3:55:51,,ny6yau,No Stigma,assault,2021-06-12 13:38:16,,l3w7gc,SexualHarassment,gkisx2x,1611479993,2021-01-24 9:19:53,,"Internalized, Anticipated"
nt30mk,Not Applicable,assault,2021-06-05 19:12:15,,nxtusv,No Stigma,assault,2021-06-12 0:04:46,,l3w7gc,SexualHarassment,gkk5jvc,1611494523,2021-01-24 13:22:03,Information Support,"Internalized, Anticipated"
nsdifj,Not Applicable,assault,2021-06-04 19:37:40,,nxo6ea,No Stigma,assault,2021-06-11 19:31:52,,l3w7gc,SexualHarassment,gky80pl,1611757664,2021-01-27 14:27:44,"Information Support, Esteem Support, Group Interaction","Internalized, Anticipated"
ns9uya,Not Applicable,assault,2021-06-04 16:56:13,,nxnrsh,No Stigma,assault,2021-06-11 19:12:26,,l1ogmn,SexualHarassment,gk0wzln,1611200767,2021-01-21 3:46:07,Information Support,Experienced
nqy1w0,Not Applicable,assault,2021-06-02 22:21:34,,nxi07x,No Stigma,assault,2021-06-11 15:00:24,,l10r7v,SexualHarassment,gjxzmqf,1611150833,2021-01-20 13:53:53,Information Support,Internalized
nqpx1v,Not Applicable,assault,2021-06-02 16:32:55,,nx6k6m,No Stigma,assault,2021-06-11 3:47:43,,l0nxhq,SexualHarassment,gjulcd6,1611077015,2021-01-19 17:23:35,"Information Support, Esteem Support",Internalized
nnxi5y,Not Applicable,assault,2021-05-29 22:12:26,,nwcc3a,No Stigma,assault,2021-06-10 2:02:14,,kvezzq,SexualHarassment,giyp19g,1610422822,2021-01-12 3:40:22,"Information Support, Emotional Support","Anticipated, Structural"
nnk4y7,Not Applicable,assault,2021-05-29 9:53:50,,nw3irz,No Stigma,assault,2021-06-09 19:01:39,,krgfa3,SexualHarassment,gibmi9u,1609953894,2021-01-06 17:24:54,Information Support,"Experienced, Anticipated, Structural"
nn3rwr,Not Applicable,assault,2021-05-28 18:05:25,,nvpbb4,No Stigma,assault,2021-06-09 6:45:49,,krgfa3,SexualHarassment,gimpq7h,1610171811,2021-01-09 5:56:51,"Information Support, Emotional Support","Experienced, Anticipated, Structural"
nmdwfe,Not Applicable,assault,2021-05-27 18:22:17,,nv5z29,No Stigma,assault,2021-06-08 14:58:16,,kr0kqw,SexualHarassment,gi6ufbu,1609862270,2021-01-05 15:57:50,Information Support,"Experienced, Anticipated, Structural"
nlkw08,Not Applicable,assault,2021-05-26 16:19:09,,nv59b6,No Stigma,assault,2021-06-08 14:26:17,,kr0kqw,SexualHarassment,gi7uztn,1609877893,2021-01-05 20:18:13,Information Support,"Experienced, Anticipated, Structural"
nk31bi,Not Applicable,assault,2021-05-24 17:14:55,,nv1y2o,No Stigma,assault,2021-06-08 11:35:01,,kkotja,SexualHarassment,gh5ajzm,1609048558,2020-12-27 5:55:58,Information Support,"Experienced, Internalized"
ni3xof,Not Applicable,assault,2021-05-21 21:56:08,,nukldz,No Stigma,assault,2021-06-07 19:06:33,,khyqlk,SexualHarassment,ggof7p7,1608629506,2020-12-22 9:31:46,Information Support,Experienced
nhrjzy,Not Applicable,assault,2021-05-21 12:41:00,,nuf9i7,No Stigma,assault,2021-06-07 15:27:20,,khyqlk,SexualHarassment,ggq6k66,1608669550,2020-12-22 20:39:10,Information Support,Experienced
nhhi5h,Not Applicable,assault,2021-05-21 2:05:57,,nuafol,No Stigma,assault,2021-06-07 11:47:51,,khyqlk,SexualHarassment,ghsdwh0,1609555240,2021-01-02 2:40:40,,Experienced
ngeime,Not Applicable,assault,2021-05-19 19:20:33,,nu16zu,No Stigma,assault,2021-06-07 1:53:27,,kfiggg,SexualHarassment,gg9kbur,1608309588,2020-12-18 16:39:48,,"Experienced, Internalized"
nfgo0g,Not Applicable,assault,2021-05-18 17:27:54,,ntrp2e,No Stigma,assault,2021-06-06 18:08:02,,kfiggg,SexualHarassment,gg9pytd,1608311975,2020-12-18 17:19:35,Information Support,"Experienced, Internalized"
ne6uh6,Not Applicable,assault,2021-05-17 4:39:31,,ntqhkx,No Stigma,assault,2021-06-06 17:11:30,,ke5l30,SexualHarassment,ggmqclo,1608589600,2020-12-21 22:26:40,"Information Support, Esteem Support","Experienced, Anticipated"
nbra1o,Not Applicable,assault,2021-05-13 20:59:16,,nsdz2k,No Stigma,assault,2021-06-04 19:57:32,,ke5l30,SexualHarassment,gg4rbcl,1608203777,2020-12-17 11:16:17,,"Experienced, Anticipated"
n7gprv,Not Applicable,assault,2021-05-08 3:55:49,,nr55ww,No Stigma,assault,2021-06-03 4:48:47,,ke3syk,SexualHarassment,gg09juy,1608099549,2020-12-16 6:19:09,,"Experienced, Internalized, Anticipated"
n205kh,Not Applicable,assault,2021-04-30 18:28:11,,nr22pf,No Stigma,assault,2021-06-03 1:51:23,,ke3syk,SexualHarassment,ggmrxhr,1608590433,2020-12-21 22:40:33,"Information Support, Emotional Support, Esteem Support, Group Interaction","Experienced, Internalized, Anticipated"
n1zjiw,Not Applicable,assault,2021-04-30 18:00:25,,nqyrf3,No Stigma,assault,2021-06-02 22:55:35,,kdu8b0,SexualHarassment,gfz4a7s,1608074753,2020-12-15 23:25:53,"Information Support, Esteem Support",
n0h3tp,Not Applicable,assault,2021-04-28 15:16:59,,nqx1ah,No Stigma,assault,2021-06-02 21:35:37,,kdu8b0,SexualHarassment,gg07pk4,1608098116,2020-12-16 5:55:16,"Information Support, Emotional Support, Esteem Support",
mznf4j,Not Applicable,assault,2021-04-27 12:32:46,,nqjmxu,No Stigma,assault,2021-06-02 11:28:35,,kascud,SexualHarassment,ggzju10,1608903849,2020-12-25 13:44:09,Information Support,"Experienced, Anticipated, Structural"
mzbdpz,Not Applicable,assault,2021-04-26 23:44:25,,nq1d5n,No Stigma,assault,2021-06-01 18:47:35,,kakax3,SexualHarassment,gfb8sqp,1607627505,2020-12-10 19:11:45,Information Support,"Experienced, Anticipated"
mx9746,Not Applicable,assault,2021-04-24 0:47:45,,npkafu,No Stigma,assault,2021-06-01 3:07:44,,kaelme,SexualHarassment,gfalm1n,1607617100,2020-12-10 16:18:20,Information Support,"Experienced, Internalized, Anticipated, Structural"
mvy6k0,Not Applicable,assault,2021-04-22 5:37:08,,nowv2o,No Stigma,assault,2021-05-31 6:39:07,,kaelme,SexualHarassment,gfz237q,1608073582,2020-12-15 23:06:22,"Information Support, Emotional Support, Group Interaction","Experienced, Internalized, Anticipated, Structural"
mukgi9,Not Applicable,assault,2021-04-20 6:37:48,,noubr8,No Stigma,assault,2021-05-31 4:52:02,,k3zn32,SexualHarassment,ge6hh7x,1606765615,2020-11-30 19:46:55,"Information Support, Tangible Assistance",Internalized
mno9xt,Not Applicable,assault,2021-04-09 19:05:56,,nnlrup,No Stigma,assault,2021-05-29 11:45:55,,k0nlbk,SexualHarassment,gdj9lnj,1606290759,2020-11-25 7:52:39,"Information Support, Esteem Support",Internalized
mkpbi0,Not Applicable,assault,2021-04-05 16:57:47,,nn9skm,No Stigma,assault,2021-05-28 22:49:46,,jy4iu6,SexualHarassment,gd315oe,1605981133,2020-11-21 17:52:13,"Information Support, Esteem Support","Experienced, Internalized, Anticipated"
mk4vcr,Not Applicable,assault,2021-04-04 21:05:14,,nn64cq,No Stigma,assault,2021-05-28 19:55:25,,jy4iu6,SexualHarassment,gd5blx3,1606011555,2020-11-22 2:19:15,Information Support,"Experienced, Internalized, Anticipated"
mgyt37,Not Applicable,assault,2021-03-31 5:14:49,,nm7edn,No Stigma,assault,2021-05-27 13:25:16,,jy2kd7,SexualHarassment,gd5gesa,1606013345,2020-11-22 2:49:05,"Information Support, Esteem Support",Internalized
mfzvok,Not Applicable,assault,2021-03-29 21:20:24,,nm7cpf,No Stigma,assault,2021-05-27 13:23:00,,jx0127,SexualHarassment,gd7s9mt,1606052391,2020-11-22 13:39:51,"Information Support, Esteem Support","Experienced, Internalized"
mfrgd7,Not Applicable,assault,2021-03-29 15:01:40,,nlwvit,No Stigma,assault,2021-05-27 1:45:09,,jwvkr1,SexualHarassment,gd0lk9l,1605932824,2020-11-21 4:27:04,"Information Support, Emotional Support, Esteem Support","Experienced, Internalized"
m6xbuf,Not Applicable,assault,2021-03-17 10:24:29,,nlvrso,No Stigma,assault,2021-05-27 0:40:50,,jwvkr1,SexualHarassment,gda1jgk,1606089778,2020-11-23 0:02:58,"Information Support, Emotional Support, Esteem Support","Experienced, Internalized"
m3k6v1,Not Applicable,assault,2021-03-12 15:42:56,,nkmoso,No Stigma,assault,2021-05-25 10:41:42,,jwot26,SexualHarassment,gcsmou3,1605757462,2020-11-19 3:44:22,"Information Support, Esteem Support","Experienced, Internalized, Anticipated, Structural"
m35tkq,Not Applicable,assault,2021-03-12 1:09:12,,nke4lz,No Stigma,assault,2021-05-25 1:47:09,,jwot26,SexualHarassment,gd9wzxs,1606087694,2020-11-22 23:28:14,Information Support,"Experienced, Internalized, Anticipated, Structural"
m0upsv,Not Applicable,assault,2021-03-09 0:46:56,,nkarat,No Stigma,assault,2021-05-24 22:55:03,,jwot26,SexualHarassment,gfyopqp,1608067052,2020-12-15 21:17:32,"Information Support, Emotional Support, Esteem Support, Group Interaction","Experienced, Internalized, Anticipated, Structural"
m0mrmr,Not Applicable,assault,2021-03-08 18:46:26,,nk4x9r,No Stigma,assault,2021-05-24 18:37:46,,juz5zk,SexualHarassment,gchhk9r,1605525134,2020-11-16 11:12:14,"Information Support, Esteem Support","Experienced, Internalized"
m06rlp,Not Applicable,assault,2021-03-08 3:30:17,,njp1ts,No Stigma,assault,2021-05-24 4:00:52,,juz5zk,SexualHarassment,gchrff5,1605533526,2020-11-16 13:32:06,Information Support,"Experienced, Internalized"
lu3hjz,Not Applicable,assault,2021-02-28 2:43:05,,njlyfb,No Stigma,assault,2021-05-24 1:05:25,,jtmykv,SexualHarassment,gc9bedg,1605367521,2020-11-14 15:25:21,Information Support,"Experienced, Anticipated, Structural"
lrex7e,Not Applicable,assault,2021-02-24 15:03:20,,njdlpo,No Stigma,assault,2021-05-23 18:18:37,,jpm8qx,SexualHarassment,gbgbdna,1604757467,2020-11-07 13:57:47,"Information Support, Esteem Support","Experienced, Internalized"
lmfny5,Not Applicable,assault,2021-02-18 6:18:54,,nizc2m,No Stigma,assault,2021-05-23 3:48:44,,jn1p9u,SexualHarassment,gays8mo,1604371498,2020-11-03 2:44:58,Information Support,"Experienced, Anticipated, Structural"
llq4vd,Not Applicable,assault,2021-02-17 8:56:39,,nhgf05,No Stigma,assault,2021-05-21 1:06:40,,jhzuxf,SexualHarassment,ga3t1cg,1603662389,2020-10-25 21:46:29,Information Support,"Experienced, Structural"
lhdk11,Not Applicable,assault,2021-02-11 5:10:48,,nhdcaa,No Stigma,assault,2021-05-20 22:27:27,,jgub86,SexualHarassment,g9tzb3y,1603502708,2020-10-24 1:25:08,"Information Support, Emotional Support, Esteem Support","Experienced, Anticipated"
lgwab0,Not Applicable,assault,2021-02-10 15:40:50,,nh25cn,No Stigma,assault,2021-05-20 14:47:24,,jgogzi,SexualHarassment,g9s3x12,1603475763,2020-10-23 17:56:03,Information Support,"Experienced, Anticipated"
lgcls0,Not Applicable,assault,2021-02-09 20:27:42,,ng4vy1,No Stigma,assault,2021-05-19 12:47:42,,jdaeyl,SexualHarassment,g97gy4d,1603019347,2020-10-18 11:09:07,"Information Support, Esteem Support","Experienced, Internalized, Structural"
lbgne4,Not Applicable,assault,2021-02-03 5:35:05,,nevwf9,No Stigma,assault,2021-05-18 0:04:41,,jdaeyl,SexualHarassment,g98emoc,1603037768,2020-10-18 16:16:08,Group Interaction,"Experienced, Internalized, Structural"
lad0f3,Not Applicable,assault,2021-02-01 20:21:11,,ndvtb0,No Stigma,assault,2021-05-16 19:26:24,,jdaeyl,SexualHarassment,g96svfc,1603001837,2020-10-18 6:17:17,"Information Support, Emotional Support, Esteem Support, Tangible Assistance","Experienced, Internalized, Structural"
l9ul52,Not Applicable,assault,2021-02-01 4:19:16,,ndi113,No Stigma,assault,2021-05-16 6:16:04,,jcyqrr,SexualHarassment,g95ogs5,1602978921,2020-10-17 23:55:21,Information Support,"Experienced, Internalized, Anticipated"
l3ymt6,Not Applicable,assault,2021-01-24 12:33:51,,nc2ote,No Stigma,assault,2021-05-14 7:17:28,,jcij3a,SexualHarassment,g91rqfc,1602887317,2020-10-16 22:28:37,"Information Support, Esteem Support, Group Interaction","Experienced, Internalized"
l3esy4,Not Applicable,assault,2021-01-23 16:07:48,,nbp9z6,No Stigma,assault,2021-05-13 19:35:27,,ja8wus,SexualHarassment,g8pqxae,1602612496,2020-10-13 18:08:16,"Information Support, Emotional Support","Experienced, Internalized, Anticipated"
l2itkq,Not Applicable,assault,2021-01-22 7:39:21,,nazj3c,No Stigma,assault,2021-05-12 21:11:03,,j9n33k,SexualHarassment,g8l6xnk,1602508852,2020-10-12 13:20:52,Information Support,Internalized
l17g2q,Not Applicable,assault,2021-01-20 11:32:20,,namr3l,No Stigma,assault,2021-05-12 11:49:06,,j9n33k,SexualHarassment,g9lnb0g,1603327698,2020-10-22 0:48:18,"Esteem Support, Tangible Assistance",Internalized
l0yf3z,Not Applicable,assault,2021-01-20 1:23:22,,naaw3y,No Stigma,assault,2021-05-11 23:30:18,,j9jmpg,SexualHarassment,g8ln5hj,1602518073,2020-10-12 15:54:33,"Information Support, Tangible Assistance","Experienced, Anticipated, Structural"
kzujn8,Not Applicable,assault,2021-01-18 13:21:46,,n9xoi2,No Stigma,assault,2021-05-11 14:01:30,,j9jmpg,SexualHarassment,g8l8uxj,1602510119,2020-10-12 13:41:59,Information Support,"Experienced, Anticipated, Structural"
kwbq3z,Not Applicable,assault,2021-01-13 7:35:52,,n9jkef,No Stigma,assault,2021-05-10 23:44:11,,j9jmpg,SexualHarassment,g8lvoz2,1602522386,2020-10-12 17:06:26,Information Support,"Experienced, Anticipated, Structural"
kvk2si,Not Applicable,assault,2021-01-12 4:13:40,,n9fihx,No Stigma,assault,2021-05-10 20:41:25,,j9jmpg,SexualHarassment,g8oma0y,1602589150,2020-10-13 11:39:10,"Information Support, Tangible Assistance","Experienced, Anticipated, Structural"
kvinqr,Not Applicable,assault,2021-01-12 2:52:39,,n90b4d,No Stigma,assault,2021-05-10 9:26:07,,j8vmjh,SexualHarassment,g8ge5l0,1602404511,2020-10-11 8:21:51,"Information Support, Emotional Support",
kuiqlq,Not Applicable,assault,2021-01-10 17:31:03,,n8sn5m,No Stigma,assault,2021-05-10 1:33:02,,j8vmjh,SexualHarassment,g9i51om,1603247969,2020-10-21 2:39:29,"Information Support, Esteem Support",
ksmcbm,Not Applicable,assault,2021-01-07 20:46:03,,n8oyyt,No Stigma,assault,2021-05-09 22:12:29,,j8cgwq,SexualHarassment,g8a3dzg,1602297887,2020-10-10 2:44:47,"Information Support, Esteem Support","Experienced, Anticipated"
krwhzu,Not Applicable,assault,2021-01-06 20:31:28,,n8f6wy,No Stigma,assault,2021-05-09 14:21:55,,j82m6u,SexualHarassment,g89ef2r,1602282548,2020-10-09 22:29:08,Information Support,"Experienced, Anticipated"
kradgm,Not Applicable,assault,2021-01-05 23:11:02,,n7qt8s,No Stigma,assault,2021-05-08 14:50:02,,j82m6u,SexualHarassment,g9jm9gv,1603291272,2020-10-21 14:41:12,Information Support,"Experienced, Anticipated"
kr5kay,Not Applicable,assault,2021-01-05 19:23:01,,n7qmre,No Stigma,assault,2021-05-08 14:41:07,,j71epv,SexualHarassment,g825xmc,1602116669,2020-10-08 0:24:29,"Information Support, Esteem Support","Experienced, Internalized, Anticipated"
kqmd4l,Not Applicable,assault,2021-01-05 0:41:19,,n73sh1,No Stigma,assault,2021-05-07 17:21:01,,j71epv,SexualHarassment,g8244dl,1602115641,2020-10-08 0:07:21,"Information Support, Esteem Support","Experienced, Internalized, Anticipated"
kpdqcd,Not Applicable,assault,2021-01-03 4:34:33,,n6yzrf,No Stigma,assault,2021-05-07 13:52:25,,j71epv,SexualHarassment,g9jq3r5,1603293210,2020-10-21 15:13:30,"Information Support, Esteem Support","Experienced, Internalized, Anticipated"
kozjs2,Not Applicable,assault,2021-01-02 15:42:47,,n4wf0t,No Stigma,assault,2021-05-04 19:50:59,,j71epv,SexualHarassment,g9jqacx,1603293299,2020-10-21 15:14:59,Information Support,"Experienced, Internalized, Anticipated"
kny4f4,Not Applicable,assault,2020-12-31 21:08:34,,n4ofek,No Stigma,assault,2021-05-04 13:33:16,,j71epv,SexualHarassment,g9jql7g,1603293447,2020-10-21 15:17:27,Esteem Support,"Experienced, Internalized, Anticipated"
km3kek,Not Applicable,assault,2020-12-29 1:07:11,,n41098,No Stigma,assault,2021-05-03 16:50:42,,j71epv,SexualHarassment,gb8gf32,1604589507,2020-11-05 15:18:27,Group Interaction,"Experienced, Internalized, Anticipated"
klm9ye,Not Applicable,assault,2020-12-28 8:03:31,,n2z124,No Stigma,assault,2021-05-02 4:27:56,,j6tch2,SexualHarassment,g82z6u1,1602134030,2020-10-08 5:13:50,"Information Support, Emotional Support, Esteem Support","Experienced, Internalized, Anticipated"
ki3jl3,Not Applicable,assault,2020-12-22 11:25:30,,n2gybz,No Stigma,assault,2021-05-01 11:59:22,,j6tch2,SexualHarassment,g9jinla,1603289361,2020-10-21 14:09:21,Information Support,"Experienced, Internalized, Anticipated"
khzysm,Not Applicable,assault,2020-12-22 6:37:27,,n286g3,No Stigma,assault,2021-05-01 1:25:51,,j54v69,SexualHarassment,g7q2ysb,1601846351,2020-10-04 21:19:11,"Information Support, Esteem Support","Experienced, Internalized, Anticipated"
khywm9,Not Applicable,assault,2020-12-22 5:23:29,,n1cz5g,No Stigma,assault,2021-04-29 20:07:29,,j4fgs8,SexualHarassment,g7jo8m7,1601754240,2020-10-03 19:44:00,"Information Support, Esteem Support","Experienced, Internalized"
keg42v,Not Applicable,assault,2020-12-16 19:35:22,,n1c0ri,No Stigma,assault,2021-04-29 19:24:12,,j4fgs8,SexualHarassment,g7kxq35,1601769949,2020-10-04 0:05:49,"Information Support, Esteem Support","Experienced, Internalized"
kd01e3,Not Applicable,assault,2020-12-14 15:46:23,,n17gst,No Stigma,assault,2021-04-29 15:57:00,,j4bsfy,SexualHarassment,g7hupeu,1601711800,2020-10-03 7:56:40,Information Support,"Internalized, Anticipated"
kbsdly,Not Applicable,assault,2020-12-12 16:54:18,,n0vyup,No Stigma,assault,2021-04-29 3:36:15,,j4bsfy,SexualHarassment,g7huzi6,1601712054,2020-10-03 8:00:54,"Information Support, Emotional Support, Esteem Support, Tangible Assistance","Internalized, Anticipated"
kbky52,Not Applicable,assault,2020-12-12 7:22:39,,mzgeti,No Stigma,assault,2021-04-27 4:26:50,,j45ovg,SexualHarassment,g7gvnu4,1601686664,2020-10-03 0:57:44,"Information Support, Emotional Support","Experienced, Internalized, Anticipated, Structural"
k9vjwb,Not Applicable,assault,2020-12-09 16:57:06,,mzfmfj,No Stigma,assault,2021-04-27 3:36:58,,j45ovg,SexualHarassment,g8621rg,1602202778,2020-10-09 0:19:38,"Information Support, Emotional Support","Experienced, Internalized, Anticipated, Structural"
k9n8he,Not Applicable,assault,2020-12-09 7:09:08,,mza6mb,No Stigma,assault,2021-04-26 22:44:26,,j3r7md,SexualHarassment,g7ez7wk,1601656260,2020-10-02 16:31:00,Information Support,"Experienced, Internalized, Anticipated"
k950x7,Not Applicable,assault,2020-12-08 14:23:58,,mxxzgj,No Stigma,assault,2021-04-25 1:38:29,,j0nffm,SexualHarassment,g6u71lb,1601208695,2020-09-27 12:11:35,Information Support,
k8r2ym,Not Applicable,assault,2020-12-07 22:27:15,,mxufh3,No Stigma,assault,2021-04-24 22:19:13,,izv07b,SexualHarassment,g6m5me0,1601092608,2020-09-26 3:56:48,Information Support,Anticipated
k72ee1,Not Applicable,assault,2020-12-05 6:09:55,,mxm479,No Stigma,assault,2021-04-24 15:24:43,,izv07b,SexualHarassment,g6nyog9,1601120281,2020-09-26 11:38:01,Information Support,Anticipated
k6fvlg,Not Applicable,assault,2020-12-04 6:55:21,,mxlwp1,No Stigma,assault,2021-04-24 15:13:53,,izv07b,SexualHarassment,g7cablf,1601593168,2020-10-01 22:59:28,"Information Support, Emotional Support, Esteem Support",Anticipated
k5ynmc,Not Applicable,assault,2020-12-03 14:55:17,,mxix1f,No Stigma,assault,2021-04-24 12:23:27,,izv07b,SexualHarassment,g9ju60b,1603295202,2020-10-21 15:46:42,"Information Support, Tangible Assistance",Anticipated
k4biap,Not Applicable,assault,2020-12-01 2:27:10,,mxidej,No Stigma,assault,2021-04-24 11:47:29,,isuomc,SexualHarassment,g5atigi,1600125950,2020-09-14 23:25:50,"Information Support, Emotional Support, Tangible Assistance",Experienced
k1lz0z,Not Applicable,assault,2020-11-26 19:45:41,,mxi7rq,No Stigma,assault,2021-04-24 11:36:06,,iscgie,SexualHarassment,g58c45d,1600092665,2020-09-14 14:11:05,"Information Support, Esteem Support, Group Interaction",Internalized
k1bf41,Not Applicable,assault,2020-11-26 8:19:40,,mvm4x8,No Stigma,assault,2021-04-21 18:32:12,,iscgie,SexualHarassment,g58j04m,1600095503,2020-09-14 14:58:23,Information Support,Internalized
jykrbm,Not Applicable,assault,2020-11-21 23:14:56,,mvh4cn,No Stigma,assault,2021-04-21 14:40:30,,irois8,SexualHarassment,g517v4n,1599967657,2020-09-13 3:27:37,Information Support,
jwd1sa,Not Applicable,assault,2020-11-18 9:52:46,,mv2rwt,No Stigma,assault,2021-04-20 23:00:23,,irgv7a,SexualHarassment,g5ha0sf,1600270441,2020-09-16 15:34:01,Information Support,
jvi8tq,Not Applicable,assault,2020-11-16 23:53:09,,muodg8,No Stigma,assault,2021-04-20 11:36:49,,iqiqea,SexualHarassment,g4spll9,1599801988,2020-09-11 5:26:28,"Information Support, Emotional Support, Esteem Support","Experienced, Internalized"
jtjmhd,Not Applicable,assault,2020-11-13 17:08:03,,munq9q,No Stigma,assault,2021-04-20 10:53:41,,iq6sxw,SexualHarassment,g5h9mro,1600270247,2020-09-16 15:30:47,"Information Support, Tangible Assistance","Experienced, Internalized, Anticipated"
js90d0,Not Applicable,assault,2020-11-11 14:24:52,,mulrvu,No Stigma,assault,2021-04-20 8:23:35,,ipjtps,SexualHarassment,g4kodpk,1599678046,2020-09-09 19:00:46,Information Support,"Experienced, Anticipated, Structural"
jq9a5u,Not Applicable,assault,2020-11-08 9:58:03,,ms5h4r,No Stigma,assault,2021-04-16 15:24:33,,ipjtps,SexualHarassment,g5g0lgv,1600233758,2020-09-16 5:22:38,Tangible Assistance,"Experienced, Anticipated, Structural"
jq3gk2,Not Applicable,assault,2020-11-08 2:09:14,,mnn7m9,No Stigma,assault,2021-04-09 18:14:07,,io1a11,SexualHarassment,g4pfpgv,1599756017,2020-09-10 16:40:17,"Information Support, Emotional Support, Esteem Support","Experienced, Internalized, Anticipated"
jldmad,Not Applicable,assault,2020-10-31 6:23:03,,mnatqs,No Stigma,assault,2021-04-09 5:59:36,,iloi7w,SexualHarassment,g3tjlvj,1599118778,2020-09-03 7:39:38,Information Support,Internalized
jjruvk,Not Applicable,assault,2020-10-28 17:11:31,,mn73pb,No Stigma,assault,2021-04-09 2:00:52,,ik5e8d,SexualHarassment,g3jgkf6,1598923714,2020-09-01 1:28:34,"Information Support, Esteem Support","Experienced, Internalized"
ji0eue,Not Applicable,assault,2020-10-25 20:23:37,,mmd4n7,No Stigma,assault,2021-04-07 22:02:01,,ihgwr9,SexualHarassment,g3745e0,1598663929,2020-08-29 1:18:49,Information Support,"Experienced, Anticipated, Structural"
jhvxju,Not Applicable,assault,2020-10-25 16:11:26,,ml1w5s,No Stigma,assault,2021-04-06 2:57:29,,idhm1n,SexualHarassment,g29aqh5,1597958093,2020-08-20 21:14:53,"Emotional Support, Esteem Support, Group Interaction","Internalized, Anticipated"
jdepqm,Not Applicable,assault,2020-10-18 11:25:09,,mktjwg,No Stigma,assault,2021-04-05 20:04:53,,icvihm,SexualHarassment,g25eerw,1597874526,2020-08-19 22:02:06,"Information Support, Esteem Support, Group Interaction","Experienced, Internalized, Anticipated, Structural"
jbiwup,Not Applicable,assault,2020-10-15 7:17:07,,mkq5pp,No Stigma,assault,2021-04-05 17:34:27,,ialdfq,SexualHarassment,g1ppqox,1597559817,2020-08-16 6:36:57,"Information Support, Emotional Support, Esteem Support","Experienced, Internalized, Anticipated"
9gy1al,Not Applicable,assault,2018-09-18 19:40:26,,mkn5l5,No Stigma,assault,2021-04-05 15:21:03,,ialdfq,SexualHarassment,g1xlts2,1597712343,2020-08-18 0:59:03,"Emotional Support, Esteem Support","Experienced, Internalized, Anticipated"
96r0nb,Not Applicable,assault,2018-08-12 18:11:07,,mkm2oj,No Stigma,assault,2021-04-05 14:33:08,,i7risx,SexualHarassment,g13mur8,1597153292,2020-08-11 13:41:32,Information Support,Internalized
959gj5,Not Applicable,assault,2018-08-07 7:13:25,,mjmxi4,No Stigma,assault,2021-04-04 2:19:35,,i7risx,SexualHarassment,g1bndoy,1597323568,2020-08-13 12:59:28,"Information Support, Esteem Support",Internalized
931v2b,Not Applicable,assault,2018-07-30 6:55:53,,mjdjj4,No Stigma,assault,2021-04-03 17:53:45,,i7risx,SexualHarassment,g1xm839,1597712568,2020-08-18 1:02:48,"Information Support, Esteem Support",Internalized
8s6fm2,Not Applicable,assault,2018-06-19 5:41:20,,miycgu,No Stigma,assault,2021-04-03 1:18:30,,i7dasp,SexualHarassment,g3tg9qg,1599115477,2020-09-03 6:44:37,,"Anticipated, Structural"
8p4sma,Not Applicable,assault,2018-06-06 22:00:01,,mitbav,No Stigma,assault,2021-04-02 20:49:58,,i7dasp,SexualHarassment,g1xmlgr,1597712777,2020-08-18 1:06:17,"Information Support, Emotional Support","Anticipated, Structural"
8p2l59,Not Applicable,assault,2018-06-06 17:30:44,,mhrstk,No Stigma,assault,2021-04-01 9:44:27,,i6hbl3,SexualHarassment,g0w16i9,1596979370,2020-08-09 13:22:50,"Information Support, Emotional Support","Experienced, Internalized, Anticipated"
8nm7g3,Not Applicable,assault,2018-05-31 21:20:56,,mh888y,No Stigma,assault,2021-03-31 15:11:59,,i547vu,SexualHarassment,g0n6wdm,1596775617,2020-08-07 4:46:57,Information Support,"Internalized, Anticipated"
87oerq,Not Applicable,assault,2018-03-28 2:28:00,,mh5r58,No Stigma,assault,2021-03-31 13:09:01,,hzbpw6,SexualHarassment,g2kftap,1598173997,2020-08-23 9:13:17,"Information Support, Esteem Support","Experienced, Internalized, Anticipated, Structural"
7q99uz,Not Applicable,assault,2018-01-14 2:49:29,,mgwmcu,No Stigma,assault,2021-03-31 2:57:54,,hxet1d,SexualHarassment,fz75el4,1595687017,2020-07-25 14:23:37,"Information Support, Emotional Support, Esteem Support","Experienced, Internalized"
7bbon3,Not Applicable,assault,2017-11-07 7:30:47,,mfe0nf,No Stigma,assault,2021-03-29 0:42:41,,hxet1d,SexualHarassment,fzmi0ro,1596033413,2020-07-29 14:36:53,,"Experienced, Internalized"
nvlyqp,Not Applicable,metoo,2021-06-09 3:17:59,,mfd6c7,No Stigma,assault,2021-03-28 23:54:45,,hwt189,SexualHarassment,fz1qfal,1595556639,2020-07-24 2:10:39,Information Support,"Experienced, Anticipated, Structural"
nnjhhp,Not Applicable,metoo,2021-05-29 9:07:19,,mfbv9y,No Stigma,assault,2021-03-28 22:41:53,,hwc288,SexualHarassment,fz1q4lf,1595556470,2020-07-24 2:07:50,"Information Support, Esteem Support","Experienced, Anticipated"
mnjfj5,Not Applicable,metoo,2021-04-09 15:17:07,,mem7l9,No Stigma,assault,2021-03-27 20:41:37,,hwc288,SexualHarassment,fz76d6s,1595687626,2020-07-25 14:33:46,"Emotional Support, Esteem Support, Tangible Assistance","Experienced, Anticipated"
mftuxt,Not Applicable,metoo,2021-03-29 16:51:35,,m6btqn,No Stigma,assault,2021-03-16 15:37:34,,hwc288,SexualHarassment,fzfe332,1595873006,2020-07-27 18:03:26,Information Support,"Experienced, Anticipated"
lt7fm4,Not Applicable,metoo,2021-02-26 20:47:40,,m5xai1,No Stigma,assault,2021-03-16 1:07:54,,hv427j,SexualHarassment,fyr64r8,1595329258,2020-07-21 11:00:58,"Information Support, Emotional Support, Esteem Support","Internalized, Anticipated"
lkw7g2,Not Applicable,metoo,2021-02-16 4:51:44,,m5j1fr,No Stigma,assault,2021-03-15 11:55:23,,hv427j,SexualHarassment,g2jy78b,1598157378,2020-08-23 4:36:18,Information Support,"Internalized, Anticipated"
latkfv,Not Applicable,metoo,2021-02-02 11:31:23,,m57xyz,No Stigma,assault,2021-03-15 0:04:41,,huz1j9,SexualHarassment,fz1rkoa,1595557303,2020-07-24 2:21:43,Information Support,Internalized
l6ho3k,Not Applicable,metoo,2021-01-27 23:30:56,,m4qkcz,No Stigma,assault,2021-03-14 7:28:32,,huz1j9,SexualHarassment,fyqsh7k,1595315394,2020-07-21 7:09:54,"Information Support, Group Interaction",Internalized
kjept2,Not Applicable,metoo,2020-12-24 12:33:02,,m4fz11,No Stigma,assault,2021-03-13 21:32:11,,huz1j9,SexualHarassment,fzaid84,1595761524,2020-07-26 11:05:24,"Information Support, Esteem Support",Internalized
jb2n7i,Not Applicable,metoo,2020-10-14 15:19:29,,m41tdc,No Stigma,assault,2021-03-13 7:49:33,,htd4mb,SexualHarassment,fz1ryyv,1595557533,2020-07-24 2:25:33,Information Support,"Experienced, Anticipated"
ivrjym,Not Applicable,metoo,2020-09-19 12:20:17,,m3bf61,No Stigma,assault,2021-03-12 6:09:01,,hsma5h,SexualHarassment,fycfsrt,1594979959,2020-07-17 9:59:19,"Information Support, Esteem Support","Internalized, Anticipated"
iq22nd,Not Applicable,metoo,2020-09-10 12:09:01,,m30joo,No Stigma,assault,2021-03-11 20:56:36,,hsiouf,SexualHarassment,fyealmz,1595017963,2020-07-17 20:32:43,"Information Support, Emotional Support, Esteem Support","Experienced, Anticipated"
ioy4qz,Not Applicable,metoo,2020-09-08 17:38:15,,m2j6pm,No Stigma,assault,2021-03-11 5:57:57,,hsiouf,SexualHarassment,fz1s7ur,1595557677,2020-07-24 2:27:57,"Information Support, Esteem Support","Experienced, Anticipated"
i4mujq,Not Applicable,metoo,2020-08-06 6:49:09,,m2f6cx,No Stigma,assault,2021-03-11 1:58:42,,hqitaa,SexualHarassment,fxzvuw0,1594693346,2020-07-14 2:22:26,"Information Support, Esteem Support","Experienced, Internalized, Anticipated"
i3jz6w,Not Applicable,metoo,2020-08-04 14:09:56,,m1opu7,No Stigma,assault,2021-03-10 3:53:51,,hma6cz,SexualHarassment,fx6kis0,1594104361,2020-07-07 6:46:01,"Information Support, Emotional Support",Experienced
i3dypq,Not Applicable,metoo,2020-08-04 6:05:33,,m1eu0p,No Stigma,assault,2021-03-09 20:00:16,,hlnvee,SexualHarassment,fx0xp1p,1593976980,2020-07-05 19:23:00,"Information Support, Esteem Support",Internalized
hvli7t,Not Applicable,metoo,2020-07-22 2:37:42,,m12ljf,No Stigma,assault,2021-03-09 8:57:51,,hktv71,SexualHarassment,fwv381o,1593826966,2020-07-04 1:42:46,Information Support,"Experienced, Anticipated"
hcxo9f,Not Applicable,metoo,2020-06-21 1:01:09,,m0lvpi,No Stigma,assault,2021-03-08 18:09:51,,hjs7yx,SexualHarassment,fwp77su,1593700156,2020-07-02 14:29:16,Emotional Support,"Experienced, Structural"
gzm4xc,Not Applicable,metoo,2020-06-09 12:26:08,,lxeaud,No Stigma,assault,2021-03-04 6:21:16,,hjs7yx,SexualHarassment,fwp8dvi,1593700683,2020-07-02 14:38:03,Information Support,"Experienced, Structural"
gxicsa,Not Applicable,metoo,2020-06-06 2:15:50,,lwmw9k,No Stigma,assault,2021-03-03 6:11:22,,his41u,SexualHarassment,fwlgcpx,1593619935,2020-07-01 16:12:15,,Experienced
g5jota,Not Applicable,metoo,2020-04-21 17:36:21,,lwha58,No Stigma,assault,2021-03-03 0:58:04,,his41u,SexualHarassment,fwwr3vz,1593875906,2020-07-04 15:18:26,Information Support,Experienced
g0pcha,Not Applicable,metoo,2020-04-13 19:02:53,,lu31kt,No Stigma,assault,2021-02-28 2:16:09,,hhxqpm,SexualHarassment,fwkznzb,1593611312,2020-07-01 13:48:32,"Information Support, Emotional Support, Esteem Support","Experienced, Internalized, Anticipated"
fqtt0k,Not Applicable,metoo,2020-03-28 22:11:38,,ltsyzd,No Stigma,assault,2021-02-27 17:32:02,,hhxqpm,SexualHarassment,fwowpuy,1593695044,2020-07-02 13:04:04,"Information Support, Emotional Support","Experienced, Internalized, Anticipated"
filn2g,Not Applicable,metoo,2020-03-14 17:07:39,,lst5pe,No Stigma,assault,2021-02-26 8:17:10,,hhme3t,SexualHarassment,fwkidic,1593597930,2020-07-01 10:05:30,Information Support,"Experienced, Anticipated"
fdl1sf,Not Applicable,metoo,2020-03-04 22:30:13,,lssstt,No Stigma,assault,2021-02-26 7:50:23,,hhag32,SexualHarassment,fwa040m,1593361492,2020-06-28 16:24:52,"Information Support, Esteem Support",Internalized
f6iopa,Not Applicable,metoo,2020-02-19 22:32:18,,lsq7sp,No Stigma,assault,2021-02-26 4:50:51,,hh3g81,SexualHarassment,fw86ni6,1593310353,2020-06-28 2:12:33,"Information Support, Esteem Support",Internalized
f55b9o,Not Applicable,metoo,2020-02-17 7:42:49,,lsbx9i,No Stigma,assault,2021-02-25 17:30:41,,hh3g81,SexualHarassment,fw8xthq,1593331419,2020-06-28 8:03:39,"Information Support, Esteem Support",Internalized
eym40n,Not Applicable,metoo,2020-02-04 6:53:03,,ls8ysh,No Stigma,assault,2021-02-25 15:23:44,,hh0n5x,SexualHarassment,fxbd13q,1594218225,2020-07-08 14:23:45,"Information Support, Emotional Support, Esteem Support","Experienced, Internalized"
esz4yf,Not Applicable,metoo,2020-01-23 20:45:35,,ls0xv3,No Stigma,assault,2021-02-25 7:28:07,,hgpfd7,SexualHarassment,fw5whuz,1593263611,2020-06-27 13:13:31,"Information Support, Esteem Support",Internalized
eg8pvg,Not Applicable,metoo,2019-12-27 8:40:49,,lrlha5,No Stigma,assault,2021-02-24 19:40:29,,hgpfd7,SexualHarassment,fw8ww42,1593330496,2020-06-28 7:48:16,"Information Support, Esteem Support",Internalized
e2ftx1,Not Applicable,metoo,2019-11-27 13:13:09,,lqn0vx,No Stigma,assault,2021-02-23 16:53:10,,hgpfd7,SexualHarassment,fwajp5i,1593371728,2020-06-28 19:15:28,,Internalized
e0asv2,Not Applicable,metoo,2019-11-23 1:18:33,,lqaghc,No Stigma,assault,2021-02-23 5:36:01,,hf8d9y,SexualHarassment,fw3e18o,1593199648,2020-06-26 19:27:28,Information Support,"Experienced, Internalized, Structural"
e04u97,Not Applicable,metoo,2019-11-22 18:14:16,,lq5d9z,No Stigma,assault,2021-02-23 1:12:52,,hd28r5,SexualHarassment,fvjlfnz,1592752626,2020-06-21 15:17:06,"Information Support, Esteem Support",Internalized
dp92kb,Not Applicable,metoo,2019-10-30 16:24:31,,lpy7aw,No Stigma,assault,2021-02-22 19:59:34,,hcctov,SexualHarassment,fvf1trc,1592634493,2020-06-20 6:28:13,"Information Support, Esteem Support","Experienced, Internalized, Anticipated"
ddrk2f,Not Applicable,metoo,2019-10-05 18:55:40,,lp9syc,No Stigma,assault,2021-02-21 23:41:56,,hcctov,SexualHarassment,fvic0ft,1592713534,2020-06-21 4:25:34,"Information Support, Emotional Support","Experienced, Internalized, Anticipated"
dalorv,Not Applicable,metoo,2019-09-28 20:51:02,,lnvr88,No Stigma,assault,2021-02-20 1:22:25,,h7yusq,SexualHarassment,fuoxm0x,1592045276,2020-06-13 10:47:56,"Information Support, Esteem Support","Experienced, Internalized"
d39t0y,Not Applicable,metoo,2019-09-12 15:47:25,,lnsvxr,No Stigma,assault,2021-02-19 23:02:42,,h7yusq,SexualHarassment,fw6xa1r,1593284497,2020-06-27 19:01:37,Group Interaction,"Experienced, Internalized"
crbv25,Not Applicable,metoo,2019-08-16 20:17:44,,ln9bdb,No Stigma,assault,2021-02-19 6:50:45,,h7a8ca,SexualHarassment,ftrsi1a,1591935344,2020-06-12 4:15:44,"Information Support, Emotional Support",Anticipated
coa7qa,Not Applicable,metoo,2019-08-09 23:20:35,,lksecu,No Stigma,assault,2021-02-16 1:25:28,,h0ueqx,SexualHarassment,fv3c01q,1592369292,2020-06-17 4:48:12,"Information Support, Emotional Support, Esteem Support","Internalized, Anticipated"
cdp7tm,Not Applicable,metoo,2019-07-15 23:32:34,,lkjxny,No Stigma,assault,2021-02-15 18:39:17,,h0ueqx,SexualHarassment,fv3lqut,1592377075,2020-06-17 6:57:55,,"Internalized, Anticipated"
caqc2j,Not Applicable,metoo,2019-07-08 20:18:41,,lj9eij,No Stigma,assault,2021-02-13 21:12:19,,gwmarz,SexualHarassment,fswjqyh,1591305573,2020-06-04 21:19:33,Group Interaction,"Experienced, Internalized"
c8fg4q,Not Applicable,metoo,2019-07-02 21:39:00,,li55jf,No Stigma,assault,2021-02-12 6:09:05,,gwku0t,SexualHarassment,fsvsxoq,1591293173,2020-06-04 17:52:53,"Esteem Support, Group Interaction","Experienced, Internalized"
bux86q,Not Applicable,metoo,2019-05-30 19:14:02,,li17if,No Stigma,assault,2021-02-12 2:13:27,,gwku0t,SexualHarassment,fswhfgf,1591304462,2020-06-04 21:01:02,"Information Support, Esteem Support","Experienced, Internalized"
btsl6h,Not Applicable,metoo,2019-05-27 22:58:17,,lgpebp,No Stigma,assault,2021-02-10 8:32:56,,gudwr4,SexualHarassment,fshz9r5,1590989497,2020-06-01 5:31:37,"Emotional Support, Esteem Support",Internalized
bq95j4,Not Applicable,metoo,2019-05-18 21:34:24,,lcbzbf,No Stigma,assault,2021-02-04 9:20:19,,gu1avu,SexualHarassment,fsfoygy,1590943317,2020-05-31 16:41:57,"Emotional Support, Esteem Support","Experienced, Internalized, Structural"
bme42d,Not Applicable,metoo,2019-05-09 2:05:43,,lc3kue,No Stigma,assault,2021-02-04 1:06:31,,gu1avu,SexualHarassment,fsiwufp,1591018631,2020-06-01 13:37:11,Information Support,"Experienced, Internalized, Structural"
bk1303,Not Applicable,metoo,2019-05-02 22:31:32,,lb9m4c,No Stigma,assault,2021-02-02 23:20:46,,gu1avu,SexualHarassment,fsg3b7e,1590950669,2020-05-31 18:44:29,Information Support,"Experienced, Internalized, Structural"
bjx1k7,Not Applicable,metoo,2019-05-02 16:35:48,,l9yrq8,No Stigma,assault,2021-02-01 8:48:06,,gu1avu,SexualHarassment,ft8idv2,1591501935,2020-06-07 3:52:15,"Information Support, Esteem Support","Experienced, Internalized, Structural"
birchv,Not Applicable,metoo,2019-04-29 16:16:29,,l9te66,No Stigma,assault,2021-02-01 3:14:34,,gqkcoe,SexualHarassment,frtybl8,1590460518,2020-05-26 2:35:18,Information Support,"Experienced, Internalized, Anticipated, Structural"
bf7c5u,Not Applicable,metoo,2019-04-20 2:12:19,,l93dj3,No Stigma,assault,2021-01-31 3:27:11,,gntwej,SexualHarassment,ftq747x,1591903765,2020-06-11 19:29:25,"Information Support, Emotional Support, Tangible Assistance","Internalized, Anticipated"
b5ybm2,Not Applicable,metoo,2019-03-27 1:34:25,,l8c6ic,No Stigma,assault,2021-01-30 3:02:02,,gnfckv,SexualHarassment,fr9i3yv,1589997988,2020-05-20 18:06:28,"Information Support, Emotional Support, Esteem Support","Experienced, Internalized, Anticipated"
b4fcmq,Not Applicable,metoo,2019-03-23 5:16:07,,l83e91,No Stigma,assault,2021-01-29 20:34:23,,a7jyu9,SexualHarassment,efpmtnd,1549263994,2019-02-04 7:06:34,"Information Support, Emotional Support, Esteem Support","Experienced, Internalized, Anticipated"
b1d0tt,Not Applicable,metoo,2019-03-15 10:00:37,,l7rqf3,No Stigma,assault,2021-01-29 12:49:57,,a7jyu9,SexualHarassment,ed3w4hk,1546467500,2019-01-02 22:18:20,Information Support,"Experienced, Internalized, Anticipated"
az8kr9,Not Applicable,metoo,2019-03-09 21:50:57,,l7hf5p,No Stigma,assault,2021-01-29 3:08:03,,a7jyu9,SexualHarassment,ehy85af,1551910787,2019-03-06 22:19:47,"Information Support, Esteem Support","Experienced, Internalized, Anticipated"
awl5p5,Not Applicable,metoo,2019-03-02 19:14:16,,l6k8lc,No Stigma,assault,2021-01-28 1:22:46,,a7jyu9,SexualHarassment,eimbt02,1552686075,2019-03-15 21:41:15,"Information Support, Esteem Support","Experienced, Internalized, Anticipated"
avxuww,Not Applicable,metoo,2019-02-28 23:51:12,,l53nyn,No Stigma,assault,2021-01-26 2:08:01,,9nz5k5,SexualHarassment,e7uw89o,1539674963,2018-10-16 7:29:23,"Information Support, Emotional Support, Esteem Support","Internalized, Anticipated"
aufjcf,Not Applicable,metoo,2019-02-25 2:00:49,,l43vfa,No Stigma,assault,2021-01-24 17:34:01,,9lkuh5,SexualHarassment,e7930n4,1538791355,2018-10-06 2:02:35,Information Support,Experienced
aeo5by,Not Applicable,metoo,2019-01-10 22:07:57,,l2tv0h,No Stigma,assault,2021-01-22 18:33:00,,9lkuh5,SexualHarassment,e79kp2k,1538818467,2018-10-06 9:34:27,Information Support,Experienced
aecotf,Not Applicable,metoo,2019-01-09 23:16:01,,l26zsz,No Stigma,assault,2021-01-21 20:28:56,,9frh3b,SexualHarassment,e5z8bxk,1536947943,2018-09-14 17:59:03,,"Experienced, Internalized"
act18t,Not Applicable,metoo,2019-01-05 10:24:21,,l20cjk,No Stigma,assault,2021-01-21 15:15:23,,9eu3ik,SexualHarassment,e5ym5jh,1536927643,2018-09-14 12:20:43,Emotional Support,"Experienced, Internalized, Anticipated, Structural"
a9f8gs,Not Applicable,metoo,2018-12-25 14:29:02,,l1r8po,No Stigma,assault,2021-01-21 4:45:01,,98i75e,SexualHarassment,e4h9uhg,1534710191,2018-08-19 20:23:11,,"Experienced, Anticipated"
a3dukv,Not Applicable,metoo,2018-12-05 16:28:46,,l1q0wv,No Stigma,assault,2021-01-21 3:31:47,,978f2k,SexualHarassment,e468qw4,1534255521,2018-08-14 14:05:21,Information Support,"Experienced, Internalized, Anticipated"
a343s4,Not Applicable,metoo,2018-12-04 19:46:14,,l14psf,No Stigma,assault,2021-01-20 7:59:29,,978f2k,SexualHarassment,e4fe9mh,1534623998,2018-08-18 20:26:38,"Information Support, Emotional Support","Experienced, Internalized, Anticipated"
a2cy8u,Not Applicable,metoo,2018-12-02 12:50:09,,l0tj3z,No Stigma,assault,2021-01-19 21:19:39,,978f2k,SexualHarassment,e5ymr1v,1536928379,2018-09-14 12:32:59,"Information Support, Emotional Support","Experienced, Internalized, Anticipated"
9zebga,Not Applicable,metoo,2018-11-22 13:59:54,,l0ji2f,No Stigma,assault,2021-01-19 13:08:22,,978f2k,SexualHarassment,e7q4g4j,1539481506,2018-10-14 1:45:06,Information Support,"Experienced, Internalized, Anticipated"
9x8euy,Not Applicable,metoo,2018-11-15 5:48:50,,l0dno1,No Stigma,assault,2021-01-19 6:01:39,,7rmgbr,SexualHarassment,dsywz8f,1516461934,2018-01-20 15:25:34,Information Support,Experienced
9ponb4,Not Applicable,metoo,2018-10-19 22:26:47,,kzumsh,No Stigma,assault,2021-01-18 13:27:14,,7bvoe6,SexualHarassment,dqhcaif,1511913945,2017-11-29 0:05:45,"Information Support, Esteem Support, Group Interaction",Internalized
9o9gjx,Not Applicable,metoo,2018-10-15 4:14:54,,kzqp1t,No Stigma,assault,2021-01-18 8:33:15,,6c6kb6,SexualHarassment,divfphl,1497404549,2017-06-14 1:42:29,"Information Support, Esteem Support, Group Interaction","Experienced, Internalized, Anticipated"
9nhcn6,Not Applicable,metoo,2018-10-12 4:49:19,,kylo49,No Stigma,assault,2021-01-16 16:13:23,,4ugz3k,SexualHarassment,d8xifuj,1476812908,2016-10-18 17:48:28,Information Support,"Experienced, Structural"
9hm8mt,Not Applicable,metoo,2018-09-21 4:41:52,,kxmf1p,No Stigma,assault,2021-01-15 3:55:34,,omdn0h,sexualassault,h5k8wzb,1626560077,2021-07-17 22:14:37,Information Support,"Experienced, Anticipated"
8vjgc5,Not Applicable,metoo,2018-07-02 15:22:05,,kxm6rs,No Stigma,assault,2021-01-15 3:41:56,,omdn0h,sexualassault,h5k90rg,1626560133,2021-07-17 22:15:33,"Information Support, Esteem Support","Experienced, Anticipated"
8sb7fs,Not Applicable,metoo,2018-06-19 18:27:26,,kxez50,No Stigma,assault,2021-01-14 21:15:33,,oma2mi,sexualassault,h5m2lyb,1626600255,2021-07-18 9:24:15,"Emotional Support, Tangible Assistance","Internalized, Anticipated"
8rwqkv,Not Applicable,metoo,2018-06-18 4:25:31,,kwvc8l,No Stigma,assault,2021-01-14 1:39:29,,om9mfg,sexualassault,h5jhqr6,1626546238,2021-07-17 18:23:58,Information Support,Anticipated
8r9y9u,Not Applicable,metoo,2018-06-15 10:36:53,,kwozm9,No Stigma,assault,2021-01-13 20:22:26,,om481d,sexualassault,h5ikfny,1626529816,2021-07-17 13:50:16,"Information Support, Esteem Support, Tangible Assistance",Internalized
8pn067,Not Applicable,metoo,2018-06-08 19:53:56,,kwodg8,No Stigma,assault,2021-01-13 19:53:42,,om481d,sexualassault,h5ipj1k,1626532574,2021-07-17 14:36:14,"Information Support, Tangible Assistance",Internalized
8mg2an,Not Applicable,metoo,2018-05-27 6:19:42,,kwml0y,No Stigma,assault,2021-01-13 18:29:06,,om1u01,sexualassault,h5i61m6,1626519745,2021-07-17 11:02:25,"Information Support, Emotional Support, Esteem Support","Experienced, Internalized, Anticipated"
8kmkr5,Not Applicable,metoo,2018-05-19 17:08:52,,kvdzw0,No Stigma,assault,2021-01-11 22:36:42,,om1u01,sexualassault,h5ikt2t,1626530021,2021-07-17 13:53:41,"Information Support, Emotional Support, Esteem Support, Group Interaction","Experienced, Internalized, Anticipated"
8jj2x1,Not Applicable,metoo,2018-05-15 5:11:45,,kva7n5,No Stigma,assault,2021-01-11 19:39:58,,om0s03,sexualassault,h5hydan,1626512632,2021-07-17 9:03:52,,"Experienced, Internalized, Anticipated, Structural"
8avwf5,Not Applicable,metoo,2018-04-09 4:42:53,,kuo9rl,No Stigma,assault,2021-01-10 22:06:29,,olyjgk,sexualassault,h5iaviu,1626523634,2021-07-17 12:07:14,Information Support,
89mzrw,Not Applicable,metoo,2018-04-04 6:13:20,,ktjb6z,No Stigma,assault,2021-01-09 3:53:53,,olyjgk,sexualassault,h5hqaip,1626505398,2021-07-17 7:03:18,Information Support,
882zct,Not Applicable,metoo,2018-03-29 17:04:34,,kswryq,No Stigma,assault,2021-01-08 6:20:17,,oly68y,sexualassault,h5hput0,1626505032,2021-07-17 6:57:12,Emotional Support,Internalized
86co39,Not Applicable,metoo,2018-03-22 16:09:30,,ksver7,No Stigma,assault,2021-01-08 4:48:59,,olvjav,sexualassault,h5ifx6t,1626527098,2021-07-17 13:04:58,"Information Support, Emotional Support, Esteem Support","Internalized, Anticipated"
830plp,Not Applicable,metoo,2018-03-08 20:30:28,,ksnxai,No Stigma,assault,2021-01-07 21:59:52,,oltjqj,sexualassault,h5h4emm,1626490453,2021-07-17 2:54:13,"Information Support, Emotional Support, Esteem Support","Experienced, Anticipated"
7um3e9,Not Applicable,metoo,2018-02-01 21:16:26,,ks7q30,No Stigma,assault,2021-01-07 6:48:18,,olnd0f,sexualassault,h5folus,1626464916,2021-07-16 19:48:36,"Information Support, Group Interaction","Experienced, Internalized, Anticipated"
7qtu6r,Not Applicable,metoo,2018-01-16 17:20:40,,ks3obq,No Stigma,assault,2021-01-07 2:39:30,,olmsdd,sexualassault,h5g8vut,1626474135,2021-07-16 22:22:15,Emotional Support,
7jy7fv,Not Applicable,metoo,2017-12-15 7:19:10,,ks0q2w,No Stigma,assault,2021-01-07 0:02:05,,olmsdd,sexualassault,h5h2n4g,1626489453,2021-07-17 2:37:33,Information Support,
7iq04t,Not Applicable,metoo,2017-12-09 22:46:52,,kroq93,No Stigma,assault,2021-01-06 14:19:20,,olgxb0,sexualassault,h5ej9q4,1626447300,2021-07-16 14:55:00,"Emotional Support, Esteem Support","Experienced, Internalized, Anticipated"
77kyzh,Not Applicable,metoo,2017-10-20 9:15:14,,kqtn0f,No Stigma,assault,2021-01-05 7:55:11,,olgaq1,sexualassault,h5elosm,1626448355,2021-07-16 15:12:35,Information Support,Internalized
775c1x,Not Applicable,metoo,2017-10-18 8:51:40,,kok6kk,No Stigma,assault,2021-01-01 22:04:16,,olg7x7,sexualassault,h5e6f67,1626441149,2021-07-16 13:12:29,Emotional Support,"Internalized, Anticipated"
,,,,,koj1o6,No Stigma,assault,2021-01-01 21:03:34,,oleqjk,sexualassault,h5fmbss,1626463965,2021-07-16 19:32:45,"Information Support, Esteem Support, Group Interaction","Internalized, Anticipated"
,,,,,koaswo,No Stigma,assault,2021-01-01 12:49:59,,olajgm,sexualassault,h5dt8d2,1626432800,2021-07-16 10:53:20,"Information Support, Emotional Support","Experienced, Internalized"
,,,,,knaf7f,No Stigma,assault,2020-12-30 20:45:37,,ola3vt,sexualassault,h5e06od,1626437604,2021-07-16 12:13:24,Emotional Support,"Experienced, Internalized, Anticipated, Structural"
,,,,,kmxx6d,No Stigma,assault,2020-12-30 7:45:44,,ola3vt,sexualassault,h5e22w8,1626438731,2021-07-16 12:32:11,"Information Support, Emotional Support, Esteem Support, Tangible Assistance","Experienced, Internalized, Anticipated, Structural"
,,,,,kmdpes,No Stigma,assault,2020-12-29 12:41:33,,ola3vt,sexualassault,h5d3x4j,1626412109,2021-07-16 5:08:29,Information Support,"Experienced, Internalized, Anticipated, Structural"
,,,,,km62xa,No Stigma,assault,2020-12-29 3:30:26,,ol8xyf,sexualassault,h5d0ktb,1626409966,2021-07-16 4:32:46,"Esteem Support, Group Interaction",
,,,,,kln7sw,No Stigma,assault,2020-12-28 9:18:21,,ol7jqm,sexualassault,h5d5yu3,1626413501,2021-07-16 5:31:41,"Information Support, Emotional Support, Esteem Support, Group Interaction","Experienced, Anticipated"
,,,,,kjme6y,No Stigma,assault,2020-12-24 20:38:26,,ol7jqm,sexualassault,h5d9n69,1626416207,2021-07-16 6:16:47,"Emotional Support, Esteem Support","Experienced, Anticipated"
,,,,,kjk322,No Stigma,assault,2020-12-24 18:21:52,,ol7jqm,sexualassault,h5dlcel,1626426066,2021-07-16 9:01:06,"Emotional Support, Esteem Support","Experienced, Anticipated"
,,,,,kjhngy,No Stigma,assault,2020-12-24 15:56:27,,ol7jqm,sexualassault,h5dqnh9,1626430727,2021-07-16 10:18:47,"Information Support, Emotional Support, Esteem Support, Tangible Assistance, Group Interaction","Experienced, Anticipated"
,,,,,kijipt,No Stigma,assault,2020-12-23 1:56:02,,ol7jqm,sexualassault,i25gpd7,1648264578,2022-03-26 3:16:18,"Emotional Support, Group Interaction","Experienced, Anticipated"
,,,,,kib2wg,No Stigma,assault,2020-12-22 18:31:57,,ol3xl6,sexualassault,h5cihyi,1626399851,2021-07-16 1:44:11,"Information Support, Tangible Assistance",Experienced
,,,,,khudso,No Stigma,assault,2020-12-22 0:47:16,,ol1ws0,sexualassault,h5bztic,1626390209,2021-07-15 23:03:29,Information Support,"Experienced, Internalized"
,,,,,khs2w5,No Stigma,assault,2020-12-21 22:39:00,,ol1ws0,sexualassault,h5c1fg7,1626391018,2021-07-15 23:16:58,"Information Support, Emotional Support, Tangible Assistance, Group Interaction","Experienced, Internalized"
,,,,,kh790k,No Stigma,assault,2020-12-21 1:40:47,,ol0h7a,sexualassault,h5d7o1r,1626414717,2021-07-16 5:51:57,"Emotional Support, Esteem Support","Experienced, Internalized, Anticipated, Structural"
,,,,,kg1p2k,No Stigma,assault,2020-12-19 5:04:18,,oky1m4,sexualassault,h5bxsx6,1626389216,2021-07-15 22:46:56,"Emotional Support, Group Interaction",Internalized
,,,,,kg1dgf,No Stigma,assault,2020-12-19 4:41:34,,okuvow,sexualassault,h5cbiy1,1626396216,2021-07-16 0:43:36,"Information Support, Emotional Support, Esteem Support",Internalized
,,,,,kfcf9q,No Stigma,assault,2020-12-18 2:46:52,,okl51q,sexualassault,h58tcra,1626328160,2021-07-15 5:49:20,"Information Support, Esteem Support","Internalized, Anticipated"
,,,,,kel9io,No Stigma,assault,2020-12-16 23:49:59,,okkbj0,sexualassault,h58fpiv,1626319587,2021-07-15 3:26:27,"Information Support, Emotional Support","Experienced, Internalized, Anticipated"
,,,,,kdzh2r,No Stigma,assault,2020-12-16 1:37:56,,okkbj0,sexualassault,h5c62ft,1626393381,2021-07-15 23:56:21,"Information Support, Emotional Support","Experienced, Internalized, Anticipated"
,,,,,kdyuv4,No Stigma,assault,2020-12-16 1:02:03,,okif71,sexualassault,h5860vh,1626314538,2021-07-15 2:02:18,"Information Support, Esteem Support","Experienced, Anticipated, Structural"
,,,,,kde3tk,No Stigma,assault,2020-12-15 3:49:34,,okclsw,sexualassault,h575o4p,1626296341,2021-07-14 20:59:01,"Information Support, Tangible Assistance",Anticipated
,,,,,kckfzm,No Stigma,assault,2020-12-13 22:34:35,,ok7gaw,sexualassault,h57myin,1626304646,2021-07-14 23:17:26,Group Interaction,Internalized
,,,,,kcjd4v,No Stigma,assault,2020-12-13 21:36:19,,ok7gaw,sexualassault,h58qpvd,1626326269,2021-07-15 5:17:49,Group Interaction,Internalized
,,,,,kbiqwg,No Stigma,assault,2020-12-12 4:30:26,,ok7e85,sexualassault,h5d54j2,1626412917,2021-07-16 5:21:57,"Emotional Support, Esteem Support","Experienced, Anticipated"
,,,,,kb0vb7,No Stigma,assault,2020-12-11 11:13:36,,ok5yx7,sexualassault,h56vvb4,1626292022,2021-07-14 19:47:02,"Information Support, Esteem Support, Group Interaction","Internalized, Anticipated"
,,,,,kagh16,No Stigma,assault,2020-12-10 14:45:13,,ok5y40,sexualassault,h5659kn,1626280241,2021-07-14 16:30:41,"Information Support, Esteem Support, Group Interaction","Experienced, Internalized, Anticipated"
,,,,,kaeirh,No Stigma,assault,2020-12-10 12:34:27,,ok5y40,sexualassault,h57mjz1,1626304436,2021-07-14 23:13:56,Information Support,"Experienced, Internalized, Anticipated"
,,,,,ka49fe,No Stigma,assault,2020-12-10 0:17:38,,ok4tch,sexualassault,h55oayq,1626272750,2021-07-14 14:25:50,Group Interaction,"Internalized, Anticipated"
,,,,,k9v5o0,No Stigma,assault,2020-12-09 16:37:43,,ok4tch,sexualassault,h55r033,1626273999,2021-07-14 14:46:39,"Information Support, Emotional Support, Esteem Support, Tangible Assistance","Internalized, Anticipated"
,,,,,k9e6fh,No Stigma,assault,2020-12-08 22:04:36,,ok4tch,sexualassault,h565sp5,1626280470,2021-07-14 16:34:30,"Information Support, Group Interaction","Internalized, Anticipated"
,,,,,k956qs,No Stigma,assault,2020-12-08 14:33:16,,ok288m,sexualassault,h558iyn,1626264090,2021-07-14 12:01:30,"Information Support, Emotional Support","Experienced, Internalized, Anticipated"
,,,,,k8rlso,No Stigma,assault,2020-12-07 22:50:53,,ok288m,sexualassault,h5lykcv,1626596826,2021-07-18 8:27:06,"Information Support, Emotional Support","Experienced, Internalized, Anticipated"
,,,,,k8cspf,No Stigma,assault,2020-12-07 8:26:41,,ojystt,sexualassault,h54xyp9,1626255606,2021-07-14 9:40:06,Information Support,"Experienced, Anticipated"
,,,,,k86yq9,No Stigma,assault,2020-12-07 1:45:01,,ojxy0c,sexualassault,h54vpy9,1626253498,2021-07-14 9:04:58,"Information Support, Emotional Support, Esteem Support, Group Interaction",Internalized
,,,,,k7x2z9,No Stigma,assault,2020-12-06 16:46:27,,ojviyr,sexualassault,h544kz1,1626232469,2021-07-14 3:14:29,"Information Support, Esteem Support","Internalized, Anticipated"
,,,,,k7n88k,No Stigma,assault,2020-12-06 4:49:06,,ojv4t9,sexualassault,h54ey86,1626239157,2021-07-14 5:05:57,Information Support,"Internalized, Anticipated"
,,,,,k7dna7,No Stigma,assault,2020-12-05 19:14:01,,ojqe12,sexualassault,h537by0,1626214865,2021-07-13 22:21:05,"Information Support, Emotional Support, Esteem Support",Internalized
,,,,,k73gix,No Stigma,assault,2020-12-05 7:41:21,,ojqe12,sexualassault,h53f54p,1626218830,2021-07-13 23:27:10,"Information Support, Esteem Support",Internalized
,,,,,k6zg0j,No Stigma,assault,2020-12-05 2:40:57,,ojqe12,sexualassault,h53og13,1626223724,2021-07-14 0:48:44,"Information Support, Esteem Support",Internalized
,,,,,k6fl6u,No Stigma,assault,2020-12-04 6:33:20,,ojq55a,sexualassault,h57aclm,1626298483,2021-07-14 21:34:43,Information Support,
,,,,,k5i9oc,No Stigma,assault,2020-12-02 20:58:57,,ojnf47,sexualassault,h52vgcj,1626209265,2021-07-13 20:47:45,"Emotional Support, Group Interaction","Experienced, Internalized, Anticipated"
,,,,,k50u4y,No Stigma,assault,2020-12-02 3:05:50,,ojnf47,sexualassault,h574x68,1626296008,2021-07-14 20:53:28,"Information Support, Emotional Support, Esteem Support, Group Interaction","Experienced, Internalized, Anticipated"
,,,,,k50txi,No Stigma,assault,2020-12-02 3:05:29,,ojih2x,sexualassault,h51t5lx,1626192319,2021-07-13 16:05:19,"Emotional Support, Group Interaction","Experienced, Internalized, Anticipated, Structural"
,,,,,k502jk,No Stigma,assault,2020-12-02 2:22:05,,ojih2x,sexualassault,h53kfup,1626221636,2021-07-14 0:13:56,"Emotional Support, Esteem Support, Group Interaction","Experienced, Internalized, Anticipated, Structural"
,,,,,k4kycd,No Stigma,assault,2020-12-01 13:37:11,,ojeoju,sexualassault,h53q78f,1626224631,2021-07-14 1:03:51,"Information Support, Esteem Support",Internalized
,,,,,k4atog,No Stigma,assault,2020-12-01 1:48:59,,oje574,sexualassault,h52e1w0,1626201509,2021-07-13 18:38:29,"Information Support, Esteem Support","Experienced, Internalized, Anticipated"
,,,,,k3jwqu,No Stigma,assault,2020-11-29 23:27:56,,oje574,sexualassault,h52e8mg,1626201592,2021-07-13 18:39:52,Esteem Support,"Experienced, Internalized, Anticipated"
,,,,,k32hjd,No Stigma,assault,2020-11-29 3:53:42,,oje574,sexualassault,h52qd5f,1626206990,2021-07-13 20:09:50,"Tangible Assistance, Group Interaction","Experienced, Internalized, Anticipated"
,,,,,k2y571,No Stigma,assault,2020-11-28 23:26:31,,ojcwu5,sexualassault,h51jtl6,1626188157,2021-07-13 14:55:57,Information Support,"Experienced, Internalized"
,,,,,k1wk2a,No Stigma,assault,2020-11-27 7:18:20,,oj8423,sexualassault,h50arfo,1626155278,2021-07-13 5:47:58,"Information Support, Emotional Support, Esteem Support","Internalized, Anticipated"
,,,,,k1hicr,No Stigma,assault,2020-11-26 15:51:07,,oj7nro,sexualassault,h50o849,1626167328,2021-07-13 9:08:48,Information Support,Anticipated
,,,,,k16tz9,No Stigma,assault,2020-11-26 2:47:32,,oj7cqu,sexualassault,h50i6z0,1626161557,2021-07-13 7:32:37,Emotional Support,"Internalized, Anticipated"
,,,,,k0vv85,No Stigma,assault,2020-11-25 16:57:35,,oj6hec,sexualassault,h50i5pb,1626161524,2021-07-13 7:32:04,"Information Support, Esteem Support, Group Interaction","Internalized, Anticipated"
,,,,,k0gatw,No Stigma,assault,2020-11-24 23:24:16,,oj3t14,sexualassault,h4zdao6,1626135475,2021-07-13 0:17:55,,"Experienced, Internalized, Anticipated"
,,,,,jxuicw,No Stigma,assault,2020-11-20 18:26:17,,oiln78,sexualassault,h4wkfa6,1626084120,2021-07-12 10:02:00,"Information Support, Esteem Support",Anticipated
,,,,,jxufig,No Stigma,assault,2020-11-20 18:22:05,,oij6uz,sexualassault,h4vyli4,1626064933,2021-07-12 4:42:13,"Information Support, Esteem Support",Internalized
,,,,,jxe7xq,No Stigma,assault,2020-11-19 23:50:04,,oij60r,sexualassault,h4xtbpe,1626108838,2021-07-12 16:53:58,"Information Support, Emotional Support, Esteem Support, Group Interaction","Internalized, Anticipated, Structural"
,,,,,jwxlk0,No Stigma,assault,2020-11-19 6:21:55,,oiistv,sexualassault,h4vqgtr,1626059653,2021-07-12 3:14:13,Information Support,Anticipated
,,,,,jwvsek,No Stigma,assault,2020-11-19 4:11:54,,oiistv,sexualassault,h4w3ig0,1626068658,2021-07-12 5:44:18,"Information Support, Esteem Support",Anticipated
,,,,,jwlhst,No Stigma,assault,2020-11-18 18:39:30,,oiistv,sexualassault,h4wjlmz,1626083361,2021-07-12 9:49:21,"Information Support, Esteem Support",Anticipated
,,,,,jvscrr,No Stigma,assault,2020-11-17 12:44:09,,oigmqf,sexualassault,h4vd4nu,1626052188,2021-07-12 1:09:48,"Emotional Support, Esteem Support",Internalized
,,,,,jvcegc,No Stigma,assault,2020-11-16 18:46:01,,oigmqf,sexualassault,h4vreef,1626060222,2021-07-12 3:23:42,Emotional Support,Internalized
,,,,,jvcau7,No Stigma,assault,2020-11-16 18:40:57,,oigj17,sexualassault,h4vbzom,1626051575,2021-07-12 0:59:35,Group Interaction,Internalized
,,,,,jvajrm,No Stigma,assault,2020-11-16 17:10:58,,oicib5,sexualassault,h4v8x70,1626049948,2021-07-12 0:32:28,"Information Support, Emotional Support, Esteem Support, Tangible Assistance, Group Interaction","Experienced, Anticipated"
,,,,,jukfsz,No Stigma,assault,2020-11-15 11:21:22,,oi60gi,sexualassault,h4tlroc,1626021027,2021-07-11 16:30:27,"Information Support, Emotional Support, Esteem Support",Internalized
,,,,,jto2au,No Stigma,assault,2020-11-13 20:45:36,,oi60gi,sexualassault,h4uoc4g,1626039985,2021-07-11 21:46:25,Information Support,Internalized
,,,,,jsrg0m,No Stigma,assault,2020-11-12 8:56:53,,oi60gi,sexualassault,h4v8oso,1626049824,2021-07-12 0:30:24,"Information Support, Emotional Support, Tangible Assistance",Internalized
,,,,,jshf4v,No Stigma,assault,2020-11-11 21:57:03,,ohxu5c,sexualassault,h4s3ijn,1625980755,2021-07-11 5:19:15,"Information Support, Esteem Support",Internalized
,,,,,jsclro,No Stigma,assault,2020-11-11 17:37:14,,ohxu5c,sexualassault,h4trbry,1626023824,2021-07-11 17:17:04,Group Interaction,Internalized
,,,,,jrkzot,No Stigma,assault,2020-11-10 13:33:06,,ohxpn7,sexualassault,h4s0alp,1625978596,2021-07-11 4:43:16,"Information Support, Group Interaction",Anticipated
,,,,,jr9ark,No Stigma,assault,2020-11-09 23:38:01,,ohxpn7,sexualassault,h4t9wxc,1626014971,2021-07-11 14:49:31,Information Support,Anticipated
,,,,,jr3c80,No Stigma,assault,2020-11-09 18:36:52,,ohx5nz,sexualassault,h4ruzu4,1625975214,2021-07-11 3:46:54,Information Support,Anticipated
,,,,,jqvc0r,No Stigma,assault,2020-11-09 10:34:45,,ohx5nz,sexualassault,h4shya8,1625993457,2021-07-11 8:50:57,"Information Support, Esteem Support",Anticipated
,,,,,jqc1mi,No Stigma,assault,2020-11-08 13:52:04,,ohwm7s,sexualassault,h4rtynk,1625974552,2021-07-11 3:35:52,"Information Support, Group Interaction","Internalized, Anticipated"
,,,,,jqbc13,No Stigma,assault,2020-11-08 12:59:55,,ohvn08,sexualassault,h4v5gv1,1626048082,2021-07-12 0:01:22,"Information Support, Esteem Support","Internalized, Anticipated"
,,,,,jnzp2n,No Stigma,assault,2020-11-04 16:26:55,,ohsint,sexualassault,h4rh72k,1625967211,2021-07-11 1:33:31,"Information Support, Emotional Support, Tangible Assistance","Internalized, Anticipated"
,,,,,jns0di,No Stigma,assault,2020-11-04 6:51:29,,ohsint,sexualassault,h4rorhb,1625971456,2021-07-11 2:44:16,"Information Support, Emotional Support, Esteem Support, Tangible Assistance, Group Interaction","Internalized, Anticipated"
,,,,,jn3na4,No Stigma,assault,2020-11-03 4:13:18,,ohsint,sexualassault,h4skq5n,1625996245,2021-07-11 9:37:25,Emotional Support,"Internalized, Anticipated"
,,,,,jn0kw2,No Stigma,assault,2020-11-03 1:01:15,,oheurn,sexualassault,h4qdc35,1625945262,2021-07-10 19:27:42,"Emotional Support, Esteem Support",Anticipated
,,,,,jmdw8i,No Stigma,assault,2020-11-02 0:55:43,,oheurn,sexualassault,h4osef7,1625912498,2021-07-10 10:21:38,Information Support,Anticipated
,,,,,jlyoo4,No Stigma,assault,2020-11-01 7:48:38,,ohdmo3,sexualassault,h4oinbf,1625902920,2021-07-10 7:42:00,"Information Support, Esteem Support",Internalized
,,,,,jlc56s,No Stigma,assault,2020-10-31 4:17:54,,ohaudy,sexualassault,h4qa0ve,1625943497,2021-07-10 18:58:17,Information Support,"Internalized, Anticipated"
,,,,,jjw16j,No Stigma,assault,2020-10-28 20:47:15,,ohaudy,sexualassault,h4ny55e,1625887387,2021-07-10 3:23:07,,"Internalized, Anticipated"
,,,,,jj982y,No Stigma,assault,2020-10-27 20:30:25,,oh49na,sexualassault,h4mssnt,1625864049,2021-07-09 20:54:09,"Information Support, Emotional Support","Experienced, Internalized, Anticipated"
,,,,,jhijgw,No Stigma,assault,2020-10-24 22:53:07,,oh49na,sexualassault,h4oamzp,1625896069,2021-07-10 5:47:49,"Information Support, Tangible Assistance","Experienced, Internalized, Anticipated"
,,,,,jh1yrm,No Stigma,assault,2020-10-24 3:31:28,,oh49na,sexualassault,h4ogw4g,1625901327,2021-07-10 7:15:27,"Information Support, Emotional Support, Esteem Support, Group Interaction","Experienced, Internalized, Anticipated"
,,,,,jh0aak,No Stigma,assault,2020-10-24 1:34:41,,oh0hai,sexualassault,h4rwvhx,1625976408,2021-07-11 4:06:48,"Information Support, Emotional Support, Group Interaction","Experienced, Anticipated"
,,,,,jgrx9v,No Stigma,assault,2020-10-23 17:43:04,,ogt5e4,sexualassault,h4kyv9g,1625832059,2021-07-09 12:00:59,"Information Support, Esteem Support, Group Interaction",Anticipated
,,,,,jgdfck,No Stigma,assault,2020-10-23 1:39:32,,ogrlfm,sexualassault,h4wla1a,1626084900,2021-07-12 10:15:00,"Information Support, Emotional Support","Experienced, Internalized"
,,,,,jg9gqt,No Stigma,assault,2020-10-22 21:48:57,,ogrcd9,sexualassault,h4kocpa,1625823444,2021-07-09 9:37:24,Esteem Support,"Experienced, Anticipated"
,,,,,jfwa79,No Stigma,assault,2020-10-22 9:13:47,,ogokl5,sexualassault,h4l7dli,1625837204,2021-07-09 13:26:44,Emotional Support,"Experienced, Internalized"
,,,,,jfd3mq,No Stigma,assault,2020-10-21 13:46:20,,ogokl5,sexualassault,h4lpkpn,1625845846,2021-07-09 15:50:46,,"Experienced, Internalized"
,,,,,jezoje,No Stigma,assault,2020-10-20 21:59:15,,ogjqby,sexualassault,h4jzpmq,1625803289,2021-07-09 4:01:29,"Information Support, Esteem Support","Experienced, Internalized"
,,,,,jdd5n2,No Stigma,assault,2020-10-18 9:07:50,,ogjqby,sexualassault,h4koiu6,1625823606,2021-07-09 9:40:06,"Information Support, Esteem Support","Experienced, Internalized"
,,,,,jda61k,No Stigma,assault,2020-10-18 4:46:53,,ogjqby,sexualassault,h4jyy0e,1625802820,2021-07-09 3:53:40,,"Experienced, Internalized"
,,,,,jd8o33,No Stigma,assault,2020-10-18 2:56:19,,oggonv,sexualassault,h4j24jr,1625785205,2021-07-08 23:00:05,"Information Support, Emotional Support",Experienced
,,,,,jd3z6a,No Stigma,assault,2020-10-17 21:53:11,,ogfk2q,sexualassault,h4ir9st,1625779951,2021-07-08 21:32:31,"Information Support, Esteem Support","Internalized, Anticipated"
,,,,,jd38o3,No Stigma,assault,2020-10-17 21:09:40,,ogeogu,sexualassault,h4kiaju,1625817696,2021-07-09 8:01:36,"Information Support, Group Interaction","Experienced, Anticipated, Structural"
,,,,,jczrtq,No Stigma,assault,2020-10-17 17:54:25,,og9yen,sexualassault,h4j2lf1,1625785443,2021-07-08 23:04:03,"Information Support, Emotional Support, Tangible Assistance",Internalized
,,,,,jc2hun,No Stigma,assault,2020-10-16 3:36:50,,ofz5jj,sexualassault,h4fqx8v,1625716888,2021-07-08 4:01:28,"Information Support, Esteem Support",Internalized
,,,,,9frf0v,No Stigma,assault,2018-09-14 12:04:46,,ofwql3,sexualassault,hd9ugxg,1631924042,2021-09-18 0:14:02,"Information Support, Emotional Support, Esteem Support",Internalized
,,,,,9etcgh,No Stigma,assault,2018-09-11 2:02:54,,ofvw1t,sexualassault,h4g2cdo,1625725031,2021-07-08 6:17:11,"Emotional Support, Esteem Support","Experienced, Anticipated"
,,,,,9cijdx,No Stigma,assault,2018-09-03 4:46:16,,ofvw1t,sexualassault,h4im0bk,1625777485,2021-07-08 20:51:25,Group Interaction,"Experienced, Anticipated"
,,,,,9bzl9k,No Stigma,assault,2018-09-01 2:20:31,,ofu17c,sexualassault,h4f0x87,1625702934,2021-07-08 0:08:54,"Information Support, Emotional Support, Esteem Support","Experienced, Internalized"
,,,,,9bu26i,No Stigma,assault,2018-08-31 14:27:00,,ofr4go,sexualassault,h4ej4r4,1625694434,2021-07-07 21:47:14,"Information Support, Emotional Support, Esteem Support","Experienced, Internalized"
,,,,,9bf9qi,No Stigma,assault,2018-08-30 1:25:59,,ofr4go,sexualassault,h4kvgx1,1625829573,2021-07-09 11:19:33,"Information Support, Emotional Support","Experienced, Internalized"
,,,,,9bastt,No Stigma,assault,2018-08-29 16:27:26,,ofr4go,sexualassault,h4f5pqr,1625705378,2021-07-08 0:49:38,Group Interaction,"Experienced, Internalized"
,,,,,97jswn,No Stigma,assault,2018-08-15 16:39:54,,ofr4go,sexualassault,h4eysiy,1625701847,2021-07-07 23:50:47,Emotional Support,"Experienced, Internalized"
,,,,,95b3ke,No Stigma,assault,2018-08-07 12:14:35,,ofr4go,sexualassault,h4ecvil,1625691775,2021-07-07 21:02:55,"Information Support, Esteem Support","Experienced, Internalized"
,,,,,92fnar,No Stigma,assault,2018-07-27 19:39:07,,ofo17b,sexualassault,h4dvjv2,1625684180,2021-07-07 18:56:20,Information Support,"Internalized, Anticipated"
,,,,,91oiqn,No Stigma,assault,2018-07-25 4:04:46,,ofmbg7,sexualassault,h4daluv,1625674988,2021-07-07 16:23:08,Information Support,"Experienced, Internalized"
,,,,,8yluai,No Stigma,assault,2018-07-13 17:16:26,,ofmbg7,sexualassault,h4fs234,1625717605,2021-07-08 4:13:25,"Emotional Support, Esteem Support, Group Interaction","Experienced, Internalized"
,,,,,8y7g7e,No Stigma,assault,2018-07-12 6:52:07,,ofe9yp,sexualassault,h4c5gwh,1625650894,2021-07-07 9:41:34,"Information Support, Emotional Support, Esteem Support","Internalized, Anticipated"
,,,,,8y38kv,No Stigma,assault,2018-07-11 20:43:57,,ofe9yp,sexualassault,h4cxnls,1625669252,2021-07-07 14:47:32,"Information Support, Emotional Support, Group Interaction","Internalized, Anticipated"
,,,,,8xzuas,No Stigma,assault,2018-07-11 14:03:45,,ofe9yp,sexualassault,h4nzglc,1625888209,2021-07-10 3:36:49,Information Support,"Internalized, Anticipated"
,,,,,8s7key,No Stigma,assault,2018-06-19 9:39:44,,ofa39x,sexualassault,h4bbmzt,1625627379,2021-07-07 3:09:39,"Information Support, Emotional Support","Experienced, Internalized, Anticipated, Structural"
,,,,,8rnqhk,No Stigma,assault,2018-06-17 1:13:52,,of661s,sexualassault,h4ann34,1625614685,2021-07-06 23:38:05,"Information Support, Emotional Support, Esteem Support","Experienced, Internalized, Anticipated"
,,,,,8oz6s8,No Stigma,assault,2018-06-06 9:18:58,,of0ui0,sexualassault,h49k233,1625596194,2021-07-06 18:29:54,"Information Support, Esteem Support",
,,,,,8oy23b,No Stigma,assault,2018-06-06 5:24:15,,oey5uu,sexualassault,h49dyk3,1625593456,2021-07-06 17:44:16,"Information Support, Emotional Support, Esteem Support, Tangible Assistance","Experienced, Internalized"
,,,,,8n5nc8,No Stigma,assault,2018-05-30 4:13:20,,oey0aj,sexualassault,h49tgzw,1625600461,2021-07-06 19:41:01,Emotional Support,"Internalized, Anticipated"
,,,,,8kxwmo,No Stigma,assault,2018-05-21 3:32:09,,oewri6,sexualassault,h4axa6f,1625619824,2021-07-07 1:03:44,"Emotional Support, Group Interaction","Experienced, Internalized"
,,,,,8kafo1,No Stigma,assault,2018-05-18 4:13:42,,oeu37z,sexualassault,h49cygn,1625593010,2021-07-06 17:36:50,"Information Support, Esteem Support","Experienced, Internalized, Anticipated"
,,,,,8k6tpp,No Stigma,assault,2018-05-17 19:05:43,,oempa3,sexualassault,h47rzw3,1625558005,2021-07-06 7:53:25,"Information Support, Emotional Support, Esteem Support",Internalized
,,,,,8hzvkf,No Stigma,assault,2018-05-08 20:10:47,,oek71y,sexualassault,h470f3m,1625538142,2021-07-06 2:22:22,"Information Support, Emotional Support, Esteem Support","Experienced, Internalized"
,,,,,8fl9fa,No Stigma,assault,2018-04-28 17:13:43,,oec1xx,sexualassault,h479j07,1625543548,2021-07-06 3:52:28,"Emotional Support, Esteem Support","Experienced, Internalized"
,,,,,8ey0nx,No Stigma,assault,2018-04-25 23:11:16,,oebhzr,sexualassault,h45emxf,1625507528,2021-07-05 17:52:08,Information Support,"Experienced, Anticipated, Structural"
,,,,,8atqze,No Stigma,assault,2018-04-08 22:48:18,,oe9v0s,sexualassault,h452e5n,1625501339,2021-07-05 16:08:59,"Emotional Support, Esteem Support",Internalized
,,,,,8aox9k,No Stigma,assault,2018-04-08 9:23:29,,oe7hef,sexualassault,h44lkg8,1625492308,2021-07-05 13:38:28,"Information Support, Emotional Support, Esteem Support","Experienced, Anticipated"
,,,,,8afhii,No Stigma,assault,2018-04-07 3:32:52,,oe2ee5,sexualassault,h43zge1,1625474105,2021-07-05 8:35:05,Esteem Support,"Internalized, Anticipated"
,,,,,85hr3w,No Stigma,assault,2018-03-19 7:42:04,,odx84c,sexualassault,h436ek5,1625451849,2021-07-05 2:24:09,Information Support,"Experienced, Internalized"
,,,,,859sn0,No Stigma,assault,2018-03-18 6:57:37,,ods9mw,sexualassault,h427ipy,1625431455,2021-07-04 20:44:15,Tangible Assistance,Internalized
,,,,,81uh1v,No Stigma,assault,2018-03-04 1:05:00,,odkx3q,sexualassault,h4191oy,1625414370,2021-07-04 15:59:30,"Information Support, Esteem Support, Tangible Assistance, Group Interaction","Experienced, Internalized"
,,,,,80yuhi,No Stigma,assault,2018-02-28 19:32:57,,odccs3,sexualassault,h3zkitl,1625369349,2021-07-04 3:29:09,Information Support,"Internalized, Anticipated"
,,,,,7yype8,No Stigma,assault,2018-02-20 19:31:27,,od6nku,sexualassault,h3ylyv4,1625348396,2021-07-03 21:39:56,"Information Support, Emotional Support",Internalized
,,,,,7wqepl,No Stigma,assault,2018-02-11 3:21:57,,od3xro,sexualassault,h3z9bps,1625362292,2021-07-04 1:31:32,"Information Support, Emotional Support, Esteem Support","Experienced, Internalized"
,,,,,7wams6,No Stigma,assault,2018-02-09 3:23:42,,od3xro,sexualassault,h3y4jrs,1625339131,2021-07-03 19:05:31,"Information Support, Esteem Support","Experienced, Internalized"
,,,,,7t3e6z,No Stigma,assault,2018-01-26 9:06:02,,ocyobd,sexualassault,h3y3wzx,1625338800,2021-07-03 19:00:00,"Information Support, Emotional Support, Esteem Support",Internalized
,,,,,7rvxof,No Stigma,assault,2018-01-21 5:28:01,,ocyobd,sexualassault,h3xan2z,1625323507,2021-07-03 14:45:07,,Internalized
,,,,,7rjglw,No Stigma,assault,2018-01-19 16:26:38,,ocyobd,sexualassault,h3y15ff,1625337370,2021-07-03 18:36:10,"Information Support, Esteem Support",Internalized
,,,,,7p84is,No Stigma,assault,2018-01-09 16:18:47,,ocrsb7,sexualassault,h45dldm,1625506999,2021-07-05 17:43:19,Information Support,"Experienced, Internalized"
,,,,,7miwcm,No Stigma,assault,2017-12-28 0:04:44,,ocqjkh,sexualassault,h3w1g7a,1625287471,2021-07-03 4:44:31,"Information Support, Emotional Support, Esteem Support",Internalized
,,,,,7idnvm,No Stigma,assault,2017-12-08 8:18:36,,ocp7ka,sexualassault,h3vp7a8,1625279513,2021-07-03 2:31:53,Information Support,Internalized
,,,,,77p8t8,No Stigma,assault,2017-10-20 21:32:26,,ocmlgh,sexualassault,h7iq7qr,1627967930,2021-08-03 5:18:50,"Emotional Support, Tangible Assistance","Internalized, Anticipated"
,,,,,75nkdb,No Stigma,assault,2017-10-11 7:43:44,,oclz8t,sexualassault,h3v6z1k,1625269200,2021-07-02 23:40:00,"Emotional Support, Group Interaction",Internalized
,,,,,72e5ty,No Stigma,assault,2017-09-25 17:53:35,,ochnl3,sexualassault,h3uojcd,1625260023,2021-07-02 21:07:03,"Information Support, Emotional Support",Internalized
,,,,,6oawci,No Stigma,assault,2017-07-19 19:34:08,,ochnl3,sexualassault,h3up42q,1625260291,2021-07-02 21:11:31,"Information Support, Emotional Support, Esteem Support",Internalized
,,,,,67z5cz,No Stigma,assault,2017-04-27 22:39:40,,ochnl3,sexualassault,h3uhf98,1625256845,2021-07-02 20:14:05,"Information Support, Emotional Support, Esteem Support, Tangible Assistance",Internalized
,,,,,o4nf69,No Stigma,metoo,2021-06-21 4:54:12,,ocggzx,sexualassault,h3un1fj,1625259353,2021-07-02 20:55:53,"Information Support, Emotional Support","Experienced, Internalized, Anticipated, Structural"
,,,,,nzeoxh,No Stigma,metoo,2021-06-14 4:36:10,,oc8law,sexualassault,h3sotcc,1625228503,2021-07-02 12:21:43,"Information Support, Esteem Support",Internalized
,,,,,nrvw1s,No Stigma,metoo,2021-06-04 3:50:38,,oc8law,sexualassault,h3spz5y,1625229213,2021-07-02 12:33:33,"Information Support, Emotional Support, Esteem Support",Internalized
,,,,,nc53i7,No Stigma,metoo,2021-05-14 10:08:20,,oc8law,sexualassault,h3sqmtn,1625229590,2021-07-02 12:39:50,"Information Support, Esteem Support",Internalized
,,,,,n9b51p,No Stigma,metoo,2021-05-10 17:40:59,,oc56aq,sexualassault,h3v212b,1625266602,2021-07-02 22:56:42,"Information Support, Emotional Support","Experienced, Structural"
,,,,,m0q8fw,No Stigma,metoo,2021-03-08 21:11:57,,oc38ju,sexualassault,h3sj86v,1625224742,2021-07-02 11:19:02,"Information Support, Emotional Support, Esteem Support, Tangible Assistance",Internalized
,,,,,lbpdii,No Stigma,metoo,2021-02-03 15:00:58,,oc2qov,sexualassault,h3vxoci,1625284841,2021-07-03 4:00:41,,"Internalized, Anticipated"
,,,,,l0sblj,No Stigma,metoo,2021-01-19 20:22:45,,oc215p,sexualassault,h3shzfs,1625223806,2021-07-02 11:03:26,"Information Support, Emotional Support, Esteem Support, Group Interaction",Internalized
,,,,,krkt6y,No Stigma,metoo,2021-01-06 9:47:23,,oc215p,sexualassault,h4o0kyd,1625888913,2021-07-10 3:48:33,"Information Support, Esteem Support",Internalized
,,,,,khz1uf,No Stigma,metoo,2020-12-22 5:33:19,,oc0zvz,sexualassault,h3rhbgl,1625196268,2021-07-02 3:24:28,"Information Support, Emotional Support, Esteem Support","Experienced, Anticipated"
,,,,,kagbag,No Stigma,metoo,2020-12-10 14:36:04,,oc0zvz,sexualassault,h3rpidx,1625201217,2021-07-02 4:46:57,"Emotional Support, Tangible Assistance","Experienced, Anticipated"
,,,,,j0v0vb,No Stigma,metoo,2020-09-27 17:27:19,,obydah,sexualassault,h3qtobj,1625183709,2021-07-01 23:55:09,,Internalized
,,,,,ixhplv,No Stigma,metoo,2020-09-22 5:50:28,,obej4d,sexualassault,h3nl45h,1625120879,2021-07-01 6:27:59,"Information Support, Emotional Support, Esteem Support, Tangible Assistance","Experienced, Internalized, Anticipated"
,,,,,iwz7et,No Stigma,metoo,2020-09-21 12:12:35,,oban4v,sexualassault,h3n4r6q,1625110296,2021-07-01 3:31:36,"Information Support, Emotional Support, Esteem Support, Group Interaction","Experienced, Anticipated"
,,,,,isdnij,No Stigma,metoo,2020-09-14 4:05:06,,oban4v,sexualassault,h3n5w5x,1625110855,2021-07-01 3:40:55,"Emotional Support, Group Interaction","Experienced, Anticipated"
,,,,,ie9ajp,No Stigma,metoo,2020-08-22 1:03:55,,obab2u,sexualassault,h3mrpst,1625103666,2021-07-01 1:41:06,"Information Support, Emotional Support, Tangible Assistance","Experienced, Internalized"
,,,,,i953ul,No Stigma,metoo,2020-08-13 18:15:29,,ob5spb,sexualassault,h3lu171,1625087029,2021-06-30 21:03:49,"Emotional Support, Esteem Support","Experienced, Anticipated"
,,,,,i1l1rp,No Stigma,metoo,2020-08-01 2:59:33,,ob5spb,sexualassault,h3lusn3,1625087374,2021-06-30 21:09:34,"Emotional Support, Esteem Support","Experienced, Anticipated"
,,,,,i11ipa,No Stigma,metoo,2020-07-31 4:54:17,,ob5spb,sexualassault,h3mjxd3,1625099661,2021-07-01 0:34:21,"Emotional Support, Esteem Support, Group Interaction","Experienced, Anticipated"
,,,,,hy26uw,No Stigma,metoo,2020-07-26 6:36:56,,ob5spb,sexualassault,h3m4mwn,1625091983,2021-06-30 22:26:23,"Information Support, Emotional Support, Esteem Support, Group Interaction","Experienced, Anticipated"
,,,,,hrtcn9,No Stigma,metoo,2020-07-15 18:44:12,,ob5spb,sexualassault,h3mqpan,1625103156,2021-07-01 1:32:36,"Information Support, Emotional Support, Tangible Assistance, Group Interaction","Experienced, Anticipated"
,,,,,hre06v,No Stigma,metoo,2020-07-15 1:01:58,,ob51by,sexualassault,h3m6ac4,1625092792,2021-06-30 22:39:52,"Information Support, Emotional Support, Esteem Support",Anticipated
,,,,,hnx11c,No Stigma,metoo,2020-07-09 4:55:15,,ob51by,sexualassault,h3lkfuh,1625082889,2021-06-30 19:54:49,Tangible Assistance,Anticipated
,,,,,hnc7k0,No Stigma,metoo,2020-07-08 6:47:47,,ob51by,sexualassault,h3ls92l,1625086245,2021-06-30 20:50:45,"Information Support, Tangible Assistance",Anticipated
,,,,,hfhxwq,No Stigma,metoo,2020-06-25 7:34:45,,oawn00,sexualassault,h3mvbsc,1625105454,2021-07-01 2:10:54,,Internalized
,,,,,hbhmye,No Stigma,metoo,2020-06-18 16:12:56,,oawn00,sexualassault,h3v2pio,1625266949,2021-07-02 23:02:29,"Information Support, Emotional Support, Esteem Support",Internalized
,,,,,hbdlgq,No Stigma,metoo,2020-06-18 12:23:34,,oawn00,sexualassault,h3jz9oo,1625057382,2021-06-30 12:49:42,Emotional Support,Internalized
,,,,,h7vv2y,No Stigma,metoo,2020-06-12 23:36:07,,oatfrm,sexualassault,h3k4r9f,1625060302,2021-06-30 13:38:22,"Emotional Support, Esteem Support","Experienced, Internalized, Anticipated"
,,,,,gxf2vp,No Stigma,metoo,2020-06-05 22:57:22,,oalioo,sexualassault,h3i7a67,1625013399,2021-06-30 0:36:39,"Information Support, Tangible Assistance","Experienced, Internalized, Anticipated"
,,,,,gic0we,No Stigma,metoo,2020-05-12 14:16:03,,oai7iv,sexualassault,h3i4aoz,1625011898,2021-06-30 0:11:38,"Information Support, Emotional Support, Esteem Support","Experienced, Internalized, Anticipated"
,,,,,gg1xvz,No Stigma,metoo,2020-05-08 21:20:12,,oagqm9,sexualassault,h3hu0kz,1625006792,2021-06-29 22:46:32,"Information Support, Emotional Support, Esteem Support, Group Interaction",Internalized
,,,,,fx0ntp,No Stigma,metoo,2020-04-08 5:41:22,,oagqm9,sexualassault,h3hebn4,1624999667,2021-06-29 20:47:47,"Emotional Support, Esteem Support, Group Interaction",Internalized
,,,,,fr9oi6,No Stigma,metoo,2020-03-29 17:35:02,,oagqm9,sexualassault,h3i2ux5,1625011165,2021-06-29 23:59:25,"Information Support, Emotional Support, Esteem Support, Group Interaction",Internalized
,,,,,fn754p,No Stigma,metoo,2020-03-22 21:01:19,,oaf8ii,sexualassault,h3hjmsh,1625001970,2021-06-29 21:26:10,"Information Support, Emotional Support, Esteem Support","Experienced, Internalized, Anticipated"
,,,,,fbfv0t,No Stigma,metoo,2020-02-29 17:30:08,,oabz3a,sexualassault,h3gjc33,1624986235,2021-06-29 17:03:55,"Information Support, Esteem Support","Experienced, Internalized, Anticipated"
,,,,,f9jltg,No Stigma,metoo,2020-02-25 23:37:15,,oabz3a,sexualassault,h3mr7tc,1625103416,2021-07-01 1:36:56,"Emotional Support, Esteem Support, Tangible Assistance, Group Interaction","Experienced, Internalized, Anticipated"
,,,,,ewgibh,No Stigma,metoo,2020-01-31 1:38:29,,oa5i6u,sexualassault,h3fbujg,1624963264,2021-06-29 10:41:04,Information Support,"Experienced, Anticipated"
,,,,,evblto,No Stigma,metoo,2020-01-28 21:05:55,,oa4m29,sexualassault,h3f6dlx,1624958127,2021-06-29 9:15:27,,"Experienced, Internalized"
,,,,,ep7uyl,No Stigma,metoo,2020-01-15 20:26:05,,oa4m29,sexualassault,h3f6p50,1624958443,2021-06-29 9:20:43,"Information Support, Esteem Support","Experienced, Internalized"
,,,,,eo6ov3,No Stigma,metoo,2020-01-13 16:51:10,,oa4m29,sexualassault,h3fmkmb,1624970964,2021-06-29 12:49:24,"Information Support, Emotional Support, Esteem Support","Experienced, Internalized"
,,,,,e2rehl,No Stigma,metoo,2019-11-28 2:41:46,,oa4m29,sexualassault,h3g3bnd,1624979340,2021-06-29 15:09:00,"Information Support, Emotional Support, Group Interaction","Experienced, Internalized"
,,,,,e28zc7,No Stigma,metoo,2019-11-27 2:15:38,,oa4ext,sexualassault,h3f88w2,1624959958,2021-06-29 9:45:58,"Information Support, Emotional Support, Esteem Support, Group Interaction",
,,,,,dyrzca,No Stigma,metoo,2019-11-19 22:25:22,,o9y1s8,sexualassault,h3e2el3,1624930160,2021-06-29 1:29:20,Esteem Support,"Experienced, Anticipated"
,,,,,dya7i2,No Stigma,metoo,2019-11-18 21:53:34,,o9y1s8,sexualassault,h3ezl2s,1624951595,2021-06-29 7:26:35,"Information Support, Esteem Support","Experienced, Anticipated"
,,,,,d4cyjk,No Stigma,metoo,2019-09-14 23:43:14,,o9y1s8,sexualassault,h65d3rz,1626974331,2021-07-22 17:18:51,Emotional Support,"Experienced, Anticipated"
,,,,,cqqz1u,No Stigma,metoo,2019-08-15 14:59:55,,o9w59m,sexualassault,h3dqhcb,1624923949,2021-06-28 23:45:49,"Information Support, Emotional Support, Esteem Support",Internalized
,,,,,cock2b,No Stigma,metoo,2019-08-10 2:56:36,,o9urtz,sexualassault,h3dsaqq,1624924888,2021-06-29 0:01:28,"Information Support, Emotional Support, Esteem Support",Internalized
,,,,,co8tiq,No Stigma,metoo,2019-08-09 21:27:43,,o9pft9,sexualassault,h3ci9ba,1624903974,2021-06-28 18:12:54,"Information Support, Emotional Support, Esteem Support",Internalized
,,,,,cghlvb,No Stigma,metoo,2019-07-22 19:16:44,,o9o2r9,sexualassault,h45f5ju,1625507789,2021-07-05 17:56:29,"Information Support, Tangible Assistance",
,,,,,c8ebaq,No Stigma,metoo,2019-07-02 20:06:10,,o9o2bf,sexualassault,h3e4sl4,1624931402,2021-06-29 1:50:02,Information Support,Internalized
,,,,,c5ghwy,No Stigma,metoo,2019-06-25 22:18:59,,o9n249,sexualassault,h3cfsca,1624902913,2021-06-28 17:55:13,Information Support,Experienced
,,,,,bw8red,No Stigma,metoo,2019-06-03 9:37:03,,o9n249,sexualassault,h3c86vd,1624899606,2021-06-28 17:00:06,Information Support,Experienced
,,,,,bvbtkw,No Stigma,metoo,2019-05-31 19:29:31,,o9mrp5,sexualassault,h3e7yb2,1624933058,2021-06-29 2:17:38,"Information Support, Emotional Support, Esteem Support","Experienced, Internalized, Anticipated"
,,,,,boeep4,No Stigma,metoo,2019-05-14 5:02:09,,o9lm95,sexualassault,h3btkjg,1624893133,2021-06-28 15:12:13,,"Experienced, Internalized, Anticipated"
,,,,,bkg7rl,No Stigma,metoo,2019-05-04 1:50:04,,o9fk07,sexualassault,h3asyj0,1624867716,2021-06-28 8:08:36,"Information Support, Esteem Support","Experienced, Internalized, Anticipated"
,,,,,bjq5o3,No Stigma,metoo,2019-05-02 3:08:15,,o9cvro,sexualassault,h3agx8j,1624857299,2021-06-28 5:14:59,"Information Support, Emotional Support, Tangible Assistance, Group Interaction",Internalized
,,,,,bif1bc,No Stigma,metoo,2019-04-28 19:34:31,,o98umr,sexualassault,h39mkfm,1624838872,2021-06-28 0:07:52,"Information Support, Tangible Assistance","Experienced, Internalized, Anticipated, Structural"
,,,,,bh1ne5,No Stigma,metoo,2019-04-24 23:36:48,,o953tv,sexualassault,h3al84v,1624860722,2021-06-28 6:12:02,"Information Support, Emotional Support, Tangible Assistance","Experienced, Internalized, Anticipated"
,,,,,b3kh6d,No Stigma,metoo,2019-03-21 1:32:56,,o94ldm,sexualassault,h38z9bf,1624826490,2021-06-27 20:41:30,Information Support,Internalized
,,,,,b1ftqs,No Stigma,metoo,2019-03-15 14:48:05,,o94ldm,sexualassault,h3afurz,1624856500,2021-06-28 5:01:40,"Information Support, Emotional Support, Esteem Support, Tangible Assistance",Internalized
,,,,,b0mq8u,No Stigma,metoo,2019-03-13 14:37:47,,o90ydd,sexualassault,h3e4r5e,1624931382,2021-06-29 1:49:42,Information Support,"Experienced, Structural"
,,,,,axucv3,No Stigma,metoo,2019-03-06 3:51:15,,o8z57p,sexualassault,h37xahu,1624807704,2021-06-27 15:28:24,"Information Support, Esteem Support","Experienced, Internalized, Anticipated"
,,,,,axpfcm,No Stigma,metoo,2019-03-05 19:55:38,,o8vivr,sexualassault,h3934nk,1624828401,2021-06-27 21:13:21,"Emotional Support, Esteem Support","Internalized, Structural"
,,,,,awc37x,No Stigma,metoo,2019-03-02 1:05:21,,o8pz6f,sexualassault,h36k7dc,1624769780,2021-06-27 4:56:20,"Information Support, Emotional Support, Esteem Support","Experienced, Anticipated, Structural"
,,,,,avrbqw,No Stigma,metoo,2019-02-28 13:49:15,,o8oddl,sexualassault,h37byf2,1624794626,2021-06-27 11:50:26,"Emotional Support, Esteem Support","Experienced, Internalized, Anticipated, Structural"
,,,,,aqd11n,No Stigma,metoo,2019-02-13 23:24:04,,o8l6kp,sexualassault,h36tv4b,1624777606,2021-06-27 7:06:46,Information Support,"Experienced, Structural"
,,,,,aocsi4,No Stigma,metoo,2019-02-08 4:23:35,,o8l6kp,sexualassault,h3alnb0,1624861077,2021-06-28 6:17:57,"Information Support, Emotional Support, Tangible Assistance","Experienced, Structural"
,,,,,amn4h0,No Stigma,metoo,2019-02-03 6:24:46,,o8hs7q,sexualassault,h35pzhs,1624751105,2021-06-26 23:45:05,"Information Support, Emotional Support, Esteem Support","Experienced, Internalized"
,,,,,a6lbhs,No Stigma,metoo,2018-12-16 2:19:15,,o8bnv6,sexualassault,h33zp02,1624718707,2021-06-26 14:45:07,"Information Support, Emotional Support, Esteem Support",Internalized
,,,,,a6b5ov,No Stigma,metoo,2018-12-15 1:48:36,,o86bws,sexualassault,h338por,1624698149,2021-06-26 9:02:29,"Information Support, Emotional Support, Esteem Support","Experienced, Anticipated"
,,,,,a422c4,No Stigma,metoo,2018-12-07 17:31:44,,o86bws,sexualassault,h339eai,1624698844,2021-06-26 9:14:04,"Information Support, Emotional Support, Esteem Support, Tangible Assistance","Experienced, Anticipated"
,,,,,a2yijz,No Stigma,metoo,2018-12-04 7:32:59,,o86bws,sexualassault,h34iwkx,1624728485,2021-06-26 17:28:05,"Information Support, Emotional Support, Tangible Assistance","Experienced, Anticipated"
,,,,,a1fwd6,No Stigma,metoo,2018-11-29 9:32:18,,o86bws,sexualassault,h35e9x3,1624744562,2021-06-26 21:56:02,"Information Support, Esteem Support","Experienced, Anticipated"
,,,,,a09lxn,No Stigma,metoo,2018-11-25 16:04:59,,o8635s,sexualassault,h339l86,1624699038,2021-06-26 9:17:18,"Information Support, Esteem Support","Internalized, Anticipated"
,,,,,9zbv8y,No Stigma,metoo,2018-11-22 7:09:13,,o85hvf,sexualassault,h3339ft,1624692802,2021-06-26 7:33:22,"Information Support, Emotional Support, Esteem Support",Internalized
,,,,,9xosas,No Stigma,metoo,2018-11-16 18:28:52,,o83aqs,sexualassault,h32zc5i,1624689261,2021-06-26 6:34:21,"Information Support, Emotional Support","Experienced, Internalized, Anticipated"
,,,,,9xcx72,No Stigma,metoo,2018-11-15 16:54:50,,o83aqs,sexualassault,h32ne7s,1624680207,2021-06-26 4:03:27,Information Support,"Experienced, Internalized, Anticipated"
,,,,,9qf1w2,No Stigma,metoo,2018-10-22 15:49:54,,o80ixr,sexualassault,h32i6o0,1624676854,2021-06-26 3:07:34,"Information Support, Emotional Support, Esteem Support",Internalized
,,,,,9penq0,No Stigma,metoo,2018-10-18 23:59:57,,o80ixr,sexualassault,h32iskz,1624677232,2021-06-26 3:13:52,"Emotional Support, Tangible Assistance",Internalized
,,,,,9nao6s,No Stigma,metoo,2018-10-11 14:55:28,,o7yynv,sexualassault,mps8u7h,1745985336,2025-04-30 3:55:36,"Information Support, Esteem Support",Internalized
,,,,,9kxgel,No Stigma,metoo,2018-10-03 3:10:42,,o7wnte,sexualassault,h31vqrv,1624663967,2021-06-25 23:32:47,"Information Support, Esteem Support","Experienced, Internalized, Anticipated"
,,,,,9i8sia,No Stigma,metoo,2018-09-23 14:35:00,,o7wnte,sexualassault,h325x6y,1624669745,2021-06-26 1:09:05,"Emotional Support, Esteem Support","Experienced, Internalized, Anticipated"
,,,,,99dglp,No Stigma,metoo,2018-08-22 13:45:12,,o7wg0j,sexualassault,h32o2in,1624680658,2021-06-26 4:10:58,Information Support,Internalized
,,,,,91vmbs,No Stigma,metoo,2018-07-25 20:39:00,,o7sbo5,sexualassault,h30nmmb,1624642518,2021-06-25 17:35:18,Information Support,"Internalized, Anticipated"
,,,,,91dyjb,No Stigma,metoo,2018-07-24 3:41:51,,o7sbo5,sexualassault,h30tf6m,1624645183,2021-06-25 18:19:43,"Information Support, Emotional Support, Esteem Support","Internalized, Anticipated"
,,,,,917bfr,No Stigma,metoo,2018-07-23 14:03:09,,o7sbo5,sexualassault,h31ud2f,1624663205,2021-06-25 23:20:05,"Information Support, Esteem Support","Internalized, Anticipated"
,,,,,8x5318,No Stigma,metoo,2018-07-08 21:49:12,,o7p4l9,sexualassault,h305deg,1624634364,2021-06-25 15:19:24,"Information Support, Tangible Assistance",Internalized
,,,,,8w6ufx,No Stigma,metoo,2018-07-05 2:02:02,,o7iids,sexualassault,h30qn7q,1624643892,2021-06-25 17:58:12,"Information Support, Esteem Support","Experienced, Internalized, Anticipated"
,,,,,8uthbp,No Stigma,metoo,2018-06-29 14:18:42,,o7i3pc,sexualassault,h37gpj9,1624798224,2021-06-27 12:50:24,"Information Support, Esteem Support, Group Interaction",Internalized
,,,,,8l4ik1,No Stigma,metoo,2018-05-21 21:37:36,,o7hh0a,sexualassault,h2yshi7,1624599915,2021-06-25 5:45:15,Information Support,"Internalized, Anticipated"
,,,,,8gr3br,No Stigma,metoo,2018-05-03 15:11:57,,o7b966,sexualassault,h2xsl25,1624579025,2021-06-24 23:57:05,"Information Support, Emotional Support",
,,,,,8ey3gw,No Stigma,metoo,2018-04-25 23:22:57,,o72uuj,sexualassault,h2wvz38,1624559160,2021-06-24 18:26:00,"Information Support, Esteem Support",Internalized
,,,,,8eivwy,No Stigma,metoo,2018-04-24 8:28:55,,o711xd,sexualassault,h2wa5ad,1624549580,2021-06-24 15:46:20,"Information Support, Emotional Support, Tangible Assistance","Experienced, Internalized, Structural"
,,,,,7ybivr,No Stigma,metoo,2018-02-18 2:44:49,,o70al1,sexualassault,h2vtwt9,1624542069,2021-06-24 13:41:09,"Information Support, Emotional Support, Esteem Support, Group Interaction","Internalized, Anticipated"
,,,,,7q9em1,No Stigma,metoo,2018-01-14 3:15:04,,o70al1,sexualassault,h2z5c5x,1624611075,2021-06-25 8:51:15,"Information Support, Emotional Support, Esteem Support, Group Interaction","Internalized, Anticipated"
,,,,,7djuqp,No Stigma,metoo,2017-11-17 9:53:51,,o6yw9t,sexualassault,h4fitks,1625712245,2021-07-08 2:44:05,"Emotional Support, Esteem Support, Tangible Assistance","Experienced, Internalized, Anticipated"
,,,,,77aj9b,No Stigma,metoo,2017-10-18 23:18:59,,o6xldr,sexualassault,h2vaur0,1624528975,2021-06-24 10:02:55,"Emotional Support, Esteem Support","Experienced, Internalized, Anticipated"
,,,,,,,,,,o6sgvu,sexualassault,h2ugz5e,1624504812,2021-06-24 3:20:12,,"Anticipated, Structural"
,,,,,,,,,,o6pnk2,sexualassault,h2u6h8h,1624499276,2021-06-24 1:47:56,"Information Support, Emotional Support, Tangible Assistance",Internalized
,,,,,,,,,,o6pnk2,sexualassault,h2u7yjf,1624500052,2021-06-24 2:00:52,"Emotional Support, Esteem Support",Internalized
,,,,,,,,,,o6pddy,sexualassault,h2u2m8s,1624497206,2021-06-24 1:13:26,"Emotional Support, Esteem Support","Experienced, Internalized, Anticipated"
,,,,,,,,,,o6nyoi,sexualassault,h2tsqzg,1624491969,2021-06-23 23:46:09,"Information Support, Emotional Support, Esteem Support, Group Interaction","Experienced, Internalized, Anticipated"
,,,,,,,,,,o6ljra,sexualassault,h2tf1f2,1624484923,2021-06-23 21:48:43,"Information Support, Emotional Support, Esteem Support, Group Interaction",Internalized
,,,,,,,,,,o6ljra,sexualassault,h2tp8vt,1624490079,2021-06-23 23:14:39,"Information Support, Emotional Support, Esteem Support",Internalized
,,,,,,,,,,o6jdeq,sexualassault,h2t40ej,1624479912,2021-06-23 20:25:12,"Information Support, Emotional Support",Internalized
,,,,,,,,,,o6cy04,sexualassault,h2s3g1o,1624463793,2021-06-23 15:56:33,"Information Support, Emotional Support, Esteem Support, Tangible Assistance, Group Interaction",Internalized
,,,,,,,,,,o6cy04,sexualassault,h2sbrms,1624467294,2021-06-23 16:54:54,"Information Support, Group Interaction",Internalized
,,,,,,,,,,o6cy04,sexualassault,h2u5asa,1624498638,2021-06-24 1:37:18,"Emotional Support, Group Interaction",Internalized
,,,,,,,,,,o6bqsk,sexualassault,h2smbsm,1624471929,2021-06-23 18:12:09,"Information Support, Esteem Support","Internalized, Anticipated"
,,,,,,,,,,o6bqsk,sexualassault,h2ryqoe,1624461702,2021-06-23 15:21:42,,"Internalized, Anticipated"
,,,,,,,,,,o6bqsk,sexualassault,h2sh3z2,1624469554,2021-06-23 17:32:34,Information Support,"Internalized, Anticipated"
,,,,,,,,,,o69u80,sexualassault,h2r9i3j,1624447980,2021-06-23 11:33:00,"Emotional Support, Esteem Support","Experienced, Internalized, Anticipated"
,,,,,,,,,,o69le0,sexualassault,h2rakrx,1624448781,2021-06-23 11:46:21,Information Support,Internalized
,,,,,,,,,,o65vu2,sexualassault,h2qwijt,1624436085,2021-06-23 8:14:45,"Esteem Support, Group Interaction",Structural
,,,,,,,,,,o65vu2,sexualassault,h2qxbea,1624436862,2021-06-23 8:27:42,Esteem Support,Structural
,,,,,,,,,,o65vu2,sexualassault,h2qxmv2,1624437178,2021-06-23 8:32:58,"Esteem Support, Group Interaction",Structural
,,,,,,,,,,o63uw0,sexualassault,h2qou7a,1624429138,2021-06-23 6:18:58,"Emotional Support, Esteem Support","Experienced, Anticipated"
,,,,,,,,,,o5zyqp,sexualassault,h2pt1t1,1624410003,2021-06-23 1:00:03,"Emotional Support, Esteem Support","Experienced, Internalized, Anticipated"
,,,,,,,,,,o5z01z,sexualassault,h2s6199,1624464932,2021-06-23 16:15:32,"Information Support, Esteem Support, Group Interaction",Internalized
,,,,,,,,,,o5xg7b,sexualassault,h2r0gvp,1624440027,2021-06-23 9:20:27,"Information Support, Emotional Support, Esteem Support, Group Interaction","Experienced, Internalized, Anticipated"
,,,,,,,,,,o5x5op,sexualassault,h2p4kl1,1624397162,2021-06-22 21:26:02,Information Support,"Experienced, Internalized"
,,,,,,,,,,o5ultw,sexualassault,h2os8y6,1624391531,2021-06-22 19:52:11,"Information Support, Esteem Support, Group Interaction","Internalized, Anticipated"
,,,,,,,,,,o5ultw,sexualassault,h2ootlb,1624390010,2021-06-22 19:26:50,"Information Support, Esteem Support","Internalized, Anticipated"
,,,,,,,,,,o5ultw,sexualassault,h2op8i0,1624390195,2021-06-22 19:29:55,"Information Support, Esteem Support","Internalized, Anticipated"
,,,,,,,,,,o5ultw,sexualassault,h2p49uq,1624397018,2021-06-22 21:23:38,"Information Support, Emotional Support, Tangible Assistance, Group Interaction","Internalized, Anticipated"
,,,,,,,,,,o5snis,sexualassault,h2qpql7,1624429890,2021-06-23 6:31:30,"Emotional Support, Esteem Support, Group Interaction","Experienced, Internalized, Anticipated, Structural"
,,,,,,,,,,o5rev1,sexualassault,h3s5xb8,1625213574,2021-07-02 8:12:54,"Emotional Support, Esteem Support, Tangible Assistance","Experienced, Anticipated, Structural"
,,,,,,,,,,o5nj77,sexualassault,h2r16mv,1624440732,2021-06-23 9:32:12,"Information Support, Emotional Support, Group Interaction","Experienced, Internalized, Anticipated"
,,,,,,,,,,o5nj77,sexualassault,h2nikao,1624370835,2021-06-22 14:07:15,,"Experienced, Internalized, Anticipated"
,,,,,,,,,,o5lyuv,sexualassault,h2pp066,1624407863,2021-06-23 0:24:23,,"Experienced, Internalized, Anticipated"
,,,,,,,,,,o5gvja,sexualassault,h2mlcvb,1624345536,2021-06-22 7:05:36,Information Support,"Experienced, Internalized, Anticipated"
,,,,,,,,,,o5gvja,sexualassault,h2n4f6g,1624362767,2021-06-22 11:52:47,Information Support,"Experienced, Internalized, Anticipated"
,,,,,,,,,,o5gnvk,sexualassault,h2ob2vb,1624383868,2021-06-22 17:44:28,"Information Support, Emotional Support, Esteem Support",Internalized
,,,,,,,,,,o5ci5r,sexualassault,h2m9sjp,1624336375,2021-06-22 4:32:55,"Emotional Support, Esteem Support",Internalized
,,,,,,,,,,o5bako,sexualassault,h2ltdob,1624326509,2021-06-22 1:48:29,,"Experienced, Internalized, Anticipated, Structural"
,,,,,,,,,,o58s76,sexualassault,h2lnkrn,1624323313,2021-06-22 0:55:13,Information Support,Internalized
,,,,,,,,,,o58s76,sexualassault,h2lqob1,1624325011,2021-06-22 1:23:31,"Information Support, Emotional Support",Internalized
,,,,,,,,,,o58s76,sexualassault,h2lrr8h,1624325615,2021-06-22 1:33:35,Information Support,Internalized
,,,,,,,,,,o58s76,sexualassault,h2lx8oh,1624328650,2021-06-22 2:24:10,Information Support,Internalized
,,,,,,,,,,o58s76,sexualassault,h2lxcby,1624328708,2021-06-22 2:25:08,Information Support,Internalized
,,,,,,,,,,o58s76,sexualassault,h2m9e24,1624336093,2021-06-22 4:28:13,Information Support,Internalized
,,,,,,,,,,o58s76,sexualassault,h2mghhx,1624341348,2021-06-22 5:55:48,"Information Support, Emotional Support",Internalized
,,,,,,,,,,o58s76,sexualassault,h2mq0yg,1624349989,2021-06-22 8:19:49,Information Support,Internalized
,,,,,,,,,,o58s76,sexualassault,h2olmkb,1624388579,2021-06-22 19:02:59,Information Support,Internalized
,,,,,,,,,,o56k0f,sexualassault,h2l4d2x,1624313148,2021-06-21 22:05:48,"Information Support, Group Interaction",
,,,,,,,,,,o56k0f,sexualassault,h2lde8o,1624317819,2021-06-21 23:23:39,Tangible Assistance,
,,,,,,,,,,o54kcd,sexualassault,h2tz871,1624495387,2021-06-24 0:43:07,"Emotional Support, Esteem Support, Group Interaction","Internalized, Anticipated"
,,,,,,,,,,o4ofs3,sexualassault,h2j9dv7,1624282306,2021-06-21 13:31:46,"Information Support, Emotional Support, Esteem Support","Internalized, Anticipated"
,,,,,,,,,,o4ofs3,sexualassault,h2ivwbn,1624272886,2021-06-21 10:54:46,Information Support,"Internalized, Anticipated"
,,,,,,,,,,o4ocmz,sexualassault,h2idao7,1624254994,2021-06-21 5:56:34,Information Support,"Experienced, Internalized"
,,,,,,,,,,o4ocmz,sexualassault,h2im3g9,1624263191,2021-06-21 8:13:11,Information Support,"Experienced, Internalized"
,,,,,,,,,,o4ocmz,sexualassault,h2ivnk4,1624272671,2021-06-21 10:51:11,Information Support,"Experienced, Internalized"
,,,,,,,,,,o4mk1x,sexualassault,h2ikgf6,1624261547,2021-06-21 7:45:47,"Esteem Support, Group Interaction",Structural
,,,,,,,,,,o4mk1x,sexualassault,h2j4zsn,1624279681,2021-06-21 12:48:01,"Information Support, Emotional Support",Structural
,,,,,,,,,,o4mk1x,sexualassault,h2jgqm7,1624285956,2021-06-21 14:32:36,Emotional Support,Structural
,,,,,,,,,,o4kvff,sexualassault,h2i1zhb,1624246813,2021-06-21 3:40:13,Information Support,
,,,,,,,,,,o4kvff,sexualassault,h2iwcis,1624273286,2021-06-21 11:01:26,Information Support,
,,,,,,,,,,o4k1ax,sexualassault,h2j9u4r,1624282558,2021-06-21 13:35:58,"Information Support, Emotional Support, Esteem Support",Internalized
,,,,,,,,,,o4dnod,sexualassault,h2h7cfm,1624229573,2021-06-20 22:52:53,"Information Support, Emotional Support, Esteem Support",Internalized
,,,,,,,,,,o4dhnv,sexualassault,h2ja0l5,1624282654,2021-06-21 13:37:34,Emotional Support,Internalized
,,,,,,,,,,o4dhnv,sexualassault,h2mi5hm,1624342735,2021-06-22 6:18:55,"Information Support, Emotional Support, Group Interaction",Internalized
,,,,,,,,,,o48n2g,sexualassault,h2hv67v,1624242967,2021-06-21 2:36:07,"Information Support, Esteem Support","Experienced, Internalized"
,,,,,,,,,,o48n2g,sexualassault,h2i1ehl,1624246461,2021-06-21 3:34:21,"Information Support, Emotional Support, Esteem Support","Experienced, Internalized"
,,,,,,,,,,o48n2g,sexualassault,h2g4a7f,1624209809,2021-06-20 17:23:29,"Emotional Support, Esteem Support","Experienced, Internalized"
,,,,,,,,,,o47ia0,sexualassault,h2mni30,1624347509,2021-06-22 7:38:29,"Esteem Support, Group Interaction",Internalized
,,,,,,,,,,o46p9s,sexualassault,h2fij57,1624198778,2021-06-20 14:19:38,,"Experienced, Internalized"
,,,,,,,,,,o43xsz,sexualassault,h2fg8j3,1624197503,2021-06-20 13:58:23,"Information Support, Esteem Support","Experienced, Internalized, Anticipated"
,,,,,,,,,,o40j0d,sexualassault,h2eqfp0,1624176626,2021-06-20 8:10:26,Information Support,Internalized
,,,,,,,,,,o40j0d,sexualassault,h2f3gau,1624189074,2021-06-20 11:37:54,"Information Support, Emotional Support, Esteem Support",Internalized
,,,,,,,,,,o4080c,sexualassault,h2f94ti,1624193433,2021-06-20 12:50:33,"Emotional Support, Esteem Support","Internalized, Anticipated"
,,,,,,,,,,o3uwvt,sexualassault,h2ephgt,1624175716,2021-06-20 7:55:16,Information Support,Internalized
,,,,,,,,,,o3rdq6,sexualassault,h2db9nt,1624142162,2021-06-19 22:36:02,"Information Support, Esteem Support","Internalized, Anticipated, Structural"
,,,,,,,,,,o3qkuk,sexualassault,h2dpj5f,1624150434,2021-06-20 0:53:54,"Information Support, Esteem Support, Tangible Assistance, Group Interaction","Experienced, Internalized, Anticipated"
,,,,,,,,,,o3qkuk,sexualassault,h2e8vmi,1624162068,2021-06-20 4:07:48,"Information Support, Emotional Support, Esteem Support, Tangible Assistance","Experienced, Internalized, Anticipated"
,,,,,,,,,,o3qkuk,sexualassault,h2fpxuc,1624202668,2021-06-20 15:24:28,"Information Support, Emotional Support, Esteem Support","Experienced, Internalized, Anticipated"
,,,,,,,,,,o3ie4p,sexualassault,h2c0on7,1624117708,2021-06-19 15:48:28,Information Support,"Experienced, Anticipated"
,,,,,,,,,,o3ie4p,sexualassault,h2de75r,1624143842,2021-06-19 23:04:02,Information Support,"Experienced, Anticipated"
,,,,,,,,,,o3d0j1,sexualassault,h2bytv7,1624116742,2021-06-19 15:32:22,"Emotional Support, Esteem Support",Anticipated
,,,,,,,,,,o3cwrk,sexualassault,h2c0v1v,1624117800,2021-06-19 15:50:00,"Information Support, Group Interaction","Experienced, Internalized, Anticipated"
,,,,,,,,,,o39gq8,sexualassault,h2auto3,1624086331,2021-06-19 7:05:31,"Information Support, Group Interaction","Experienced, Internalized, Anticipated"
,,,,,,,,,,o39gq8,sexualassault,h2aszgn,1624084690,2021-06-19 6:38:10,Information Support,"Experienced, Internalized, Anticipated"
,,,,,,,,,,o39gq8,sexualassault,h5lswra,1626592088,2021-07-18 7:08:08,"Information Support, Esteem Support","Experienced, Internalized, Anticipated"
,,,,,,,,,,o37fse,sexualassault,h2avasl,1624086768,2021-06-19 7:12:48,"Information Support, Esteem Support",Anticipated
,,,,,,,,,,o37fse,sexualassault,h2apjiq,1624081842,2021-06-19 5:50:42,Information Support,Anticipated
,,,,,,,,,,o37fse,sexualassault,h2axsos,1624089143,2021-06-19 7:52:23,Information Support,Anticipated
,,,,,,,,,,o37fse,sexualassault,h2cahfg,1624122699,2021-06-19 17:11:39,,Anticipated
,,,,,,,,,,o37fse,sexualassault,h2mkn4o,1624344890,2021-06-22 6:54:50,,Anticipated
,,,,,,,,,,o2tvd1,sexualassault,h28bsqb,1624036746,2021-06-18 17:19:06,Information Support,"Experienced, Internalized, Anticipated"
,,,,,,,,,,o2tlpe,sexualassault,h2a8u18,1624071352,2021-06-19 2:55:52,"Emotional Support, Esteem Support, Group Interaction",Internalized
,,,,,,,,,,o2t1jl,sexualassault,h292b3c,1624048733,2021-06-18 20:38:53,Emotional Support,"Experienced, Internalized"
,,,,,,,,,,o2sixr,sexualassault,h28sjzq,1624044327,2021-06-18 19:25:27,"Information Support, Esteem Support",Internalized
,,,,,,,,,,o2h920,sexualassault,h27tkka,1624028641,2021-06-18 15:04:01,"Information Support, Emotional Support, Esteem Support",Internalized
,,,,,,,,,,o2h920,sexualassault,h2ceklq,1624124748,2021-06-19 17:45:48,"Emotional Support, Esteem Support, Tangible Assistance",Internalized
,,,,,,,,,,o2h920,sexualassault,h294yx1,1624049939,2021-06-18 20:58:59,"Information Support, Emotional Support, Esteem Support, Group Interaction",Internalized
,,,,,,,,,,o2fiii,sexualassault,h2677ya,1623988074,2021-06-18 3:47:54,"Information Support, Group Interaction","Experienced, Internalized"
,,,,,,,,,,o2fiii,sexualassault,h26s5l6,1624004179,2021-06-18 8:16:19,"Emotional Support, Esteem Support","Experienced, Internalized"
,,,,,,,,,,o2aloh,sexualassault,h25nqwu,1623977361,2021-06-18 0:49:21,"Information Support, Emotional Support","Anticipated, Structural"
,,,,,,,,,,o2aloh,sexualassault,hs2oeec,1641829230,2022-01-10 15:40:30,"Information Support, Tangible Assistance","Anticipated, Structural"
,,,,,,,,,,o2a8hv,sexualassault,h25daqk,1623971795,2021-06-17 23:16:35,Information Support,"Internalized, Anticipated"
,,,,,,,,,,o2a8hv,sexualassault,h25otxe,1623977946,2021-06-18 0:59:06,"Information Support, Esteem Support","Internalized, Anticipated"
,,,,,,,,,,o2a8hv,sexualassault,h25wv39,1623982252,2021-06-18 2:10:52,"Information Support, Emotional Support, Esteem Support","Internalized, Anticipated"
,,,,,,,,,,o2a8hv,sexualassault,h2605zv,1623984031,2021-06-18 2:40:31,"Emotional Support, Esteem Support","Internalized, Anticipated"
,,,,,,,,,,o27y7t,sexualassault,h25cssw,1623971537,2021-06-17 23:12:17,"Information Support, Emotional Support, Esteem Support","Internalized, Anticipated"
,,,,,,,,,,o27y7t,sexualassault,h259p44,1623969963,2021-06-17 22:46:03,"Information Support, Tangible Assistance","Internalized, Anticipated"
,,,,,,,,,,o27y7t,sexualassault,h25hly7,1623974058,2021-06-17 23:54:18,"Information Support, Emotional Support, Esteem Support, Tangible Assistance","Internalized, Anticipated"
,,,,,,,,,,o27y7t,sexualassault,h25np2d,1623977334,2021-06-18 0:48:54,"Emotional Support, Tangible Assistance","Internalized, Anticipated"
,,,,,,,,,,o27y7t,sexualassault,h26akr7,1623990201,2021-06-18 4:23:21,"Information Support, Group Interaction","Internalized, Anticipated"
,,,,,,,,,,o27y7t,sexualassault,h25y5gi,1623982946,2021-06-18 2:22:26,"Information Support, Emotional Support, Esteem Support","Internalized, Anticipated"
,,,,,,,,,,o27y7t,sexualassault,h266875,1623987474,2021-06-18 3:37:54,"Information Support, Emotional Support","Internalized, Anticipated"
,,,,,,,,,,o27y7t,sexualassault,h263e6h,1623985799,2021-06-18 3:09:59,"Information Support, Emotional Support, Esteem Support, Tangible Assistance","Internalized, Anticipated"
,,,,,,,,,,o27y7t,sexualassault,h28anir,1624036231,2021-06-18 17:10:31,Information Support,"Internalized, Anticipated"
,,,,,,,,,,o27y7t,sexualassault,h28xiwa,1624046548,2021-06-18 20:02:28,"Information Support, Emotional Support, Esteem Support, Tangible Assistance, Group Interaction","Internalized, Anticipated"
,,,,,,,,,,o265vp,sexualassault,h250zi1,1623965756,2021-06-17 21:35:56,Information Support,"Experienced, Internalized, Anticipated, Structural"
,,,,,,,,,,o25bdw,sexualassault,h251pt7,1623966095,2021-06-17 21:41:35,"Information Support, Esteem Support","Experienced, Internalized, Anticipated"
,,,,,,,,,,o25bdw,sexualassault,h280oy8,1624031818,2021-06-18 15:56:58,"Information Support, Esteem Support","Experienced, Internalized, Anticipated"
,,,,,,,,,,o1xqnw,sexualassault,h238k8o,1623938263,2021-06-17 13:57:43,"Information Support, Esteem Support","Experienced, Internalized, Anticipated"
,,,,,,,,,,o1qi79,sexualassault,h22y2f8,1623932665,2021-06-17 12:24:25,"Information Support, Emotional Support","Experienced, Internalized, Anticipated"
,,,,,,,,,,o1qi79,sexualassault,h256bol,1623968292,2021-06-17 22:18:12,Information Support,"Experienced, Internalized, Anticipated"
,,,,,,,,,,o1opys,sexualassault,h221k9i,1623906876,2021-06-17 5:14:36,"Information Support, Esteem Support, Group Interaction",Experienced
,,,,,,,,,,o1opys,sexualassault,h221m3c,1623906912,2021-06-17 5:15:12,"Information Support, Emotional Support, Esteem Support",Experienced
,,,,,,,,,,o1kscz,sexualassault,h21cohz,1623892737,2021-06-17 1:18:57,Group Interaction,"Experienced, Internalized, Anticipated, Structural"
,,,,,,,,,,o1krhv,sexualassault,h21eocv,1623893835,2021-06-17 1:37:15,Information Support,Internalized
,,,,,,,,,,o1htf9,sexualassault,h21dqbi,1623893315,2021-06-17 1:28:35,"Information Support, Emotional Support","Experienced, Internalized, Anticipated"
,,,,,,,,,,o1htf9,sexualassault,h210xae,1623886483,2021-06-16 23:34:43,Information Support,"Experienced, Internalized, Anticipated"
,,,,,,,,,,o1dt8o,sexualassault,h219l7n,1623891078,2021-06-17 0:51:18,"Emotional Support, Esteem Support","Experienced, Internalized, Anticipated"
,,,,,,,,,,o1dt8o,sexualassault,h20m4tf,1623879035,2021-06-16 21:30:35,"Information Support, Emotional Support, Group Interaction","Experienced, Internalized, Anticipated"
,,,,,,,,,,o1dt8o,sexualassault,h220b5s,1623906037,2021-06-17 5:00:37,"Information Support, Emotional Support, Esteem Support","Experienced, Internalized, Anticipated"
,,,,,,,,,,o1dt8o,sexualassault,h20ijlk,1623877379,2021-06-16 21:02:59,Emotional Support,"Experienced, Internalized, Anticipated"
,,,,,,,,,,o1dt8o,sexualassault,h20tvct,1623882805,2021-06-16 22:33:25,"Information Support, Esteem Support","Experienced, Internalized, Anticipated"
,,,,,,,,,,o17t0u,sexualassault,h74p86h,1627679370,2021-07-30 21:09:30,"Information Support, Emotional Support, Esteem Support","Internalized, Anticipated"
,,,,,,,,,,o1631i,sexualassault,h1zeor0,1623860170,2021-06-16 16:16:10,"Information Support, Esteem Support",Internalized
,,,,,,,,,,o145t2,sexualassault,h1z2dmo,1623854989,2021-06-16 14:49:49,Information Support,"Internalized, Anticipated"
,,,,,,,,,,o145t2,sexualassault,h1z7yfk,1623857370,2021-06-16 15:29:30,"Information Support, Emotional Support, Esteem Support, Group Interaction","Internalized, Anticipated"
,,,,,,,,,,o0ubw7,sexualassault,h1xe0iz,1623812966,2021-06-16 3:09:26,Information Support,Anticipated
,,,,,,,,,,o0twt1,sexualassault,h1xav0l,1623811358,2021-06-16 2:42:38,Group Interaction,
,,,,,,,,,,o0njwm,sexualassault,h1w55c2,1623790401,2021-06-15 20:53:21,"Information Support, Emotional Support",
,,,,,,,,,,o0kmf4,sexualassault,h1vkvur,1623781558,2021-06-15 18:25:58,"Information Support, Emotional Support, Tangible Assistance","Experienced, Internalized"
,,,,,,,,,,o0b9o8,sexualassault,h1u2e6h,1623754474,2021-06-15 10:54:34,"Information Support, Emotional Support",Anticipated
,,,,,,,,,,o0b9o8,sexualassault,h1u3ksv,1623755439,2021-06-15 11:10:39,Emotional Support,Anticipated
,,,,,,,,,,o0b9o8,sexualassault,h20izbk,1623877576,2021-06-16 21:06:16,"Emotional Support, Esteem Support",Anticipated
,,,,,,,,,,o08gv0,sexualassault,h1zm5tk,1623863378,2021-06-16 17:09:38,"Information Support, Emotional Support, Esteem Support",Internalized
,,,,,,,,,,o064p3,sexualassault,i5exlgj,1650412494,2022-04-19 23:54:54,,"Anticipated, Structural"
,,,,,,,,,,o04rwh,sexualassault,h1tgws2,1623735038,2021-06-15 5:30:38,,Internalized
,,,,,,,,,,o04rwh,sexualassault,h1trjok,1623744165,2021-06-15 8:02:45,"Emotional Support, Esteem Support",Internalized
,,,,,,,,,,o04rwh,sexualassault,h1tz898,1623751672,2021-06-15 10:07:52,"Information Support, Emotional Support, Esteem Support",Internalized
,,,,,,,,,,o04dqn,sexualassault,h1t6qlb,1623728162,2021-06-15 3:36:02,"Information Support, Esteem Support","Internalized, Anticipated"
,,,,,,,,,,o04dqn,sexualassault,h1tssdy,1623745381,2021-06-15 8:23:01,"Information Support, Emotional Support, Esteem Support, Tangible Assistance, Group Interaction","Internalized, Anticipated"
,,,,,,,,,,o04dqn,sexualassault,h1u4xxe,1623756497,2021-06-15 11:28:17,"Information Support, Esteem Support","Internalized, Anticipated"
,,,,,,,,,,o04dqn,sexualassault,h1toox7,1623741446,2021-06-15 7:17:26,"Information Support, Emotional Support, Tangible Assistance, Group Interaction","Internalized, Anticipated"
,,,,,,,,,,nzxy59,sexualassault,h1tit10,1623736496,2021-06-15 5:54:56,"Information Support, Esteem Support, Group Interaction",
,,,,,,,,,,nzow94,sexualassault,h1qp8uc,1623685417,2021-06-14 15:43:37,"Information Support, Esteem Support, Tangible Assistance, Group Interaction","Experienced, Anticipated"
,,,,,,,,,,nzow94,sexualassault,h1tx9z4,1623749809,2021-06-15 9:36:49,"Information Support, Emotional Support, Esteem Support","Experienced, Anticipated"
,,,,,,,,,,nzi2c9,sexualassault,h1ppnic,1623663605,2021-06-14 9:40:05,"Information Support, Tangible Assistance","Internalized, Anticipated"
,,,,,,,,,,nzi2c9,sexualassault,h1q67ts,1623676123,2021-06-14 13:08:43,"Information Support, Esteem Support","Internalized, Anticipated"
,,,,,,,,,,nzi2c9,sexualassault,h1rchnf,1623695770,2021-06-14 18:36:10,"Information Support, Emotional Support","Internalized, Anticipated"
,,,,,,,,,,nzfxws,sexualassault,h1pdry9,1623652214,2021-06-14 6:30:14,"Information Support, Emotional Support, Esteem Support, Group Interaction",Internalized
,,,,,,,,,,nzekzt,sexualassault,h1ph0w4,1623655072,2021-06-14 7:17:52,"Information Support, Emotional Support, Esteem Support","Experienced, Internalized, Anticipated"
,,,,,,,,,,nzekzt,sexualassault,h1qd322,1623679738,2021-06-14 14:08:58,"Information Support, Emotional Support, Esteem Support, Group Interaction","Experienced, Internalized, Anticipated"
,,,,,,,,,,nzekzt,sexualassault,h20ks8n,1623878405,2021-06-16 21:20:05,"Emotional Support, Esteem Support","Experienced, Internalized, Anticipated"
,,,,,,,,,,nzecvb,sexualassault,h20kxwm,1623878479,2021-06-16 21:21:19,Information Support,
,,,,,,,,,,nzcoxe,sexualassault,h1p54a0,1623645375,2021-06-14 4:36:15,"Information Support, Emotional Support","Experienced, Internalized"
,,,,,,,,,,nzcoxe,sexualassault,h1p5bil,1623645520,2021-06-14 4:38:40,Emotional Support,"Experienced, Internalized"
,,,,,,,,,,nzamuq,sexualassault,h1om0gs,1623633547,2021-06-14 1:19:07,"Information Support, Emotional Support, Esteem Support","Experienced, Internalized, Anticipated, Structural"
,,,,,,,,,,nzamuq,sexualassault,h1p9dge,1623648585,2021-06-14 5:29:45,Emotional Support,"Experienced, Internalized, Anticipated, Structural"
,,,,,,,,,,nz883l,sexualassault,h1oha7t,1623630819,2021-06-14 0:33:39,"Information Support, Emotional Support, Esteem Support",Internalized
,,,,,,,,,,nz6n0q,sexualassault,h1o7ixa,1623625295,2021-06-13 23:01:35,"Information Support, Emotional Support, Esteem Support",Internalized
,,,,,,,,,,nytjz3,sexualassault,h1m2vju,1623584848,2021-06-13 11:47:28,"Information Support, Esteem Support",Internalized
,,,,,,,,,,nytjz3,sexualassault,h21avcu,1623891756,2021-06-17 1:02:36,"Information Support, Esteem Support",Internalized
,,,,,,,,,,nyq72o,sexualassault,h1ljo28,1623567485,2021-06-13 6:58:05,Information Support,"Internalized, Anticipated"
,,,,,,,,,,nyq72o,sexualassault,h1ljypu,1623567753,2021-06-13 7:02:33,Information Support,"Internalized, Anticipated"
,,,,,,,,,,nyq72o,sexualassault,h22rzgi,1623928500,2021-06-17 11:15:00,Information Support,"Internalized, Anticipated"
,,,,,,,,,,nyofbu,sexualassault,h1m3ndr,1623585384,2021-06-13 11:56:24,Information Support,
,,,,,,,,,,nyofbu,sexualassault,h1pevu7,1623653185,2021-06-14 6:46:25,Information Support,
,,,,,,,,,,nylt8w,sexualassault,h1kv2vf,1623550582,2021-06-13 2:16:22,Group Interaction,"Experienced, Anticipated"
,,,,,,,,,,nylt8w,sexualassault,h1kxz0p,1623552353,2021-06-13 2:45:53,Information Support,"Experienced, Anticipated"
,,,,,,,,,,nylt8w,sexualassault,h1m80dq,1623588331,2021-06-13 12:45:31,Information Support,"Experienced, Anticipated"
,,,,,,,,,,nyk1px,sexualassault,h1kohps,1623546542,2021-06-13 1:09:02,Esteem Support,"Internalized, Anticipated"
,,,,,,,,,,nyk1px,sexualassault,h1m2hth,1623584598,2021-06-13 11:43:18,"Information Support, Esteem Support","Internalized, Anticipated"
,,,,,,,,,,nyfrmz,sexualassault,h1k09b7,1623532595,2021-06-12 21:16:35,"Information Support, Emotional Support, Esteem Support","Experienced, Internalized, Anticipated"
,,,,,,,,,,nyfrmz,sexualassault,h1k4b0l,1623534789,2021-06-12 21:53:09,Group Interaction,"Experienced, Internalized, Anticipated"
,,,,,,,,,,nyfrmz,sexualassault,h1kq2el,1623547509,2021-06-13 1:25:09,"Emotional Support, Esteem Support","Experienced, Internalized, Anticipated"
,,,,,,,,,,nyfrmz,sexualassault,h1kxtaf,1623552249,2021-06-13 2:44:09,"Information Support, Esteem Support","Experienced, Internalized, Anticipated"
,,,,,,,,,,nyfrmz,sexualassault,h1p5kjo,1623645704,2021-06-14 4:41:44,"Information Support, Emotional Support, Esteem Support","Experienced, Internalized, Anticipated"
,,,,,,,,,,nyfrmz,sexualassault,h22siuz,1623928907,2021-06-17 11:21:47,Esteem Support,"Experienced, Internalized, Anticipated"
,,,,,,,,,,nyc6ec,sexualassault,h1jevk5,1623521486,2021-06-12 18:11:26,Emotional Support,Internalized
,,,,,,,,,,nyc6ec,sexualassault,h1jib7w,1623523203,2021-06-12 18:40:03,Emotional Support,Internalized
,,,,,,,,,,nyc6ec,sexualassault,h1k0tex,1623532897,2021-06-12 21:21:37,"Information Support, Emotional Support, Esteem Support, Group Interaction",Internalized
,,,,,,,,,,nyb6en,sexualassault,h1jn8ic,1623525763,2021-06-12 19:22:43,"Emotional Support, Tangible Assistance, Group Interaction",Internalized
,,,,,,,,,,nyaq6m,sexualassault,h1zvvf2,1623867556,2021-06-16 18:19:16,"Information Support, Esteem Support","Experienced, Internalized, Anticipated"
,,,,,,,,,,nyajc0,sexualassault,h22suc1,1623929146,2021-06-17 11:25:46,"Information Support, Esteem Support",Internalized
,,,,,,,,,,ny1fsm,sexualassault,h1huwuw,1623484574,2021-06-12 7:56:14,"Information Support, Emotional Support, Group Interaction","Experienced, Anticipated"
,,,,,,,,,,ny1fsm,sexualassault,h1huj0z,1623484212,2021-06-12 7:50:12,,"Experienced, Anticipated"
,,,,,,,,,,nxytn2,sexualassault,h1hqo05,1623480645,2021-06-12 6:50:45,"Information Support, Emotional Support, Esteem Support, Group Interaction","Experienced, Internalized, Anticipated"
,,,,,,,,,,nxytn2,sexualassault,h1hqirs,1623480520,2021-06-12 6:48:40,Emotional Support,"Experienced, Internalized, Anticipated"
,,,,,,,,,,nxytn2,sexualassault,h1hzsvv,1623489384,2021-06-12 9:16:24,"Information Support, Tangible Assistance","Experienced, Internalized, Anticipated"
,,,,,,,,,,nxytn2,sexualassault,h1img2c,1623506976,2021-06-12 14:09:36,"Emotional Support, Esteem Support, Group Interaction","Experienced, Internalized, Anticipated"
,,,,,,,,,,nxytn2,sexualassault,h1jfqdx,1623521921,2021-06-12 18:18:41,"Information Support, Esteem Support, Group Interaction","Experienced, Internalized, Anticipated"
,,,,,,,,,,nxvyf7,sexualassault,h1h44xs,1623464663,2021-06-12 2:24:23,"Emotional Support, Esteem Support","Experienced, Internalized, Anticipated, Structural"
,,,,,,,,,,nxsbb1,sexualassault,h1ghqpz,1623451700,2021-06-11 22:48:20,"Information Support, Emotional Support, Esteem Support","Experienced, Anticipated"
,,,,,,,,,,nxogz3,sexualassault,h1fvjpv,1623441135,2021-06-11 19:52:15,,"Experienced, Structural"
,,,,,,,,,,nxng18,sexualassault,h1gg4qi,1623450856,2021-06-11 22:34:16,"Esteem Support, Group Interaction","Experienced, Internalized"
,,,,,,,,,,nxmyoq,sexualassault,h1fv0kz,1623440913,2021-06-11 19:48:33,"Information Support, Tangible Assistance","Experienced, Anticipated, Structural"
,,,,,,,,,,nxmyoq,sexualassault,h1grr5k,1623457534,2021-06-12 0:25:34,Information Support,"Experienced, Anticipated, Structural"
,,,,,,,,,,nxjcjl,sexualassault,h1ghhg3,1623451561,2021-06-11 22:46:01,Information Support,"Experienced, Anticipated"
,,,,,,,,,,nxjcjl,sexualassault,h1ic6op,1623500396,2021-06-12 12:19:56,"Esteem Support, Group Interaction","Experienced, Anticipated"
,,,,,,,,,,nxf9ua,sexualassault,h1etmik,1623424534,2021-06-11 15:15:34,"Information Support, Emotional Support, Esteem Support, Tangible Assistance, Group Interaction","Experienced, Internalized, Anticipated, Structural"
,,,,,,,,,,nxf9ua,sexualassault,h1em9mg,1623421265,2021-06-11 14:21:05,"Information Support, Emotional Support, Esteem Support","Experienced, Internalized, Anticipated, Structural"
,,,,,,,,,,nxcxf9,sexualassault,h1zws4l,1623867946,2021-06-16 18:25:46,"Information Support, Tangible Assistance",
,,,,,,,,,,nxane1,sexualassault,h3ake6z,1624860040,2021-06-28 6:00:40,"Emotional Support, Esteem Support, Group Interaction","Experienced, Internalized, Anticipated"
,,,,,,,,,,nxane1,sexualassault,h7lgh6l,1628022633,2021-08-03 20:30:33,"Esteem Support, Group Interaction","Experienced, Internalized, Anticipated"
,,,,,,,,,,nx92i3,sexualassault,h1dsyyr,1623402229,2021-06-11 9:03:49,"Information Support, Emotional Support, Esteem Support",Internalized
,,,,,,,,,,nx92i3,sexualassault,h1lb7f5,1623560741,2021-06-13 5:05:41,"Emotional Support, Esteem Support",Internalized
,,,,,,,,,,nx75hj,sexualassault,h1ebt4o,1623416109,2021-06-11 12:55:09,"Information Support, Emotional Support, Esteem Support, Tangible Assistance, Group Interaction","Experienced, Internalized"
,,,,,,,,,,nx3bns,sexualassault,h1dfzq9,1623391016,2021-06-11 5:56:56,"Information Support, Emotional Support, Esteem Support","Experienced, Internalized"
,,,,,,,,,,nwxs4s,sexualassault,h1bzb9c,1623362048,2021-06-10 21:54:08,"Emotional Support, Esteem Support","Experienced, Internalized, Anticipated"
,,,,,,,,,,nwxs4s,sexualassault,h1ciue6,1623371889,2021-06-11 0:38:09,Emotional Support,"Experienced, Internalized, Anticipated"
,,,,,,,,,,nwq9m2,sexualassault,h1alfus,1623340961,2021-06-10 16:02:41,"Information Support, Emotional Support, Esteem Support, Tangible Assistance","Experienced, Internalized, Anticipated"
,,,,,,,,,,nwq9m2,sexualassault,h1anhw2,1623341793,2021-06-10 16:16:33,"Emotional Support, Esteem Support, Tangible Assistance","Experienced, Internalized, Anticipated"
,,,,,,,,,,nwq9m2,sexualassault,h1b0g86,1623347074,2021-06-10 17:44:34,"Emotional Support, Esteem Support","Experienced, Internalized, Anticipated"
,,,,,,,,,,nwotyc,sexualassault,h1a90p2,1623335827,2021-06-10 14:37:07,"Information Support, Esteem Support",
,,,,,,,,,,nwm4oy,sexualassault,h1a3nx4,1623333462,2021-06-10 13:57:42,"Information Support, Emotional Support, Tangible Assistance, Group Interaction",Internalized
,,,,,,,,,,nwm4oy,sexualassault,h1a44cq,1623333666,2021-06-10 14:01:06,"Information Support, Emotional Support, Esteem Support",Internalized
,,,,,,,,,,nwm4oy,sexualassault,h1ciw9e,1623371916,2021-06-11 0:38:36,,Internalized
,,,,,,,,,,nwe0p4,sexualassault,h18wg0l,1623302150,2021-06-10 5:15:50,"Emotional Support, Esteem Support","Internalized, Anticipated"
,,,,,,,,,,nwe0p4,sexualassault,h1bn4fs,1623356613,2021-06-10 20:23:33,"Information Support, Emotional Support, Esteem Support","Internalized, Anticipated"
,,,,,,,,,,nwdbqm,sexualassault,h18jeo0,1623294207,2021-06-10 3:03:27,"Information Support, Esteem Support, Tangible Assistance","Experienced, Anticipated, Structural"
,,,,,,,,,,nw8s5d,sexualassault,h1880rp,1623288511,2021-06-10 1:28:31,"Emotional Support, Tangible Assistance","Experienced, Anticipated"
,,,,,,,,,,nw8s5d,sexualassault,h17s5he,1623280694,2021-06-09 23:18:14,"Information Support, Emotional Support, Esteem Support, Tangible Assistance","Experienced, Anticipated"
,,,,,,,,,,nw6lpc,sexualassault,h180gsp,1623284811,2021-06-10 0:26:51,"Information Support, Emotional Support, Esteem Support, Tangible Assistance, Group Interaction",Internalized
,,,,,,,,,,nw6lpc,sexualassault,h18gp5d,1623292810,2021-06-10 2:40:10,"Information Support, Esteem Support",Internalized
,,,,,,,,,,nvznti,sexualassault,h16o43a,1623263755,2021-06-09 18:35:55,"Information Support, Emotional Support, Esteem Support","Experienced, Internalized, Anticipated"
,,,,,,,,,,nvznti,sexualassault,h17f64o,1623274735,2021-06-09 21:38:55,"Emotional Support, Esteem Support","Experienced, Internalized, Anticipated"
,,,,,,,,,,nvznti,sexualassault,h19flwf,1623318532,2021-06-10 9:48:52,"Emotional Support, Esteem Support","Experienced, Internalized, Anticipated"
,,,,,,,,,,nvnvji,sexualassault,h14bcg4,1623216005,2021-06-09 5:20:05,"Emotional Support, Esteem Support",Anticipated
,,,,,,,,,,nvn3j6,sexualassault,h14aloa,1623215495,2021-06-09 5:11:35,Information Support,Anticipated
,,,,,,,,,,nvhbvh,sexualassault,h139v0u,1623195679,2021-06-08 23:41:19,"Emotional Support, Esteem Support, Group Interaction",Internalized
,,,,,,,,,,nvhbvh,sexualassault,h13xjcs,1623207780,2021-06-09 3:03:00,"Esteem Support, Group Interaction",Internalized
,,,,,,,,,,nvhbvh,sexualassault,h141l3i,1623209962,2021-06-09 3:39:22,"Emotional Support, Esteem Support, Group Interaction",Internalized
,,,,,,,,,,nvhbvh,sexualassault,h13ti7v,1623205670,2021-06-09 2:27:50,"Information Support, Esteem Support, Tangible Assistance",Internalized
,,,,,,,,,,nve75t,sexualassault,h12ycjj,1623190039,2021-06-08 22:07:19,"Tangible Assistance, Group Interaction","Internalized, Anticipated"
,,,,,,,,,,nv80qt,sexualassault,h12ih24,1623182932,2021-06-08 20:08:52,"Information Support, Emotional Support, Esteem Support",Internalized
,,,,,,,,,,nuxffi,sexualassault,h10ez9e,1623142685,2021-06-08 8:58:05,Information Support,Internalized
,,,,,,,,,,nuxffi,sexualassault,h10i1io,1623145621,2021-06-08 9:47:01,"Information Support, Tangible Assistance",Internalized
,,,,,,,,,,nuvp6h,sexualassault,h10f6go,1623142882,2021-06-08 9:01:22,"Information Support, Emotional Support","Experienced, Internalized"
,,,,,,,,,,nuuype,sexualassault,h0zx3ut,1623127598,2021-06-08 4:46:38,"Information Support, Emotional Support, Esteem Support","Experienced, Internalized"
,,,,,,,,,,nuuype,sexualassault,h10fgni,1623143160,2021-06-08 9:06:00,,"Experienced, Internalized"
,,,,,,,,,,nuuype,sexualassault,h10pjzk,1623154175,2021-06-08 12:09:35,"Information Support, Esteem Support","Experienced, Internalized"
,,,,,,,,,,nutiud,sexualassault,h0zjbni,1623119616,2021-06-08 2:33:36,"Information Support, Esteem Support","Internalized, Anticipated"
,,,,,,,,,,nutdgz,sexualassault,h0ze8cb,1623116931,2021-06-08 1:48:51,,Internalized
,,,,,,,,,,nutdgz,sexualassault,h0zeky8,1623117108,2021-06-08 1:51:48,Group Interaction,Internalized
,,,,,,,,,,nutdgz,sexualassault,h0zrdto,1623124062,2021-06-08 3:47:42,Information Support,Internalized
,,,,,,,,,,nuoxu2,sexualassault,h0z0apq,1623110076,2021-06-07 23:54:36,Esteem Support,"Experienced, Internalized, Anticipated"
,,,,,,,,,,nuoxu2,sexualassault,h0zpo2u,1623123087,2021-06-08 3:31:27,Group Interaction,"Experienced, Internalized, Anticipated"
,,,,,,,,,,nuoxu2,sexualassault,h10fjpq,1623143243,2021-06-08 9:07:23,"Information Support, Esteem Support, Group Interaction","Experienced, Internalized, Anticipated"
,,,,,,,,,,nunm7i,sexualassault,h0ykhxo,1623102490,2021-06-07 21:48:10,Information Support,"Experienced, Anticipated"
,,,,,,,,,,nunm7i,sexualassault,k558c9o,1697478857,2023-10-16 17:54:17,"Information Support, Esteem Support","Experienced, Anticipated"
,,,,,,,,,,nue0xv,sexualassault,h0xlz1n,1623087708,2021-06-07 17:41:48,"Information Support, Emotional Support, Group Interaction",
,,,,,,,,,,nue0xv,sexualassault,h0z2qxx,1623111273,2021-06-08 0:14:33,"Information Support, Emotional Support, Group Interaction",
,,,,,,,,,,nue0xv,sexualassault,h0yzvke,1623109870,2021-06-07 23:51:10,Information Support,
,,,,,,,,,,nu6cyi,sexualassault,h0war1v,1623064531,2021-06-07 11:15:31,"Information Support, Emotional Support, Esteem Support","Experienced, Internalized"
,,,,,,,,,,nu4v48,sexualassault,h0von0j,1623044584,2021-06-07 5:43:04,"Information Support, Emotional Support, Esteem Support","Experienced, Internalized, Anticipated"
,,,,,,,,,,nu4v48,sexualassault,h14chbx,1623216799,2021-06-09 5:33:19,,"Experienced, Internalized, Anticipated"
,,,,,,,,,,nu33su,sexualassault,h10l8fy,1623151317,2021-06-08 11:21:57,"Information Support, Esteem Support","Internalized, Anticipated"
,,,,,,,,,,nu0ftv,sexualassault,h0uxl65,1623028431,2021-06-07 1:13:51,,"Experienced, Internalized, Anticipated"
,,,,,,,,,,nu0ftv,sexualassault,h0vusdj,1623049675,2021-06-07 7:07:55,"Information Support, Emotional Support, Esteem Support, Tangible Assistance, Group Interaction","Experienced, Internalized, Anticipated"
,,,,,,,,,,ntz39c,sexualassault,h0vc542,1623036408,2021-06-07 3:26:48,"Information Support, Esteem Support",Internalized
,,,,,,,,,,ntyrqd,sexualassault,h0uxlt7,1623028440,2021-06-07 1:14:00,"Information Support, Emotional Support",Anticipated
,,,,,,,,,,ntyrqd,sexualassault,h0ww6gr,1623076792,2021-06-07 14:39:52,"Emotional Support, Esteem Support, Group Interaction",Anticipated
,,,,,,,,,,nty0oh,sexualassault,h0uiv2t,1623020578,2021-06-06 23:02:58,Information Support,Internalized
,,,,,,,,,,nty0oh,sexualassault,h0umgtq,1623022439,2021-06-06 23:33:59,"Emotional Support, Group Interaction",Internalized
,,,,,,,,,,nty0oh,sexualassault,h0um97b,1623022325,2021-06-06 23:32:05,Information Support,Internalized
,,,,,,,,,,nty0oh,sexualassault,h0unxxs,1623023208,2021-06-06 23:46:48,"Information Support, Group Interaction",Internalized
,,,,,,,,,,nty0oh,sexualassault,h0xay1h,1623083120,2021-06-07 16:25:20,Information Support,Internalized
,,,,,,,,,,ntuvf8,sexualassault,h0u2jll,1623012713,2021-06-06 20:51:53,"Emotional Support, Esteem Support, Group Interaction",Anticipated
,,,,,,,,,,ntuvf8,sexualassault,h0uhspu,1623020027,2021-06-06 22:53:47,"Information Support, Esteem Support, Tangible Assistance",Anticipated
,,,,,,,,,,ntopnb,sexualassault,h0tbf9y,1623000067,2021-06-06 17:21:07,"Information Support, Esteem Support",Internalized
,,,,,,,,,,ntmah0,sexualassault,h0unsp9,1623023131,2021-06-06 23:45:31,"Information Support, Emotional Support",
,,,,,,,,,,ntln3n,sexualassault,h0sp1si,1622988982,2021-06-06 14:16:22,"Information Support, Emotional Support, Tangible Assistance, Group Interaction","Experienced, Internalized"
,,,,,,,,,,ntln3n,sexualassault,h0szriz,1622994457,2021-06-06 15:47:37,"Information Support, Tangible Assistance","Experienced, Internalized"
,,,,,,,,,,ntjncp,sexualassault,h0sb8qr,1622980433,2021-06-06 11:53:53,"Information Support, Emotional Support, Esteem Support, Tangible Assistance","Experienced, Internalized"
,,,,,,,,,,nticsu,sexualassault,h0sr2eu,1622990008,2021-06-06 14:33:28,"Information Support, Emotional Support, Tangible Assistance",Internalized
,,,,,,,,,,nti421,sexualassault,h0sbj6r,1622980660,2021-06-06 11:57:40,Information Support,"Internalized, Anticipated"
,,,,,,,,,,nti421,sexualassault,h0sf5sp,1622983284,2021-06-06 12:41:24,Information Support,"Internalized, Anticipated"
,,,,,,,,,,nti421,sexualassault,h0wlb4i,1623071462,2021-06-07 13:11:02,"Information Support, Esteem Support","Internalized, Anticipated"
,,,,,,,,,,ntb8xk,sexualassault,h0r9tpj,1622949318,2021-06-06 3:15:18,"Information Support, Esteem Support","Experienced, Internalized, Anticipated"
,,,,,,,,,,nt9bzq,sexualassault,h0quj7n,1622940285,2021-06-06 0:44:45,"Information Support, Esteem Support",Internalized
,,,,,,,,,,nt6i9t,sexualassault,h0qmq79,1622935958,2021-06-05 23:32:38,"Emotional Support, Esteem Support","Internalized, Anticipated"
,,,,,,,,,,nt6i9t,sexualassault,h0qpgt7,1622937470,2021-06-05 23:57:50,"Information Support, Emotional Support, Esteem Support, Group Interaction","Internalized, Anticipated"
,,,,,,,,,,nt44du,sexualassault,h0qb4a9,1622929743,2021-06-05 21:49:03,Information Support,"Experienced, Internalized, Anticipated"
,,,,,,,,,,nt0dgb,sexualassault,h0pp9le,1622918644,2021-06-05 18:44:04,"Information Support, Emotional Support, Esteem Support, Group Interaction","Experienced, Internalized, Anticipated"
,,,,,,,,,,nt0dgb,sexualassault,h0qv57p,1622940627,2021-06-06 0:50:27,"Information Support, Emotional Support, Esteem Support","Experienced, Internalized, Anticipated"
,,,,,,,,,,nso8fu,sexualassault,h12d6so,1623180686,2021-06-08 19:31:26,Emotional Support,"Experienced, Internalized, Anticipated"
,,,,,,,,,,nsmh41,sexualassault,h0obcm0,1622892054,2021-06-05 11:20:54,"Information Support, Emotional Support, Esteem Support",Internalized
,,,,,,,,,,nsgz0r,sexualassault,h0su7nd,1622991626,2021-06-06 15:00:26,"Information Support, Emotional Support, Esteem Support, Tangible Assistance","Experienced, Internalized, Anticipated"
,,,,,,,,,,nsgm43,sexualassault,h0mae14,1622843841,2021-06-04 21:57:21,Information Support,"Experienced, Internalized"
,,,,,,,,,,nsgm43,sexualassault,h0njdrp,1622868384,2021-06-05 4:46:24,"Information Support, Emotional Support, Esteem Support","Experienced, Internalized"
,,,,,,,,,,nsdm42,sexualassault,h0p540q,1622908657,2021-06-05 15:57:37,Information Support,"Experienced, Internalized"
,,,,,,,,,,ns5mqq,sexualassault,h0svwkc,1622992501,2021-06-06 15:15:01,"Information Support, Esteem Support","Internalized, Anticipated"
,,,,,,,,,,ns3t7m,sexualassault,h0likjp,1622831500,2021-06-04 18:31:40,"Information Support, Emotional Support, Esteem Support","Internalized, Structural"
,,,,,,,,,,ns3t7m,sexualassault,h0mcw2c,1622845035,2021-06-04 22:17:15,,"Internalized, Structural"
,,,,,,,,,,ns3t7m,sexualassault,h0n8spn,1622861990,2021-06-05 2:59:50,"Information Support, Group Interaction","Internalized, Structural"
,,,,,,,,,,ns0gar,sexualassault,h0krrj9,1622820103,2021-06-04 15:21:43,"Information Support, Emotional Support, Esteem Support","Experienced, Internalized, Anticipated"
,,,,,,,,,,nryp9m,sexualassault,h0jt9c6,1622801350,2021-06-04 10:09:10,Emotional Support,"Experienced, Internalized"
,,,,,,,,,,nrxvqc,sexualassault,h0narpl,1622863110,2021-06-05 3:18:30,"Information Support, Esteem Support","Experienced, Internalized"
,,,,,,,,,,nrxvqc,sexualassault,h1sqa62,1623719316,2021-06-15 1:08:36,"Information Support, Emotional Support, Esteem Support","Experienced, Internalized"
,,,,,,,,,,nrtfk3,sexualassault,h0jcpzc,1622787281,2021-06-04 6:14:41,"Information Support, Emotional Support, Group Interaction",Anticipated
,,,,,,,,,,nrsger,sexualassault,h0mq3u5,1622851771,2021-06-05 0:09:31,Information Support,Internalized
,,,,,,,,,,nrqxfd,sexualassault,h0i3oz4,1622763342,2021-06-03 23:35:42,Information Support,"Experienced, Internalized, Anticipated"
,,,,,,,,,,nrqxfd,sexualassault,h0kjzlh,1622816713,2021-06-04 14:25:13,"Information Support, Emotional Support, Esteem Support, Group Interaction","Experienced, Internalized, Anticipated"
,,,,,,,,,,nrf3tu,sexualassault,h0g1xer,1622731766,2021-06-03 14:49:26,"Information Support, Tangible Assistance, Group Interaction","Experienced, Anticipated"
,,,,,,,,,,nr9qbj,sexualassault,h0fxdr2,1622729840,2021-06-03 14:17:20,"Information Support, Emotional Support","Experienced, Internalized, Anticipated"
,,,,,,,,,,nr9qbj,sexualassault,h0gilzz,1622738665,2021-06-03 16:44:25,"Information Support, Emotional Support, Esteem Support","Experienced, Internalized, Anticipated"
,,,,,,,,,,nr86z7,sexualassault,h0h2tph,1622747029,2021-06-03 19:03:49,"Information Support, Emotional Support, Esteem Support, Group Interaction","Internalized, Anticipated"
,,,,,,,,,,nr6ynk,sexualassault,h0h3wtz,1622747497,2021-06-03 19:11:37,"Information Support, Emotional Support, Esteem Support",Internalized
,,,,,,,,,,nr4o4m,sexualassault,h0emhzl,1622697455,2021-06-03 5:17:35,"Emotional Support, Esteem Support","Experienced, Internalized, Anticipated, Structural"
,,,,,,,,,,nr4o4m,sexualassault,h0h4q11,1622747843,2021-06-03 19:17:23,"Emotional Support, Esteem Support","Experienced, Internalized, Anticipated, Structural"
,,,,,,,,,,nr4fvn,sexualassault,h0ege4h,1622693692,2021-06-03 4:14:52,"Information Support, Emotional Support, Esteem Support",Internalized
,,,,,,,,,,nr3h9h,sexualassault,h0ewu3q,1622705497,2021-06-03 7:31:37,"Information Support, Emotional Support, Esteem Support",Internalized
,,,,,,,,,,nr3h9h,sexualassault,h0h1r9z,1622746574,2021-06-03 18:56:14,"Information Support, Emotional Support, Esteem Support",Internalized
,,,,,,,,,,nqzjrp,sexualassault,h0doquy,1622679316,2021-06-03 0:15:16,"Information Support, Emotional Support, Esteem Support","Experienced, Internalized, Anticipated"
,,,,,,,,,,nqq3b0,sexualassault,h0c5r97,1622655075,2021-06-02 17:31:15,"Information Support, Tangible Assistance","Experienced, Internalized, Anticipated"
,,,,,,,,,,nqq3b0,sexualassault,h0dq936,1622680057,2021-06-03 0:27:37,"Information Support, Esteem Support","Experienced, Internalized, Anticipated"
,,,,,,,,,,nqo8su,sexualassault,h0ds7tf,1622681030,2021-06-03 0:43:50,"Information Support, Emotional Support, Esteem Support","Experienced, Internalized, Anticipated"
,,,,,,,,,,nqgfl3,sexualassault,h0an0qt,1622626225,2021-06-02 9:30:25,"Information Support, Esteem Support, Group Interaction","Experienced, Internalized, Anticipated, Structural"
,,,,,,,,,,nqgfl3,sexualassault,h0b1wrz,1622637430,2021-06-02 12:37:10,,"Experienced, Internalized, Anticipated, Structural"
,,,,,,,,,,nqgfl3,sexualassault,h2dirlh,1624146492,2021-06-19 23:48:12,,"Experienced, Internalized, Anticipated, Structural"
,,,,,,,,,,nqgfl3,sexualassault,h0bz6wv,1622652461,2021-06-02 16:47:41,"Information Support, Emotional Support, Esteem Support","Experienced, Internalized, Anticipated, Structural"
,,,,,,,,,,nq7qoj,sexualassault,h09bbxo,1622594726,2021-06-02 0:45:26,Information Support,Internalized
,,,,,,,,,,nq7qoj,sexualassault,h0am4yr,1622625417,2021-06-02 9:16:57,"Information Support, Emotional Support, Esteem Support",Internalized
,,,,,,,,,,nq3c7o,sexualassault,h09cvkd,1622595532,2021-06-02 0:58:52,"Emotional Support, Esteem Support","Experienced, Internalized, Anticipated"
,,,,,,,,,,nq3c7o,sexualassault,h09wi98,1622605811,2021-06-02 3:50:11,"Information Support, Esteem Support, Group Interaction","Experienced, Internalized, Anticipated"
,,,,,,,,,,nq3c7o,sexualassault,h0ahpy1,1622621307,2021-06-02 8:08:27,"Information Support, Group Interaction","Experienced, Internalized, Anticipated"
,,,,,,,,,,nq29cu,sexualassault,h0dxihj,1622683684,2021-06-03 1:28:04,"Emotional Support, Esteem Support, Group Interaction",Internalized
,,,,,,,,,,npzu8y,sexualassault,h0ailsu,1622622134,2021-06-02 8:22:14,Group Interaction,"Experienced, Internalized, Anticipated"
,,,,,,,,,,npzo8k,sexualassault,h0t0t8a,1622994977,2021-06-06 15:56:17,"Information Support, Esteem Support",Internalized
,,,,,,,,,,npzeuz,sexualassault,h08puyl,1622583965,2021-06-01 21:46:05,"Information Support, Esteem Support",Anticipated
,,,,,,,,,,npz32x,sexualassault,h085biz,1622574496,2021-06-01 19:08:16,Information Support,"Experienced, Anticipated"
,,,,,,,,,,npz32x,sexualassault,h07ubdv,1622569675,2021-06-01 17:47:55,Information Support,"Experienced, Anticipated"
,,,,,,,,,,npz32x,sexualassault,h083emr,1622573647,2021-06-01 18:54:07,Information Support,"Experienced, Anticipated"
,,,,,,,,,,npq78k,sexualassault,h0t1nha,1622995392,2021-06-06 16:03:12,"Information Support, Emotional Support, Esteem Support",Internalized
,,,,,,,,,,nplidu,sexualassault,h05uffh,1622524548,2021-06-01 5:15:48,"Information Support, Esteem Support",Internalized
,,,,,,,,,,npldix,sexualassault,h05y7zy,1622527488,2021-06-01 6:04:48,"Information Support, Esteem Support",Internalized
,,,,,,,,,,npldix,sexualassault,h072mm1,1622557436,2021-06-01 14:23:56,"Information Support, Esteem Support",Internalized
,,,,,,,,,,npe0bf,sexualassault,h04j3h1,1622497491,2021-05-31 21:44:51,"Information Support, Emotional Support, Esteem Support",Internalized
,,,,,,,,,,np6gou,sexualassault,h03m93a,1622481079,2021-05-31 17:11:19,"Information Support, Esteem Support",Anticipated
,,,,,,,,,,np6gou,sexualassault,h04edqm,1622495057,2021-05-31 21:04:17,"Information Support, Emotional Support, Esteem Support, Tangible Assistance",Anticipated
,,,,,,,,,,np4m13,sexualassault,h03hg13,1622478737,2021-05-31 16:32:17,"Emotional Support, Tangible Assistance","Experienced, Internalized, Anticipated"
,,,,,,,,,,notmw8,sexualassault,h03el4a,1622477322,2021-05-31 16:08:42,"Emotional Support, Esteem Support","Experienced, Internalized, Anticipated"
,,,,,,,,,,nokdbs,sexualassault,h00lbsh,1622410413,2021-05-30 21:33:33,"Information Support, Esteem Support","Internalized, Anticipated"
,,,,,,,,,,nokdbs,sexualassault,h023f4h,1622443532,2021-05-31 6:45:32,"Information Support, Esteem Support","Internalized, Anticipated"
,,,,,,,,,,nokdbs,sexualassault,h02r4wt,1622464562,2021-05-31 12:36:02,"Information Support, Esteem Support","Internalized, Anticipated"
,,,,,,,,,,nokdbs,sexualassault,h02rbin,1622464681,2021-05-31 12:38:01,Information Support,"Internalized, Anticipated"
,,,,,,,,,,nokdbs,sexualassault,h05u4yq,1622524334,2021-06-01 5:12:14,Esteem Support,"Internalized, Anticipated"
,,,,,,,,,,nogvdx,sexualassault,h000srg,1622400020,2021-05-30 18:40:20,"Information Support, Emotional Support","Experienced, Internalized"
,,,,,,,,,,noev9x,sexualassault,h00i77x,1622408808,2021-05-30 21:06:48,"Emotional Support, Esteem Support, Tangible Assistance, Group Interaction",Internalized
,,,,,,,,,,noev9x,sexualassault,gzzt49i,1622396197,2021-05-30 17:36:37,"Information Support, Esteem Support, Group Interaction",Internalized
,,,,,,,,,,noeuse,sexualassault,gzzsu8i,1622396057,2021-05-30 17:34:17,"Information Support, Emotional Support, Esteem Support","Experienced, Anticipated"
,,,,,,,,,,no8vxu,sexualassault,gzzn9la,1622393261,2021-05-30 16:47:41,"Emotional Support, Esteem Support","Internalized, Anticipated"
,,,,,,,,,,nnvw3h,sexualassault,gzwqiex,1622321853,2021-05-29 20:57:33,"Information Support, Emotional Support, Esteem Support, Group Interaction",Internalized
,,,,,,,,,,nnrnvk,sexualassault,gzw0o37,1622308765,2021-05-29 17:19:25,Information Support,Internalized
,,,,,,,,,,nnrnvk,sexualassault,gzx6eop,1622330477,2021-05-29 23:21:17,"Information Support, Tangible Assistance",Internalized
,,,,,,,,,,nnrnit,sexualassault,gzxlpaf,1622339595,2021-05-30 1:53:15,"Information Support, Esteem Support","Experienced, Internalized, Anticipated"
,,,,,,,,,,nnlv8j,sexualassault,gzwma72,1622319664,2021-05-29 20:21:04,"Emotional Support, Esteem Support, Group Interaction",Internalized
,,,,,,,,,,nnlv8j,sexualassault,gzxg95m,1622336315,2021-05-30 0:58:35,Information Support,Internalized
,,,,,,,,,,nnlu48,sexualassault,gzvuqe8,1622305743,2021-05-29 16:29:03,"Information Support, Emotional Support, Tangible Assistance","Experienced, Anticipated, Structural"
,,,,,,,,,,nnlu48,sexualassault,h02rllo,1622464870,2021-05-31 12:41:10,"Information Support, Emotional Support","Experienced, Anticipated, Structural"
,,,,,,,,,,nnhnrc,sexualassault,gzunjyd,1622274257,2021-05-29 7:44:17,"Information Support, Emotional Support, Esteem Support",Internalized
,,,,,,,,,,nngkqo,sexualassault,gzuojwr,1622275228,2021-05-29 8:00:28,"Information Support, Group Interaction","Internalized, Anticipated"
,,,,,,,,,,nngkqo,sexualassault,gzvjmh5,1622299916,2021-05-29 14:51:56,Group Interaction,"Internalized, Anticipated"
,,,,,,,,,,nnekgp,sexualassault,gzu4o2o,1622259567,2021-05-29 3:39:27,"Information Support, Emotional Support, Esteem Support",Internalized
,,,,,,,,,,nndgc3,sexualassault,gzu11z5,1622257413,2021-05-29 3:03:33,Information Support,"Experienced, Anticipated"
,,,,,,,,,,nnag1r,sexualassault,gztiq9z,1622246909,2021-05-29 0:08:29,"Information Support, Emotional Support, Esteem Support",Anticipated
,,,,,,,,,,nn4wwk,sexualassault,gzsybcy,1622236042,2021-05-28 21:07:22,Information Support,"Internalized, Anticipated"
,,,,,,,,,,nn0xac,sexualassault,gzrtxdm,1622217895,2021-05-28 16:04:55,"Information Support, Esteem Support","Experienced, Internalized, Anticipated"
,,,,,,,,,,nn0xac,sexualassault,gzs8kb0,1622224179,2021-05-28 17:49:39,"Information Support, Esteem Support","Experienced, Internalized, Anticipated"
,,,,,,,,,,nn0xac,sexualassault,gzrston,1622217426,2021-05-28 15:57:06,,"Experienced, Internalized, Anticipated"
,,,,,,,,,,nn0xac,sexualassault,gzsgv64,1622227832,2021-05-28 18:50:32,"Information Support, Esteem Support, Tangible Assistance","Experienced, Internalized, Anticipated"
,,,,,,,,,,nn0xac,sexualassault,gzsssh5,1622233362,2021-05-28 20:22:42,Emotional Support,"Experienced, Internalized, Anticipated"
,,,,,,,,,,nn0wc0,sexualassault,gzshqj1,1622228224,2021-05-28 18:57:04,"Information Support, Emotional Support, Esteem Support","Experienced, Internalized, Anticipated"
,,,,,,,,,,nmq3v9,sexualassault,gzqeoz0,1622185927,2021-05-28 7:12:07,"Information Support, Esteem Support",Internalized
,,,,,,,,,,nmq3v9,sexualassault,gzq3lcs,1622177618,2021-05-28 4:53:38,Information Support,Internalized
,,,,,,,,,,nmq3v9,sexualassault,gzq9fk1,1622181710,2021-05-28 6:01:50,"Information Support, Emotional Support, Esteem Support",Internalized
,,,,,,,,,,nmq3v9,sexualassault,gzr8z3m,1622208600,2021-05-28 13:30:00,"Information Support, Emotional Support",Internalized
,,,,,,,,,,nmq3v9,sexualassault,gzra3b2,1622209143,2021-05-28 13:39:03,"Information Support, Esteem Support",Internalized
,,,,,,,,,,nmq3v9,sexualassault,gzsa45o,1622224876,2021-05-28 18:01:16,"Information Support, Emotional Support, Esteem Support",Internalized
,,,,,,,,,,nmq3v9,sexualassault,gzsa8z9,1622224937,2021-05-28 18:02:17,"Information Support, Emotional Support, Esteem Support",Internalized
,,,,,,,,,,nmq3v9,sexualassault,gzsqoan,1622232359,2021-05-28 20:05:59,Group Interaction,Internalized
,,,,,,,,,,nmnilu,sexualassault,gzpvs0s,1622173036,2021-05-28 3:37:16,"Information Support, Emotional Support, Esteem Support","Internalized, Anticipated"
,,,,,,,,,,nmlw9w,sexualassault,gzpkcld,1622166819,2021-05-28 1:53:39,"Information Support, Emotional Support, Esteem Support, Tangible Assistance, Group Interaction","Anticipated, Structural"
,,,,,,,,,,nmkq7y,sexualassault,gzr2zcp,1622205467,2021-05-28 12:37:47,"Information Support, Esteem Support, Tangible Assistance","Experienced, Internalized"
,,,,,,,,,,nmkq7y,sexualassault,gzzotxb,1622394058,2021-05-30 17:00:58,"Information Support, Emotional Support, Esteem Support, Group Interaction","Experienced, Internalized"
,,,,,,,,,,nmk42d,sexualassault,gzp25wy,1622157335,2021-05-27 23:15:35,Information Support,Internalized
,,,,,,,,,,nmk42d,sexualassault,h024hi9,1622444435,2021-05-31 7:00:35,"Information Support, Group Interaction",Internalized
,,,,,,,,,,nmgvs7,sexualassault,gzosff5,1622152541,2021-05-27 21:55:41,"Information Support, Emotional Support, Esteem Support, Tangible Assistance","Internalized, Anticipated"
,,,,,,,,,,nmgvs7,sexualassault,gzoi8xz,1622147955,2021-05-27 20:39:15,"Emotional Support, Tangible Assistance","Internalized, Anticipated"
,,,,,,,,,,nmac28,sexualassault,gznix0f,1622132947,2021-05-27 16:29:07,"Information Support, Esteem Support","Experienced, Internalized, Anticipated, Structural"
,,,,,,,,,,nm9kqw,sexualassault,gzn9d02,1622128890,2021-05-27 15:21:30,Emotional Support,"Experienced, Internalized, Anticipated"
,,,,,,,,,,nm9kqw,sexualassault,gzoudt4,1622153456,2021-05-27 22:10:56,Esteem Support,"Experienced, Internalized, Anticipated"
,,,,,,,,,,nm6grh,sexualassault,gzou0f0,1622153279,2021-05-27 22:07:59,"Information Support, Emotional Support, Esteem Support, Group Interaction",Internalized
,,,,,,,,,,nm35mv,sexualassault,gzotl1k,1622153079,2021-05-27 22:04:39,"Information Support, Emotional Support",Internalized
,,,,,,,,,,nlxt6l,sexualassault,gzoup7e,1622153611,2021-05-27 22:13:31,"Information Support, Emotional Support, Esteem Support","Internalized, Anticipated"
,,,,,,,,,,nlt39b,sexualassault,gzm5n30,1622104373,2021-05-27 8:32:53,"Emotional Support, Group Interaction","Internalized, Anticipated"
,,,,,,,,,,nlrn1e,sexualassault,gzkdteq,1622065796,2021-05-26 21:49:56,Information Support,Experienced
,,,,,,,,,,nlrn1e,sexualassault,gzkae71,1622064007,2021-05-26 21:20:07,"Information Support, Emotional Support",Experienced
,,,,,,,,,,nlrn1e,sexualassault,h026khv,1622446259,2021-05-31 7:30:59,,Experienced
,,,,,,,,,,nlrn1e,sexualassault,gzlkkoz,1622087833,2021-05-27 3:57:13,,Experienced
,,,,,,,,,,nlrn1e,sexualassault,gzlsbtr,1622093048,2021-05-27 5:24:08,"Information Support, Emotional Support",Experienced
,,,,,,,,,,nlraki,sexualassault,gzkh3nu,1622067245,2021-05-26 22:14:05,Information Support,"Internalized, Anticipated"
,,,,,,,,,,nlpgvm,sexualassault,gzjxwwg,1622058686,2021-05-26 19:51:26,"Information Support, Esteem Support",
,,,,,,,,,,nlpgvm,sexualassault,gzk9uu8,1622063772,2021-05-26 21:16:12,"Information Support, Emotional Support",
,,,,,,,,,,nlpgvm,sexualassault,gzm5kox,1622104308,2021-05-27 8:31:48,Information Support,
,,,,,,,,,,nljbbc,sexualassault,gzla3nf,1622081829,2021-05-27 2:17:09,"Information Support, Esteem Support","Experienced, Internalized"
,,,,,,,,,,nle6ob,sexualassault,gzi214z,1622028202,2021-05-26 11:23:22,Emotional Support,"Internalized, Anticipated, Structural"
,,,,,,,,,,nl8tcf,sexualassault,h030tpd,1622470335,2021-05-31 14:12:15,"Emotional Support, Group Interaction",Experienced
,,,,,,,,,,nl4wgk,sexualassault,gzgtapk,1621995587,2021-05-26 2:19:47,,"Experienced, Structural"
,,,,,,,,,,nl0vo0,sexualassault,gzxn73s,1622340498,2021-05-30 2:08:18,"Information Support, Emotional Support, Esteem Support",
,,,,,,,,,,nl0vo0,sexualassault,gzh9a2f,1622004765,2021-05-26 4:52:45,"Information Support, Emotional Support, Esteem Support",
,,,,,,,,,,nkzzfu,sexualassault,gzftcjo,1621977723,2021-05-25 21:22:03,"Information Support, Emotional Support, Esteem Support, Group Interaction","Internalized, Anticipated"
,,,,,,,,,,nkzzfu,sexualassault,gzfzsaj,1621980748,2021-05-25 22:12:28,,"Internalized, Anticipated"
,,,,,,,,,,nkzzfu,sexualassault,gzgiz67,1621990326,2021-05-26 0:52:06,"Emotional Support, Esteem Support, Group Interaction","Internalized, Anticipated"
,,,,,,,,,,nkzzfu,sexualassault,gzgxhx1,1621997822,2021-05-26 2:57:02,"Emotional Support, Esteem Support, Group Interaction","Internalized, Anticipated"
,,,,,,,,,,nkzzfu,sexualassault,gzhafst,1622005515,2021-05-26 5:05:15,"Information Support, Emotional Support, Esteem Support, Group Interaction","Internalized, Anticipated"
,,,,,,,,,,nkuv89,sexualassault,gzex179,1621963640,2021-05-25 17:27:20,"Information Support, Emotional Support, Esteem Support, Group Interaction","Internalized, Anticipated"
,,,,,,,,,,nkq3by,sexualassault,gzes0dl,1621961476,2021-05-25 16:51:16,Information Support,"Experienced, Anticipated, Structural"
,,,,,,,,,,nkl08z,sexualassault,gzdg1fd,1621934959,2021-05-25 9:29:19,"Information Support, Esteem Support","Experienced, Anticipated"
,,,,,,,,,,nkkxsv,sexualassault,gzdlu0i,1621940101,2021-05-25 10:55:01,"Information Support, Esteem Support, Group Interaction","Experienced, Internalized, Anticipated"
,,,,,,,,,,nkjxje,sexualassault,gze6qb5,1621952162,2021-05-25 14:16:02,"Information Support, Esteem Support","Experienced, Internalized, Anticipated"
,,,,,,,,,,nkfbxj,sexualassault,gze0lv2,1621949237,2021-05-25 13:27:17,"Information Support, Emotional Support, Esteem Support","Experienced, Anticipated, Structural"
,,,,,,,,,,nkej79,sexualassault,gzcfw6d,1621908534,2021-05-25 2:08:54,"Information Support, Esteem Support",Internalized
,,,,,,,,,,nkdgp1,sexualassault,gzcc00o,1621906503,2021-05-25 1:35:03,"Information Support, Group Interaction",Internalized
,,,,,,,,,,nk72qb,sexualassault,gzc2xmo,1621901826,2021-05-25 0:17:06,"Information Support, Emotional Support, Esteem Support","Experienced, Anticipated"
,,,,,,,,,,nk5986,sexualassault,gzbhzob,1621891280,2021-05-24 21:21:20,"Information Support, Emotional Support",Internalized
,,,,,,,,,,nk288w,sexualassault,gzaiu04,1621875776,2021-05-24 17:02:56,"Information Support, Esteem Support",
,,,,,,,,,,njw6rq,sexualassault,gz9nvcr,1621861239,2021-05-24 13:00:39,Tangible Assistance,Anticipated
,,,,,,,,,,njw6rq,sexualassault,gz9wry3,1621865863,2021-05-24 14:17:43,Information Support,Anticipated
,,,,,,,,,,njnlq6,sexualassault,gz8dewj,1621824183,2021-05-24 2:43:03,"Emotional Support, Esteem Support, Tangible Assistance, Group Interaction",Anticipated
,,,,,,,,,,njn84a,sexualassault,gz8o1a7,1621831051,2021-05-24 4:37:31,Information Support,Internalized
,,,,,,,,,,njl7tp,sexualassault,gz8u7l2,1621836000,2021-05-24 6:00:00,"Information Support, Emotional Support, Esteem Support, Group Interaction","Internalized, Anticipated"
,,,,,,,,,,njl7tp,sexualassault,gzcm7o6,1621911949,2021-05-25 3:05:49,"Information Support, Group Interaction","Internalized, Anticipated"
,,,,,,,,,,njl2is,sexualassault,gz7z5t0,1621816208,2021-05-24 0:30:08,"Information Support, Emotional Support, Esteem Support, Group Interaction",Experienced
,,,,,,,,,,njf4p7,sexualassault,gz76jg1,1621801659,2021-05-23 20:27:39,"Information Support, Esteem Support","Experienced, Internalized, Anticipated"
,,,,,,,,,,njf05f,sexualassault,gz7autn,1621803704,2021-05-23 21:01:44,"Information Support, Emotional Support","Experienced, Internalized, Anticipated"
,,,,,,,,,,njf05f,sexualassault,gz7iuu5,1621807531,2021-05-23 22:05:31,"Information Support, Emotional Support","Experienced, Internalized, Anticipated"
,,,,,,,,,,njf05f,sexualassault,j99x5tp,1676890860,2023-02-20 11:01:00,"Esteem Support, Group Interaction","Experienced, Internalized, Anticipated"
,,,,,,,,,,njdm1g,sexualassault,gz6vgbl,1621796369,2021-05-23 18:59:29,"Information Support, Emotional Support, Esteem Support",Experienced
,,,,,,,,,,njaaf3,sexualassault,gz76xah,1621801840,2021-05-23 20:30:40,"Information Support, Esteem Support",Internalized
,,,,,,,,,,nj802g,sexualassault,gz6vuzs,1621796566,2021-05-23 19:02:46,Esteem Support,"Experienced, Internalized, Anticipated"
,,,,,,,,,,nj4rqn,sexualassault,gz5g6l8,1621769355,2021-05-23 11:29:15,"Information Support, Emotional Support, Esteem Support",Internalized
,,,,,,,,,,nj4rqn,sexualassault,gz5erlm,1621768093,2021-05-23 11:08:13,"Information Support, Esteem Support, Tangible Assistance",Internalized
,,,,,,,,,,nj4rqn,sexualassault,gz5nita,1621774781,2021-05-23 12:59:41,"Information Support, Esteem Support, Group Interaction",Internalized
,,,,,,,,,,nj4rqn,sexualassault,gz5v2vk,1621779147,2021-05-23 14:12:27,"Information Support, Esteem Support",Internalized
,,,,,,,,,,nj4rqn,sexualassault,gz5yxs9,1621781169,2021-05-23 14:46:09,"Information Support, Emotional Support, Esteem Support, Tangible Assistance",Internalized
,,,,,,,,,,nj4rqn,sexualassault,gz61fs5,1621782422,2021-05-23 15:07:02,"Emotional Support, Esteem Support",Internalized
,,,,,,,,,,nj4rqn,sexualassault,gz78axx,1621802501,2021-05-23 20:41:41,"Information Support, Emotional Support, Esteem Support",Internalized
,,,,,,,,,,nj4rqn,sexualassault,gz6bd6t,1621787042,2021-05-23 16:24:02,"Emotional Support, Esteem Support, Group Interaction",Internalized
,,,,,,,,,,nj4rqn,sexualassault,h1d7jxw,1623385322,2021-06-11 4:22:02,,Internalized
,,,,,,,,,,nj4rqn,sexualassault,h57mdq9,1626304346,2021-07-14 23:12:26,"Information Support, Esteem Support",Internalized
,,,,,,,,,,nj4rqn,sexualassault,ihrzdkl,1658875039,2022-07-26 22:37:19,"Emotional Support, Group Interaction",Internalized
,,,,,,,,,,nj0qci,sexualassault,h03571w,1622472622,2021-05-31 14:50:22,Group Interaction,"Experienced, Internalized, Anticipated"
,,,,,,,,,,nizf83,sexualassault,gz77ih8,1621802121,2021-05-23 20:35:21,"Information Support, Esteem Support",Internalized
,,,,,,,,,,nivl0j,sexualassault,gz4pnvs,1621745108,2021-05-23 4:45:08,Information Support,"Experienced, Internalized"
,,,,,,,,,,nivl0j,sexualassault,gz4l1xm,1621741756,2021-05-23 3:49:16,"Information Support, Emotional Support","Experienced, Internalized"
,,,,,,,,,,nij03s,sexualassault,gz21mbr,1621692431,2021-05-22 14:07:11,Emotional Support,Internalized
,,,,,,,,,,nij03s,sexualassault,gz2bfbg,1621697642,2021-05-22 15:34:02,"Information Support, Emotional Support, Esteem Support",Internalized
,,,,,,,,,,nidhtl,sexualassault,gz1cqw9,1621672401,2021-05-22 8:33:21,Information Support,"Experienced, Anticipated, Structural"
,,,,,,,,,,nid0em,sexualassault,gz193yh,1621668792,2021-05-22 7:33:12,"Information Support, Emotional Support, Group Interaction","Experienced, Internalized, Anticipated"
,,,,,,,,,,nid0em,sexualassault,gz1kuv4,1621680359,2021-05-22 10:45:59,"Information Support, Emotional Support, Tangible Assistance, Group Interaction","Experienced, Internalized, Anticipated"
,,,,,,,,,,nid0em,sexualassault,gz1p0pc,1621684037,2021-05-22 11:47:17,"Information Support, Emotional Support, Esteem Support, Tangible Assistance, Group Interaction","Experienced, Internalized, Anticipated"
,,,,,,,,,,nid0em,sexualassault,gz223yj,1621692696,2021-05-22 14:11:36,Emotional Support,"Experienced, Internalized, Anticipated"
,,,,,,,,,,ni9iag,sexualassault,gz19pg4,1621669368,2021-05-22 7:42:48,Group Interaction,Internalized
,,,,,,,,,,ni9iag,sexualassault,gz2zpha,1621709716,2021-05-22 18:55:16,"Information Support, Tangible Assistance",Internalized
,,,,,,,,,,ni0om4,sexualassault,gz11syp,1621662310,2021-05-22 5:45:10,Information Support,"Internalized, Anticipated"
,,,,,,,,,,nhz5qr,sexualassault,gyzi1lw,1621630407,2021-05-21 20:53:27,"Emotional Support, Group Interaction",Experienced
,,,,,,,,,,nhz5qr,sexualassault,gz15r3l,1621665678,2021-05-22 6:41:18,"Emotional Support, Group Interaction",Experienced
,,,,,,,,,,nhutyf,sexualassault,gz0jgpz,1621650289,2021-05-22 2:24:49,"Information Support, Esteem Support","Experienced, Internalized"
,,,,,,,,,,nhsee7,sexualassault,gyz2rbf,1621623135,2021-05-21 18:52:15,"Information Support, Esteem Support","Experienced, Internalized, Anticipated"
,,,,,,,,,,nhsee7,sexualassault,gz0k7ye,1621650726,2021-05-22 2:32:06,Esteem Support,"Experienced, Internalized, Anticipated"
,,,,,,,,,,nhl4ke,sexualassault,gyx25p6,1621580611,2021-05-21 7:03:31,"Information Support, Esteem Support","Internalized, Structural"
,,,,,,,,,,nhl4ke,sexualassault,gyxgnf1,1621593890,2021-05-21 10:44:50,Emotional Support,"Internalized, Structural"
,,,,,,,,,,nhgr67,sexualassault,gywffy7,1621564900,2021-05-21 2:41:40,"Information Support, Tangible Assistance, Group Interaction",Internalized
,,,,,,,,,,nhdz2o,sexualassault,gz17yde,1621667685,2021-05-22 7:14:45,Information Support,Internalized
,,,,,,,,,,nhdvls,sexualassault,gywl4x4,1621568123,2021-05-21 3:35:23,,Experienced
,,,,,,,,,,nha5lc,sexualassault,gyvk0pa,1621548605,2021-05-20 22:10:05,"Emotional Support, Esteem Support, Group Interaction",Internalized
,,,,,,,,,,nha5lc,sexualassault,gyvloof,1621549409,2021-05-20 22:23:29,Group Interaction,Internalized
,,,,,,,,,,nha5lc,sexualassault,gyvmg4g,1621549778,2021-05-20 22:29:38,"Emotional Support, Esteem Support",Internalized
,,,,,,,,,,nha5lc,sexualassault,gyw5gf8,1621559567,2021-05-21 1:12:47,Esteem Support,Internalized
,,,,,,,,,,nh4j95,sexualassault,gyua04a,1621528860,2021-05-20 16:41:00,"Information Support, Esteem Support",Internalized
,,,,,,,,,,nh4j95,sexualassault,gyvg2am,1621546767,2021-05-20 21:39:27,"Information Support, Esteem Support",Internalized
,,,,,,,,,,ngtwvw,sexualassault,gysx7r9,1621502888,2021-05-20 9:28:08,"Information Support, Emotional Support, Esteem Support, Group Interaction",Internalized
,,,,,,,,,,ngsjws,sexualassault,gysmn55,1621493203,2021-05-20 6:46:43,"Information Support, Esteem Support",
,,,,,,,,,,ngrite,sexualassault,gyu7q9d,1621527902,2021-05-20 16:25:02,"Information Support, Emotional Support","Experienced, Internalized, Anticipated"
,,,,,,,,,,ngoysk,sexualassault,gyskf47,1621491416,2021-05-20 6:16:56,"Information Support, Tangible Assistance",Anticipated
,,,,,,,,,,ngka38,sexualassault,gyrec8r,1621467979,2021-05-19 23:46:19,Information Support,Anticipated
,,,,,,,,,,ngka38,sexualassault,gyrswus,1621475325,2021-05-20 1:48:45,"Information Support, Emotional Support",Anticipated
,,,,,,,,,,ngka38,sexualassault,gys6cih,1621482299,2021-05-20 3:44:59,Information Support,Anticipated
,,,,,,,,,,ngka38,sexualassault,gys8onu,1621483666,2021-05-20 4:07:46,"Information Support, Esteem Support, Group Interaction",Anticipated
,,,,,,,,,,nghx0t,sexualassault,gyrv5ub,1621476469,2021-05-20 2:07:49,"Information Support, Esteem Support","Experienced, Internalized, Anticipated"
,,,,,,,,,,nged2x,sexualassault,gyrvppi,1621476749,2021-05-20 2:12:29,"Information Support, Emotional Support, Esteem Support","Experienced, Anticipated"
,,,,,,,,,,ngafxr,sexualassault,gyq6wzd,1621448850,2021-05-19 18:27:30,"Information Support, Emotional Support, Esteem Support","Experienced, Internalized, Anticipated"
,,,,,,,,,,ng8guc,sexualassault,h0mezki,1622846049,2021-06-04 22:34:09,Information Support,Structural
,,,,,,,,,,ng1aej,sexualassault,gyor5ka,1621426674,2021-05-19 12:17:54,"Emotional Support, Group Interaction","Experienced, Internalized"
,,,,,,,,,,nfvgyp,sexualassault,gyo0ug8,1621405544,2021-05-19 6:25:44,Information Support,
,,,,,,,,,,nfvgyp,sexualassault,gyo7h1z,1621411155,2021-05-19 7:59:15,Information Support,
,,,,,,,,,,nfuvz8,sexualassault,gyo1jzs,1621406091,2021-05-19 6:34:51,Information Support,"Experienced, Internalized, Anticipated"
,,,,,,,,,,nfjxiw,sexualassault,gym073c,1621368402,2021-05-18 20:06:42,"Information Support, Emotional Support, Esteem Support","Internalized, Anticipated"
,,,,,,,,,,nfj4c4,sexualassault,gylz1p1,1621367946,2021-05-18 19:59:06,"Information Support, Emotional Support, Esteem Support, Group Interaction",Internalized
,,,,,,,,,,nfj4c4,sexualassault,gyo31oh,1621407261,2021-05-19 6:54:21,"Information Support, Emotional Support, Esteem Support",Internalized
,,,,,,,,,,nfiha3,sexualassault,gylqjt7,1621364493,2021-05-18 19:01:33,"Information Support, Group Interaction",Internalized
,,,,,,,,,,nfiha3,sexualassault,gymz28s,1621384295,2021-05-19 0:31:35,"Information Support, Group Interaction",Internalized
,,,,,,,,,,nffov2,sexualassault,gyl71im,1621356619,2021-05-18 16:50:19,Information Support,"Experienced, Internalized"
,,,,,,,,,,nffov2,sexualassault,gym0zuy,1621368726,2021-05-18 20:12:06,"Information Support, Emotional Support, Esteem Support","Experienced, Internalized"
,,,,,,,,,,nffov2,sexualassault,gym59kj,1621370465,2021-05-18 20:41:05,"Information Support, Emotional Support, Esteem Support, Group Interaction","Experienced, Internalized"
,,,,,,,,,,nfewcc,sexualassault,h3c2fhj,1624897114,2021-06-28 16:18:34,"Information Support, Emotional Support, Esteem Support","Internalized, Anticipated"
,,,,,,,,,,nf3q8h,sexualassault,gyk5ejw,1621339705,2021-05-18 12:08:25,Emotional Support,
,,,,,,,,,,nf3q8h,sexualassault,gykmmb8,1621348208,2021-05-18 14:30:08,"Information Support, Esteem Support",
,,,,,,,,,,nf3q8h,sexualassault,gynp5s6,1621397621,2021-05-19 4:13:41,"Information Support, Tangible Assistance",
,,,,,,,,,,nf0del,sexualassault,gyqfr2q,1621452609,2021-05-19 19:30:09,Information Support,"Internalized, Anticipated"
,,,,,,,,,,nezk6g,sexualassault,gyjjco9,1621321437,2021-05-18 7:03:57,"Information Support, Esteem Support",Internalized
,,,,,,,,,,nezhb8,sexualassault,gyj2xz9,1621309731,2021-05-18 3:48:51,"Information Support, Group Interaction",
,,,,,,,,,,neyab6,sexualassault,gyirar0,1621303467,2021-05-18 2:04:27,Esteem Support,Internalized
,,,,,,,,,,neyab6,sexualassault,gyisnke,1621304160,2021-05-18 2:16:00,Group Interaction,Internalized
,,,,,,,,,,ney8c3,sexualassault,gyjedag,1621317449,2021-05-18 5:57:29,"Information Support, Emotional Support, Esteem Support, Group Interaction","Experienced, Internalized, Anticipated, Structural"
,,,,,,,,,,netllp,sexualassault,gyit2oa,1621304378,2021-05-18 2:19:38,"Information Support, Group Interaction","Internalized, Anticipated"
,,,,,,,,,,neqsmo,sexualassault,gyhndc4,1621284173,2021-05-17 20:42:53,"Information Support, Emotional Support, Group Interaction",Internalized
,,,,,,,,,,neqk1a,sexualassault,gyhv9iu,1621287742,2021-05-17 21:42:22,"Information Support, Emotional Support, Esteem Support","Experienced, Internalized"
,,,,,,,,,,neih6v,sexualassault,gygukuu,1621272087,2021-05-17 17:21:27,"Information Support, Emotional Support, Group Interaction",Internalized
,,,,,,,,,,nei94n,sexualassault,gygcc34,1621264550,2021-05-17 15:15:50,"Information Support, Emotional Support",Internalized
,,,,,,,,,,nei94n,sexualassault,gygnsu5,1621269313,2021-05-17 16:35:13,"Emotional Support, Tangible Assistance",Internalized
,,,,,,,,,,nei94n,sexualassault,gyl9ifu,1621357616,2021-05-18 17:06:56,"Emotional Support, Group Interaction",Internalized
,,,,,,,,,,nehpfp,sexualassault,gyg7pa7,1621262576,2021-05-17 14:42:56,Information Support,"Experienced, Anticipated"
,,,,,,,,,,nehpfp,sexualassault,gyj1akr,1621308778,2021-05-18 3:32:58,"Emotional Support, Esteem Support, Tangible Assistance, Group Interaction","Experienced, Anticipated"
,,,,,,,,,,nehpfp,sexualassault,gyhl87w,1621283249,2021-05-17 20:27:29,"Information Support, Esteem Support, Group Interaction","Experienced, Anticipated"
,,,,,,,,,,negijg,sexualassault,gygwl09,1621272897,2021-05-17 17:34:57,"Information Support, Emotional Support","Experienced, Anticipated"
,,,,,,,,,,neflrl,sexualassault,gyh8t8v,1621277966,2021-05-17 18:59:26,"Information Support, Emotional Support, Esteem Support","Experienced, Internalized, Anticipated"
,,,,,,,,,,nea6e5,sexualassault,gyffpg2,1621246171,2021-05-17 10:09:31,Emotional Support,Internalized
,,,,,,,,,,ne6kgh,sexualassault,gyf8oyw,1621239911,2021-05-17 8:25:11,Emotional Support,"Experienced, Internalized, Anticipated"
,,,,,,,,,,ne0ztp,sexualassault,gyg2ena,1621260232,2021-05-17 14:03:52,"Information Support, Emotional Support, Esteem Support","Experienced, Internalized"
,,,,,,,,,,ne0ztp,sexualassault,h0h4w02,1622747914,2021-06-03 19:18:34,"Information Support, Emotional Support, Esteem Support","Experienced, Internalized"
,,,,,,,,,,ne0xo1,sexualassault,gyg0vuy,1621259527,2021-05-17 13:52:07,"Information Support, Emotional Support, Esteem Support, Group Interaction","Experienced, Anticipated"
,,,,,,,,,,ne0xo1,sexualassault,gyhsran,1621286573,2021-05-17 21:22:53,"Emotional Support, Esteem Support, Group Interaction","Experienced, Anticipated"
,,,,,,,,,,ne02yv,sexualassault,gydmuip,1621205784,2021-05-16 22:56:24,"Information Support, Esteem Support","Experienced, Internalized"
,,,,,,,,,,ne02yv,sexualassault,gye0cg8,1621212669,2021-05-17 0:51:09,Information Support,"Experienced, Internalized"
,,,,,,,,,,ndz74q,sexualassault,gyhteuu,1621286894,2021-05-17 21:28:14,"Information Support, Emotional Support, Esteem Support, Group Interaction",Internalized
,,,,,,,,,,ndz74q,sexualassault,gyg10cj,1621259584,2021-05-17 13:53:04,"Information Support, Emotional Support, Esteem Support",Internalized
,,,,,,,,,,ndyqiw,sexualassault,gydjcro,1621204049,2021-05-16 22:27:29,"Information Support, Emotional Support, Esteem Support",Internalized
,,,,,,,,,,ndq2df,sexualassault,gyc0rxh,1621179259,2021-05-16 15:34:19,"Information Support, Emotional Support, Esteem Support, Group Interaction",Internalized
,,,,,,,,,,ndew40,sexualassault,gyai3le,1621139446,2021-05-16 4:30:46,"Emotional Support, Esteem Support",Experienced
,,,,,,,,,,ndew40,sexualassault,gybhay2,1621168701,2021-05-16 12:38:21,"Information Support, Esteem Support",Experienced
,,,,,,,,,,nd3dnd,sexualassault,gy96vxw,1621112621,2021-05-15 21:03:41,"Information Support, Esteem Support, Group Interaction",Internalized
,,,,,,,,,,nd2yio,sexualassault,gy8fusb,1621099221,2021-05-15 17:20:21,Emotional Support,"Experienced, Internalized, Anticipated, Structural"
,,,,,,,,,,nd2yio,sexualassault,gy8wxp6,1621107536,2021-05-15 19:38:56,"Emotional Support, Esteem Support","Experienced, Internalized, Anticipated, Structural"
,,,,,,,,,,nd2yio,sexualassault,gy8pcqz,1621103762,2021-05-15 18:36:02,"Information Support, Emotional Support","Experienced, Internalized, Anticipated, Structural"
,,,,,,,,,,nd2yio,sexualassault,gy8m0g2,1621102161,2021-05-15 18:09:21,"Information Support, Emotional Support, Tangible Assistance","Experienced, Internalized, Anticipated, Structural"
,,,,,,,,,,ncmchw,sexualassault,gy5z54h,1621039672,2021-05-15 0:47:52,"Information Support, Emotional Support, Esteem Support","Experienced, Internalized"
,,,,,,,,,,ncis4b,sexualassault,gy6cxhw,1621047751,2021-05-15 3:02:31,Information Support,Internalized
,,,,,,,,,,nci68u,sexualassault,gy5oe74,1621033841,2021-05-14 23:10:41,"Information Support, Emotional Support, Group Interaction",
,,,,,,,,,,nci68u,sexualassault,gy5qf8l,1621034902,2021-05-14 23:28:22,"Information Support, Group Interaction",
,,,,,,,,,,nci68u,sexualassault,gy6rjr7,1621058059,2021-05-15 5:54:19,Group Interaction,
,,,,,,,,,,ncd7df,sexualassault,gy6fwgj,1621049628,2021-05-15 3:33:48,Group Interaction,"Experienced, Anticipated"
,,,,,,,,,,ncb3or,sexualassault,gy427yp,1621007573,2021-05-14 15:52:53,"Information Support, Emotional Support, Esteem Support",Internalized
,,,,,,,,,,nc3syo,sexualassault,gy2ufjf,1620982160,2021-05-14 8:49:20,"Information Support, Emotional Support",Experienced
,,,,,,,,,,nc3syo,sexualassault,gy41loq,1621007311,2021-05-14 15:48:31,Information Support,Experienced
,,,,,,,,,,nc2sgt,sexualassault,gy2t6cq,1620980955,2021-05-14 8:29:15,"Information Support, Esteem Support, Tangible Assistance, Group Interaction","Internalized, Anticipated"
,,,,,,,,,,nbzkj7,sexualassault,gy2anx1,1620966108,2021-05-14 4:21:48,Information Support,
,,,,,,,,,,nbzkj7,sexualassault,gy47bj0,1621009750,2021-05-14 16:29:10,,
,,,,,,,,,,nbzkj7,sexualassault,gy4n69z,1621016564,2021-05-14 18:22:44,Information Support,
,,,,,,,,,,nbzkj7,sexualassault,gy67v55,1621044684,2021-05-15 2:11:24,Group Interaction,
,,,,,,,,,,nbyaww,sexualassault,gy2lxjs,1620974514,2021-05-14 6:41:54,Emotional Support,"Experienced, Internalized, Anticipated"
,,,,,,,,,,nbyaww,sexualassault,gy633bj,1621041921,2021-05-15 1:25:21,"Esteem Support, Group Interaction","Experienced, Internalized, Anticipated"
,,,,,,,,,,nbu1h1,sexualassault,gy2d6lw,1620967775,2021-05-14 4:49:35,"Information Support, Emotional Support, Esteem Support, Tangible Assistance, Group Interaction",
,,,,,,,,,,nbsq3j,sexualassault,gy186w7,1620945300,2021-05-13 22:35:00,,Experienced
,,,,,,,,,,nbsq3j,sexualassault,gy2zrxd,1620987122,2021-05-14 10:12:02,Esteem Support,Experienced
,,,,,,,,,,nbsq3j,sexualassault,gy46ivk,1621009411,2021-05-14 16:23:31,,Experienced
,,,,,,,,,,nbsq3j,sexualassault,gy2e26r,1620968397,2021-05-14 4:59:57,,Experienced
,,,,,,,,,,nbm29f,sexualassault,gy0lgvt,1620935011,2021-05-13 19:43:31,Emotional Support,Internalized
,,,,,,,,,,nbm29f,sexualassault,gy0jvqr,1620934364,2021-05-13 19:32:44,Information Support,Internalized
,,,,,,,,,,nbl490,sexualassault,gy0eiqo,1620932175,2021-05-13 18:56:15,"Emotional Support, Group Interaction","Experienced, Internalized, Anticipated"
,,,,,,,,,,nbl490,sexualassault,gy059ac,1620928383,2021-05-13 17:53:03,"Emotional Support, Esteem Support, Group Interaction","Experienced, Internalized, Anticipated"
,,,,,,,,,,nbl490,sexualassault,gy10hha,1620941515,2021-05-13 21:31:55,"Emotional Support, Esteem Support, Group Interaction","Experienced, Internalized, Anticipated"
,,,,,,,,,,nbl490,sexualassault,gy08uev,1620929828,2021-05-13 18:17:08,,"Experienced, Internalized, Anticipated"
,,,,,,,,,,nbf2e5,sexualassault,gxzeyv1,1620917257,2021-05-13 14:47:37,Information Support,"Experienced, Anticipated, Structural"
,,,,,,,,,,nbdjyy,sexualassault,gxyplah,1620903388,2021-05-13 10:56:28,"Emotional Support, Esteem Support, Tangible Assistance",Internalized
,,,,,,,,,,nbdjyy,sexualassault,gxz9nm4,1620914887,2021-05-13 14:08:07,"Information Support, Emotional Support, Esteem Support, Tangible Assistance",Internalized
,,,,,,,,,,nbb9rr,sexualassault,gxyi456,1620896756,2021-05-13 9:05:56,"Information Support, Emotional Support, Esteem Support, Group Interaction",
,,,,,,,,,,nb4xjn,sexualassault,gxyam4i,1620889676,2021-05-13 7:07:56,Group Interaction,Internalized
,,,,,,,,,,nb4xjn,sexualassault,gy2tzql,1620981734,2021-05-14 8:42:14,"Emotional Support, Esteem Support",Internalized
,,,,,,,,,,nb4129,sexualassault,gxyu5n6,1620906621,2021-05-13 11:50:21,"Emotional Support, Esteem Support, Group Interaction","Experienced, Internalized"
,,,,,,,,,,nakrw3,sexualassault,gxuhvpb,1620823403,2021-05-12 12:43:23,"Information Support, Emotional Support, Esteem Support",Internalized
,,,,,,,,,,nakrw3,sexualassault,gxvz6vy,1620846303,2021-05-12 19:05:03,Emotional Support,Internalized
,,,,,,,,,,najuom,sexualassault,gxu01rd,1620809865,2021-05-12 8:57:45,"Information Support, Emotional Support, Esteem Support, Tangible Assistance",
,,,,,,,,,,nafzmz,sexualassault,gxtlaw8,1620797100,2021-05-12 5:25:00,"Information Support, Emotional Support, Esteem Support","Experienced, Internalized, Anticipated"
,,,,,,,,,,nafzmz,sexualassault,gxxrnjq,1620876018,2021-05-13 3:20:18,Emotional Support,"Experienced, Internalized, Anticipated"
,,,,,,,,,,naeftp,sexualassault,gxu2zib,1620812727,2021-05-12 9:45:27,"Information Support, Emotional Support, Esteem Support, Tangible Assistance","Internalized, Structural"
,,,,,,,,,,naeftp,sexualassault,gxt8suj,1620789291,2021-05-12 3:14:51,"Information Support, Esteem Support","Internalized, Structural"
,,,,,,,,,,nacmg1,sexualassault,gxswrx3,1620783040,2021-05-12 1:30:40,"Information Support, Emotional Support, Esteem Support, Group Interaction",Internalized
,,,,,,,,,,naaw0h,sexualassault,gxsowjt,1620779047,2021-05-12 0:24:07,Information Support,Internalized
,,,,,,,,,,naaw0h,sexualassault,gxu0qg2,1620810543,2021-05-12 9:09:03,"Information Support, Esteem Support",Internalized
,,,,,,,,,,naaw0h,sexualassault,gxu5r8g,1620815199,2021-05-12 10:26:39,"Information Support, Esteem Support",Internalized
,,,,,,,,,,na84l2,sexualassault,gxs92fn,1620771374,2021-05-11 22:16:14,"Information Support, Emotional Support, Esteem Support, Group Interaction","Experienced, Anticipated, Structural"
,,,,,,,,,,na7ndr,sexualassault,gxsaf9s,1620771993,2021-05-11 22:26:33,Emotional Support,Experienced
,,,,,,,,,,na7m0m,sexualassault,gxsaid9,1620772033,2021-05-11 22:27:13,"Information Support, Esteem Support",Internalized
,,,,,,,,,,na7m0m,sexualassault,gxsal7m,1620772070,2021-05-11 22:27:50,,Internalized
,,,,,,,,,,na5od9,sexualassault,gxtn9b1,1620798559,2021-05-12 5:49:19,,"Experienced, Internalized"
,,,,,,,,,,na5od9,sexualassault,gxu6ey6,1620815748,2021-05-12 10:35:48,"Information Support, Esteem Support","Experienced, Internalized"
,,,,,,,,,,n9yq32,sexualassault,gxqm7b9,1620746844,2021-05-11 15:27:24,Information Support,"Experienced, Internalized, Anticipated"
,,,,,,,,,,n9xe80,sexualassault,gxqaj5h,1620741805,2021-05-11 14:03:25,"Information Support, Emotional Support, Esteem Support, Tangible Assistance, Group Interaction",Internalized
,,,,,,,,,,n9ow8y,sexualassault,gxpp8gz,1620729162,2021-05-11 10:32:42,"Information Support, Emotional Support, Esteem Support","Experienced, Internalized, Anticipated"
,,,,,,,,,,n9l6nu,sexualassault,gxoeywf,1620695478,2021-05-11 1:11:18,,"Experienced, Internalized"
,,,,,,,,,,n9ixcl,sexualassault,gxopts6,1620701197,2021-05-11 2:46:37,"Information Support, Emotional Support, Esteem Support","Experienced, Internalized"
,,,,,,,,,,n9fkt9,sexualassault,gxo14uy,1620688450,2021-05-10 23:14:10,Emotional Support,Internalized
,,,,,,,,,,n9fkt9,sexualassault,gxnqwbv,1620683499,2021-05-10 21:51:39,"Information Support, Emotional Support, Esteem Support, Group Interaction",Internalized
,,,,,,,,,,n9fkt9,sexualassault,gxob6gr,1620693503,2021-05-11 0:38:23,"Information Support, Emotional Support, Group Interaction",Internalized
,,,,,,,,,,n9fkt9,sexualassault,gxocajp,1620694086,2021-05-11 0:48:06,Emotional Support,Internalized
,,,,,,,,,,n9dyqo,sexualassault,gxnmkkt,1620681547,2021-05-10 21:19:07,"Information Support, Emotional Support, Esteem Support, Group Interaction","Experienced, Internalized"
,,,,,,,,,,n9dvvs,sexualassault,gxt6zi5,1620788287,2021-05-12 2:58:07,"Information Support, Emotional Support, Esteem Support","Internalized, Anticipated"
,,,,,,,,,,n9caam,sexualassault,gxnlwt9,1620681253,2021-05-10 21:14:13,Information Support,"Experienced, Structural"
,,,,,,,,,,n9bu4k,sexualassault,gxni10j,1620679546,2021-05-10 20:45:46,"Information Support, Esteem Support","Experienced, Anticipated"
,,,,,,,,,,n9bu4k,sexualassault,hflm2rf,1633525988,2021-10-06 13:13:08,Group Interaction,"Experienced, Anticipated"
,,,,,,,,,,n9bu4k,sexualassault,gxoljh2,1620698886,2021-05-11 2:08:06,"Information Support, Esteem Support","Experienced, Anticipated"
,,,,,,,,,,n93bco,sexualassault,gxmkwt7,1620665557,2021-05-10 16:52:37,"Information Support, Emotional Support, Esteem Support",
,,,,,,,,,,n93bco,sexualassault,gxmufgc,1620669572,2021-05-10 17:59:32,"Information Support, Esteem Support",
,,,,,,,,,,n8zwt5,sexualassault,gxmu0pk,1620669400,2021-05-10 17:56:40,"Information Support, Emotional Support, Esteem Support, Tangible Assistance",Internalized
,,,,,,,,,,n8w3mm,sexualassault,gxkp7e5,1620621729,2021-05-10 4:42:09,Information Support,"Experienced, Internalized, Anticipated, Structural"
,,,,,,,,,,n8w3mm,sexualassault,gxmwf2e,1620670409,2021-05-10 18:13:29,"Information Support, Emotional Support, Tangible Assistance","Experienced, Internalized, Anticipated, Structural"
,,,,,,,,,,n8v7mt,sexualassault,gxmz9k4,1620671601,2021-05-10 18:33:21,"Information Support, Esteem Support",Internalized
,,,,,,,,,,n8uoq0,sexualassault,gxmxb3l,1620670783,2021-05-10 18:19:43,"Information Support, Emotional Support, Esteem Support","Experienced, Internalized, Anticipated, Structural"
,,,,,,,,,,n8tc5i,sexualassault,gxn0k5n,1620672144,2021-05-10 18:42:24,"Information Support, Tangible Assistance","Internalized, Anticipated"
,,,,,,,,,,n8svvf,sexualassault,gxmylpc,1620671322,2021-05-10 18:28:42,"Information Support, Emotional Support, Esteem Support","Experienced, Internalized, Anticipated"
,,,,,,,,,,n8rqx2,sexualassault,gxk398u,1620608352,2021-05-10 0:59:12,"Information Support, Emotional Support, Esteem Support","Internalized, Anticipated"
,,,,,,,,,,n8rf7k,sexualassault,gxk8l74,1620611428,2021-05-10 1:50:28,Information Support,Internalized
,,,,,,,,,,n8rf7k,sexualassault,gxjzo9g,1620606318,2021-05-10 0:25:18,"Information Support, Group Interaction",Internalized
,,,,,,,,,,n8qlg4,sexualassault,gxke1cx,1620614614,2021-05-10 2:43:34,Information Support,"Experienced, Internalized"
,,,,,,,,,,n8ngt4,sexualassault,gxmzk65,1620671723,2021-05-10 18:35:23,"Information Support, Emotional Support, Esteem Support",Internalized
,,,,,,,,,,n8mhrb,sexualassault,gxjbxqf,1620593712,2021-05-09 20:55:12,Information Support,"Experienced, Anticipated"
,,,,,,,,,,n8mhrb,sexualassault,gxjdysp,1620594696,2021-05-09 21:11:36,"Information Support, Emotional Support","Experienced, Anticipated"
,,,,,,,,,,n8mhrb,sexualassault,gxn0tye,1620672259,2021-05-10 18:44:19,Information Support,"Experienced, Anticipated"
,,,,,,,,,,n8av2r,sexualassault,gxhfrud,1620555591,2021-05-09 10:19:51,"Information Support, Emotional Support, Esteem Support","Experienced, Internalized"
,,,,,,,,,,n8av2r,sexualassault,gxi5fni,1620572971,2021-05-09 15:09:31,"Information Support, Esteem Support","Experienced, Internalized"
,,,,,,,,,,n8av2r,sexualassault,gxjcjjs,1620594005,2021-05-09 21:00:05,"Information Support, Group Interaction","Experienced, Internalized"
,,,,,,,,,,n89ben,sexualassault,gxi61ee,1620573278,2021-05-09 15:14:38,"Emotional Support, Esteem Support","Experienced, Internalized"
,,,,,,,,,,n89ben,sexualassault,gxj4w5a,1620590343,2021-05-09 19:59:03,Group Interaction,"Experienced, Internalized"
,,,,,,,,,,n89ben,sexualassault,gxi78a5,1620573868,2021-05-09 15:24:28,Information Support,"Experienced, Internalized"
,,,,,,,,,,n8354v,sexualassault,gxga0ka,1620524851,2021-05-09 1:47:31,"Emotional Support, Esteem Support",Internalized
,,,,,,,,,,n8354v,sexualassault,gxncw8q,1620677354,2021-05-10 20:09:14,Esteem Support,Internalized
,,,,,,,,,,n7zcap,sexualassault,gxfyzqb,1620518847,2021-05-09 0:07:27,"Emotional Support, Esteem Support",Internalized
,,,,,,,,,,n7zcap,sexualassault,gxh3cjj,1620543782,2021-05-09 7:03:02,"Information Support, Emotional Support, Esteem Support, Group Interaction",Internalized
,,,,,,,,,,n7w1pn,sexualassault,gxfh6ku,1620509528,2021-05-08 21:32:08,"Emotional Support, Group Interaction","Experienced, Internalized, Anticipated"
,,,,,,,,,,n7vysz,sexualassault,gxjcjst,1620594009,2021-05-09 21:00:09,"Information Support, Emotional Support","Experienced, Anticipated"
,,,,,,,,,,n7vysz,sexualassault,gxneh0x,1620678019,2021-05-10 20:20:19,"Information Support, Emotional Support","Experienced, Anticipated"
,,,,,,,,,,n7vdsy,sexualassault,gxgmtow,1620532261,2021-05-09 3:51:01,"Information Support, Tangible Assistance","Internalized, Anticipated"
,,,,,,,,,,n7snqu,sexualassault,gxeoish,1620495178,2021-05-08 17:32:58,"Information Support, Emotional Support",Internalized
,,,,,,,,,,n7snqu,sexualassault,gxfabw3,1620506028,2021-05-08 20:33:48,"Information Support, Emotional Support, Esteem Support",Internalized
,,,,,,,,,,n7snqu,sexualassault,gxewkxf,1620499083,2021-05-08 18:38:03,"Emotional Support, Esteem Support, Group Interaction",Internalized
,,,,,,,,,,n7smex,sexualassault,gxgnmhd,1620532723,2021-05-09 3:58:43,"Information Support, Group Interaction","Experienced, Anticipated"
,,,,,,,,,,n7smex,sexualassault,gxekws4,1620493446,2021-05-08 17:04:06,Emotional Support,"Experienced, Anticipated"
,,,,,,,,,,n7smex,sexualassault,gxeffvp,1620490749,2021-05-08 16:19:09,,"Experienced, Anticipated"
,,,,,,,,,,n7kwbd,sexualassault,gxejitb,1620492768,2021-05-08 16:52:48,Group Interaction,Internalized
,,,,,,,,,,n732ag,sexualassault,gxctlx5,1620448245,2021-05-08 4:30:45,"Esteem Support, Group Interaction","Internalized, Anticipated"
,,,,,,,,,,n732ag,sexualassault,gxqpywu,1620748416,2021-05-11 15:53:36,"Information Support, Esteem Support","Internalized, Anticipated"
,,,,,,,,,,n6t4kg,sexualassault,gx95pbn,1620378848,2021-05-07 9:14:08,Information Support,"Internalized, Anticipated"
,,,,,,,,,,n6so08,sexualassault,gx94zze,1620378173,2021-05-07 9:02:53,,"Experienced, Internalized, Anticipated, Structural"
,,,,,,,,,,n6p0sg,sexualassault,gx8ptls,1620365090,2021-05-07 5:24:50,"Information Support, Esteem Support","Experienced, Internalized, Anticipated"
,,,,,,,,,,n6p0sg,sexualassault,gx8xsqb,1620371516,2021-05-07 7:11:56,"Emotional Support, Group Interaction","Experienced, Internalized, Anticipated"
,,,,,,,,,,n6owvl,sexualassault,gx97wt9,1620380907,2021-05-07 9:48:27,"Information Support, Emotional Support","Experienced, Anticipated, Structural"
,,,,,,,,,,n6nqgv,sexualassault,gx8ijur,1620360107,2021-05-07 4:01:47,"Information Support, Esteem Support, Group Interaction",Anticipated
,,,,,,,,,,n6mtvs,sexualassault,gx9zrak,1620397850,2021-05-07 14:30:50,Group Interaction,Internalized
,,,,,,,,,,n6mtvs,sexualassault,gxa2586,1620398892,2021-05-07 14:48:12,"Emotional Support, Tangible Assistance, Group Interaction",Internalized
,,,,,,,,,,n6iost,sexualassault,gxk14bm,1620607131,2021-05-10 0:38:51,,"Experienced, Anticipated, Structural"
,,,,,,,,,,n6gc85,sexualassault,gxnfvwi,1620678624,2021-05-10 20:30:24,"Information Support, Emotional Support, Tangible Assistance",
,,,,,,,,,,n6dkbl,sexualassault,gx6lb1f,1620327118,2021-05-06 18:51:58,"Information Support, Esteem Support",Anticipated
,,,,,,,,,,n6dkbl,sexualassault,gx9z8df,1620397616,2021-05-07 14:26:56,"Information Support, Emotional Support",Anticipated
,,,,,,,,,,n6dkbl,sexualassault,h0me9hf,1622845695,2021-06-04 22:28:15,Information Support,Anticipated
,,,,,,,,,,n6bqls,sexualassault,gx63g5v,1620319736,2021-05-06 16:48:56,"Information Support, Tangible Assistance","Experienced, Internalized, Anticipated"
,,,,,,,,,,n68bb4,sexualassault,gx5rntv,1620314786,2021-05-06 15:26:26,Information Support,"Experienced, Structural"
,,,,,,,,,,n68bb4,sexualassault,gx5u28t,1620315803,2021-05-06 15:43:23,Group Interaction,"Experienced, Structural"
,,,,,,,,,,n68bb4,sexualassault,gx8i2cv,1620359799,2021-05-07 3:56:39,"Emotional Support, Group Interaction","Experienced, Structural"
,,,,,,,,,,n68bb4,sexualassault,gx8kjsz,1620361388,2021-05-07 4:23:08,"Emotional Support, Esteem Support, Group Interaction","Experienced, Structural"
,,,,,,,,,,n68bb4,sexualassault,gxdsykh,1620478707,2021-05-08 12:58:27,Emotional Support,"Experienced, Structural"
,,,,,,,,,,n663l2,sexualassault,gx6iepu,1620325896,2021-05-06 18:31:36,"Information Support, Emotional Support, Esteem Support, Group Interaction","Internalized, Anticipated"
,,,,,,,,,,n5twmp,sexualassault,gx3f9et,1620261268,2021-05-06 0:34:28,"Information Support, Emotional Support, Esteem Support, Group Interaction",Internalized
,,,,,,,,,,n5twmp,sexualassault,gx3pxo8,1620266529,2021-05-06 2:02:09,"Information Support, Esteem Support",Internalized
,,,,,,,,,,n5tk18,sexualassault,gx36kv7,1620257066,2021-05-05 23:24:26,,Internalized
,,,,,,,,,,n5tk18,sexualassault,gx3gb82,1620261781,2021-05-06 0:43:01,"Information Support, Emotional Support, Esteem Support, Tangible Assistance",Internalized
,,,,,,,,,,n5lfya,sexualassault,gx1wxel,1620237289,2021-05-05 17:54:49,"Information Support, Tangible Assistance",Experienced
,,,,,,,,,,n5lfya,sexualassault,gx1z5di,1620238240,2021-05-05 18:10:40,"Information Support, Emotional Support, Esteem Support, Group Interaction",Experienced
,,,,,,,,,,n5c4ri,sexualassault,gx0g7et,1620212089,2021-05-05 10:54:49,Information Support,"Experienced, Anticipated"
,,,,,,,,,,n579qx,sexualassault,gwzp0g2,1620189398,2021-05-05 4:36:38,,"Internalized, Structural"
,,,,,,,,,,n54g3g,sexualassault,gwz9tgk,1620180994,2021-05-05 2:16:34,"Information Support, Esteem Support",Internalized
,,,,,,,,,,n5116b,sexualassault,gwzirbc,1620185682,2021-05-05 3:34:42,"Information Support, Esteem Support",Anticipated
,,,,,,,,,,n4xu5u,sexualassault,gwyrzn4,1620172486,2021-05-04 23:54:46,"Information Support, Emotional Support","Internalized, Anticipated"
,,,,,,,,,,n4xu5u,sexualassault,gwzrwdj,1620191301,2021-05-05 5:08:21,"Information Support, Emotional Support, Group Interaction","Internalized, Anticipated"
,,,,,,,,,,n4srtz,sexualassault,gwzsnmp,1620191828,2021-05-05 5:17:08,"Emotional Support, Esteem Support, Group Interaction","Internalized, Anticipated"
,,,,,,,,,,n4s82b,sexualassault,gwzcuuq,1620182528,2021-05-05 2:42:08,"Information Support, Esteem Support, Tangible Assistance",
,,,,,,,,,,n4obrp,sexualassault,gwwo9ct,1620136759,2021-05-04 13:59:19,"Information Support, Esteem Support",Anticipated
,,,,,,,,,,n4kxtv,sexualassault,gwwgy4a,1620133254,2021-05-04 13:00:54,"Information Support, Emotional Support, Esteem Support, Group Interaction",Internalized
,,,,,,,,,,n4jq0e,sexualassault,gwwjh7f,1620134542,2021-05-04 13:22:22,Group Interaction,"Internalized, Anticipated"
,,,,,,,,,,n4jq0e,sexualassault,gwxf1u8,1620147713,2021-05-04 17:01:53,"Information Support, Emotional Support, Esteem Support","Internalized, Anticipated"
,,,,,,,,,,n4jq0e,sexualassault,gwzkj02,1620186687,2021-05-05 3:51:27,"Emotional Support, Esteem Support, Group Interaction","Internalized, Anticipated"
,,,,,,,,,,n4jjv8,sexualassault,gwvwyqp,1620118983,2021-05-04 9:03:03,,"Internalized, Anticipated"
,,,,,,,,,,n4ivxt,sexualassault,gx38836,1620257856,2021-05-05 23:37:36,"Information Support, Emotional Support, Esteem Support","Internalized, Anticipated"
,,,,,,,,,,n4guvg,sexualassault,gwvyufj,1620120720,2021-05-04 9:32:00,"Emotional Support, Esteem Support","Experienced, Internalized, Anticipated"
,,,,,,,,,,n4guvg,sexualassault,gww4rxz,1620125696,2021-05-04 10:54:56,"Information Support, Emotional Support, Group Interaction","Experienced, Internalized, Anticipated"
,,,,,,,,,,n4ftav,sexualassault,gzld0q1,1622083408,2021-05-27 2:43:28,"Information Support, Esteem Support, Group Interaction","Internalized, Anticipated"
,,,,,,,,,,n4fmgd,sexualassault,gwvd9fe,1620102717,2021-05-04 4:31:57,"Information Support, Esteem Support, Group Interaction","Experienced, Anticipated"
,,,,,,,,,,n4c4iy,sexualassault,gwvkbxz,1620107772,2021-05-04 5:56:12,"Information Support, Emotional Support","Internalized, Anticipated"
,,,,,,,,,,n4c4iy,sexualassault,gwvb2d0,1620101325,2021-05-04 4:08:45,"Information Support, Emotional Support","Internalized, Anticipated"
,,,,,,,,,,n4c4iy,sexualassault,gwvca8l,1620102090,2021-05-04 4:21:30,"Information Support, Emotional Support, Esteem Support","Internalized, Anticipated"
,,,,,,,,,,n4c4iy,sexualassault,h0iky2b,1622771820,2021-06-04 1:57:00,"Information Support, Emotional Support, Esteem Support","Internalized, Anticipated"
,,,,,,,,,,n4c4iy,sexualassault,gww57zg,1620126038,2021-05-04 11:00:38,Emotional Support,"Internalized, Anticipated"
,,,,,,,,,,n4bnpr,sexualassault,gwuni2b,1620089006,2021-05-04 0:43:26,"Information Support, Esteem Support","Internalized, Anticipated"
,,,,,,,,,,n4bhbg,sexualassault,gwuwv96,1620093556,2021-05-04 1:59:16,"Esteem Support, Group Interaction","Experienced, Internalized, Anticipated"
,,,,,,,,,,n48c5q,sexualassault,h0cxg6p,1622666553,2021-06-02 20:42:33,"Information Support, Emotional Support, Esteem Support","Experienced, Internalized, Anticipated"
,,,,,,,,,,n47n77,sexualassault,gwtycfq,1620077161,2021-05-03 21:26:01,"Information Support, Emotional Support, Esteem Support, Group Interaction","Experienced, Internalized"
,,,,,,,,,,n47k2w,sexualassault,gwtzbl9,1620077593,2021-05-03 21:33:13,"Information Support, Esteem Support, Tangible Assistance","Experienced, Internalized, Anticipated"
,,,,,,,,,,n47k2w,sexualassault,gwv7ewy,1620099140,2021-05-04 3:32:20,Information Support,"Experienced, Internalized, Anticipated"
,,,,,,,,,,n44bei,sexualassault,gwtjwpf,1620070833,2021-05-03 19:40:33,Group Interaction,"Experienced, Anticipated"
,,,,,,,,,,n44bei,sexualassault,gwu2hpb,1620079010,2021-05-03 21:56:50,Information Support,"Experienced, Anticipated"
,,,,,,,,,,n44bei,sexualassault,gwuh9x5,1620085996,2021-05-03 23:53:16,"Information Support, Emotional Support, Esteem Support","Experienced, Anticipated"
,,,,,,,,,,n44bei,sexualassault,gwukrep,1620087670,2021-05-04 0:21:10,"Information Support, Emotional Support, Esteem Support","Experienced, Anticipated"
,,,,,,,,,,n44bei,sexualassault,gwup6je,1620089826,2021-05-04 0:57:06,"Information Support, Esteem Support","Experienced, Anticipated"
,,,,,,,,,,n44bei,sexualassault,gwutabc,1620091821,2021-05-04 1:30:21,"Emotional Support, Group Interaction","Experienced, Anticipated"
,,,,,,,,,,n43t5r,sexualassault,gwtehof,1620068501,2021-05-03 19:01:41,Esteem Support,"Experienced, Internalized, Anticipated"
,,,,,,,,,,n43t5r,sexualassault,gwtedkb,1620068452,2021-05-03 19:00:52,,"Experienced, Internalized, Anticipated"
,,,,,,,,,,n43t5r,sexualassault,gwu23wa,1620078837,2021-05-03 21:53:57,,"Experienced, Internalized, Anticipated"
,,,,,,,,,,n43t5r,sexualassault,gwu746n,1620081193,2021-05-03 22:33:13,Emotional Support,"Experienced, Internalized, Anticipated"
,,,,,,,,,,n43t5r,sexualassault,gwudard,1620084094,2021-05-03 23:21:34,"Emotional Support, Esteem Support, Tangible Assistance, Group Interaction","Experienced, Internalized, Anticipated"
,,,,,,,,,,n43t5r,sexualassault,gww43mi,1620125177,2021-05-04 10:46:17,"Emotional Support, Esteem Support","Experienced, Internalized, Anticipated"
,,,,,,,,,,n42da0,sexualassault,gwt8bsn,1620065911,2021-05-03 18:18:31,"Information Support, Emotional Support",
,,,,,,,,,,n41sgh,sexualassault,gwvagfm,1620100950,2021-05-04 4:02:30,Information Support,"Experienced, Structural"
,,,,,,,,,,n3uymw,sexualassault,gws2lbd,1620047867,2021-05-03 13:17:47,"Emotional Support, Esteem Support",Internalized
,,,,,,,,,,n3uymw,sexualassault,gwsczj5,1620052677,2021-05-03 14:37:57,Information Support,Internalized
,,,,,,,,,,n3uymw,sexualassault,gwt9wsi,1620066574,2021-05-03 18:29:34,Esteem Support,Internalized
,,,,,,,,,,n3q7w2,sexualassault,gwrfgrz,1620032514,2021-05-03 9:01:54,"Information Support, Emotional Support",Experienced
,,,,,,,,,,n3kamo,sexualassault,gwqr57o,1620012604,2021-05-03 3:30:04,"Information Support, Emotional Support, Esteem Support","Internalized, Anticipated"
,,,,,,,,,,n3ilqa,sexualassault,gwu5ly3,1620080477,2021-05-03 22:21:17,"Information Support, Emotional Support, Group Interaction","Internalized, Anticipated"
,,,,,,,,,,n3g2h5,sexualassault,gwqeege,1620005332,2021-05-03 1:28:52,"Information Support, Emotional Support, Group Interaction",Internalized
,,,,,,,,,,n3g2h5,sexualassault,gwqqksm,1620012244,2021-05-03 3:24:04,"Emotional Support, Esteem Support, Group Interaction",Internalized
,,,,,,,,,,n3esre,sexualassault,gwq7iod,1620001544,2021-05-03 0:25:44,"Information Support, Group Interaction","Experienced, Internalized"
,,,,,,,,,,n31nae,sexualassault,gwn5j8f,1619950779,2021-05-02 10:19:39,"Information Support, Emotional Support, Esteem Support, Tangible Assistance",Internalized
,,,,,,,,,,n2ygox,sexualassault,gwmwtz1,1619942254,2021-05-02 7:57:34,"Information Support, Emotional Support, Esteem Support","Internalized, Anticipated"
,,,,,,,,,,n2yecg,sexualassault,gwmfdfn,1619928137,2021-05-02 4:02:17,"Emotional Support, Esteem Support, Group Interaction",Internalized
,,,,,,,,,,n2y4xh,sexualassault,gxlbtaa,1620641679,2021-05-10 10:14:39,"Information Support, Emotional Support","Experienced, Anticipated"
,,,,,,,,,,n2xvlp,sexualassault,gwn7xyu,1619952435,2021-05-02 10:47:15,"Information Support, Emotional Support, Group Interaction","Experienced, Anticipated, Structural"
,,,,,,,,,,n2v8wn,sexualassault,gwlziox,1619918636,2021-05-02 1:23:56,,"Experienced, Anticipated, Structural"
,,,,,,,,,,n2uwrf,sexualassault,gwm2zcs,1619920587,2021-05-02 1:56:27,"Information Support, Tangible Assistance","Experienced, Internalized, Anticipated"
,,,,,,,,,,n2uwrf,sexualassault,gwm3uyx,1619921102,2021-05-02 2:05:02,"Information Support, Emotional Support","Experienced, Internalized, Anticipated"
,,,,,,,,,,n2tj82,sexualassault,gwm1frs,1619919721,2021-05-02 1:42:01,Esteem Support,Internalized
,,,,,,,,,,n2t7ez,sexualassault,gwmaax1,1619924947,2021-05-02 3:09:07,"Information Support, Esteem Support",
,,,,,,,,,,n2t7ez,sexualassault,gwltfmr,1619915252,2021-05-02 0:27:32,,
,,,,,,,,,,n2slq9,sexualassault,gwld95m,1619906756,2021-05-01 22:05:56,"Information Support, Esteem Support",Internalized
,,,,,,,,,,n2sgpy,sexualassault,gwlhiv8,1619908768,2021-05-01 22:39:28,Group Interaction,Anticipated
,,,,,,,,,,n2hul1,sexualassault,gwl4gt0,1619903224,2021-05-01 21:07:04,"Emotional Support, Esteem Support, Group Interaction","Experienced, Anticipated"
,,,,,,,,,,n2efyc,sexualassault,gwjvpqo,1619884021,2021-05-01 15:47:01,Information Support,Experienced
,,,,,,,,,,n2efyc,sexualassault,gwj3d7h,1619868052,2021-05-01 11:20:52,"Information Support, Esteem Support",Experienced
,,,,,,,,,,n2bjyu,sexualassault,gwj4pep,1619869160,2021-05-01 11:39:20,Information Support,Internalized
,,,,,,,,,,n28im2,sexualassault,gwj53bv,1619869477,2021-05-01 11:44:37,"Information Support, Emotional Support, Esteem Support","Experienced, Internalized"
,,,,,,,,,,n23pgq,sexualassault,h0mdarn,1622845232,2021-06-04 22:20:32,"Esteem Support, Group Interaction",
,,,,,,,,,,n1u0pq,sexualassault,gwgtu5c,1619814659,2021-04-30 20:30:59,"Information Support, Emotional Support, Group Interaction",
,,,,,,,,,,n1u0pq,sexualassault,gwj4tk2,1619869255,2021-05-01 11:40:55,Information Support,
,,,,,,,,,,n1qjhi,sexualassault,gwj5ies,1619869815,2021-05-01 11:50:15,Information Support,Internalized
,,,,,,,,,,n1ph7k,sexualassault,gwj5dbo,1619869704,2021-05-01 11:48:24,Information Support,"Internalized, Anticipated"
,,,,,,,,,,n1o7lj,sexualassault,gweo6o2,1619776269,2021-04-30 9:51:09,"Information Support, Emotional Support, Esteem Support",
,,,,,,,,,,n1o7lj,sexualassault,gwj5r03,1619870008,2021-05-01 11:53:28,"Information Support, Esteem Support",
,,,,,,,,,,n1m4ap,sexualassault,gwg3uwt,1619802946,2021-04-30 17:15:46,"Information Support, Esteem Support, Group Interaction",Internalized
,,,,,,,,,,n1i0pd,sexualassault,gwd7dp7,1619742704,2021-04-30 0:31:44,"Emotional Support, Esteem Support","Experienced, Internalized"
,,,,,,,,,,n1i0pd,sexualassault,gwdt8ca,1619753196,2021-04-30 3:26:36,,"Experienced, Internalized"
,,,,,,,,,,n1i0pd,sexualassault,gwe0frf,1619757502,2021-04-30 4:38:22,"Emotional Support, Esteem Support","Experienced, Internalized"
,,,,,,,,,,n1i0pd,sexualassault,gwe4vdd,1619760702,2021-04-30 5:31:42,"Emotional Support, Group Interaction","Experienced, Internalized"
,,,,,,,,,,n1i0pd,sexualassault,gweeu5q,1619768918,2021-04-30 7:48:38,"Emotional Support, Esteem Support, Group Interaction","Experienced, Internalized"
,,,,,,,,,,n1i0pd,sexualassault,gweo41l,1619776219,2021-04-30 9:50:19,"Information Support, Emotional Support, Esteem Support","Experienced, Internalized"
,,,,,,,,,,n1i0pd,sexualassault,gweok62,1619776541,2021-04-30 9:55:41,"Emotional Support, Esteem Support, Group Interaction","Experienced, Internalized"
,,,,,,,,,,n1h5z2,sexualassault,gwdhfsb,1619747362,2021-04-30 1:49:22,"Information Support, Emotional Support, Esteem Support, Tangible Assistance, Group Interaction",Internalized
,,,,,,,,,,n1h5z2,sexualassault,gwe24p8,1619758676,2021-04-30 4:57:56,Information Support,Internalized
,,,,,,,,,,n1bfnk,sexualassault,gwc03ji,1619723714,2021-04-29 19:15:14,Information Support,"Internalized, Anticipated"
,,,,,,,,,,n1bfnk,sexualassault,gwc3248,1619724872,2021-04-29 19:34:32,"Esteem Support, Group Interaction","Internalized, Anticipated"
,,,,,,,,,,n1bfnk,sexualassault,gwcqgiy,1619734613,2021-04-29 22:16:53,"Emotional Support, Esteem Support, Group Interaction","Internalized, Anticipated"
,,,,,,,,,,n1bfnk,sexualassault,gwcdvnd,1619729200,2021-04-29 20:46:40,"Information Support, Emotional Support, Esteem Support, Group Interaction","Internalized, Anticipated"
,,,,,,,,,,n14r5a,sexualassault,lwp1i16,1731382589,2024-11-12 3:36:29,"Emotional Support, Esteem Support, Group Interaction","Internalized, Anticipated, Structural"
,,,,,,,,,,n11oo4,sexualassault,gwapv7a,1619705186,2021-04-29 14:06:26,"Information Support, Esteem Support",
,,,,,,,,,,n10ayb,sexualassault,gwas662,1619706224,2021-04-29 14:23:44,,Experienced
,,,,,,,,,,n10avh,sexualassault,gwa0fjh,1619688950,2021-04-29 9:35:50,"Information Support, Emotional Support, Esteem Support","Internalized, Anticipated"
,,,,,,,,,,n10avh,sexualassault,gxl05co,1620630529,2021-05-10 7:08:49,"Information Support, Emotional Support, Esteem Support, Tangible Assistance","Internalized, Anticipated"
,,,,,,,,,,n10avh,sexualassault,gytth38,1621521884,2021-05-20 14:44:44,"Information Support, Esteem Support","Internalized, Anticipated"
,,,,,,,,,,n10afs,sexualassault,gwa07pp,1619688750,2021-04-29 9:32:30,"Information Support, Emotional Support, Esteem Support",Internalized
,,,,,,,,,,n10afs,sexualassault,gw9y071,1619686633,2021-04-29 8:57:13,Emotional Support,Internalized
,,,,,,,,,,n10afs,sexualassault,gw9z2iw,1619687651,2021-04-29 9:14:11,"Information Support, Emotional Support, Esteem Support, Tangible Assistance, Group Interaction",Internalized
,,,,,,,,,,n0z2em,sexualassault,gwa54wc,1619693102,2021-04-29 10:45:02,Information Support,"Experienced, Internalized, Anticipated"
,,,,,,,,,,n0yelm,sexualassault,gwa4307,1619692243,2021-04-29 10:30:43,"Information Support, Emotional Support, Esteem Support, Tangible Assistance","Experienced, Internalized, Anticipated"
,,,,,,,,,,n0x3s9,sexualassault,gw9gq4s,1619672216,2021-04-29 4:56:56,,"Experienced, Internalized, Anticipated"
,,,,,,,,,,n0x3s9,sexualassault,gw9l4ha,1619675484,2021-04-29 5:51:24,Information Support,"Experienced, Internalized, Anticipated"
,,,,,,,,,,n0wc2y,sexualassault,gw9re2p,1619680530,2021-04-29 7:15:30,"Information Support, Esteem Support","Anticipated, Structural"
,,,,,,,,,,n0volw,sexualassault,gw9cyf8,1619669706,2021-04-29 4:15:06,Information Support,"Experienced, Anticipated, Structural"
,,,,,,,,,,n0rakj,sexualassault,gw9d77h,1619669859,2021-04-29 4:17:39,"Information Support, Esteem Support","Experienced, Internalized, Anticipated"
,,,,,,,,,,n0qnn1,sexualassault,gw8xf94,1619661286,2021-04-29 1:54:46,"Information Support, Emotional Support, Tangible Assistance",Internalized
,,,,,,,,,,n0qnn1,sexualassault,gw96nb5,1619666006,2021-04-29 3:13:26,"Information Support, Emotional Support, Esteem Support, Tangible Assistance",Internalized
,,,,,,,,,,n0hilb,sexualassault,gw7s130,1619641980,2021-04-28 20:33:00,"Emotional Support, Esteem Support, Group Interaction","Experienced, Structural"
,,,,,,,,,,n0cota,sexualassault,gwarcqp,1619705867,2021-04-29 14:17:47,,Internalized
,,,,,,,,,,n0cgh0,sexualassault,gw5qr0l,1619608392,2021-04-28 11:13:12,Information Support,"Experienced, Internalized, Anticipated"
,,,,,,,,,,n0bxty,sexualassault,j1wzwxi,1672188452,2022-12-28 0:47:32,Information Support,Internalized
,,,,,,,,,,n08tc6,sexualassault,gw69ksb,1619619091,2021-04-28 14:11:31,"Information Support, Emotional Support, Esteem Support",Internalized
,,,,,,,,,,n06vna,sexualassault,gw5dt8u,1619596479,2021-04-28 7:54:39,"Information Support, Esteem Support",
,,,,,,,,,,n06vna,sexualassault,gw5pkdw,1619607454,2021-04-28 10:57:34,"Information Support, Esteem Support, Group Interaction",
,,,,,,,,,,n03gbw,sexualassault,gw4h6k5,1619574407,2021-04-28 1:46:47,"Information Support, Tangible Assistance","Experienced, Internalized, Anticipated"
,,,,,,,,,,n03gbw,sexualassault,gw4njks,1619577710,2021-04-28 2:41:50,"Information Support, Tangible Assistance","Experienced, Internalized, Anticipated"
,,,,,,,,,,n03gbw,sexualassault,gw4nlok,1619577741,2021-04-28 2:42:21,Esteem Support,"Experienced, Internalized, Anticipated"
,,,,,,,,,,n02g9e,sexualassault,gw4mr3x,1619577288,2021-04-28 2:34:48,"Emotional Support, Esteem Support","Experienced, Internalized"
,,,,,,,,,,n02g9e,sexualassault,gw4enri,1619573151,2021-04-28 1:25:51,"Information Support, Emotional Support, Esteem Support","Experienced, Internalized"
,,,,,,,,,,n02g9e,sexualassault,h1r3dq4,1623691685,2021-06-14 17:28:05,"Information Support, Emotional Support, Esteem Support","Experienced, Internalized"
,,,,,,,,,,n01bsr,sexualassault,gw41kkv,1619566600,2021-04-27 23:36:40,"Information Support, Esteem Support, Group Interaction","Internalized, Anticipated"
,,,,,,,,,,n01bsr,sexualassault,gw41lqu,1619566615,2021-04-27 23:36:55,"Information Support, Emotional Support, Esteem Support","Internalized, Anticipated"
,,,,,,,,,,n01bsr,sexualassault,gw4l8xl,1619576485,2021-04-28 2:21:25,"Emotional Support, Esteem Support","Internalized, Anticipated"
,,,,,,,,,,n00mql,sexualassault,gw4ozoc,1619578503,2021-04-28 2:55:03,"Information Support, Emotional Support, Esteem Support, Group Interaction",Internalized
,,,,,,,,,,mzz4zw,sexualassault,gw45hou,1619568566,2021-04-28 0:09:26,"Emotional Support, Esteem Support","Experienced, Internalized"
,,,,,,,,,,mzmk9s,sexualassault,gw1uf9i,1619532027,2021-04-27 14:00:27,"Information Support, Emotional Support, Esteem Support",Internalized
,,,,,,,,,,mzhk13,sexualassault,gw10j5a,1619510754,2021-04-27 8:05:54,"Information Support, Emotional Support, Esteem Support","Experienced, Internalized, Anticipated"
,,,,,,,,,,mzhk13,sexualassault,gw277vc,1619537621,2021-04-27 15:33:41,Information Support,"Experienced, Internalized, Anticipated"
,,,,,,,,,,mzgm4w,sexualassault,gw3wtdy,1619564216,2021-04-27 22:56:56,"Information Support, Emotional Support, Esteem Support","Experienced, Internalized, Structural"
,,,,,,,,,,mzgm4w,sexualassault,gw0qdqd,1619502067,2021-04-27 5:41:07,"Information Support, Tangible Assistance","Experienced, Internalized, Structural"
,,,,,,,,,,mzgm4w,sexualassault,gwft607,1619798426,2021-04-30 16:00:26,"Information Support, Emotional Support","Experienced, Internalized, Structural"
,,,,,,,,,,mzfnyo,sexualassault,gw1pv4f,1619529801,2021-04-27 13:23:21,"Information Support, Tangible Assistance, Group Interaction","Experienced, Internalized"
,,,,,,,,,,mzfnyo,sexualassault,gw16okp,1619516577,2021-04-27 9:42:57,"Emotional Support, Group Interaction","Experienced, Internalized"
,,,,,,,,,,mzfnyo,sexualassault,gw1j5zg,1619526103,2021-04-27 12:21:43,Esteem Support,"Experienced, Internalized"
,,,,,,,,,,mzfnyo,sexualassault,gw0qr69,1619502363,2021-04-27 5:46:03,"Emotional Support, Group Interaction","Experienced, Internalized"
,,,,,,,,,,mzfnyo,sexualassault,gw1vviu,1619532706,2021-04-27 14:11:46,"Emotional Support, Esteem Support, Group Interaction","Experienced, Internalized"
,,,,,,,,,,mzelzk,sexualassault,gw0q0bf,1619501777,2021-04-27 5:36:17,"Information Support, Emotional Support, Esteem Support",Internalized
,,,,,,,,,,mzdxzi,sexualassault,gw06v1u,1619489644,2021-04-27 2:14:04,"Information Support, Emotional Support","Experienced, Anticipated, Structural"
,,,,,,,,,,mzdxzi,sexualassault,gw1cx0h,1619521917,2021-04-27 11:11:57,"Information Support, Emotional Support, Esteem Support","Experienced, Anticipated, Structural"
,,,,,,,,,,mzdxzi,sexualassault,gw3uskb,1619563227,2021-04-27 22:40:27,"Information Support, Tangible Assistance","Experienced, Anticipated, Structural"
,,,,,,,,,,mz2y7v,sexualassault,gvzmnpx,1619479363,2021-04-26 23:22:43,"Information Support, Emotional Support, Esteem Support","Experienced, Anticipated, Structural"
,,,,,,,,,,mz0l6f,sexualassault,gvyo74p,1619463803,2021-04-26 19:03:23,,Internalized
,,,,,,,,,,myvi9z,sexualassault,gvxy5pz,1619452847,2021-04-26 16:00:47,"Information Support, Esteem Support, Tangible Assistance, Group Interaction","Experienced, Internalized"
,,,,,,,,,,myvi9z,sexualassault,gvy9q64,1619457693,2021-04-26 17:21:33,"Information Support, Emotional Support","Experienced, Internalized"
,,,,,,,,,,mysh4y,sexualassault,gvx1jjt,1619435873,2021-04-26 11:17:53,"Information Support, Emotional Support",Experienced
,,,,,,,,,,myrw4h,sexualassault,gvxi0hr,1619445699,2021-04-26 14:01:39,"Information Support, Esteem Support","Experienced, Internalized, Anticipated, Structural"
,,,,,,,,,,myrw4h,sexualassault,gvxyo93,1619453066,2021-04-26 16:04:26,"Emotional Support, Tangible Assistance","Experienced, Internalized, Anticipated, Structural"
,,,,,,,,,,myrw4h,sexualassault,gvwnpfy,1619422988,2021-04-26 7:43:08,Emotional Support,"Experienced, Internalized, Anticipated, Structural"
,,,,,,,,,,myrw4h,sexualassault,gvyzsqe,1619468799,2021-04-26 20:26:39,"Information Support, Emotional Support, Esteem Support, Tangible Assistance","Experienced, Internalized, Anticipated, Structural"
,,,,,,,,,,myralp,sexualassault,gvwxlzr,1619432536,2021-04-26 10:22:16,"Information Support, Esteem Support",Experienced
,,,,,,,,,,myra3k,sexualassault,gw9somo,1619681669,2021-04-29 7:34:29,"Emotional Support, Esteem Support, Group Interaction","Experienced, Anticipated"
,,,,,,,,,,myqk1a,sexualassault,gvwmfd8,1619421784,2021-04-26 7:23:04,"Emotional Support, Esteem Support","Experienced, Internalized, Anticipated"
,,,,,,,,,,myn0hs,sexualassault,gvvygmc,1619404588,2021-04-26 2:36:28,"Information Support, Emotional Support, Esteem Support",Internalized
,,,,,,,,,,myi077,sexualassault,gvwml9i,1619421936,2021-04-26 7:25:36,"Information Support, Emotional Support","Experienced, Internalized"
,,,,,,,,,,myf1nd,sexualassault,gvwmyh6,1619422273,2021-04-26 7:31:13,Information Support,Internalized
,,,,,,,,,,myd8hv,sexualassault,gvuib5p,1619377471,2021-04-25 19:04:31,"Information Support, Emotional Support, Esteem Support",Experienced
,,,,,,,,,,my31ir,sexualassault,gvthgr3,1619359586,2021-04-25 14:06:26,"Information Support, Emotional Support, Esteem Support","Internalized, Anticipated"
,,,,,,,,,,my2uob,sexualassault,gvvodg9,1619398891,2021-04-26 1:01:31,"Information Support, Esteem Support","Experienced, Internalized, Anticipated"
,,,,,,,,,,my2c4a,sexualassault,gvt9jdu,1619354439,2021-04-25 12:40:39,"Information Support, Esteem Support, Group Interaction",Internalized
,,,,,,,,,,mxye6y,sexualassault,gvstb9c,1619339907,2021-04-25 8:38:27,"Information Support, Esteem Support",Anticipated
,,,,,,,,,,mxye6y,sexualassault,gvufkwf,1619376249,2021-04-25 18:44:09,,Anticipated
,,,,,,,,,,mxq16d,sexualassault,gvrx4uo,1619316121,2021-04-25 2:02:01,"Information Support, Emotional Support, Esteem Support","Experienced, Internalized, Anticipated"
,,,,,,,,,,mxg6vt,sexualassault,hn9qf76,1638668813,2021-12-05 1:46:53,"Emotional Support, Group Interaction","Experienced, Anticipated"
,,,,,,,,,,mxf44z,sexualassault,gvs9x0a,1619323708,2021-04-25 4:08:28,"Information Support, Emotional Support, Group Interaction",Internalized
,,,,,,,,,,mx4dre,sexualassault,gvm4e59,1619213623,2021-04-23 21:33:43,Emotional Support,"Experienced, Internalized, Anticipated, Structural"
,,,,,,,,,,mx4dre,sexualassault,gvm7a70,1619215032,2021-04-23 21:57:12,"Information Support, Emotional Support","Experienced, Internalized, Anticipated, Structural"
,,,,,,,,,,mx4dre,sexualassault,gvmano3,1619216694,2021-04-23 22:24:54,"Information Support, Emotional Support, Esteem Support","Experienced, Internalized, Anticipated, Structural"
,,,,,,,,,,mx4dre,sexualassault,gvmgcka,1619219613,2021-04-23 23:13:33,"Information Support, Emotional Support, Esteem Support","Experienced, Internalized, Anticipated, Structural"
,,,,,,,,,,mx4dre,sexualassault,gvmdqat,1619218261,2021-04-23 22:51:01,"Information Support, Esteem Support, Tangible Assistance","Experienced, Internalized, Anticipated, Structural"
,,,,,,,,,,mx40b4,sexualassault,gvlyste,1619210992,2021-04-23 20:49:52,"Information Support, Emotional Support, Esteem Support, Group Interaction","Internalized, Anticipated"
,,,,,,,,,,mwzg3b,sexualassault,gvnv4s4,1619254094,2021-04-24 8:48:14,"Information Support, Group Interaction","Experienced, Anticipated"
,,,,,,,,,,mwy7ac,sexualassault,gvkv7jr,1619193477,2021-04-23 15:57:57,Emotional Support,"Experienced, Internalized, Anticipated"
,,,,,,,,,,mwv8d1,sexualassault,gvkgqua,1619187153,2021-04-23 14:12:33,"Emotional Support, Esteem Support",Internalized
,,,,,,,,,,mwptt4,sexualassault,gvk88cj,1619182887,2021-04-23 13:01:27,"Information Support, Emotional Support","Experienced, Internalized, Anticipated"
,,,,,,,,,,mwbuhd,sexualassault,gvhvqrz,1619128556,2021-04-22 21:55:56,"Emotional Support, Esteem Support",Internalized
,,,,,,,,,,mwbuhd,sexualassault,gvhvrrm,1619128569,2021-04-22 21:56:09,"Emotional Support, Esteem Support",Internalized
,,,,,,,,,,mwb0yj,sexualassault,gvh13oc,1619115380,2021-04-22 18:16:20,Information Support,"Experienced, Internalized, Anticipated"
,,,,,,,,,,mwb0yj,sexualassault,gvjzzl1,1619177764,2021-04-23 11:36:04,"Information Support, Emotional Support, Esteem Support","Experienced, Internalized, Anticipated"
,,,,,,,,,,mw702d,sexualassault,gvghe1x,1619107220,2021-04-22 16:00:20,Esteem Support,Internalized
,,,,,,,,,,mw702d,sexualassault,gvgxlk7,1619113931,2021-04-22 17:52:11,Esteem Support,Internalized
,,,,,,,,,,mw0u8f,sexualassault,gvfc1jx,1619083203,2021-04-22 9:20:03,,"Internalized, Anticipated"
,,,,,,,,,,mw0u8f,sexualassault,gvft6iu,1619096200,2021-04-22 12:56:40,Information Support,"Internalized, Anticipated"
,,,,,,,,,,mw0u8f,sexualassault,gvfvqao,1619097567,2021-04-22 13:19:27,Information Support,"Internalized, Anticipated"
,,,,,,,,,,mvymu1,sexualassault,gvghs92,1619107387,2021-04-22 16:03:07,"Information Support, Emotional Support, Tangible Assistance","Experienced, Anticipated"
,,,,,,,,,,mvycg6,sexualassault,gvgff97,1619106400,2021-04-22 15:46:40,"Information Support, Esteem Support, Tangible Assistance","Experienced, Internalized, Anticipated"
,,,,,,,,,,mvv5nc,sexualassault,gvgje9y,1619108067,2021-04-22 16:14:27,Information Support,"Experienced, Structural"
,,,,,,,,,,mvswh7,sexualassault,gve6vai,1619054089,2021-04-22 1:14:49,"Information Support, Emotional Support, Esteem Support","Experienced, Internalized, Anticipated"
,,,,,,,,,,mvsdd8,sexualassault,gve7c7q,1619054322,2021-04-22 1:18:42,"Information Support, Esteem Support",Internalized
,,,,,,,,,,mvsdd8,sexualassault,gvfgio1,1619087466,2021-04-22 10:31:06,"Information Support, Emotional Support, Esteem Support",Internalized
,,,,,,,,,,mvsdd8,sexualassault,ijlpsl5,1660064728,2022-08-09 17:05:28,"Information Support, Esteem Support, Group Interaction",Internalized
,,,,,,,,,,mvo4c8,sexualassault,gvd7s9w,1619037387,2021-04-21 20:36:27,"Information Support, Emotional Support","Experienced, Internalized, Anticipated"
,,,,,,,,,,mvo4c8,sexualassault,gvdgl2q,1619041223,2021-04-21 21:40:23,"Information Support, Emotional Support, Esteem Support","Experienced, Internalized, Anticipated"
,,,,,,,,,,mvo4c8,sexualassault,gvddt5v,1619039978,2021-04-21 21:19:38,"Information Support, Emotional Support, Esteem Support","Experienced, Internalized, Anticipated"
,,,,,,,,,,mvo4c8,sexualassault,gvedo1f,1619057560,2021-04-22 2:12:40,"Information Support, Emotional Support, Esteem Support","Experienced, Internalized, Anticipated"
,,,,,,,,,,mvo4c8,sexualassault,gvfb7yt,1619082391,2021-04-22 9:06:31,Information Support,"Experienced, Internalized, Anticipated"
,,,,,,,,,,mvo4c8,sexualassault,llso2mc,1725631219,2024-09-06 14:00:19,Emotional Support,"Experienced, Internalized, Anticipated"
,,,,,,,,,,mvl885,sexualassault,gvcq42e,1619029831,2021-04-21 18:30:31,"Information Support, Emotional Support, Esteem Support, Group Interaction","Experienced, Internalized, Anticipated"
,,,,,,,,,,mvl885,sexualassault,gvcsbc9,1619030761,2021-04-21 18:46:01,"Information Support, Emotional Support, Esteem Support, Tangible Assistance","Experienced, Internalized, Anticipated"
,,,,,,,,,,mvdenn,sexualassault,gvc9fap,1619022821,2021-04-21 16:33:41,"Emotional Support, Esteem Support",Internalized
,,,,,,,,,,mvb10v,sexualassault,gxldysp,1620643570,2021-05-10 10:46:10,"Information Support, Emotional Support, Esteem Support, Group Interaction",Internalized
,,,,,,,,,,mva94b,sexualassault,gvaw981,1618993241,2021-04-21 8:20:41,Emotional Support,"Internalized, Anticipated, Structural"
,,,,,,,,,,mva94b,sexualassault,gvbif9q,1619010553,2021-04-21 13:09:13,Emotional Support,"Internalized, Anticipated, Structural"
,,,,,,,,,,mva94b,sexualassault,gz4s7xl,1621747074,2021-05-23 5:17:54,"Information Support, Emotional Support","Internalized, Anticipated, Structural"
,,,,,,,,,,mva6y1,sexualassault,gvaufhp,1618991450,2021-04-21 7:50:50,"Tangible Assistance, Group Interaction","Internalized, Anticipated"
,,,,,,,,,,mva6y1,sexualassault,gvb7rxw,1619003752,2021-04-21 11:15:52,"Information Support, Esteem Support","Internalized, Anticipated"
,,,,,,,,,,mva6y1,sexualassault,gvb806y,1619003932,2021-04-21 11:18:52,Emotional Support,"Internalized, Anticipated"
,,,,,,,,,,mv8e26,sexualassault,gvd8yh7,1619037879,2021-04-21 20:44:39,Information Support,"Experienced, Anticipated, Structural"
,,,,,,,,,,mv57ub,sexualassault,gv9xbzk,1618968858,2021-04-21 1:34:18,"Emotional Support, Esteem Support, Group Interaction",Internalized
,,,,,,,,,,mv57ub,sexualassault,gv9z1za,1618969746,2021-04-21 1:49:06,"Information Support, Emotional Support, Tangible Assistance",Internalized
,,,,,,,,,,mv57ub,sexualassault,gva3fnx,1618972088,2021-04-21 2:28:08,"Information Support, Tangible Assistance",Internalized
,,,,,,,,,,mv57ub,sexualassault,gva3zl3,1618972394,2021-04-21 2:33:14,"Information Support, Tangible Assistance, Group Interaction",Internalized
,,,,,,,,,,muzdav,sexualassault,gv8xc8q,1618951849,2021-04-20 20:50:49,"Information Support, Esteem Support","Internalized, Anticipated"
,,,,,,,,,,muzcs6,sexualassault,gv95230,1618955091,2021-04-20 21:44:51,"Emotional Support, Esteem Support","Experienced, Internalized, Anticipated, Structural"
,,,,,,,,,,muzcs6,sexualassault,gva2tet,1618971748,2021-04-21 2:22:28,"Emotional Support, Esteem Support, Tangible Assistance","Experienced, Internalized, Anticipated, Structural"
,,,,,,,,,,muzcs6,sexualassault,gvajaoi,1618981982,2021-04-21 5:13:02,"Information Support, Esteem Support, Group Interaction","Experienced, Internalized, Anticipated, Structural"
,,,,,,,,,,muxphm,sexualassault,gva7zdq,1618974617,2021-04-21 3:10:17,Information Support,Anticipated
,,,,,,,,,,muxphm,sexualassault,gv8s85d,1618949725,2021-04-20 20:15:25,Information Support,Anticipated
,,,,,,,,,,muu50h,sexualassault,gv8swcn,1618950007,2021-04-20 20:20:07,"Information Support, Emotional Support, Esteem Support",Experienced
,,,,,,,,,,muu50h,sexualassault,gvrdtfw,1619305541,2021-04-24 23:05:41,"Information Support, Esteem Support",Experienced
,,,,,,,,,,mutrrk,sexualassault,gv7wyb2,1618936832,2021-04-20 16:40:32,"Information Support, Group Interaction",Internalized
,,,,,,,,,,muro8w,sexualassault,gv7hcq7,1618930296,2021-04-20 14:51:36,Emotional Support,"Experienced, Internalized"
,,,,,,,,,,muro8w,sexualassault,gv7l47r,1618931893,2021-04-20 15:18:13,"Information Support, Emotional Support, Esteem Support","Experienced, Internalized"
,,,,,,,,,,mult0w,sexualassault,gv6ydx2,1618920731,2021-04-20 12:12:11,Group Interaction,"Internalized, Anticipated"
,,,,,,,,,,mult0w,sexualassault,gv6z9jv,1618921279,2021-04-20 12:21:19,"Emotional Support, Esteem Support","Internalized, Anticipated"
,,,,,,,,,,mul2gc,sexualassault,gv70mgi,1618922104,2021-04-20 12:35:04,Emotional Support,"Experienced, Internalized, Anticipated, Structural"
,,,,,,,,,,mui2od,sexualassault,gv6a9mx,1618899567,2021-04-20 6:19:27,"Emotional Support, Esteem Support",Experienced
,,,,,,,,,,mui2od,sexualassault,gv6ph2c,1618913951,2021-04-20 10:19:11,"Emotional Support, Esteem Support",Experienced
,,,,,,,,,,mui2od,sexualassault,gv6zeo5,1618921368,2021-04-20 12:22:48,"Esteem Support, Group Interaction",Experienced
,,,,,,,,,,mufvlq,sexualassault,gvegx9z,1619059313,2021-04-22 2:41:53,"Information Support, Emotional Support, Esteem Support",Internalized
,,,,,,,,,,muewjm,sexualassault,gv5q2vg,1618886115,2021-04-20 2:35:15,"Information Support, Esteem Support",Internalized
,,,,,,,,,,muewjm,sexualassault,gv5thr5,1618888000,2021-04-20 3:06:40,"Information Support, Esteem Support",Internalized
,,,,,,,,,,muelaf,sexualassault,gv5hylh,1618881906,2021-04-20 1:25:06,"Information Support, Emotional Support, Esteem Support","Experienced, Anticipated"
,,,,,,,,,,mucuen,sexualassault,gv5cbf6,1618878990,2021-04-20 0:36:30,"Information Support, Group Interaction",Internalized
,,,,,,,,,,mucuen,sexualassault,gvavtdo,1618992805,2021-04-21 8:13:25,"Information Support, Esteem Support",Internalized
,,,,,,,,,,mub1pm,sexualassault,gv584fo,1618876855,2021-04-20 0:00:55,"Emotional Support, Group Interaction","Internalized, Anticipated"
,,,,,,,,,,mu2u4y,sexualassault,gv51ym0,1618873750,2021-04-19 23:09:10,"Information Support, Emotional Support, Esteem Support","Experienced, Internalized, Anticipated"
,,,,,,,,,,mu2u4y,sexualassault,gv5avo1,1618878255,2021-04-20 0:24:15,"Information Support, Emotional Support, Esteem Support, Tangible Assistance","Experienced, Internalized, Anticipated"
,,,,,,,,,,mu2u4y,sexualassault,gv3amdw,1618846134,2021-04-19 15:28:54,"Information Support, Emotional Support, Tangible Assistance","Experienced, Internalized, Anticipated"
,,,,,,,,,,mu184f,sexualassault,gv35fc7,1618843880,2021-04-19 14:51:20,Information Support,"Internalized, Anticipated"
,,,,,,,,,,mu12o6,sexualassault,gvehtia,1619059808,2021-04-22 2:50:08,Information Support,"Experienced, Anticipated"
,,,,,,,,,,mu12o6,sexualassault,gv3anl2,1618846148,2021-04-19 15:29:08,Information Support,"Experienced, Anticipated"
,,,,,,,,,,mtx29d,sexualassault,gv3gt3e,1618848743,2021-04-19 16:12:23,"Information Support, Emotional Support, Esteem Support",Internalized
,,,,,,,,,,mtufjm,sexualassault,gveim0u,1619060244,2021-04-22 2:57:24,"Information Support, Emotional Support, Esteem Support, Tangible Assistance","Experienced, Internalized, Anticipated"
,,,,,,,,,,mttgg4,sexualassault,gv230fh,1618817711,2021-04-19 7:35:11,"Information Support, Emotional Support, Esteem Support","Internalized, Anticipated"
,,,,,,,,,,mttgg4,sexualassault,gv578su,1618876405,2021-04-19 23:53:25,"Information Support, Emotional Support, Esteem Support, Tangible Assistance","Internalized, Anticipated"
,,,,,,,,,,mttgg4,sexualassault,gv5d96y,1618879466,2021-04-20 0:44:26,"Information Support, Emotional Support, Esteem Support","Internalized, Anticipated"
,,,,,,,,,,mtspi4,sexualassault,gvei5ob,1619059991,2021-04-22 2:53:11,"Information Support, Emotional Support",Anticipated
,,,,,,,,,,mtsbpb,sexualassault,gv3grg6,1618848723,2021-04-19 16:12:03,Information Support,"Experienced, Internalized"
,,,,,,,,,,mtrhjq,sexualassault,gv1t5vi,1618809566,2021-04-19 5:19:26,Information Support,"Experienced, Internalized, Anticipated"
,,,,,,,,,,mtqmzr,sexualassault,gv1bvvc,1618798350,2021-04-19 2:12:30,Information Support,Internalized
,,,,,,,,,,mtqmzr,sexualassault,gv1kv32,1618803795,2021-04-19 3:43:15,"Information Support, Emotional Support, Esteem Support",Internalized
,,,,,,,,,,mtqf49,sexualassault,gv22iku,1618817268,2021-04-19 7:27:48,"Information Support, Emotional Support",Experienced
,,,,,,,,,,mtqf49,sexualassault,gv24xzb,1618819460,2021-04-19 8:04:20,"Emotional Support, Group Interaction",Experienced
,,,,,,,,,,mtpfxj,sexualassault,gv12mux,1618793193,2021-04-19 0:46:33,Emotional Support,"Experienced, Internalized, Anticipated"
,,,,,,,,,,mtpfxj,sexualassault,gv1hssx,1618801873,2021-04-19 3:11:13,Emotional Support,"Experienced, Internalized, Anticipated"
,,,,,,,,,,mtngzn,sexualassault,gv0wpdy,1618790004,2021-04-18 23:53:24,"Information Support, Esteem Support",Experienced
,,,,,,,,,,mtngzn,sexualassault,gv13wae,1618793873,2021-04-19 0:57:53,"Information Support, Emotional Support, Esteem Support",Experienced
,,,,,,,,,,mtexuh,sexualassault,guzflzq,1618764092,2021-04-18 16:41:32,Information Support,"Experienced, Internalized, Anticipated"
,,,,,,,,,,mtexuh,sexualassault,gv0zoow,1618791610,2021-04-19 0:20:10,"Information Support, Emotional Support, Esteem Support","Experienced, Internalized, Anticipated"
,,,,,,,,,,mt9ksp,sexualassault,guylo1f,1618747509,2021-04-18 12:05:09,"Information Support, Emotional Support, Tangible Assistance, Group Interaction",Internalized
,,,,,,,,,,mt9ksp,sexualassault,guzi9nr,1618765362,2021-04-18 17:02:42,"Information Support, Emotional Support, Esteem Support",Internalized
,,,,,,,,,,mt522k,sexualassault,guxqefu,1618719699,2021-04-18 4:21:39,"Information Support, Esteem Support","Experienced, Internalized"
,,,,,,,,,,mt522k,sexualassault,guxnxro,1618718077,2021-04-18 3:54:37,Esteem Support,"Experienced, Internalized"
,,,,,,,,,,mt522k,sexualassault,guzk8ze,1618766320,2021-04-18 17:18:40,"Information Support, Emotional Support, Esteem Support","Experienced, Internalized"
,,,,,,,,,,mt4yk9,sexualassault,guxl5cr,1618716282,2021-04-18 3:24:42,Information Support,"Experienced, Anticipated"
,,,,,,,,,,mszfhs,sexualassault,guygeei,1618742912,2021-04-18 10:48:32,"Information Support, Emotional Support, Esteem Support","Experienced, Internalized, Anticipated"
,,,,,,,,,,msxdhr,sexualassault,guw89wv,1618690323,2021-04-17 20:12:03,Emotional Support,"Experienced, Anticipated"
,,,,,,,,,,msxdhr,sexualassault,guwmayn,1618696622,2021-04-17 21:57:02,"Emotional Support, Esteem Support, Group Interaction","Experienced, Anticipated"
,,,,,,,,,,msxdhr,sexualassault,guziqtp,1618765589,2021-04-18 17:06:29,"Emotional Support, Esteem Support","Experienced, Anticipated"
,,,,,,,,,,msx41r,sexualassault,guyh8a0,1618743699,2021-04-18 11:01:39,"Information Support, Esteem Support",Internalized
,,,,,,,,,,msvaix,sexualassault,guwmgai,1618696702,2021-04-17 21:58:22,"Emotional Support, Esteem Support",Experienced
,,,,,,,,,,msudc1,sexualassault,guyfx3a,1618742444,2021-04-18 10:40:44,Information Support,
,,,,,,,,,,msrpyy,sexualassault,guyhods,1618744120,2021-04-18 11:08:40,"Information Support, Esteem Support","Experienced, Internalized, Anticipated"
,,,,,,,,,,msp8qo,sexualassault,guu4w1p,1618659959,2021-04-17 11:45:59,Information Support,Internalized
,,,,,,,,,,msp8qo,sexualassault,guusksd,1618670118,2021-04-17 14:35:18,"Information Support, Emotional Support, Esteem Support, Tangible Assistance",Internalized
,,,,,,,,,,msn7zs,sexualassault,guyieau,1618744778,2021-04-18 11:19:38,"Information Support, Emotional Support, Esteem Support, Group Interaction",Internalized
,,,,,,,,,,mslb6u,sexualassault,guyjieu,1618745735,2021-04-18 11:35:35,"Information Support, Emotional Support, Esteem Support","Experienced, Internalized, Anticipated"
,,,,,,,,,,msij0p,sexualassault,gut5cr4,1618635735,2021-04-17 5:02:15,Information Support,
,,,,,,,,,,msii4i,sexualassault,gusv46o,1618629091,2021-04-17 3:11:31,"Information Support, Emotional Support, Esteem Support",Internalized
,,,,,,,,,,msdee6,sexualassault,gusc7xi,1618618582,2021-04-17 0:16:22,"Information Support, Group Interaction","Experienced, Internalized"
,,,,,,,,,,msdee6,sexualassault,gurvhwo,1618609865,2021-04-16 21:51:05,Information Support,"Experienced, Internalized"
,,,,,,,,,,msbr03,sexualassault,gurobkg,1618606423,2021-04-16 20:53:43,Information Support,"Experienced, Anticipated"
,,,,,,,,,,msb3m4,sexualassault,gurlxuw,1618605356,2021-04-16 20:35:56,Information Support,Internalized
,,,,,,,,,,msb3m4,sexualassault,gushxy6,1618621690,2021-04-17 1:08:10,"Information Support, Emotional Support, Esteem Support",Internalized
,,,,,,,,,,ms9f04,sexualassault,guupvir,1618669201,2021-04-17 14:20:01,"Information Support, Esteem Support","Internalized, Anticipated"
,,,,,,,,,,ms9f04,sexualassault,guvxjxr,1618686230,2021-04-17 19:03:50,"Information Support, Esteem Support","Internalized, Anticipated"
,,,,,,,,,,ms4wda,sexualassault,guykf8r,1618746492,2021-04-18 11:48:12,"Information Support, Emotional Support, Esteem Support",Internalized
,,,,,,,,,,ms2ur5,sexualassault,guyjyz1,1618746120,2021-04-18 11:42:00,"Information Support, Emotional Support, Esteem Support","Experienced, Anticipated"
,,,,,,,,,,ms16kh,sexualassault,gupnonx,1618572528,2021-04-16 11:28:48,Information Support,"Experienced, Internalized, Structural"
,,,,,,,,,,mryi5w,sexualassault,gupj10m,1618568937,2021-04-16 10:28:57,"Information Support, Emotional Support, Esteem Support, Tangible Assistance, Group Interaction","Experienced, Internalized, Anticipated"
,,,,,,,,,,mrv1zx,sexualassault,gupadkj,1618560774,2021-04-16 8:12:54,"Information Support, Emotional Support, Esteem Support","Experienced, Internalized, Anticipated"
,,,,,,,,,,mrubpi,sexualassault,guop5vp,1618544281,2021-04-16 3:38:01,"Information Support, Emotional Support",Internalized
,,,,,,,,,,mrubpi,sexualassault,guozb47,1618551174,2021-04-16 5:32:54,Information Support,Internalized
,,,,,,,,,,mrubpi,sexualassault,gupcdr8,1618562696,2021-04-16 8:44:56,Information Support,Internalized
,,,,,,,,,,mrubpi,sexualassault,gur3nat,1618597104,2021-04-16 18:18:24,"Information Support, Emotional Support",Internalized
,,,,,,,,,,mrrpy4,sexualassault,guojwlb,1618541273,2021-04-16 2:47:53,,"Internalized, Anticipated"
,,,,,,,,,,mrrpy4,sexualassault,gupa89p,1618560637,2021-04-16 8:10:37,"Information Support, Esteem Support","Internalized, Anticipated"
,,,,,,,,,,mroadc,sexualassault,gungp5u,1618521393,2021-04-15 21:16:33,"Information Support, Emotional Support","Experienced, Internalized, Anticipated"
,,,,,,,,,,mroadc,sexualassault,gunsfpe,1618526971,2021-04-15 22:49:31,Emotional Support,"Experienced, Internalized, Anticipated"
,,,,,,,,,,mrfglm,sexualassault,gumxhvq,1618513065,2021-04-15 18:57:45,"Information Support, Tangible Assistance, Group Interaction","Experienced, Internalized, Anticipated, Structural"
,,,,,,,,,,mrfglm,sexualassault,gun91uv,1618518047,2021-04-15 20:20:47,"Information Support, Esteem Support","Experienced, Internalized, Anticipated, Structural"
,,,,,,,,,,mr1fwz,sexualassault,gukiq3x,1618459317,2021-04-15 4:01:57,Information Support,Internalized
,,,,,,,,,,mqs5mo,sexualassault,gupfl9t,1618565836,2021-04-16 9:37:16,Tangible Assistance,
,,,,,,,,,,mqs5mo,sexualassault,gukz3cs,1618472505,2021-04-15 7:41:45,"Information Support, Emotional Support, Esteem Support, Tangible Assistance",
,,,,,,,,,,mqlkce,sexualassault,gugvqrl,1618391309,2021-04-14 9:08:29,"Information Support, Emotional Support, Esteem Support, Group Interaction",Anticipated
,,,,,,,,,,mqlkce,sexualassault,guhn2ov,1618409849,2021-04-14 14:17:29,"Esteem Support, Group Interaction",Anticipated
,,,,,,,,,,mqkrqn,sexualassault,gugxy7z,1618393499,2021-04-14 9:44:59,"Information Support, Emotional Support, Esteem Support, Group Interaction","Experienced, Internalized, Anticipated, Structural"
,,,,,,,,,,mnm54f,sexualassault,gtycgyo,1617989683,2021-04-09 17:34:43,Esteem Support,"Experienced, Internalized"
,,,,,,,,,,mnm54f,sexualassault,gtye78p,1617990443,2021-04-09 17:47:23,"Information Support, Emotional Support, Esteem Support, Group Interaction","Experienced, Internalized"
,,,,,,,,,,mnm54f,sexualassault,gtywtoi,1617998887,2021-04-09 20:08:07,"Information Support, Group Interaction","Experienced, Internalized"
,,,,,,,,,,mnm54f,sexualassault,guphij9,1618567628,2021-04-16 10:07:08,Tangible Assistance,"Experienced, Internalized"
,,,,,,,,,,mnhsl2,sexualassault,gtxyqir,1617983712,2021-04-09 15:55:12,"Information Support, Esteem Support",Experienced
,,,,,,,,,,mnhsl2,sexualassault,gtyr2vb,1617996235,2021-04-09 19:23:55,"Information Support, Emotional Support, Esteem Support",Experienced
,,,,,,,,,,mnajlf,sexualassault,gtwgelz,1617947526,2021-04-09 5:52:06,"Emotional Support, Esteem Support, Tangible Assistance, Group Interaction","Experienced, Internalized, Anticipated"
,,,,,,,,,,mn9a9c,sexualassault,gtxim3q,1617976455,2021-04-09 13:54:15,"Information Support, Esteem Support","Experienced, Internalized"
,,,,,,,,,,mn9a9c,sexualassault,gtzb753,1618005845,2021-04-09 22:04:05,,"Experienced, Internalized"
,,,,,,,,,,mn8i25,sexualassault,gtw63iy,1617940302,2021-04-09 3:51:42,Emotional Support,"Experienced, Internalized, Anticipated"
,,,,,,,,,,mn8bjj,sexualassault,gtwpcz0,1617955383,2021-04-09 8:03:03,Information Support,"Experienced, Anticipated"
,,,,,,,,,,mn82eh,sexualassault,gtw0u5o,1617937161,2021-04-09 2:59:21,"Information Support, Group Interaction","Experienced, Internalized"
,,,,,,,,,,mmxmof,sexualassault,gtxuiw1,1617981881,2021-04-09 15:24:41,"Information Support, Esteem Support, Group Interaction",Internalized
,,,,,,,,,,mmxmof,sexualassault,gtv6s1e,1617921525,2021-04-08 22:38:45,Group Interaction,Internalized
,,,,,,,,,,mmxmof,sexualassault,guphst3,1618567882,2021-04-16 10:11:22,Tangible Assistance,Internalized
,,,,,,,,,,mmu8op,sexualassault,gtuc1bu,1617907905,2021-04-08 18:51:45,"Emotional Support, Esteem Support","Experienced, Internalized"
,,,,,,,,,,mmj6er,sexualassault,gtrs913,1617854289,2021-04-08 3:58:09,"Information Support, Esteem Support","Experienced, Internalized, Anticipated"
,,,,,,,,,,mmj6er,sexualassault,gtu2605,1617903661,2021-04-08 17:41:01,"Esteem Support, Group Interaction","Experienced, Internalized, Anticipated"
,,,,,,,,,,mmj6er,sexualassault,gzldkwe,1622083723,2021-05-27 2:48:43,"Information Support, Esteem Support, Group Interaction","Experienced, Internalized, Anticipated"
,,,,,,,,,,mmhr07,sexualassault,gttgd1v,1617894448,2021-04-08 15:07:28,"Information Support, Esteem Support","Experienced, Internalized, Anticipated"
,,,,,,,,,,mmg1eb,sexualassault,gtr6zh8,1617842995,2021-04-08 0:49:55,Esteem Support,"Experienced, Internalized, Anticipated"
,,,,,,,,,,mmg1eb,sexualassault,gtroli1,1617852129,2021-04-08 3:22:09,"Emotional Support, Esteem Support, Group Interaction","Experienced, Internalized, Anticipated"
,,,,,,,,,,mmbo78,sexualassault,gtqepqf,1617829077,2021-04-07 20:57:57,"Emotional Support, Esteem Support",Internalized
,,,,,,,,,,mmaxng,sexualassault,gtqabuw,1617827148,2021-04-07 20:25:48,"Information Support, Emotional Support","Experienced, Structural"
,,,,,,,,,,mmaxng,sexualassault,gtqh4ee,1617830155,2021-04-07 21:15:55,"Information Support, Esteem Support","Experienced, Structural"
,,,,,,,,,,mma7yu,sexualassault,gtqeyru,1617829188,2021-04-07 20:59:48,"Emotional Support, Esteem Support, Group Interaction","Experienced, Anticipated"
,,,,,,,,,,mma7yu,sexualassault,gtrwr2f,1617857230,2021-04-08 4:47:10,"Emotional Support, Group Interaction","Experienced, Anticipated"
,,,,,,,,,,mma7yu,sexualassault,gx0cx5b,1620209242,2021-05-05 10:07:22,"Emotional Support, Esteem Support, Tangible Assistance","Experienced, Anticipated"
,,,,,,,,,,mm13fu,sexualassault,gttgw8t,1617894680,2021-04-08 15:11:20,Information Support,Experienced
,,,,,,,,,,mlvxdc,sexualassault,gto0wk5,1617784209,2021-04-07 8:30:09,"Information Support, Emotional Support","Experienced, Internalized, Anticipated"
,,,,,,,,,,mlvxdc,sexualassault,gto0xh0,1617784234,2021-04-07 8:30:34,"Information Support, Emotional Support, Esteem Support","Experienced, Internalized, Anticipated"
,,,,,,,,,,mlvxdc,sexualassault,gtppmhg,1617818287,2021-04-07 17:58:07,Information Support,"Experienced, Internalized, Anticipated"
,,,,,,,,,,mlvnf6,sexualassault,gtphnf1,1617814859,2021-04-07 17:00:59,Esteem Support,Internalized
,,,,,,,,,,mlvnf6,sexualassault,gtnrpg4,1617775677,2021-04-07 6:07:57,Group Interaction,Internalized
,,,,,,,,,,mlr4t0,sexualassault,gtnb2pv,1617764225,2021-04-07 2:57:05,"Information Support, Tangible Assistance",Internalized
,,,,,,,,,,mlhc5x,sexualassault,gtnhlrk,1617768171,2021-04-07 4:02:51,"Information Support, Emotional Support, Esteem Support, Tangible Assistance",Anticipated
,,,,,,,,,,mlhc5x,sexualassault,gyfud7i,1621256216,2021-05-17 12:56:56,"Information Support, Emotional Support, Esteem Support, Group Interaction",Anticipated
,,,,,,,,,,ml7gy7,sexualassault,gtjx5yd,1617703293,2021-04-06 10:01:33,"Information Support, Emotional Support, Esteem Support, Group Interaction","Internalized, Anticipated"
,,,,,,,,,,ml796g,sexualassault,gtkjzw0,1617717926,2021-04-06 14:05:26,"Emotional Support, Esteem Support, Group Interaction","Experienced, Internalized, Anticipated"
,,,,,,,,,,ml4l2y,sexualassault,gtjxpdb,1617703792,2021-04-06 10:09:52,"Information Support, Emotional Support, Esteem Support",Internalized
,,,,,,,,,,ml2v2x,sexualassault,gtjcpu8,1617684384,2021-04-06 4:46:24,"Information Support, Esteem Support, Tangible Assistance, Group Interaction","Internalized, Anticipated"
,,,,,,,,,,ml13dl,sexualassault,gtj7pqq,1617681069,2021-04-06 3:51:09,"Information Support, Esteem Support, Group Interaction",Internalized
,,,,,,,,,,ml13dl,sexualassault,gtj8t77,1617681746,2021-04-06 4:02:26,"Information Support, Esteem Support, Group Interaction",Internalized
,,,,,,,,,,ml0kma,sexualassault,gtj7b20,1617680825,2021-04-06 3:47:05,"Emotional Support, Esteem Support","Experienced, Internalized, Anticipated"
,,,,,,,,,,ml088g,sexualassault,gtit3zp,1617673100,2021-04-06 1:38:20,Information Support,"Experienced, Internalized, Anticipated"
,,,,,,,,,,mkwntm,sexualassault,gti9mnl,1617663132,2021-04-05 22:52:12,Information Support,Experienced
,,,,,,,,,,mkwntm,sexualassault,gtiel8n,1617665658,2021-04-05 23:34:18,Information Support,Experienced
,,,,,,,,,,mkwntm,sexualassault,gtin0ls,1617669978,2021-04-06 0:46:18,"Information Support, Esteem Support",Experienced
,,,,,,,,,,mkw5zt,sexualassault,gti93ok,1617662869,2021-04-05 22:47:49,"Information Support, Esteem Support, Tangible Assistance",Internalized
,,,,,,,,,,mkw5zt,sexualassault,gtik2q3,1617668491,2021-04-06 0:21:31,"Emotional Support, Tangible Assistance",Internalized
,,,,,,,,,,mkw5zt,sexualassault,gtim4bl,1617669510,2021-04-06 0:38:30,"Information Support, Emotional Support, Esteem Support, Tangible Assistance, Group Interaction",Internalized
,,,,,,,,,,mkvgjq,sexualassault,gtistma,1617672950,2021-04-06 1:35:50,"Emotional Support, Esteem Support, Group Interaction","Experienced, Internalized"
,,,,,,,,,,mkveg7,sexualassault,gtj3pt8,1617678744,2021-04-06 3:12:24,"Information Support, Emotional Support, Group Interaction","Experienced, Anticipated"
,,,,,,,,,,mkvcbc,sexualassault,gti53xt,1617660858,2021-04-05 22:14:18,"Information Support, Emotional Support, Esteem Support, Group Interaction",Experienced
,,,,,,,,,,mku287,sexualassault,gths6dj,1617654734,2021-04-05 20:32:14,Information Support,"Experienced, Anticipated"
,,,,,,,,,,mku287,sexualassault,gthtcml,1617655278,2021-04-05 20:41:18,Information Support,"Experienced, Anticipated"
,,,,,,,,,,mknyij,sexualassault,gthhqev,1617649973,2021-04-05 19:12:53,Emotional Support,"Experienced, Internalized, Anticipated"
,,,,,,,,,,mknyij,sexualassault,gthx12l,1617656967,2021-04-05 21:09:27,Emotional Support,"Experienced, Internalized, Anticipated"
,,,,,,,,,,mknyij,sexualassault,gthi379,1617650137,2021-04-05 19:15:37,"Emotional Support, Esteem Support, Group Interaction","Experienced, Internalized, Anticipated"
,,,,,,,,,,mkhh9m,sexualassault,gtg966k,1617629133,2021-04-05 13:25:33,Esteem Support,"Internalized, Anticipated"
,,,,,,,,,,mkg6zw,sexualassault,gtg9lu0,1617629368,2021-04-05 13:29:28,,"Internalized, Anticipated"
,,,,,,,,,,mkg6zw,sexualassault,gtgrsps,1617638212,2021-04-05 15:56:52,"Emotional Support, Esteem Support, Group Interaction","Internalized, Anticipated"
,,,,,,,,,,mkdorf,sexualassault,gtfcbh6,1617602089,2021-04-05 5:54:49,,"Experienced, Internalized, Anticipated"
,,,,,,,,,,mkaix0,sexualassault,gtf12ro,1617593858,2021-04-05 3:37:38,"Emotional Support, Esteem Support, Tangible Assistance, Group Interaction","Experienced, Anticipated"
,,,,,,,,,,mkafvl,sexualassault,gteztbu,1617593052,2021-04-05 3:24:12,"Emotional Support, Esteem Support, Group Interaction",Internalized
,,,,,,,,,,mkafvl,sexualassault,gtgfm61,1617632517,2021-04-05 14:21:57,"Esteem Support, Group Interaction",Internalized
,,,,,,,,,,mk8gxb,sexualassault,gths69e,1617654733,2021-04-05 20:32:13,"Emotional Support, Tangible Assistance, Group Interaction","Experienced, Internalized, Anticipated"
,,,,,,,,,,mk5cdd,sexualassault,gtexjvg,1617591645,2021-04-05 3:00:45,,"Experienced, Internalized, Anticipated"
,,,,,,,,,,mk2n1w,sexualassault,gtdv2cu,1617570105,2021-04-04 21:01:45,Information Support,"Experienced, Internalized"
,,,,,,,,,,mjzqz8,sexualassault,gtd5tga,1617557010,2021-04-04 17:23:30,"Information Support, Emotional Support, Esteem Support","Internalized, Anticipated"
,,,,,,,,,,mjzqz8,sexualassault,gte0cd2,1617572901,2021-04-04 21:48:21,Information Support,"Internalized, Anticipated"
,,,,,,,,,,mjzqz8,sexualassault,gte4w12,1617575320,2021-04-04 22:28:40,Information Support,"Internalized, Anticipated"
,,,,,,,,,,mjzqz8,sexualassault,gtejus7,1617583719,2021-04-05 0:48:39,"Information Support, Esteem Support","Internalized, Anticipated"
,,,,,,,,,,mjwesb,sexualassault,gtdf27f,1617561754,2021-04-04 18:42:34,Information Support,Anticipated
,,,,,,,,,,mjv6uf,sexualassault,gtd0k5y,1617554333,2021-04-04 16:38:53,"Information Support, Group Interaction",Internalized
,,,,,,,,,,mjq257,sexualassault,gtdi4tl,1617563352,2021-04-04 19:09:12,"Information Support, Emotional Support","Internalized, Anticipated"
,,,,,,,,,,mjq257,sexualassault,gtfg1ry,1617605365,2021-04-05 6:49:25,"Esteem Support, Group Interaction","Internalized, Anticipated"
,,,,,,,,,,mjq257,sexualassault,gtbmse6,1617516434,2021-04-04 6:07:14,"Information Support, Emotional Support, Esteem Support","Internalized, Anticipated"
,,,,,,,,,,mjq257,sexualassault,gtc4x1m,1617534404,2021-04-04 11:06:44,"Emotional Support, Esteem Support","Internalized, Anticipated"
,,,,,,,,,,mjpnag,sexualassault,gtbp18w,1617518493,2021-04-04 6:41:33,"Information Support, Emotional Support",
,,,,,,,,,,mjo55u,sexualassault,gtbi6br,1617512543,2021-04-04 5:02:23,"Information Support, Emotional Support, Esteem Support, Group Interaction","Internalized, Anticipated"
,,,,,,,,,,mjmrm0,sexualassault,gtb2zkz,1617502386,2021-04-04 2:13:06,"Information Support, Esteem Support",
,,,,,,,,,,mjmrm0,sexualassault,gtb82qy,1617505513,2021-04-04 3:05:13,"Information Support, Emotional Support, Esteem Support, Tangible Assistance",
,,,,,,,,,,mjdf47,sexualassault,gxlicl5,1620646931,2021-05-10 11:42:11,"Information Support, Esteem Support, Group Interaction",Internalized
,,,,,,,,,,mjde8e,sexualassault,gt9wt9o,1617478321,2021-04-03 19:32:01,"Emotional Support, Group Interaction","Experienced, Internalized, Anticipated"
,,,,,,,,,,mj80gq,sexualassault,gt8pj0t,1617455038,2021-04-03 13:03:58,Emotional Support,Anticipated
,,,,,,,,,,mj80gq,sexualassault,gt8q8b7,1617455512,2021-04-03 13:11:52,"Information Support, Esteem Support, Group Interaction",Anticipated
,,,,,,,,,,mj80gq,sexualassault,gt8r8sz,1617456187,2021-04-03 13:23:07,Group Interaction,Anticipated
,,,,,,,,,,mj80gq,sexualassault,gt8ytdq,1617460763,2021-04-03 14:39:23,Emotional Support,Anticipated
,,,,,,,,,,mj80gq,sexualassault,gta4ae3,1617482201,2021-04-03 20:36:41,"Information Support, Emotional Support, Esteem Support",Anticipated
,,,,,,,,,,mj80gq,sexualassault,gtabcec,1617486048,2021-04-03 21:40:48,"Emotional Support, Group Interaction",Anticipated
,,,,,,,,,,mj7zer,sexualassault,gt8p79t,1617454820,2021-04-03 13:00:20,"Information Support, Emotional Support, Esteem Support","Internalized, Anticipated"
,,,,,,,,,,mj0mjl,sexualassault,gt7tzxg,1617425808,2021-04-03 4:56:48,"Information Support, Emotional Support, Esteem Support",Internalized
,,,,,,,,,,mj0mjl,sexualassault,gt8rces,1617456252,2021-04-03 13:24:12,"Information Support, Emotional Support, Esteem Support, Group Interaction",Internalized
,,,,,,,,,,mj0dta,sexualassault,h4c3pzk,1625649118,2021-07-07 9:11:58,"Information Support, Emotional Support, Esteem Support",Anticipated
,,,,,,,,,,mizns3,sexualassault,gt82g5m,1617433100,2021-04-03 6:58:20,"Information Support, Esteem Support",Internalized
,,,,,,,,,,mizns3,sexualassault,i2y6oxc,1648791450,2022-04-01 5:37:30,Information Support,Internalized
,,,,,,,,,,mixmay,sexualassault,gt76cso,1617410895,2021-04-03 0:48:15,"Emotional Support, Esteem Support, Tangible Assistance","Experienced, Anticipated, Structural"
,,,,,,,,,,mitxhw,sexualassault,gt7dltz,1617415159,2021-04-03 1:59:19,"Information Support, Esteem Support",
,,,,,,,,,,mitxhw,sexualassault,gt7lhvc,1617419956,2021-04-03 3:19:16,Information Support,
,,,,,,,,,,mitxhw,sexualassault,gt6nkjl,1617400378,2021-04-02 21:52:58,Information Support,
,,,,,,,,,,mitxhw,sexualassault,gt7dh7f,1617415083,2021-04-03 1:58:03,Esteem Support,
,,,,,,,,,,mink45,sexualassault,gt5t57y,1617384959,2021-04-02 17:35:59,"Information Support, Esteem Support","Internalized, Anticipated"
,,,,,,,,,,mink45,sexualassault,gt6fbr4,1617396076,2021-04-02 20:41:16,"Information Support, Emotional Support, Esteem Support","Internalized, Anticipated"
,,,,,,,,,,mih04n,sexualassault,gt4oh90,1617361356,2021-04-02 11:02:36,"Information Support, Emotional Support, Esteem Support, Tangible Assistance","Experienced, Anticipated"
,,,,,,,,,,mih04n,sexualassault,gt4t3vp,1617365272,2021-04-02 12:07:52,"Information Support, Emotional Support","Experienced, Anticipated"
,,,,,,,,,,mih04n,sexualassault,gt4rpjg,1617364178,2021-04-02 11:49:38,"Information Support, Tangible Assistance","Experienced, Anticipated"
,,,,,,,,,,mih04n,sexualassault,gt4vfhr,1617366974,2021-04-02 12:36:14,"Information Support, Tangible Assistance","Experienced, Anticipated"
,,,,,,,,,,mih04n,sexualassault,gt5p6jc,1617383001,2021-04-02 17:03:21,"Information Support, Esteem Support","Experienced, Anticipated"
,,,,,,,,,,mifi47,sexualassault,gt65emj,1617391101,2021-04-02 19:18:21,"Information Support, Emotional Support, Esteem Support, Group Interaction",Internalized
,,,,,,,,,,mifi47,sexualassault,gt68ppm,1617392737,2021-04-02 19:45:37,"Information Support, Emotional Support, Esteem Support, Tangible Assistance, Group Interaction",Internalized
,,,,,,,,,,mid61z,sexualassault,gt5n5ut,1617382017,2021-04-02 16:46:57,"Emotional Support, Esteem Support, Group Interaction",Experienced
,,,,,,,,,,mi9jnm,sexualassault,gt48ml6,1617344887,2021-04-02 6:28:07,Information Support,"Internalized, Anticipated"
,,,,,,,,,,mi9jnm,sexualassault,gt6a74t,1617393483,2021-04-02 19:58:03,Information Support,"Internalized, Anticipated"
,,,,,,,,,,mi7fsv,sexualassault,gt3csx7,1617323638,2021-04-02 0:33:58,"Information Support, Group Interaction",Internalized
,,,,,,,,,,mi7fsv,sexualassault,gt3x59k,1617335905,2021-04-02 3:58:25,"Information Support, Esteem Support",Internalized
,,,,,,,,,,mi7fsv,sexualassault,gt368ug,1617319976,2021-04-01 23:32:56,"Emotional Support, Esteem Support, Group Interaction",Internalized
,,,,,,,,,,mi7fsv,sexualassault,gtau6y9,1617497046,2021-04-04 0:44:06,"Information Support, Esteem Support, Tangible Assistance",Internalized
,,,,,,,,,,mi7fsv,sexualassault,gt68ogx,1617392719,2021-04-02 19:45:19,"Information Support, Group Interaction",Internalized
,,,,,,,,,,mi5yo0,sexualassault,gt4d77j,1617349412,2021-04-02 7:43:32,Information Support,"Experienced, Anticipated"
,,,,,,,,,,mi45kn,sexualassault,gt6bqt9,1617394268,2021-04-02 20:11:08,"Information Support, Emotional Support, Esteem Support","Experienced, Internalized"
,,,,,,,,,,mhzl1r,sexualassault,gt1y4g4,1617298769,2021-04-01 17:39:29,"Information Support, Emotional Support",Internalized
,,,,,,,,,,mhyz7g,sexualassault,gt1zfcx,1617299319,2021-04-01 17:48:39,"Esteem Support, Group Interaction","Internalized, Anticipated, Structural"
,,,,,,,,,,mhvdds,sexualassault,gt1vybc,1617297860,2021-04-01 17:24:20,Information Support,"Internalized, Anticipated"
,,,,,,,,,,mhvdds,sexualassault,gt2cwyx,1617305594,2021-04-01 19:33:14,"Information Support, Emotional Support, Group Interaction","Internalized, Anticipated"
,,,,,,,,,,mhsfc3,sexualassault,gt0rdi0,1617276965,2021-04-01 11:36:05,"Information Support, Esteem Support",Internalized
,,,,,,,,,,mhsfc3,sexualassault,gt10120,1617282748,2021-04-01 13:12:28,"Information Support, Emotional Support, Esteem Support",Internalized
,,,,,,,,,,mhsfc3,sexualassault,gt110c8,1617283308,2021-04-01 13:21:48,"Information Support, Emotional Support, Esteem Support",Internalized
,,,,,,,,,,mhoijt,sexualassault,gt08x92,1617262528,2021-04-01 7:35:28,"Information Support, Emotional Support, Esteem Support, Tangible Assistance, Group Interaction",Internalized
,,,,,,,,,,mhoijt,sexualassault,gt0e27b,1617267207,2021-04-01 8:53:27,"Information Support, Esteem Support, Tangible Assistance",Internalized
,,,,,,,,,,mhm5en,sexualassault,gt02tgt,1617256951,2021-04-01 6:02:31,"Information Support, Esteem Support",
,,,,,,,,,,mhm5en,sexualassault,gt072ho,1617260743,2021-04-01 7:05:43,Information Support,
,,,,,,,,,,mhjd1a,sexualassault,gszuh6w,1617250670,2021-04-01 4:17:50,"Information Support, Emotional Support, Esteem Support, Group Interaction",Experienced
,,,,,,,,,,mhiqya,sexualassault,gtc3vro,1617533402,2021-04-04 10:50:02,Information Support,"Experienced, Internalized, Anticipated"
,,,,,,,,,,mhhy3i,sexualassault,gszm4di,1617245582,2021-04-01 2:53:02,Emotional Support,"Experienced, Internalized, Anticipated"
,,,,,,,,,,mheqhu,sexualassault,gsyzcul,1617233403,2021-03-31 23:30:03,"Information Support, Emotional Support, Esteem Support, Group Interaction",Internalized
,,,,,,,,,,mgz3k4,sexualassault,gswh7ox,1617187559,2021-03-31 10:45:59,"Information Support, Emotional Support, Esteem Support, Group Interaction","Internalized, Anticipated"
,,,,,,,,,,mgxore,sexualassault,gswi74a,1617188443,2021-03-31 11:00:43,"Information Support, Emotional Support, Esteem Support",Internalized
,,,,,,,,,,mgxore,sexualassault,guiryb0,1618427780,2021-04-14 19:16:20,Information Support,Internalized
,,,,,,,,,,mgsmdu,sexualassault,gsvec3s,1617157026,2021-03-31 2:17:06,"Information Support, Emotional Support, Esteem Support, Tangible Assistance",Internalized
,,,,,,,,,,mgsmdu,sexualassault,gsuy9gy,1617148296,2021-03-30 23:51:36,"Emotional Support, Esteem Support, Group Interaction",Internalized
,,,,,,,,,,mgsmdu,sexualassault,h83t0ck,1628375465,2021-08-07 22:31:05,"Emotional Support, Esteem Support",Internalized
,,,,,,,,,,mgse5q,sexualassault,gsv42h3,1617151420,2021-03-31 0:43:40,"Esteem Support, Group Interaction","Experienced, Internalized, Anticipated"
,,,,,,,,,,mgse5q,sexualassault,gsv6p2g,1617152865,2021-03-31 1:07:45,"Emotional Support, Group Interaction","Experienced, Internalized, Anticipated"
,,,,,,,,,,mgse5q,sexualassault,gsvd4ji,1617156350,2021-03-31 2:05:50,Information Support,"Experienced, Internalized, Anticipated"
,,,,,,,,,,mgse5q,sexualassault,gsvhtx9,1617159020,2021-03-31 2:50:20,Information Support,"Experienced, Internalized, Anticipated"
,,,,,,,,,,mgse5q,sexualassault,gsvm4ii,1617161601,2021-03-31 3:33:21,Information Support,"Experienced, Internalized, Anticipated"
,,,,,,,,,,mgse5q,sexualassault,gsvs8rr,1617165658,2021-03-31 4:40:58,Information Support,"Experienced, Internalized, Anticipated"
,,,,,,,,,,mgse5q,sexualassault,gsw1wb1,1617172896,2021-03-31 6:41:36,"Information Support, Group Interaction","Experienced, Internalized, Anticipated"
,,,,,,,,,,mgr4uj,sexualassault,gsv4h92,1617151644,2021-03-31 0:47:24,"Emotional Support, Esteem Support",Structural
,,,,,,,,,,mgjyay,sexualassault,gsv0eez,1617149438,2021-03-31 0:10:38,"Information Support, Emotional Support, Esteem Support","Experienced, Internalized"
,,,,,,,,,,mgiwpy,sexualassault,gst91sx,1617119567,2021-03-30 15:52:47,"Information Support, Emotional Support","Experienced, Internalized, Anticipated"
,,,,,,,,,,mgisgj,sexualassault,gst7ifv,1617118889,2021-03-30 15:41:29,Emotional Support,"Experienced, Internalized"
,,,,,,,,,,mg9wem,sexualassault,gssay5h,1617099903,2021-03-30 10:25:03,"Emotional Support, Esteem Support, Group Interaction","Experienced, Internalized, Anticipated"
,,,,,,,,,,mg9wem,sexualassault,gt015la,1617255591,2021-04-01 5:39:51,"Information Support, Esteem Support","Experienced, Internalized, Anticipated"
,,,,,,,,,,mg5rvh,sexualassault,gsrhkbe,1617074364,2021-03-30 3:19:24,Information Support,"Internalized, Anticipated"
,,,,,,,,,,mg5rvh,sexualassault,gsrjvxe,1617075783,2021-03-30 3:43:03,"Emotional Support, Group Interaction","Internalized, Anticipated"
,,,,,,,,,,mg5rvh,sexualassault,gssqz30,1617111014,2021-03-30 13:30:14,Information Support,"Internalized, Anticipated"
,,,,,,,,,,mg5ehx,sexualassault,gsssdj5,1617111745,2021-03-30 13:42:25,"Information Support, Emotional Support, Esteem Support, Tangible Assistance",
,,,,,,,,,,mg4v05,sexualassault,h1r2b6c,1623691210,2021-06-14 17:20:10,"Emotional Support, Group Interaction","Experienced, Internalized, Anticipated"
,,,,,,,,,,mfr8cr,sexualassault,gss6hcj,1617095333,2021-03-30 9:08:53,"Information Support, Emotional Support, Esteem Support, Tangible Assistance",Experienced
,,,,,,,,,,mfoc2n,sexualassault,gsp9l5r,1617034771,2021-03-29 16:19:31,"Esteem Support, Group Interaction","Experienced, Structural"
,,,,,,,,,,mfkwe0,sexualassault,gsoioux,1617021254,2021-03-29 12:34:14,"Information Support, Emotional Support, Esteem Support, Tangible Assistance, Group Interaction",Internalized
,,,,,,,,,,mfkwe0,sexualassault,gsoez9v,1617018789,2021-03-29 11:53:09,"Information Support, Esteem Support",Internalized
,,,,,,,,,,mfkwe0,sexualassault,gss6z3c,1617095859,2021-03-30 9:17:39,"Information Support, Esteem Support",Internalized
,,,,,,,,,,mfkwe0,sexualassault,gsxaqy3,1617204933,2021-03-31 15:35:33,"Information Support, Emotional Support, Esteem Support",Internalized
,,,,,,,,,,mfj1f5,sexualassault,gsomc3m,1617023394,2021-03-29 13:09:54,"Information Support, Emotional Support, Esteem Support, Group Interaction",
,,,,,,,,,,mfiat9,sexualassault,gsnt4dv,1616998853,2021-03-29 6:20:53,"Emotional Support, Group Interaction","Experienced, Internalized, Anticipated, Structural"
,,,,,,,,,,mfiat9,sexualassault,gss777q,1617096102,2021-03-30 9:21:42,"Emotional Support, Esteem Support","Experienced, Internalized, Anticipated, Structural"
,,,,,,,,,,mfg261,sexualassault,gsoef2b,1617018387,2021-03-29 11:46:27,"Emotional Support, Esteem Support",Internalized
,,,,,,,,,,mfc61y,sexualassault,gsmrhxr,1616974580,2021-03-28 23:36:20,"Emotional Support, Esteem Support","Experienced, Internalized"
,,,,,,,,,,mfc61y,sexualassault,gsnlzrd,1616993162,2021-03-29 4:46:02,"Information Support, Emotional Support, Esteem Support, Tangible Assistance","Experienced, Internalized"
,,,,,,,,,,mfc61y,sexualassault,gsqlvlo,1617057164,2021-03-29 22:32:44,"Emotional Support, Esteem Support","Experienced, Internalized"
,,,,,,,,,,mfbd6i,sexualassault,gsmqnxw,1616974108,2021-03-28 23:28:28,"Information Support, Esteem Support",
,,,,,,,,,,mf9p3o,sexualassault,gsmoag4,1616972784,2021-03-28 23:06:24,Information Support,"Experienced, Internalized"
,,,,,,,,,,mf7b3o,sexualassault,gsmn6n6,1616972185,2021-03-28 22:56:25,"Information Support, Emotional Support, Group Interaction","Internalized, Anticipated"
,,,,,,,,,,mf7b3o,sexualassault,gslyku2,1616959513,2021-03-28 19:25:13,"Information Support, Esteem Support","Internalized, Anticipated"
,,,,,,,,,,mf699v,sexualassault,gsm2jah,1616961487,2021-03-28 19:58:07,"Information Support, Esteem Support",Internalized
,,,,,,,,,,mf5qcx,sexualassault,gslunrp,1616957583,2021-03-28 18:53:03,"Esteem Support, Group Interaction","Experienced, Internalized, Anticipated, Structural"
,,,,,,,,,,mf40s4,sexualassault,gslcib5,1616949112,2021-03-28 16:31:52,"Information Support, Emotional Support, Esteem Support, Group Interaction",Internalized
,,,,,,,,,,mf40s4,sexualassault,gslzvsi,1616960160,2021-03-28 19:36:00,"Emotional Support, Esteem Support, Group Interaction",Internalized
,,,,,,,,,,mf2jde,sexualassault,gsntefe,1616999097,2021-03-29 6:24:57,"Information Support, Esteem Support","Internalized, Anticipated"
,,,,,,,,,,mf1ddu,sexualassault,gsl75c2,1616946617,2021-03-28 15:50:17,"Information Support, Emotional Support, Esteem Support","Experienced, Internalized"
,,,,,,,,,,mf1ddu,sexualassault,gsmhvng,1616969342,2021-03-28 22:09:02,Information Support,"Experienced, Internalized"
,,,,,,,,,,mf01bs,sexualassault,gslwa7q,1616958373,2021-03-28 19:06:13,"Information Support, Esteem Support","Experienced, Internalized"
,,,,,,,,,,meta6d,sexualassault,gsjyojv,1616908821,2021-03-28 5:20:21,"Esteem Support, Group Interaction","Internalized, Anticipated"
,,,,,,,,,,meta6d,sexualassault,gsmanya,1616965598,2021-03-28 21:06:38,"Information Support, Esteem Support","Internalized, Anticipated"
,,,,,,,,,,men4gi,sexualassault,gsmxyee,1616978248,2021-03-29 0:37:28,"Information Support, Emotional Support, Esteem Support","Experienced, Internalized, Structural"
,,,,,,,,,,m73hoy,sexualassault,gra68ec,1616015903,2021-03-17 21:18:23,"Information Support, Emotional Support","Internalized, Anticipated"
,,,,,,,,,,m73hoy,sexualassault,graqnbr,1616026138,2021-03-18 0:08:58,"Information Support, Emotional Support, Esteem Support, Group Interaction","Internalized, Anticipated"
,,,,,,,,,,m6w7wu,sexualassault,gr7yba2,1615973659,2021-03-17 9:34:19,"Information Support, Emotional Support, Esteem Support, Tangible Assistance, Group Interaction","Experienced, Internalized, Anticipated"
,,,,,,,,,,m6w7wu,sexualassault,gr7wvfi,1615972108,2021-03-17 9:08:28,,"Experienced, Internalized, Anticipated"
,,,,,,,,,,m6w7wu,sexualassault,gr8j6h5,1615989119,2021-03-17 13:51:59,"Emotional Support, Esteem Support","Experienced, Internalized, Anticipated"
,,,,,,,,,,m6w7wu,sexualassault,gr8wjvj,1615995555,2021-03-17 15:39:15,"Information Support, Emotional Support, Esteem Support","Experienced, Internalized, Anticipated"
,,,,,,,,,,m6w7wu,sexualassault,gra5q3c,1616015665,2021-03-17 21:14:25,"Information Support, Emotional Support, Group Interaction","Experienced, Internalized, Anticipated"
,,,,,,,,,,m6w7wu,sexualassault,graj1zv,1616022176,2021-03-17 23:02:56,"Emotional Support, Group Interaction","Experienced, Internalized, Anticipated"
,,,,,,,,,,m6uens,sexualassault,gr7r7y4,1615966235,2021-03-17 7:30:35,"Information Support, Emotional Support, Group Interaction",
,,,,,,,,,,m6ucw2,sexualassault,gr82kve,1615977949,2021-03-17 10:45:49,"Information Support, Emotional Support, Esteem Support","Internalized, Structural"
,,,,,,,,,,m6tkyq,sexualassault,gr8i5sd,1615988594,2021-03-17 13:43:14,Emotional Support,Internalized
,,,,,,,,,,m6s7tj,sexualassault,gr7jw95,1615959673,2021-03-17 5:41:13,Information Support,Internalized
,,,,,,,,,,m6rmia,sexualassault,gr7c8oc,1615954108,2021-03-17 4:08:28,,
,,,,,,,,,,m6qtpj,sexualassault,gr79j72,1615952406,2021-03-17 3:40:06,"Information Support, Esteem Support",
,,,,,,,,,,m6ow7y,sexualassault,gr779rm,1615951045,2021-03-17 3:17:25,"Emotional Support, Esteem Support, Group Interaction","Internalized, Anticipated"
,,,,,,,,,,m6ow7y,sexualassault,gr7cz0z,1615954587,2021-03-17 4:16:27,"Information Support, Emotional Support, Esteem Support, Group Interaction","Internalized, Anticipated"
,,,,,,,,,,m6ez35,sexualassault,if9spik,1657235351,2022-07-07 23:09:11,"Information Support, Esteem Support","Experienced, Internalized, Anticipated"
,,,,,,,,,,m6ez35,sexualassault,if9svj9,1657235423,2022-07-07 23:10:23,"Information Support, Tangible Assistance","Experienced, Internalized, Anticipated"
,,,,,,,,,,m6ez35,sexualassault,if9tyyk,1657235892,2022-07-07 23:18:12,"Information Support, Emotional Support","Experienced, Internalized, Anticipated"
,,,,,,,,,,m6b8bb,sexualassault,gr4teyx,1615909600,2021-03-16 15:46:40,"Information Support, Emotional Support","Experienced, Anticipated"
,,,,,,,,,,m69inr,sexualassault,gr5a8bt,1615917001,2021-03-16 17:50:01,"Information Support, Esteem Support",Internalized
,,,,,,,,,,m6819g,sexualassault,gr8bvy5,1615985018,2021-03-17 12:43:38,,"Experienced, Internalized, Anticipated"
,,,,,,,,,,m67fcp,sexualassault,gr4616x,1615897877,2021-03-16 12:31:17,"Information Support, Emotional Support, Esteem Support",Internalized
,,,,,,,,,,m67fcp,sexualassault,gr4ze1u,1615912247,2021-03-16 16:30:47,"Information Support, Emotional Support, Esteem Support, Tangible Assistance, Group Interaction",Internalized
,,,,,,,,,,m67fcp,sexualassault,gr59ero,1615916638,2021-03-16 17:43:58,"Emotional Support, Tangible Assistance, Group Interaction",Internalized
,,,,,,,,,,m65udc,sexualassault,gr48j4v,1615899395,2021-03-16 12:56:35,"Information Support, Esteem Support",Internalized
,,,,,,,,,,m65udc,sexualassault,gr5n6xk,1615922809,2021-03-16 19:26:49,Esteem Support,Internalized
,,,,,,,,,,m65udc,sexualassault,grakrum,1616023058,2021-03-17 23:17:38,Information Support,Internalized
,,,,,,,,,,m63nej,sexualassault,gr3nzse,1615881448,2021-03-16 7:57:28,"Information Support, Emotional Support","Internalized, Anticipated"
,,,,,,,,,,m63nej,sexualassault,gr3s8gc,1615885961,2021-03-16 9:12:41,"Information Support, Esteem Support, Group Interaction","Internalized, Anticipated"
,,,,,,,,,,m5zawp,sexualassault,grdr2k7,1616086205,2021-03-18 16:50:05,"Emotional Support, Group Interaction","Experienced, Anticipated"
,,,,,,,,,,m5z5ts,sexualassault,gr303pt,1615862997,2021-03-16 2:49:57,"Information Support, Emotional Support, Esteem Support","Experienced, Internalized, Anticipated"
,,,,,,,,,,m5z5ts,sexualassault,gr3dcub,1615871533,2021-03-16 5:12:13,"Information Support, Emotional Support, Esteem Support","Experienced, Internalized, Anticipated"
,,,,,,,,,,m5z5ts,sexualassault,gr3l6xa,1615878634,2021-03-16 7:10:34,"Information Support, Emotional Support, Esteem Support, Group Interaction","Experienced, Internalized, Anticipated"
,,,,,,,,,,m5yrsa,sexualassault,gr60ifw,1615928929,2021-03-16 21:08:49,,"Experienced, Anticipated"
,,,,,,,,,,m5yrsa,sexualassault,gr5g208,1615919592,2021-03-16 18:33:12,"Information Support, Esteem Support","Experienced, Anticipated"
,,,,,,,,,,m5wcwt,sexualassault,gr2k887,1615854533,2021-03-16 0:28:53,Tangible Assistance,"Experienced, Internalized, Anticipated"
,,,,,,,,,,m5wcwt,sexualassault,gr3eduw,1615872356,2021-03-16 5:25:56,"Emotional Support, Esteem Support, Tangible Assistance, Group Interaction","Experienced, Internalized, Anticipated"
,,,,,,,,,,m5uqsi,sexualassault,gr4rt8g,1615908877,2021-03-16 15:34:37,Information Support,"Internalized, Anticipated"
,,,,,,,,,,m5syyj,sexualassault,gr1vzh0,1615839891,2021-03-15 20:24:51,"Information Support, Esteem Support","Internalized, Anticipated"
,,,,,,,,,,m5qzg3,sexualassault,gr1vah7,1615839583,2021-03-15 20:19:43,"Information Support, Emotional Support, Esteem Support",Internalized
,,,,,,,,,,m57ktc,sexualassault,gqymc7z,1615766852,2021-03-15 0:07:32,"Information Support, Emotional Support",Internalized
,,,,,,,,,,m57ktc,sexualassault,gqzhv4b,1615787091,2021-03-15 5:44:51,,Internalized
,,,,,,,,,,m577si,sexualassault,gqykzqb,1615766093,2021-03-14 23:54:53,"Emotional Support, Esteem Support, Tangible Assistance",Internalized
,,,,,,,,,,m55zqs,sexualassault,gqykgtn,1615765798,2021-03-14 23:49:58,"Information Support, Emotional Support, Esteem Support, Tangible Assistance",Internalized
,,,,,,,,,,m54bnp,sexualassault,gqyaa4s,1615760326,2021-03-14 22:18:46,"Information Support, Emotional Support, Esteem Support","Internalized, Anticipated"
,,,,,,,,,,m4t4pu,sexualassault,gqymp32,1615767053,2021-03-15 0:10:53,"Information Support, Emotional Support, Esteem Support, Group Interaction","Internalized, Anticipated"
,,,,,,,,,,m4t4pu,sexualassault,gqz9i2x,1615780656,2021-03-15 3:57:36,"Information Support, Emotional Support, Group Interaction","Internalized, Anticipated"
,,,,,,,,,,m4lub5,sexualassault,gqv9srf,1615694900,2021-03-14 4:08:20,Esteem Support,
,,,,,,,,,,m4juri,sexualassault,gwuygfz,1620094368,2021-05-04 2:12:48,,Experienced
,,,,,,,,,,m4306j,sexualassault,gqsckqx,1615630734,2021-03-13 10:18:54,"Emotional Support, Esteem Support","Experienced, Anticipated"
,,,,,,,,,,m4306j,sexualassault,gqu89pu,1615672630,2021-03-13 21:57:10,Information Support,"Experienced, Anticipated"
,,,,,,,,,,m3xfc3,sexualassault,gqt4xhi,1615651734,2021-03-13 16:08:54,"Information Support, Esteem Support",Experienced
,,,,,,,,,,m3vnea,sexualassault,gqroowc,1615609297,2021-03-13 4:21:37,"Information Support, Emotional Support, Esteem Support",Internalized
,,,,,,,,,,m3vnea,sexualassault,gqroqg9,1615609325,2021-03-13 4:22:05,,Internalized
,,,,,,,,,,m3vnea,sexualassault,gsly6dk,1616959316,2021-03-28 19:21:56,Information Support,Internalized
,,,,,,,,,,m3u6fd,sexualassault,gqroqiy,1615609326,2021-03-13 4:22:06,,Internalized
,,,,,,,,,,m3th4p,sexualassault,gqt9dlp,1615654095,2021-03-13 16:48:15,"Information Support, Esteem Support, Tangible Assistance","Internalized, Anticipated"
,,,,,,,,,,m2ufzh,sexualassault,gql9r64,1615481803,2021-03-11 16:56:43,"Information Support, Esteem Support",
,,,,,,,,,,m2qjh0,sexualassault,gqmmdx6,1615503306,2021-03-11 22:55:06,"Information Support, Esteem Support, Group Interaction",Internalized
,,,,,,,,,,m2ohds,sexualassault,gqkv3q3,1615475242,2021-03-11 15:07:22,"Information Support, Esteem Support","Internalized, Anticipated"
,,,,,,,,,,m2ohds,sexualassault,gqkbgjf,1615463744,2021-03-11 11:55:44,,"Internalized, Anticipated"
,,,,,,,,,,m2ohds,sexualassault,gql39r0,1615478946,2021-03-11 16:09:06,"Emotional Support, Esteem Support","Internalized, Anticipated"
,,,,,,,,,,m2ohds,sexualassault,gql5n30,1615480006,2021-03-11 16:26:46,"Emotional Support, Esteem Support","Internalized, Anticipated"
,,,,,,,,,,m2ohds,sexualassault,gqmvqj4,1615508132,2021-03-12 0:15:32,"Esteem Support, Group Interaction","Internalized, Anticipated"
,,,,,,,,,,m2ohds,sexualassault,gqptg66,1615573647,2021-03-12 18:27:27,"Emotional Support, Esteem Support, Group Interaction","Internalized, Anticipated"
,,,,,,,,,,m2imyy,sexualassault,gqk5jcj,1615459618,2021-03-11 10:46:58,"Information Support, Emotional Support, Esteem Support, Tangible Assistance","Internalized, Anticipated"
,,,,,,,,,,m2imyy,sexualassault,gqkbnbi,1615463895,2021-03-11 11:58:15,"Emotional Support, Group Interaction","Internalized, Anticipated"
,,,,,,,,,,m2ihz4,sexualassault,gqk2i5j,1615457450,2021-03-11 10:10:50,"Emotional Support, Esteem Support","Experienced, Internalized, Anticipated, Structural"
,,,,,,,,,,m2ihz4,sexualassault,gqnv3uv,1615528208,2021-03-12 5:50:08,"Emotional Support, Esteem Support","Experienced, Internalized, Anticipated, Structural"
,,,,,,,,,,m2i7qe,sexualassault,gqkfcag,1615466639,2021-03-11 12:43:59,,"Experienced, Internalized, Anticipated"
,,,,,,,,,,m2i7qe,sexualassault,gqjl2nb,1615445070,2021-03-11 6:44:30,"Emotional Support, Group Interaction","Experienced, Internalized, Anticipated"
,,,,,,,,,,m2i7qe,sexualassault,gqm3m7s,1615494729,2021-03-11 20:32:09,Emotional Support,"Experienced, Internalized, Anticipated"
,,,,,,,,,,m2i7qe,sexualassault,gqkl1qo,1615470200,2021-03-11 13:43:20,Group Interaction,"Experienced, Internalized, Anticipated"
,,,,,,,,,,m2hutg,sexualassault,gqjaicr,1615438852,2021-03-11 5:00:52,Group Interaction,"Internalized, Anticipated"
,,,,,,,,,,m2hutg,sexualassault,hkeeyeh,1636763330,2021-11-13 0:28:50,Emotional Support,"Internalized, Anticipated"
,,,,,,,,,,m2ha3d,sexualassault,gqjqsbr,1615448821,2021-03-11 7:47:01,"Information Support, Emotional Support, Esteem Support, Tangible Assistance","Internalized, Anticipated"
,,,,,,,,,,m2ghag,sexualassault,gqj81vl,1615437225,2021-03-11 4:33:45,"Information Support, Emotional Support, Esteem Support","Experienced, Internalized, Anticipated"
,,,,,,,,,,m2ghag,sexualassault,gqj9dlj,1615438067,2021-03-11 4:47:47,Information Support,"Experienced, Internalized, Anticipated"
,,,,,,,,,,m2df63,sexualassault,gqiyh2d,1615431543,2021-03-11 2:59:03,"Information Support, Emotional Support, Esteem Support",Internalized
,,,,,,,,,,m201w0,sexualassault,gqgfjjo,1615391135,2021-03-10 15:45:35,"Information Support, Emotional Support, Esteem Support","Internalized, Anticipated"
,,,,,,,,,,m201w0,sexualassault,gqgvmwq,1615397428,2021-03-10 17:30:28,"Information Support, Esteem Support","Internalized, Anticipated"
,,,,,,,,,,m201w0,sexualassault,gqha1ao,1615402717,2021-03-10 18:58:37,"Information Support, Emotional Support, Esteem Support","Internalized, Anticipated"
,,,,,,,,,,m201w0,sexualassault,gqi8e3l,1615417866,2021-03-10 23:11:06,"Information Support, Emotional Support, Esteem Support, Group Interaction","Internalized, Anticipated"
,,,,,,,,,,m201w0,sexualassault,gqiyd1d,1615431482,2021-03-11 2:58:02,"Information Support, Emotional Support, Esteem Support","Internalized, Anticipated"
,,,,,,,,,,m201w0,sexualassault,gqj81pr,1615437222,2021-03-11 4:33:42,"Information Support, Esteem Support, Group Interaction","Internalized, Anticipated"
,,,,,,,,,,m201w0,sexualassault,gqko0is,1615471806,2021-03-11 14:10:06,"Esteem Support, Group Interaction","Internalized, Anticipated"
,,,,,,,,,,m1mgai,sexualassault,gqhpi7c,1615409262,2021-03-10 20:47:42,,"Experienced, Internalized, Anticipated, Structural"
,,,,,,,,,,m1mgai,sexualassault,gqhfith,1615405004,2021-03-10 19:36:44,"Emotional Support, Esteem Support, Tangible Assistance","Experienced, Internalized, Anticipated, Structural"
,,,,,,,,,,m1lxdy,sexualassault,gqfb9os,1615363129,2021-03-10 7:58:49,"Information Support, Emotional Support, Esteem Support, Tangible Assistance",Internalized
,,,,,,,,,,m1khsg,sexualassault,gqfcjto,1615364373,2021-03-10 8:19:33,"Information Support, Emotional Support, Esteem Support, Tangible Assistance, Group Interaction",Internalized
,,,,,,,,,,m1jv6v,sexualassault,gqem9fs,1615345174,2021-03-10 2:59:34,"Information Support, Tangible Assistance",Internalized
,,,,,,,,,,m1iiz8,sexualassault,gqewtja,1615351512,2021-03-10 4:45:12,,"Experienced, Anticipated"
,,,,,,,,,,m1du25,sexualassault,gqd6zbs,1615319855,2021-03-09 19:57:35,"Information Support, Esteem Support","Experienced, Internalized, Anticipated"
,,,,,,,,,,m1c444,sexualassault,gqcugtt,1615314063,2021-03-09 18:21:03,"Information Support, Emotional Support, Esteem Support, Group Interaction","Experienced, Internalized, Anticipated"
,,,,,,,,,,m1c444,sexualassault,gqfabme,1615362242,2021-03-10 7:44:02,"Emotional Support, Esteem Support","Experienced, Internalized, Anticipated"
,,,,,,,,,,m1bcq4,sexualassault,gqcrhlr,1615312731,2021-03-09 17:58:51,"Emotional Support, Esteem Support, Group Interaction","Experienced, Internalized, Anticipated, Structural"
,,,,,,,,,,m1bcq4,sexualassault,gqcx565,1615315363,2021-03-09 18:42:43,Esteem Support,"Experienced, Internalized, Anticipated, Structural"
,,,,,,,,,,m15qf8,sexualassault,gqcg4dd,1615308032,2021-03-09 16:40:32,"Information Support, Emotional Support, Esteem Support",
,,,,,,,,,,m11zrh,sexualassault,gqb2qzf,1615277429,2021-03-09 8:10:29,Information Support,"Internalized, Anticipated"
,,,,,,,,,,m11zrh,sexualassault,gqcrx5x,1615312921,2021-03-09 18:02:01,"Information Support, Emotional Support, Esteem Support","Internalized, Anticipated"
,,,,,,,,,,m0zg2o,sexualassault,gqb6pn6,1615281362,2021-03-09 9:16:02,"Information Support, Emotional Support, Esteem Support, Group Interaction","Experienced, Anticipated, Structural"
,,,,,,,,,,m0yope,sexualassault,gqc1lk3,1615302453,2021-03-09 15:07:33,"Information Support, Emotional Support, Esteem Support, Group Interaction","Experienced, Internalized, Anticipated"
,,,,,,,,,,m0yope,sexualassault,gqe2exv,1615334558,2021-03-10 0:02:38,"Information Support, Esteem Support, Group Interaction","Experienced, Internalized, Anticipated"
,,,,,,,,,,m0ycuw,sexualassault,gqhlewx,1615407526,2021-03-10 20:18:46,"Information Support, Emotional Support, Esteem Support, Tangible Assistance",Experienced
,,,,,,,,,,m0vtor,sexualassault,gqa5ceb,1615254791,2021-03-09 1:53:11,,
,,,,,,,,,,m0ra3x,sexualassault,gq9zqt9,1615251728,2021-03-09 1:02:08,"Information Support, Emotional Support, Esteem Support",Anticipated
,,,,,,,,,,m0qlbh,sexualassault,gq9ed3o,1615240706,2021-03-08 21:58:26,"Information Support, Emotional Support, Esteem Support","Experienced, Internalized, Anticipated"
,,,,,,,,,,m0qlbh,sexualassault,gq9gxgl,1615241900,2021-03-08 22:18:20,"Information Support, Esteem Support","Experienced, Internalized, Anticipated"
,,,,,,,,,,lztv96,sexualassault,gq42q1z,1615137025,2021-03-07 17:10:25,"Information Support, Emotional Support, Esteem Support","Internalized, Anticipated"
,,,,,,,,,,lztv96,sexualassault,gq42qq4,1615137034,2021-03-07 17:10:34,"Information Support, Esteem Support","Internalized, Anticipated"
,,,,,,,,,,ly8ix7,sexualassault,gprck71,1614939914,2021-03-05 10:25:14,"Information Support, Esteem Support",Internalized
,,,,,,,,,,ly8ix7,sexualassault,gprgqrm,1614943700,2021-03-05 11:28:20,"Information Support, Esteem Support",Internalized
,,,,,,,,,,ly67h3,sexualassault,gpr1cj6,1614929730,2021-03-05 7:35:30,"Information Support, Emotional Support, Esteem Support",Internalized
,,,,,,,,,,ly67h3,sexualassault,gqalrin,1615264088,2021-03-09 4:28:08,"Information Support, Emotional Support, Esteem Support, Group Interaction",Internalized
,,,,,,,,,,ly4wee,sexualassault,gpqrlnr,1614922087,2021-03-05 5:28:07,,"Experienced, Anticipated, Structural"
,,,,,,,,,,ly1qi6,sexualassault,gpqbwrx,1614912779,2021-03-05 2:52:59,Information Support,
,,,,,,,,,,ly1qi6,sexualassault,gpr18cj,1614929629,2021-03-05 7:33:49,"Information Support, Emotional Support",
,,,,,,,,,,ly0439,sexualassault,gpt87n6,1614975176,2021-03-05 20:12:56,"Information Support, Esteem Support","Experienced, Internalized, Anticipated, Structural"
,,,,,,,,,,lxysha,sexualassault,gpqkch4,1614917491,2021-03-05 4:11:31,"Emotional Support, Group Interaction",Internalized
,,,,,,,,,,lxysha,sexualassault,gq7smo2,1615215834,2021-03-08 15:03:54,"Information Support, Emotional Support, Esteem Support, Group Interaction",Internalized
,,,,,,,,,,lxrp7w,sexualassault,gpowbq7,1614888081,2021-03-04 20:01:21,"Information Support, Emotional Support, Esteem Support","Experienced, Internalized, Anticipated"
,,,,,,,,,,lxokad,sexualassault,gpo6to4,1614877396,2021-03-04 17:03:16,"Information Support, Emotional Support, Esteem Support, Group Interaction","Experienced, Internalized"
,,,,,,,,,,lxokad,sexualassault,gpp9g4a,1614893653,2021-03-04 21:34:13,"Emotional Support, Esteem Support, Group Interaction","Experienced, Internalized"
,,,,,,,,,,lxdo7h,sexualassault,gpmkjqz,1614838762,2021-03-04 6:19:22,"Information Support, Emotional Support, Group Interaction",Experienced
,,,,,,,,,,lxbosv,sexualassault,gppn3fa,1614899983,2021-03-04 23:19:43,"Information Support, Group Interaction",
,,,,,,,,,,lxb73o,sexualassault,gpm8t01,1614831047,2021-03-04 4:10:47,"Emotional Support, Esteem Support, Group Interaction",
,,,,,,,,,,lxb73o,sexualassault,gpmi8rq,1614837028,2021-03-04 5:50:28,"Emotional Support, Esteem Support",
,,,,,,,,,,lxb73o,sexualassault,gpmhgrw,1614836473,2021-03-04 5:41:13,"Emotional Support, Esteem Support",
,,,,,,,,,,lxb73o,sexualassault,gpnuxq0,1614872240,2021-03-04 15:37:20,"Emotional Support, Group Interaction",
,,,,,,,,,,lxb73o,sexualassault,lq8i2so,1728006336,2024-10-04 1:45:36,Group Interaction,
,,,,,,,,,,lxb73o,sexualassault,gpmuj0j,1614847449,2021-03-04 8:44:09,"Emotional Support, Esteem Support",
,,,,,,,,,,lxb73o,sexualassault,gpntme4,1614871657,2021-03-04 15:27:37,"Emotional Support, Esteem Support, Group Interaction",
,,,,,,,,,,lxaqxi,sexualassault,gpqscon,1614922606,2021-03-05 5:36:46,Information Support,"Internalized, Anticipated"
,,,,,,,,,,lx4at4,sexualassault,gplhu85,1614816694,2021-03-04 0:11:34,"Information Support, Emotional Support, Esteem Support, Tangible Assistance","Experienced, Internalized, Anticipated"
,,,,,,,,,,lwtw4x,sexualassault,gpj4v9y,1614778206,2021-03-03 13:30:06,Information Support,"Internalized, Anticipated"
,,,,,,,,,,lwqrrz,sexualassault,gpj15qc,1614775906,2021-03-03 12:51:46,"Information Support, Emotional Support, Esteem Support",Internalized
,,,,,,,,,,lwqrrz,sexualassault,gpiz5bn,1614774511,2021-03-03 12:28:31,Esteem Support,Internalized
,,,,,,,,,,lwqrrz,sexualassault,gpj4m7a,1614778060,2021-03-03 13:27:40,"Information Support, Esteem Support, Group Interaction",Internalized
,,,,,,,,,,lwqrrz,sexualassault,gpjvo4w,1614790693,2021-03-03 16:58:13,"Information Support, Emotional Support, Esteem Support, Tangible Assistance",Internalized
,,,,,,,,,,lwqrrz,sexualassault,gpkdbeb,1614798258,2021-03-03 19:04:18,"Information Support, Emotional Support, Esteem Support, Tangible Assistance",Internalized
,,,,,,,,,,lwqrrz,sexualassault,gpixica,1614773296,2021-03-03 12:08:16,,Internalized
,,,,,,,,,,lwqrrz,sexualassault,gpli6uj,1614816877,2021-03-04 0:14:37,"Information Support, Emotional Support, Esteem Support",Internalized
,,,,,,,,,,lwpn1d,sexualassault,gpmj34s,1614837651,2021-03-04 6:00:51,"Information Support, Esteem Support, Group Interaction",Internalized
,,,,,,,,,,lwnkz2,sexualassault,gpiz9kz,1614774596,2021-03-03 12:29:56,"Information Support, Esteem Support","Experienced, Internalized"
,,,,,,,,,,lwnkz2,sexualassault,gpjfcge,1614783551,2021-03-03 14:59:11,"Information Support, Esteem Support","Experienced, Internalized"
,,,,,,,,,,lwnkz2,sexualassault,gpjpahq,1614787977,2021-03-03 16:12:57,Group Interaction,"Experienced, Internalized"
,,,,,,,,,,lwnkz2,sexualassault,gpljz33,1614817825,2021-03-04 0:30:25,"Information Support, Esteem Support","Experienced, Internalized"
,,,,,,,,,,lwigrk,sexualassault,gpiczg4,1614754497,2021-03-03 6:54:57,"Information Support, Emotional Support","Experienced, Anticipated"
,,,,,,,,,,lu7mr4,sexualassault,gp4uvtf,1614493538,2021-02-28 6:25:38,Information Support,Internalized
,,,,,,,,,,lu7mr4,sexualassault,gqdyj5p,1615332539,2021-03-09 23:28:59,"Information Support, Emotional Support, Tangible Assistance, Group Interaction",Internalized
,,,,,,,,,,lu7mr4,sexualassault,gp9avlh,1614566151,2021-03-01 2:35:51,Esteem Support,Internalized
,,,,,,,,,,lu1qvk,sexualassault,gp3zghe,1614478430,2021-02-28 2:13:50,"Information Support, Esteem Support, Tangible Assistance","Internalized, Anticipated"
,,,,,,,,,,ltq8vp,sexualassault,gp1y9v7,1614451663,2021-02-27 18:47:43,"Emotional Support, Esteem Support",Internalized
,,,,,,,,,,ltq8vp,sexualassault,gp1mdai,1614448288,2021-02-27 17:51:28,"Information Support, Emotional Support, Esteem Support, Group Interaction",Internalized
,,,,,,,,,,ltq8vp,sexualassault,gp1myhj,1614448510,2021-02-27 17:55:10,"Information Support, Emotional Support, Esteem Support, Tangible Assistance",Internalized
,,,,,,,,,,ltq8vp,sexualassault,gp4w4wv,1614494083,2021-02-28 6:34:43,"Emotional Support, Esteem Support",Internalized
,,,,,,,,,,ltiurx,sexualassault,goyis7p,1614411153,2021-02-27 7:32:33,"Emotional Support, Esteem Support, Group Interaction","Internalized, Anticipated"
,,,,,,,,,,lthrgm,sexualassault,goyjgbo,1614411771,2021-02-27 7:42:51,"Information Support, Emotional Support, Group Interaction",Experienced
,,,,,,,,,,ltdgoc,sexualassault,goyihx1,1614410897,2021-02-27 7:28:17,"Information Support, Emotional Support, Tangible Assistance, Group Interaction","Experienced, Internalized, Anticipated"
,,,,,,,,,,ltdgoc,sexualassault,gpa8tg3,1614591817,2021-03-01 9:43:37,"Information Support, Emotional Support","Experienced, Internalized, Anticipated"
,,,,,,,,,,lt6ts8,sexualassault,gowlpf5,1614380809,2021-02-26 23:06:49,"Emotional Support, Esteem Support, Group Interaction","Experienced, Anticipated"
,,,,,,,,,,lt4fci,sexualassault,govjv6u,1614369492,2021-02-26 19:58:12,Information Support,"Internalized, Anticipated"
,,,,,,,,,,lt4fci,sexualassault,gox0bg2,1614385558,2021-02-27 0:25:58,"Information Support, Esteem Support","Internalized, Anticipated"
,,,,,,,,,,lsuzpc,sexualassault,gou883m,1614354232,2021-02-26 15:43:52,Information Support,"Internalized, Anticipated"
,,,,,,,,,,lsuzpc,sexualassault,gou9xoy,1614354975,2021-02-26 15:56:15,"Information Support, Group Interaction","Internalized, Anticipated"
,,,,,,,,,,lsuzpc,sexualassault,gozst7t,1614431350,2021-02-27 13:09:10,"Information Support, Group Interaction","Internalized, Anticipated"
,,,,,,,,,,lsq82k,sexualassault,goss0ac,1614317015,2021-02-26 5:23:35,"Emotional Support, Group Interaction",Anticipated
,,,,,,,,,,lsq82k,sexualassault,gotoly8,1614344277,2021-02-26 12:57:57,"Information Support, Esteem Support",Anticipated
,,,,,,,,,,lspwfv,sexualassault,got93uj,1614331150,2021-02-26 9:19:10,"Information Support, Emotional Support","Experienced, Internalized, Anticipated, Structural"
,,,,,,,,,,lsonq3,sexualassault,gosgmwt,1614310218,2021-02-26 3:30:18,"Information Support, Esteem Support","Experienced, Internalized, Anticipated"
,,,,,,,,,,ls3s19,sexualassault,gorgtrw,1614292411,2021-02-25 22:33:31,"Emotional Support, Esteem Support","Experienced, Internalized, Anticipated"
,,,,,,,,,,ls26jy,sexualassault,goosc1o,1614244933,2021-02-25 9:22:13,"Information Support, Emotional Support, Group Interaction",Internalized
,,,,,,,,,,ls26jy,sexualassault,gop2s7n,1614254350,2021-02-25 11:59:10,"Information Support, Emotional Support, Esteem Support",Internalized
,,,,,,,,,,lrup2i,sexualassault,gonozwy,1614219192,2021-02-25 2:13:12,"Information Support, Esteem Support",Internalized
,,,,,,,,,,lrup2i,sexualassault,ix4ntdk,1668970401,2022-11-20 18:53:21,Emotional Support,Internalized
,,,,,,,,,,lrup2i,sexualassault,gono5g5,1614218795,2021-02-25 2:06:35,Information Support,Internalized
,,,,,,,,,,lrrpr2,sexualassault,goncnmq,1614213421,2021-02-25 0:37:01,,Experienced
,,,,,,,,,,lrrhvr,sexualassault,gonehxc,1614214301,2021-02-25 0:51:41,"Information Support, Emotional Support, Esteem Support",Internalized
,,,,,,,,,,lre5gs,sexualassault,golkvc9,1614185289,2021-02-24 16:48:09,"Information Support, Emotional Support","Anticipated, Structural"
,,,,,,,,,,lre5gs,sexualassault,gomflqj,1614197343,2021-02-24 20:09:03,"Information Support, Emotional Support, Esteem Support","Anticipated, Structural"
,,,,,,,,,,lrd778,sexualassault,golj52q,1614184553,2021-02-24 16:35:53,Information Support,
,,,,,,,,,,lrd778,sexualassault,gomkpb4,1614199424,2021-02-24 20:43:44,Information Support,
,,,,,,,,,,lr7sbi,sexualassault,gokbmtj,1614156540,2021-02-24 8:49:00,"Information Support, Emotional Support, Esteem Support, Group Interaction","Experienced, Internalized"
,,,,,,,,,,lr7sbi,sexualassault,gokkj10,1614165072,2021-02-24 11:11:12,"Information Support, Esteem Support","Experienced, Internalized"
,,,,,,,,,,lr7sbi,sexualassault,gokmid9,1614166803,2021-02-24 11:40:03,"Information Support, Emotional Support","Experienced, Internalized"
,,,,,,,,,,lr7sbi,sexualassault,gol5vx4,1614178666,2021-02-24 14:57:46,,"Experienced, Internalized"
,,,,,,,,,,lr7sbi,sexualassault,gom8oj7,1614194495,2021-02-24 19:21:35,"Information Support, Emotional Support, Esteem Support","Experienced, Internalized"
,,,,,,,,,,lr7sbi,sexualassault,gonra35,1614220249,2021-02-25 2:30:49,"Information Support, Emotional Support","Experienced, Internalized"
,,,,,,,,,,lr76c1,sexualassault,golx6hg,1614190186,2021-02-24 18:09:46,"Emotional Support, Esteem Support, Group Interaction",Internalized
,,,,,,,,,,lr0nsl,sexualassault,gonj9x6,1614216547,2021-02-25 1:29:07,Esteem Support,Experienced
,,,,,,,,,,lqub6m,sexualassault,gojtwiv,1614142412,2021-02-24 4:53:32,"Information Support, Tangible Assistance","Anticipated, Structural"
,,,,,,,,,,lqub6m,sexualassault,goiihfu,1614118060,2021-02-23 22:07:40,"Information Support, Esteem Support","Anticipated, Structural"
,,,,,,,,,,lqge9e,sexualassault,gogrck0,1614092067,2021-02-23 14:54:27,"Information Support, Emotional Support",Internalized
,,,,,,,,,,lqge9e,sexualassault,gohaffn,1614099982,2021-02-23 17:06:22,"Emotional Support, Group Interaction",Internalized
,,,,,,,,,,lqaxdo,sexualassault,gog9s6e,1614081647,2021-02-23 12:00:47,"Emotional Support, Esteem Support, Group Interaction",Internalized
,,,,,,,,,,lq7ieh,sexualassault,gof4iud,1614050469,2021-02-23 3:21:09,"Information Support, Emotional Support, Esteem Support","Experienced, Internalized"
,,,,,,,,,,lq5u8u,sexualassault,gof6p0m,1614051613,2021-02-23 3:40:13,"Information Support, Emotional Support, Esteem Support, Tangible Assistance",Internalized
,,,,,,,,,,lq5u8u,sexualassault,gof8nv0,1614052658,2021-02-23 3:57:38,"Information Support, Emotional Support, Tangible Assistance, Group Interaction",Internalized
,,,,,,,,,,lq2g0a,sexualassault,goeep3k,1614037565,2021-02-22 23:46:05,"Information Support, Emotional Support","Experienced, Internalized, Anticipated"
,,,,,,,,,,lq2ba5,sexualassault,goeflap,1614038003,2021-02-22 23:53:23,"Emotional Support, Esteem Support","Internalized, Anticipated"
,,,,,,,,,,lpz1h6,sexualassault,gog2vp1,1614075637,2021-02-23 10:20:37,Emotional Support,"Experienced, Internalized, Anticipated"
,,,,,,,,,,lpxfsn,sexualassault,goeietc,1614039411,2021-02-23 0:16:51,Information Support,Anticipated
,,,,,,,,,,lpxfsn,sexualassault,gofb2ee,1614053977,2021-02-23 4:19:37,"Information Support, Emotional Support, Esteem Support",Anticipated
,,,,,,,,,,lpxc9d,sexualassault,goe1hlt,1614031316,2021-02-22 22:01:56,"Information Support, Emotional Support, Esteem Support","Experienced, Internalized, Anticipated, Structural"
,,,,,,,,,,lpxc9d,sexualassault,godmhw3,1614024656,2021-02-22 20:10:56,"Information Support, Emotional Support, Esteem Support","Experienced, Internalized, Anticipated, Structural"
,,,,,,,,,,lpxc9d,sexualassault,goev67i,1614045745,2021-02-23 2:02:25,"Information Support, Esteem Support","Experienced, Internalized, Anticipated, Structural"
,,,,,,,,,,lpqgm1,sexualassault,goiwqpe,1614124968,2021-02-24 0:02:48,"Emotional Support, Tangible Assistance, Group Interaction",Internalized
,,,,,,,,,,lplxow,sexualassault,goc2ads,1613997865,2021-02-22 12:44:25,"Emotional Support, Esteem Support","Experienced, Internalized, Anticipated"
,,,,,,,,,,lpjqx9,sexualassault,gobv1ax,1613992158,2021-02-22 11:09:18,"Emotional Support, Tangible Assistance","Internalized, Anticipated"
,,,,,,,,,,lpjqx9,sexualassault,goc0m1i,1613996671,2021-02-22 12:24:31,Information Support,"Internalized, Anticipated"
,,,,,,,,,,lpd2zb,sexualassault,gob1ogk,1613968143,2021-02-22 4:29:03,"Information Support, Emotional Support, Esteem Support","Experienced, Internalized"
,,,,,,,,,,lp9cbg,sexualassault,goa9geh,1613952963,2021-02-22 0:16:03,"Information Support, Emotional Support, Esteem Support","Experienced, Internalized, Anticipated"
,,,,,,,,,,lp9cbg,sexualassault,goa9o4t,1613953078,2021-02-22 0:17:58,"Emotional Support, Esteem Support, Group Interaction","Experienced, Internalized, Anticipated"
,,,,,,,,,,lp9cbg,sexualassault,goav1z9,1613964283,2021-02-22 3:24:43,"Emotional Support, Esteem Support","Experienced, Internalized, Anticipated"
,,,,,,,,,,lp83jq,sexualassault,gof381d,1614049791,2021-02-23 3:09:51,"Information Support, Esteem Support","Internalized, Anticipated"
,,,,,,,,,,lp0n4b,sexualassault,go8uw5n,1613929363,2021-02-21 17:42:43,Information Support,
,,,,,,,,,,lp0ln2,sexualassault,gobhfdz,1613979558,2021-02-22 7:39:18,"Information Support, Emotional Support, Esteem Support","Experienced, Internalized"
,,,,,,,,,,lorlei,sexualassault,go7yqtd,1613910561,2021-02-21 12:29:21,"Information Support, Emotional Support, Esteem Support","Experienced, Anticipated"
,,,,,,,,,,loq36k,sexualassault,gp3w13r,1614476427,2021-02-28 1:40:27,"Information Support, Emotional Support, Esteem Support, Tangible Assistance","Experienced, Internalized, Anticipated"
,,,,,,,,,,loo6qx,sexualassault,go7pjmr,1613901545,2021-02-21 9:59:05,"Emotional Support, Esteem Support","Internalized, Anticipated"
,,,,,,,,,,lolc36,sexualassault,go6odfj,1613874564,2021-02-21 2:29:24,"Emotional Support, Group Interaction","Experienced, Internalized, Anticipated"
,,,,,,,,,,lohhls,sexualassault,go6emjz,1613869201,2021-02-21 1:00:01,"Information Support, Emotional Support, Esteem Support","Experienced, Internalized, Anticipated"
,,,,,,,,,,lo8mu7,sexualassault,go4o36y,1613836912,2021-02-20 16:01:52,,"Experienced, Internalized, Anticipated, Structural"
,,,,,,,,,,lnwf7s,sexualassault,go2xe2s,1613790523,2021-02-20 3:08:43,"Information Support, Esteem Support",Internalized
,,,,,,,,,,lnwf7s,sexualassault,go2y7as,1613790967,2021-02-20 3:16:07,"Information Support, Esteem Support, Group Interaction",Internalized
,,,,,,,,,,lnuqvp,sexualassault,go5l9hq,1613853508,2021-02-20 20:38:28,"Emotional Support, Esteem Support, Group Interaction","Experienced, Internalized, Anticipated"
,,,,,,,,,,lnrziz,sexualassault,go209sm,1613773344,2021-02-19 22:22:24,,Internalized
,,,,,,,,,,lnef5p,sexualassault,go1bkqq,1613761177,2021-02-19 18:59:37,"Information Support, Emotional Support, Esteem Support, Group Interaction",Internalized
,,,,,,,,,,lndvlh,sexualassault,gnzz34a,1613737133,2021-02-19 12:18:53,"Emotional Support, Esteem Support, Group Interaction","Experienced, Internalized, Anticipated"
,,,,,,,,,,lndvlh,sexualassault,go0bhl7,1613744821,2021-02-19 14:27:01,"Emotional Support, Esteem Support","Experienced, Internalized, Anticipated"
,,,,,,,,,,lndvlh,sexualassault,go06a1e,1613741987,2021-02-19 13:39:47,"Information Support, Emotional Support, Esteem Support","Experienced, Internalized, Anticipated"
,,,,,,,,,,lndvlh,sexualassault,go0tva4,1613753323,2021-02-19 16:48:43,"Information Support, Emotional Support","Experienced, Internalized, Anticipated"
,,,,,,,,,,lndvlh,sexualassault,go1ym1n,1613772510,2021-02-19 22:08:30,"Information Support, Esteem Support","Experienced, Internalized, Anticipated"
,,,,,,,,,,lnc7bx,sexualassault,gnzzacf,1613737287,2021-02-19 12:21:27,Information Support,"Experienced, Internalized, Anticipated"
,,,,,,,,,,lnc7bx,sexualassault,gnzv0kv,1613733703,2021-02-19 11:21:43,Emotional Support,"Experienced, Internalized, Anticipated"
,,,,,,,,,,lnc7bx,sexualassault,go60qoo,1613861638,2021-02-20 22:53:58,"Emotional Support, Group Interaction","Experienced, Internalized, Anticipated"
,,,,,,,,,,ln5spt,sexualassault,gnyydqo,1613707658,2021-02-19 4:07:38,"Information Support, Emotional Support, Tangible Assistance",Internalized
,,,,,,,,,,ln5spt,sexualassault,gnzshlg,1613731350,2021-02-19 10:42:30,"Emotional Support, Esteem Support, Group Interaction",Internalized
,,,,,,,,,,ln2sn7,sexualassault,gnygmd4,1613698171,2021-02-19 1:29:31,"Information Support, Emotional Support, Esteem Support, Group Interaction","Internalized, Anticipated"
,,,,,,,,,,lmkgux,sexualassault,gnvlhzf,1613649842,2021-02-18 12:04:02,"Information Support, Emotional Support, Esteem Support",Internalized
,,,,,,,,,,lmkgux,sexualassault,gnwdvh0,1613665212,2021-02-18 16:20:12,"Emotional Support, Esteem Support, Tangible Assistance",Internalized
,,,,,,,,,,lmkgux,sexualassault,gp4q14q,1614491534,2021-02-28 5:52:14,"Emotional Support, Esteem Support",Internalized
,,,,,,,,,,lmfyo7,sexualassault,gnv1shs,1613632071,2021-02-18 7:07:51,"Information Support, Esteem Support",Internalized
,,,,,,,,,,lmfyo7,sexualassault,gnvwns8,1613657105,2021-02-18 14:05:05,Esteem Support,Internalized
,,,,,,,,,,lmeexu,sexualassault,gnv1yuv,1613632215,2021-02-18 7:10:15,"Information Support, Esteem Support","Experienced, Internalized"
,,,,,,,,,,lmdn8w,sexualassault,gnv3m0k,1613633583,2021-02-18 7:33:03,"Information Support, Esteem Support","Internalized, Anticipated"
,,,,,,,,,,lmdn8w,sexualassault,gnzu50u,1613732902,2021-02-19 11:08:22,"Information Support, Esteem Support, Tangible Assistance","Internalized, Anticipated"
,,,,,,,,,,lmbrmb,sexualassault,gnuic9y,1613619684,2021-02-18 3:41:24,Information Support,"Internalized, Anticipated"
,,,,,,,,,,lmb1tt,sexualassault,gnu7elb,1613614166,2021-02-18 2:09:26,"Information Support, Esteem Support",
,,,,,,,,,,lmb1tt,sexualassault,gnu8g1d,1613614685,2021-02-18 2:18:05,"Information Support, Emotional Support, Esteem Support, Tangible Assistance",
,,,,,,,,,,lmb1tt,sexualassault,gnunzxy,1613622777,2021-02-18 4:32:57,"Emotional Support, Tangible Assistance",
,,,,,,,,,,lm9fdv,sexualassault,gnuoj0y,1613623081,2021-02-18 4:38:01,"Information Support, Emotional Support, Esteem Support, Group Interaction","Internalized, Anticipated"
,,,,,,,,,,lm5jxz,sexualassault,gntz2pp,1613610047,2021-02-18 1:00:47,"Information Support, Emotional Support, Esteem Support, Tangible Assistance","Experienced, Anticipated"
,,,,,,,,,,lm5jxz,sexualassault,gnu73c6,1613614010,2021-02-18 2:06:50,"Emotional Support, Esteem Support","Experienced, Anticipated"
,,,,,,,,,,lm5jxz,sexualassault,gnv93dz,1613638559,2021-02-18 8:55:59,Group Interaction,"Experienced, Anticipated"
,,,,,,,,,,lm55kj,sexualassault,gnv1ew0,1613631766,2021-02-18 7:02:46,,Internalized
,,,,,,,,,,lm55kj,sexualassault,gnv1hn3,1613631827,2021-02-18 7:03:47,Tangible Assistance,Internalized
,,,,,,,,,,llfgkp,sexualassault,gnp78ux,1613515447,2021-02-16 22:44:07,"Information Support, Emotional Support, Esteem Support","Experienced, Internalized"
,,,,,,,,,,ll1yge,sexualassault,gnncbzc,1613485158,2021-02-16 14:19:18,"Information Support, Emotional Support, Esteem Support","Experienced, Internalized, Anticipated"
,,,,,,,,,,ll1yge,sexualassault,gnnmxob,1613490381,2021-02-16 15:46:21,"Information Support, Emotional Support, Esteem Support","Experienced, Internalized, Anticipated"
,,,,,,,,,,lkz99f,sexualassault,gnml00g,1613463288,2021-02-16 8:14:48,"Information Support, Emotional Support, Esteem Support","Experienced, Internalized, Anticipated"
,,,,,,,,,,lkt6ky,sexualassault,gnlv3q9,1613445339,2021-02-16 3:15:39,"Information Support, Emotional Support, Esteem Support",Internalized
,,,,,,,,,,lkt6ky,sexualassault,gnly9an,1613447086,2021-02-16 3:44:46,"Information Support, Esteem Support, Tangible Assistance",Internalized
,,,,,,,,,,lkt6ky,sexualassault,gnmfplm,1613458717,2021-02-16 6:58:37,"Information Support, Emotional Support, Esteem Support",Internalized
,,,,,,,,,,lksjtw,sexualassault,gnmoqhq,1613466773,2021-02-16 9:12:53,"Information Support, Emotional Support, Tangible Assistance","Internalized, Anticipated"
,,,,,,,,,,lkrlsg,sexualassault,gnlgdqq,1613437494,2021-02-16 1:04:54,"Esteem Support, Group Interaction","Experienced, Internalized, Anticipated, Structural"
,,,,,,,,,,lkopwa,sexualassault,gnlizod,1613438876,2021-02-16 1:27:56,"Information Support, Emotional Support, Esteem Support","Experienced, Internalized, Anticipated"
,,,,,,,,,,lkf987,sexualassault,gnknabx,1613422692,2021-02-15 20:58:12,Information Support,Internalized
,,,,,,,,,,lkf987,sexualassault,gnkvt7o,1613426821,2021-02-15 22:07:01,"Information Support, Esteem Support, Group Interaction",Internalized
,,,,,,,,,,lk4enc,sexualassault,gnhzx57,1613361205,2021-02-15 3:53:25,"Information Support, Emotional Support, Esteem Support","Experienced, Internalized, Anticipated"
,,,,,,,,,,lk4enc,sexualassault,gnimbup,1613377770,2021-02-15 8:29:30,"Information Support, Esteem Support, Group Interaction","Experienced, Internalized, Anticipated"
,,,,,,,,,,lk1bhq,sexualassault,gnhfmqi,1613349580,2021-02-15 0:39:40,Information Support,"Experienced, Anticipated"
,,,,,,,,,,ljz5w6,sexualassault,gnhk2al,1613352122,2021-02-15 1:22:02,"Emotional Support, Esteem Support",Internalized
,,,,,,,,,,ljrc3g,sexualassault,gngetak,1613329979,2021-02-14 19:12:59,"Information Support, Esteem Support","Experienced, Internalized"
,,,,,,,,,,ljrc3g,sexualassault,gngm3rv,1613333681,2021-02-14 20:14:41,,"Experienced, Internalized"
,,,,,,,,,,ljrc3g,sexualassault,gnh8j8f,1613345539,2021-02-14 23:32:19,"Information Support, Emotional Support, Esteem Support, Group Interaction","Experienced, Internalized"
,,,,,,,,,,ljkxtg,sexualassault,gndnbsp,1613292580,2021-02-14 8:49:40,Information Support,Experienced
,,,,,,,,,,ljkbxd,sexualassault,gnehfu3,1613310620,2021-02-14 13:50:20,Esteem Support,"Experienced, Anticipated, Structural"
,,,,,,,,,,lji9pb,sexualassault,gnczsed,1613281631,2021-02-14 5:47:11,"Information Support, Esteem Support","Internalized, Anticipated"
,,,,,,,,,,ljg9ww,sexualassault,gndlbt8,1613291421,2021-02-14 8:30:21,"Emotional Support, Group Interaction","Experienced, Internalized, Anticipated"
,,,,,,,,,,lje78g,sexualassault,gndr5ij,1613295966,2021-02-14 9:46:06,"Information Support, Emotional Support, Esteem Support","Experienced, Internalized"
,,,,,,,,,,ljd3iw,sexualassault,gnc5ltw,1613269284,2021-02-14 2:21:24,"Emotional Support, Esteem Support","Experienced, Internalized, Anticipated, Structural"
,,,,,,,,,,ljct9b,sexualassault,gncrncv,1613278661,2021-02-14 4:57:41,"Information Support, Group Interaction",
,,,,,,,,,,ljc5wb,sexualassault,gnbfokq,1613259270,2021-02-13 23:34:30,Information Support,"Experienced, Internalized, Anticipated"
,,,,,,,,,,lj7lbr,sexualassault,gncfmzd,1613273979,2021-02-14 3:39:39,"Emotional Support, Esteem Support","Experienced, Internalized, Anticipated, Structural"
,,,,,,,,,,lj0e7j,sexualassault,gn7ku13,1613223139,2021-02-13 13:32:19,"Information Support, Emotional Support, Esteem Support, Group Interaction",Internalized
,,,,,,,,,,liyjzx,sexualassault,gn6ulq9,1613215296,2021-02-13 11:21:36,Information Support,Internalized
,,,,,,,,,,lissf7,sexualassault,gn55jbj,1613192885,2021-02-13 5:08:05,"Emotional Support, Group Interaction","Experienced, Internalized"
,,,,,,,,,,lissf7,sexualassault,gn5c34p,1613197632,2021-02-13 6:27:12,"Information Support, Emotional Support, Group Interaction","Experienced, Internalized"
,,,,,,,,,,lipwrw,sexualassault,gpuejym,1614994536,2021-03-06 1:35:36,,"Experienced, Internalized, Anticipated"
,,,,,,,,,,lipwrw,sexualassault,gn5d2q0,1613198434,2021-02-13 6:40:34,"Information Support, Emotional Support, Esteem Support","Experienced, Internalized, Anticipated"
,,,,,,,,,,linvxr,sexualassault,gn49b7r,1613174398,2021-02-12 23:59:58,"Information Support, Esteem Support",Internalized
,,,,,,,,,,lik3ep,sexualassault,gn3qun7,1613165217,2021-02-12 21:26:57,"Information Support, Emotional Support, Esteem Support",Internalized
,,,,,,,,,,lik3ep,sexualassault,gn5i55z,1613200663,2021-02-13 7:17:43,"Information Support, Emotional Support, Esteem Support, Tangible Assistance, Group Interaction",Internalized
,,,,,,,,,,lib4za,sexualassault,gn2700i,1613139949,2021-02-12 14:25:49,"Information Support, Emotional Support",Internalized
,,,,,,,,,,lib4za,sexualassault,gn2ed8n,1613143539,2021-02-12 15:25:39,"Information Support, Esteem Support",Internalized
,,,,,,,,,,li7njk,sexualassault,gn2p3wa,1613148423,2021-02-12 16:47:03,"Emotional Support, Esteem Support, Group Interaction","Experienced, Internalized"
,,,,,,,,,,li2l7o,sexualassault,gn26cx7,1613139619,2021-02-12 14:20:19,"Information Support, Emotional Support, Esteem Support","Internalized, Anticipated"
,,,,,,,,,,li2ety,sexualassault,gn1cppd,1613115873,2021-02-12 7:44:33,"Emotional Support, Group Interaction","Internalized, Anticipated"
,,,,,,,,,,lhtvoj,sexualassault,gmza68i,1613075289,2021-02-11 20:28:09,Information Support,"Experienced, Internalized, Anticipated, Structural"
,,,,,,,,,,lhtvoj,sexualassault,gn1lmm4,1613124109,2021-02-12 10:01:49,"Information Support, Emotional Support, Esteem Support, Group Interaction","Experienced, Internalized, Anticipated, Structural"
,,,,,,,,,,lht4t7,sexualassault,gn0fms1,1613095097,2021-02-12 1:58:17,"Information Support, Emotional Support, Esteem Support, Group Interaction","Experienced, Internalized"
,,,,,,,,,,lht4t7,sexualassault,gnvltoj,1613650102,2021-02-18 12:08:22,Information Support,"Experienced, Internalized"
,,,,,,,,,,lhjfe5,sexualassault,gmxnj6f,1613049569,2021-02-11 13:19:29,"Information Support, Esteem Support, Tangible Assistance",Internalized
,,,,,,,,,,lhj93d,sexualassault,gmxhw2z,1613045767,2021-02-11 12:16:07,Information Support,Anticipated
,,,,,,,,,,lhj93d,sexualassault,lolwdjc,1727134342,2024-09-23 23:32:22,,Anticipated
,,,,,,,,,,lhj93d,sexualassault,gmxqkzs,1613051307,2021-02-11 13:48:27,Emotional Support,Anticipated
,,,,,,,,,,lhj93d,sexualassault,gmyf1bh,1613062289,2021-02-11 16:51:29,Emotional Support,Anticipated
,,,,,,,,,,lhifjn,sexualassault,gmxjzfj,1613047284,2021-02-11 12:41:24,"Information Support, Emotional Support, Esteem Support","Experienced, Internalized, Anticipated"
,,,,,,,,,,lhifjn,sexualassault,gmxuloa,1613053365,2021-02-11 14:22:45,"Information Support, Esteem Support, Tangible Assistance","Experienced, Internalized, Anticipated"
,,,,,,,,,,lheqi9,sexualassault,gmxd0dq,1613041704,2021-02-11 11:08:24,"Information Support, Emotional Support",Experienced
,,,,,,,,,,lheqi9,sexualassault,gmwx902,1613027242,2021-02-11 7:07:22,"Information Support, Esteem Support",Experienced
,,,,,,,,,,lhakog,sexualassault,gmwt0r9,1613023881,2021-02-11 6:11:21,Information Support,
,,,,,,,,,,lha0a4,sexualassault,gmwj89k,1613017493,2021-02-11 4:24:53,"Information Support, Esteem Support","Experienced, Internalized, Anticipated"
,,,,,,,,,,lha0a4,sexualassault,gmwpvf6,1613021655,2021-02-11 5:34:15,"Information Support, Esteem Support","Experienced, Internalized, Anticipated"
,,,,,,,,,,lha0a4,sexualassault,gmwqcsh,1613021977,2021-02-11 5:39:37,"Information Support, Esteem Support","Experienced, Internalized, Anticipated"
,,,,,,,,,,lh8yed,sexualassault,gmx6kml,1613035677,2021-02-11 9:27:57,"Information Support, Emotional Support","Experienced, Internalized, Structural"
,,,,,,,,,,lh8oe7,sexualassault,gmwqssk,1613022277,2021-02-11 5:44:37,"Information Support, Emotional Support, Esteem Support","Internalized, Anticipated"
,,,,,,,,,,lh7waz,sexualassault,gmygy6k,1613063077,2021-02-11 17:04:37,"Information Support, Emotional Support, Esteem Support, Group Interaction","Experienced, Internalized, Anticipated"
,,,,,,,,,,lh245w,sexualassault,gmuvbir,1612988584,2021-02-10 20:23:04,"Information Support, Emotional Support, Esteem Support","Experienced, Internalized, Anticipated"
,,,,,,,,,,lg938b,sexualassault,gmqc50c,1612898799,2021-02-09 19:26:39,"Information Support, Esteem Support, Tangible Assistance","Experienced, Internalized, Anticipated"
,,,,,,,,,,lg938b,sexualassault,gmqoyym,1612904244,2021-02-09 20:57:24,Information Support,"Experienced, Internalized, Anticipated"
,,,,,,,,,,lg938b,sexualassault,gmqflpf,1612900270,2021-02-09 19:51:10,"Information Support, Emotional Support, Esteem Support, Group Interaction","Experienced, Internalized, Anticipated"
,,,,,,,,,,lg938b,sexualassault,gmqb6pr,1612898396,2021-02-09 19:19:56,"Information Support, Emotional Support","Experienced, Internalized, Anticipated"
,,,,,,,,,,lg1zn3,sexualassault,gmozyj8,1612876714,2021-02-09 13:18:34,"Information Support, Emotional Support, Esteem Support",Internalized
,,,,,,,,,,lfyttt,sexualassault,gmojp8y,1612862823,2021-02-09 9:27:03,,"Experienced, Internalized, Anticipated, Structural"
,,,,,,,,,,lfyttt,sexualassault,gmom2yt,1612865215,2021-02-09 10:06:55,Emotional Support,"Experienced, Internalized, Anticipated, Structural"
,,,,,,,,,,lfxz2j,sexualassault,gmojxae,1612863046,2021-02-09 9:30:46,Information Support,"Experienced, Internalized, Anticipated, Structural"
,,,,,,,,,,lfxz2j,sexualassault,gmovqf5,1612873814,2021-02-09 12:30:14,Information Support,"Experienced, Internalized, Anticipated, Structural"
,,,,,,,,,,lfxz2j,sexualassault,gmoympk,1612875851,2021-02-09 13:04:11,"Information Support, Emotional Support, Esteem Support, Group Interaction","Experienced, Internalized, Anticipated, Structural"
,,,,,,,,,,lfxz2j,sexualassault,gmpkeba,1612886999,2021-02-09 16:09:59,"Information Support, Esteem Support","Experienced, Internalized, Anticipated, Structural"
,,,,,,,,,,lfxz2j,sexualassault,gmppdfv,1612889125,2021-02-09 16:45:25,"Information Support, Esteem Support","Experienced, Internalized, Anticipated, Structural"
,,,,,,,,,,lfxz2j,sexualassault,gmph4rx,1612885552,2021-02-09 15:45:52,Information Support,"Experienced, Internalized, Anticipated, Structural"
,,,,,,,,,,lfxz2j,sexualassault,gmpnbkq,1612888256,2021-02-09 16:30:56,Information Support,"Experienced, Internalized, Anticipated, Structural"
,,,,,,,,,,lfxz2j,sexualassault,gmq0cdg,1612893779,2021-02-09 18:02:59,"Information Support, Esteem Support","Experienced, Internalized, Anticipated, Structural"
,,,,,,,,,,lfxz2j,sexualassault,gmpwjmc,1612892178,2021-02-09 17:36:18,,"Experienced, Internalized, Anticipated, Structural"
,,,,,,,,,,lfshft,sexualassault,gmnxekn,1612845056,2021-02-09 4:30:56,"Information Support, Esteem Support","Experienced, Internalized, Anticipated"
,,,,,,,,,,lfshft,sexualassault,gmo6c4j,1612850993,2021-02-09 6:09:53,"Information Support, Emotional Support, Esteem Support","Experienced, Internalized, Anticipated"
,,,,,,,,,,lfshft,sexualassault,gmo6uvl,1612851394,2021-02-09 6:16:34,"Information Support, Emotional Support, Esteem Support, Group Interaction","Experienced, Internalized, Anticipated"
,,,,,,,,,,lfr76d,sexualassault,gmni7sw,1612836806,2021-02-09 2:13:26,Information Support,Anticipated
,,,,,,,,,,lfo4px,sexualassault,gmmueng,1612824590,2021-02-08 22:49:50,Information Support,"Internalized, Anticipated"
,,,,,,,,,,lfo4px,sexualassault,gmmwbaa,1612825526,2021-02-08 23:05:26,"Information Support, Esteem Support, Tangible Assistance","Internalized, Anticipated"
,,,,,,,,,,lfkw5e,sexualassault,gmmprhf,1612822385,2021-02-08 22:13:05,"Information Support, Emotional Support",Experienced
,,,,,,,,,,lfkw5e,sexualassault,gmmvun2,1612825296,2021-02-08 23:01:36,Emotional Support,Experienced
,,,,,,,,,,lfkw5e,sexualassault,gmodfpj,1612856913,2021-02-09 7:48:33,"Information Support, Esteem Support",Experienced
,,,,,,,,,,lf2rnd,sexualassault,gmlivth,1612803163,2021-02-08 16:52:43,"Information Support, Emotional Support","Experienced, Internalized, Structural"
,,,,,,,,,,lf1mki,sexualassault,gmjrfd4,1612758142,2021-02-08 4:22:22,"Information Support, Emotional Support",Internalized
,,,,,,,,,,lcsews,sexualassault,gm2n70b,1612494650,2021-02-05 3:10:50,"Information Support, Emotional Support, Esteem Support","Experienced, Internalized, Anticipated"
,,,,,,,,,,lcp512,sexualassault,gm23164,1612485076,2021-02-05 0:31:16,"Information Support, Emotional Support, Esteem Support","Experienced, Internalized"
,,,,,,,,,,lceigr,sexualassault,glzbk63,1612441999,2021-02-04 12:33:19,"Emotional Support, Esteem Support","Experienced, Internalized, Anticipated"
,,,,,,,,,,lcdalp,sexualassault,glz51xv,1612436953,2021-02-04 11:09:13,"Emotional Support, Group Interaction",Internalized
,,,,,,,,,,lc6hvq,sexualassault,gly3wpi,1612409670,2021-02-04 3:34:30,Information Support,"Experienced, Internalized"
,,,,,,,,,,lbnpqm,sexualassault,glzefxt,1612443900,2021-02-04 13:05:00,Information Support,Internalized
,,,,,,,,,,lbkb3x,sexualassault,glxcs0l,1612396280,2021-02-03 23:51:20,"Information Support, Emotional Support, Esteem Support, Tangible Assistance, Group Interaction","Experienced, Internalized, Anticipated"
,,,,,,,,,,lbeqne,sexualassault,gltl72o,1612323916,2021-02-03 3:45:16,Information Support,"Experienced, Internalized, Anticipated"
,,,,,,,,,,lbeqne,sexualassault,gltlc59,1612323988,2021-02-03 3:46:28,,"Experienced, Internalized, Anticipated"
,,,,,,,,,,lbaopu,sexualassault,gnibtf6,1613368965,2021-02-15 6:02:45,Tangible Assistance,Internalized
,,,,,,,,,,lb8ctl,sexualassault,glspqh7,1612308613,2021-02-02 23:30:13,"Information Support, Emotional Support, Group Interaction",Structural
,,,,,,,,,,lap43n,sexualassault,glpreq3,1612261275,2021-02-02 10:21:15,Information Support,Internalized
,,,,,,,,,,lan087,sexualassault,glpb0u8,1612247327,2021-02-02 6:28:47,"Information Support, Emotional Support, Group Interaction",Internalized
,,,,,,,,,,laf4qj,sexualassault,glo739a,1612225947,2021-02-02 0:32:27,"Information Support, Emotional Support, Group Interaction","Experienced, Internalized, Anticipated"
,,,,,,,,,,laf4qj,sexualassault,glntoyg,1612219907,2021-02-01 22:51:47,Emotional Support,"Experienced, Internalized, Anticipated"
,,,,,,,,,,laf4qj,sexualassault,glnzmqk,1612222489,2021-02-01 23:34:49,"Esteem Support, Group Interaction","Experienced, Internalized, Anticipated"
,,,,,,,,,,laf4qj,sexualassault,glp99u1,1612246068,2021-02-02 6:07:48,"Esteem Support, Group Interaction","Experienced, Internalized, Anticipated"
,,,,,,,,,,la9f9v,sexualassault,glmw2jq,1612206594,2021-02-01 19:09:54,"Information Support, Emotional Support, Esteem Support",Internalized
,,,,,,,,,,la5ew3,sexualassault,gm9r13n,1612644095,2021-02-06 20:41:35,"Emotional Support, Esteem Support","Experienced, Internalized"
,,,,,,,,,,la2gzz,sexualassault,gmbeb90,1612662118,2021-02-07 1:41:58,"Information Support, Esteem Support","Experienced, Internalized, Anticipated"
,,,,,,,,,,l9t8au,sexualassault,glk87r7,1612153056,2021-02-01 4:17:36,"Information Support, Emotional Support, Esteem Support, Group Interaction",Internalized
,,,,,,,,,,l9r2w0,sexualassault,glln8dx,1612189506,2021-02-01 14:25:06,"Information Support, Esteem Support","Experienced, Internalized"
,,,,,,,,,,l9r2w0,sexualassault,gljof8w,1612143267,2021-02-01 1:34:27,Group Interaction,"Experienced, Internalized"
,,,,,,,,,,l9r2w0,sexualassault,gljq467,1612144082,2021-02-01 1:48:02,Group Interaction,"Experienced, Internalized"
,,,,,,,,,,l9odq5,sexualassault,gljm4jg,1612142158,2021-02-01 1:15:58,Information Support,"Experienced, Internalized, Anticipated"
,,,,,,,,,,l9odq5,sexualassault,gloytx6,1612239520,2021-02-02 4:18:40,"Information Support, Esteem Support","Experienced, Internalized, Anticipated"
,,,,,,,,,,l9n8sv,sexualassault,glj8us0,1612135823,2021-01-31 23:30:23,"Information Support, Emotional Support, Esteem Support","Experienced, Internalized"
,,,,,,,,,,l9krl8,sexualassault,glxtg13,1612404471,2021-02-04 2:07:51,"Information Support, Emotional Support, Esteem Support","Internalized, Anticipated"
,,,,,,,,,,l9krl8,sexualassault,h4ku7fv,1625828562,2021-07-09 11:02:42,"Information Support, Emotional Support, Esteem Support, Tangible Assistance","Internalized, Anticipated"
,,,,,,,,,,l9iuxe,sexualassault,gli8n76,1612118956,2021-01-31 18:49:16,"Information Support, Esteem Support",Internalized
,,,,,,,,,,l9iuxe,sexualassault,glq0guq,1612268614,2021-02-02 12:23:34,"Information Support, Emotional Support, Tangible Assistance, Group Interaction",Internalized
,,,,,,,,,,l9e981,sexualassault,gli14n4,1612115584,2021-01-31 17:53:04,Esteem Support,"Internalized, Anticipated"
,,,,,,,,,,l9e981,sexualassault,gli4nfa,1612117148,2021-01-31 18:19:08,"Emotional Support, Esteem Support","Internalized, Anticipated"
,,,,,,,,,,l9e981,sexualassault,gligps1,1612122658,2021-01-31 19:50:58,"Emotional Support, Esteem Support, Tangible Assistance","Internalized, Anticipated"
,,,,,,,,,,l9ddol,sexualassault,glhurmj,1612112651,2021-01-31 17:04:11,"Information Support, Esteem Support","Internalized, Anticipated"
,,,,,,,,,,l9ddol,sexualassault,glj2fl1,1612132739,2021-01-31 22:38:59,"Information Support, Esteem Support, Group Interaction","Internalized, Anticipated"
,,,,,,,,,,l9ddol,sexualassault,glhp81e,1612110002,2021-01-31 16:20:02,"Information Support, Emotional Support","Internalized, Anticipated"
,,,,,,,,,,l8msam,sexualassault,glehzpa,1612037469,2021-01-30 20:11:09,Information Support,"Experienced, Anticipated, Structural"
,,,,,,,,,,l8l6dq,sexualassault,glf405g,1612048174,2021-01-30 23:09:34,"Information Support, Esteem Support",
,,,,,,,,,,l8ij6b,sexualassault,glcs6pa,1612001210,2021-01-30 10:06:50,Information Support,"Experienced, Internalized, Anticipated"
,,,,,,,,,,l8ij6b,sexualassault,gld8sdt,1612015261,2021-01-30 14:01:01,"Information Support, Esteem Support","Experienced, Internalized, Anticipated"
,,,,,,,,,,l8ij6b,sexualassault,gldb9f7,1612016793,2021-01-30 14:26:33,"Information Support, Esteem Support, Group Interaction","Experienced, Internalized, Anticipated"
,,,,,,,,,,l8ij6b,sexualassault,glenatt,1612040008,2021-01-30 20:53:28,"Information Support, Emotional Support, Esteem Support","Experienced, Internalized, Anticipated"
,,,,,,,,,,l8ij6b,sexualassault,glezej3,1612045905,2021-01-30 22:31:45,"Emotional Support, Esteem Support","Experienced, Internalized, Anticipated"
,,,,,,,,,,l8c50v,sexualassault,glbt6bm,1611976300,2021-01-30 3:11:40,"Information Support, Esteem Support",
,,,,,,,,,,l8a3i9,sexualassault,glbypt0,1611979058,2021-01-30 3:57:38,"Information Support, Esteem Support, Tangible Assistance","Experienced, Internalized, Anticipated"
,,,,,,,,,,l8a3i9,sexualassault,glchtvk,1611991479,2021-01-30 7:24:39,"Information Support, Emotional Support, Esteem Support","Experienced, Internalized, Anticipated"
,,,,,,,,,,l843eh,sexualassault,glbltz9,1611972691,2021-01-30 2:11:31,"Information Support, Emotional Support","Experienced, Internalized"
,,,,,,,,,,l7z9wr,sexualassault,gla655a,1611950575,2021-01-29 20:02:55,Emotional Support,Internalized
,,,,,,,,,,l7r475,sexualassault,glb2qid,1611963421,2021-01-29 23:37:01,Emotional Support,Internalized
,,,,,,,,,,l7kdpi,sexualassault,gl7vmuo,1611914683,2021-01-29 10:04:43,"Information Support, Emotional Support, Esteem Support, Tangible Assistance, Group Interaction","Experienced, Internalized, Anticipated"
,,,,,,,,,,l7g0ex,sexualassault,gl6k34y,1611887239,2021-01-29 2:27:19,"Emotional Support, Esteem Support, Group Interaction","Experienced, Internalized, Anticipated, Structural"
,,,,,,,,,,l7g0ex,sexualassault,gl83cpm,1611920732,2021-01-29 11:45:32,"Emotional Support, Esteem Support, Group Interaction","Experienced, Internalized, Anticipated, Structural"
,,,,,,,,,,l7g0ex,sexualassault,gl6rh6g,1611890604,2021-01-29 3:23:24,,"Experienced, Internalized, Anticipated, Structural"
,,,,,,,,,,l7g0ex,sexualassault,gl7h8tp,1611904069,2021-01-29 7:07:49,"Information Support, Emotional Support, Group Interaction","Experienced, Internalized, Anticipated, Structural"
,,,,,,,,,,l7g0ex,sexualassault,gl85qq4,1611922403,2021-01-29 12:13:23,"Information Support, Emotional Support, Esteem Support","Experienced, Internalized, Anticipated, Structural"
,,,,,,,,,,l7g0ex,sexualassault,gl9epb8,1611940924,2021-01-29 17:22:04,"Information Support, Emotional Support, Group Interaction","Experienced, Internalized, Anticipated, Structural"
,,,,,,,,,,l7cdly,sexualassault,gl6cjaf,1611883819,2021-01-29 1:30:19,"Emotional Support, Group Interaction",
,,,,,,,,,,l7cdly,sexualassault,gla05e4,1611948501,2021-01-29 19:28:21,"Emotional Support, Esteem Support, Group Interaction",
,,,,,,,,,,l7bvmy,sexualassault,gl6s08p,1611890834,2021-01-29 3:27:14,"Information Support, Esteem Support",Internalized
,,,,,,,,,,l77et8,sexualassault,gl56pi2,1611866804,2021-01-28 20:46:44,"Emotional Support, Esteem Support, Tangible Assistance","Internalized, Anticipated"
,,,,,,,,,,l77et8,sexualassault,gl5ttd5,1611875582,2021-01-28 23:13:02,"Emotional Support, Esteem Support, Group Interaction","Internalized, Anticipated"
,,,,,,,,,,l77et8,sexualassault,gl6bu8t,1611883510,2021-01-29 1:25:10,"Information Support, Esteem Support","Internalized, Anticipated"
,,,,,,,,,,l77et8,sexualassault,gl6g7jy,1611885476,2021-01-29 1:57:56,"Information Support, Emotional Support, Esteem Support, Group Interaction","Internalized, Anticipated"
,,,,,,,,,,l6k2c1,sexualassault,gl2titi,1611835741,2021-01-28 12:09:01,"Information Support, Emotional Support, Esteem Support, Group Interaction",Internalized
,,,,,,,,,,l6k2c1,sexualassault,gl1hxfl,1611803253,2021-01-28 3:07:33,"Information Support, Emotional Support, Esteem Support",Internalized
,,,,,,,,,,l6j4we,sexualassault,gl1nc81,1611805864,2021-01-28 3:51:04,,
,,,,,,,,,,l6hrgp,sexualassault,gl4wnfa,1611863199,2021-01-28 19:46:39,"Information Support, Emotional Support, Esteem Support, Tangible Assistance",Internalized
,,,,,,,,,,l6f33q,sexualassault,gl22bp2,1611814383,2021-01-28 6:13:03,"Emotional Support, Esteem Support","Experienced, Internalized, Anticipated"
,,,,,,,,,,l6f33q,sexualassault,gl2c6v8,1611821736,2021-01-28 8:15:36,"Tangible Assistance, Group Interaction","Experienced, Internalized, Anticipated"
,,,,,,,,,,l6b74c,sexualassault,gkzw2x8,1611779944,2021-01-27 20:39:04,"Information Support, Emotional Support, Esteem Support, Tangible Assistance, Group Interaction",Internalized
,,,,,,,,,,l6b74c,sexualassault,gkzw3km,1611779951,2021-01-27 20:39:11,"Information Support, Emotional Support, Esteem Support, Tangible Assistance, Group Interaction",Internalized
,,,,,,,,,,l5gjs5,sexualassault,gkv51nv,1611692843,2021-01-26 20:27:23,"Information Support, Emotional Support, Esteem Support",
,,,,,,,,,,l5bzw1,sexualassault,gktaqai,1611660419,2021-01-26 11:26:59,,"Experienced, Internalized, Anticipated"
,,,,,,,,,,l4vy7e,sexualassault,gkr25ht,1611608879,2021-01-25 21:07:59,"Information Support, Group Interaction",Internalized
,,,,,,,,,,l4vy7e,sexualassault,gkr5vej,1611610575,2021-01-25 21:36:15,,Internalized
,,,,,,,,,,l4vy7e,sexualassault,gkrz6oy,1611625440,2021-01-26 1:44:00,"Information Support, Emotional Support, Group Interaction",Internalized
,,,,,,,,,,l4vrsn,sexualassault,gkqu5d1,1611605273,2021-01-25 20:07:53,"Information Support, Emotional Support","Experienced, Internalized, Anticipated"
,,,,,,,,,,l4vrsn,sexualassault,gkr3wa9,1611609665,2021-01-25 21:21:05,"Information Support, Esteem Support, Group Interaction","Experienced, Internalized, Anticipated"
,,,,,,,,,,l4vrsn,sexualassault,gksky6q,1611637509,2021-01-26 5:05:09,"Information Support, Esteem Support","Experienced, Internalized, Anticipated"
,,,,,,,,,,l4i0zn,sexualassault,gkoq3s5,1611560488,2021-01-25 7:41:28,"Information Support, Emotional Support, Esteem Support, Group Interaction",Anticipated
,,,,,,,,,,l4geof,sexualassault,gkop0u8,1611559500,2021-01-25 7:25:00,"Information Support, Group Interaction",Internalized
,,,,,,,,,,l4geof,sexualassault,gkog4bz,1611552294,2021-01-25 5:24:54,"Information Support, Esteem Support",Internalized
,,,,,,,,,,l4geof,sexualassault,gks0jro,1611626156,2021-01-26 1:55:56,"Information Support, Emotional Support",Internalized
,,,,,,,,,,l4f1l5,sexualassault,gkohjrb,1611553340,2021-01-25 5:42:20,Information Support,Internalized
,,,,,,,,,,l4f1l5,sexualassault,gks1m7h,1611626718,2021-01-26 2:05:18,Information Support,Internalized
,,,,,,,,,,l4dfpf,sexualassault,gknvlek,1611540444,2021-01-25 2:07:24,Information Support,
,,,,,,,,,,l4dfpf,sexualassault,gkxi03e,1611739669,2021-01-27 9:27:49,"Information Support, Emotional Support, Esteem Support, Tangible Assistance",
,,,,,,,,,,l4dfpf,sexualassault,gowy138,1614384785,2021-02-27 0:13:05,"Emotional Support, Esteem Support, Tangible Assistance",
,,,,,,,,,,l4cxvw,sexualassault,gko85kf,1611547089,2021-01-25 3:58:09,"Information Support, Emotional Support, Esteem Support, Group Interaction","Experienced, Internalized, Anticipated"
,,,,,,,,,,l4c9x9,sexualassault,gkny998,1611541787,2021-01-25 2:29:47,"Information Support, Emotional Support, Tangible Assistance, Group Interaction","Experienced, Internalized, Anticipated"
,,,,,,,,,,l4c9x9,sexualassault,gkod3nf,1611550193,2021-01-25 4:49:53,Esteem Support,"Experienced, Internalized, Anticipated"
,,,,,,,,,,l4a1gq,sexualassault,gknjua2,1611534495,2021-01-25 0:28:15,"Information Support, Emotional Support, Esteem Support, Group Interaction","Experienced, Internalized, Anticipated"
,,,,,,,,,,l49tfu,sexualassault,gkn8nuc,1611529243,2021-01-24 23:00:43,"Information Support, Esteem Support",Internalized
,,,,,,,,,,l456im,sexualassault,gkn5w7s,1611528026,2021-01-24 22:40:26,Esteem Support,Internalized
,,,,,,,,,,l44jyk,sexualassault,gkm9r9j,1611513097,2021-01-24 18:31:37,"Information Support, Esteem Support","Experienced, Internalized, Anticipated"
,,,,,,,,,,l430rl,sexualassault,gkm4bbb,1611511550,2021-01-24 18:05:50,"Information Support, Group Interaction",Internalized
,,,,,,,,,,l3y65z,sexualassault,gkjj868,1611489577,2021-01-24 11:59:37,Information Support,"Internalized, Anticipated"
,,,,,,,,,,l3w3lo,sexualassault,gkiwbdd,1611481353,2021-01-24 9:42:33,"Information Support, Emotional Support, Esteem Support, Group Interaction",Internalized
,,,,,,,,,,l3w3lo,sexualassault,gkkc9eg,1611496053,2021-01-24 13:47:33,"Information Support, Emotional Support, Esteem Support",Internalized
,,,,,,,,,,l3w3lo,sexualassault,gkm4gcq,1611511592,2021-01-24 18:06:32,"Emotional Support, Esteem Support, Group Interaction",Internalized
,,,,,,,,,,l3tdgy,sexualassault,gkks0iw,1611499531,2021-01-24 14:45:31,"Information Support, Emotional Support","Experienced, Internalized, Anticipated"
,,,,,,,,,,l3q37s,sexualassault,gkhi0nq,1611456633,2021-01-24 2:50:33,"Emotional Support, Esteem Support","Internalized, Anticipated"
,,,,,,,,,,l3lpv5,sexualassault,gkh3dxu,1611449875,2021-01-24 0:57:55,"Information Support, Emotional Support, Esteem Support","Internalized, Anticipated"
,,,,,,,,,,l3jxg7,sexualassault,gkgbwjo,1611439127,2021-01-23 21:58:47,"Information Support, Emotional Support, Esteem Support, Group Interaction",Internalized
,,,,,,,,,,l3ahpx,sexualassault,gkdnutu,1611412899,2021-01-23 14:41:39,"Information Support, Esteem Support","Experienced, Internalized, Anticipated, Structural"
,,,,,,,,,,l3ahpx,sexualassault,gkcq8fa,1611403236,2021-01-23 12:00:36,"Information Support, Emotional Support, Esteem Support","Experienced, Internalized, Anticipated, Structural"
,,,,,,,,,,l397ag,sexualassault,jmpwhcx,1685780475,2023-06-03 8:21:15,,"Internalized, Anticipated"
,,,,,,,,,,l3922u,sexualassault,gkc3x3i,1611396387,2021-01-23 10:06:27,"Information Support, Emotional Support, Esteem Support","Experienced, Internalized, Anticipated, Structural"
,,,,,,,,,,l3922u,sexualassault,gkcxyjl,1611405564,2021-01-23 12:39:24,"Information Support, Esteem Support","Experienced, Internalized, Anticipated, Structural"
,,,,,,,,,,l3922u,sexualassault,gkfemd1,1611428921,2021-01-23 19:08:41,"Information Support, Esteem Support","Experienced, Internalized, Anticipated, Structural"
,,,,,,,,,,l3922u,sexualassault,gkft4ni,1611433280,2021-01-23 20:21:20,Information Support,"Experienced, Internalized, Anticipated, Structural"
,,,,,,,,,,l37do3,sexualassault,gkba0i8,1611386216,2021-01-23 7:16:56,"Information Support, Emotional Support, Esteem Support","Internalized, Anticipated"
,,,,,,,,,,l37do3,sexualassault,gkbenl4,1611388675,2021-01-23 7:57:55,"Information Support, Esteem Support","Internalized, Anticipated"
,,,,,,,,,,l37avb,sexualassault,gkb9kdf,1611385812,2021-01-23 7:10:12,"Information Support, Emotional Support, Group Interaction","Experienced, Internalized"
,,,,,,,,,,l2q0kd,sexualassault,gk7jq7k,1611337226,2021-01-22 17:40:26,"Information Support, Esteem Support","Experienced, Internalized"
,,,,,,,,,,l2h9jx,sexualassault,gk5hkn9,1611297887,2021-01-22 6:44:47,"Information Support, Emotional Support, Esteem Support","Internalized, Anticipated"
,,,,,,,,,,l2go4j,sexualassault,gk5avu1,1611293052,2021-01-22 5:24:12,Information Support,Anticipated
,,,,,,,,,,l2eoak,sexualassault,gk4yaqw,1611285599,2021-01-22 3:19:59,"Emotional Support, Esteem Support, Group Interaction","Experienced, Internalized, Anticipated"
,,,,,,,,,,l2buv1,sexualassault,glp9fii,1612246181,2021-02-02 6:09:41,"Information Support, Emotional Support, Esteem Support, Group Interaction","Experienced, Internalized"
,,,,,,,,,,l2bqr4,sexualassault,gk4l8ll,1611278502,2021-01-22 1:21:42,"Information Support, Esteem Support","Experienced, Internalized, Anticipated"
,,,,,,,,,,l211tg,sexualassault,gk36mj0,1611254198,2021-01-21 18:36:38,"Information Support, Emotional Support, Esteem Support",Internalized
,,,,,,,,,,l1wb73,sexualassault,gk2o0tu,1611245983,2021-01-21 16:19:43,Information Support,"Experienced, Internalized, Anticipated"
,,,,,,,,,,l1vtav,sexualassault,gk27vl1,1611237990,2021-01-21 14:06:30,"Information Support, Emotional Support","Experienced, Anticipated"
,,,,,,,,,,l1vtav,sexualassault,gk2lnvm,1611244897,2021-01-21 16:01:37,"Information Support, Tangible Assistance","Experienced, Anticipated"
,,,,,,,,,,l1vtav,sexualassault,gk2r3su,1611247350,2021-01-21 16:42:30,"Information Support, Emotional Support, Esteem Support","Experienced, Anticipated"
,,,,,,,,,,l1vtav,sexualassault,gk59ne3,1611292262,2021-01-22 5:11:02,,"Experienced, Anticipated"
,,,,,,,,,,l1p1fp,sexualassault,gk13mtr,1611204591,2021-01-21 4:49:51,"Emotional Support, Group Interaction",Experienced
,,,,,,,,,,l1p1fp,sexualassault,gk1prnn,1611223453,2021-01-21 10:04:13,"Information Support, Emotional Support, Esteem Support, Tangible Assistance, Group Interaction",Experienced
,,,,,,,,,,l1oo4r,sexualassault,gk0tgij,1611198908,2021-01-21 3:15:08,"Information Support, Emotional Support, Esteem Support",Internalized
,,,,,,,,,,l1oo4r,sexualassault,gk155z7,1611205552,2021-01-21 5:05:52,"Information Support, Esteem Support",Internalized
,,,,,,,,,,l1oo4r,sexualassault,gk2pqrs,1611246753,2021-01-21 16:32:33,"Information Support, Emotional Support, Esteem Support, Tangible Assistance",Internalized
,,,,,,,,,,l1loej,sexualassault,gk0shq2,1611198414,2021-01-21 3:06:54,"Information Support, Emotional Support, Esteem Support, Tangible Assistance, Group Interaction","Experienced, Internalized"
,,,,,,,,,,l1loej,sexualassault,gk2miuw,1611245296,2021-01-21 16:08:16,"Information Support, Emotional Support, Tangible Assistance","Experienced, Internalized"
,,,,,,,,,,l1k35n,sexualassault,gk0qm28,1611197481,2021-01-21 2:51:21,"Information Support, Emotional Support, Esteem Support","Internalized, Anticipated"
,,,,,,,,,,l1af0h,sexualassault,gjy9iod,1611156070,2021-01-20 15:21:10,"Information Support, Esteem Support","Experienced, Internalized, Anticipated"
,,,,,,,,,,l14nk2,sexualassault,gkch7hx,1611400311,2021-01-23 11:11:51,"Information Support, Esteem Support, Group Interaction","Internalized, Anticipated"
,,,,,,,,,,l0zsey,sexualassault,gk6b8f4,1611323475,2021-01-22 13:51:15,"Information Support, Emotional Support, Group Interaction",
,,,,,,,,,,l0pyab,sexualassault,gjwm71k,1611112296,2021-01-20 3:11:36,"Information Support, Emotional Support, Esteem Support, Group Interaction","Experienced, Internalized, Anticipated"
,,,,,,,,,,l0opw4,sexualassault,gjynjoi,1611162551,2021-01-20 17:09:11,"Esteem Support, Group Interaction","Experienced, Internalized, Anticipated"
,,,,,,,,,,l0aao1,sexualassault,gjvfgkm,1611090601,2021-01-19 21:10:01,"Information Support, Esteem Support","Internalized, Anticipated"
,,,,,,,,,,l07ni6,sexualassault,gmrtrb1,1612924235,2021-02-10 2:30:35,,"Internalized, Anticipated"
,,,,,,,,,,l077lb,sexualassault,gjth485,1611053250,2021-01-19 10:47:30,"Emotional Support, Esteem Support, Group Interaction","Internalized, Anticipated"
,,,,,,,,,,l077lb,sexualassault,gk6d98h,1611324372,2021-01-22 14:06:12,"Information Support, Emotional Support, Group Interaction","Internalized, Anticipated"
,,,,,,,,,,l034zn,sexualassault,gju6d5b,1611070082,2021-01-19 15:28:02,Group Interaction,"Experienced, Internalized, Anticipated, Structural"
,,,,,,,,,,l034zn,sexualassault,gjrvuqc,1611014452,2021-01-19 0:00:52,"Information Support, Esteem Support, Group Interaction","Experienced, Internalized, Anticipated, Structural"
,,,,,,,,,,l034zn,sexualassault,gkk2heh,1611493898,2021-01-24 13:11:38,"Information Support, Emotional Support, Esteem Support, Group Interaction","Experienced, Internalized, Anticipated, Structural"
,,,,,,,,,,l034zn,sexualassault,gjtjocx,1611055623,2021-01-19 11:27:03,Esteem Support,"Experienced, Internalized, Anticipated, Structural"
,,,,,,,,,,l022uz,sexualassault,gjrdv76,1611005169,2021-01-18 21:26:09,"Emotional Support, Esteem Support","Internalized, Anticipated, Structural"
,,,,,,,,,,l01nn0,sexualassault,gjqz5fg,1610997934,2021-01-18 19:25:34,"Emotional Support, Esteem Support","Experienced, Internalized, Anticipated"
,,,,,,,,,,kztjrr,sexualassault,gjptlma,1610975571,2021-01-18 13:12:51,"Emotional Support, Tangible Assistance",Internalized
,,,,,,,,,,kzqm58,sexualassault,gjpbpmy,1610958578,2021-01-18 8:29:38,,Internalized
,,,,,,,,,,kzl48e,sexualassault,gjolgyj,1610939753,2021-01-18 3:15:53,Emotional Support,
,,,,,,,,,,kzk2th,sexualassault,gjoim4q,1610938207,2021-01-18 2:50:07,"Information Support, Emotional Support, Esteem Support","Experienced, Internalized, Anticipated"
,,,,,,,,,,kzk2th,sexualassault,gjqeb7i,1610987824,2021-01-18 16:37:04,Information Support,"Experienced, Internalized, Anticipated"
,,,,,,,,,,kzaw5r,sexualassault,gjmfu50,1610905283,2021-01-17 17:41:23,Information Support,"Experienced, Anticipated, Structural"
,,,,,,,,,,kzaw5r,sexualassault,glpc07o,1612248051,2021-02-02 6:40:51,Group Interaction,"Experienced, Anticipated, Structural"
,,,,,,,,,,kyzk6l,sexualassault,gjk7wet,1610875633,2021-01-17 9:27:13,,"Experienced, Internalized"
,,,,,,,,,,kyzk6l,sexualassault,gjk66jo,1610873801,2021-01-17 8:56:41,Information Support,"Experienced, Internalized"
,,,,,,,,,,kyr2gx,sexualassault,gjiadem,1610832768,2021-01-16 21:32:48,"Information Support, Group Interaction","Internalized, Anticipated"
,,,,,,,,,,kyr2gx,sexualassault,gjie2mm,1610834710,2021-01-16 22:05:10,"Information Support, Emotional Support, Group Interaction","Internalized, Anticipated"
,,,,,,,,,,kyr2gx,sexualassault,gjjfr36,1610854551,2021-01-17 3:35:51,Information Support,"Internalized, Anticipated"
,,,,,,,,,,kymcyw,sexualassault,gjiwk55,1610844239,2021-01-17 0:43:59,"Emotional Support, Group Interaction","Experienced, Internalized, Anticipated"
,,,,,,,,,,kyksn8,sexualassault,gjh43tn,1610815082,2021-01-16 16:38:02,"Information Support, Emotional Support",Anticipated
,,,,,,,,,,kyksn8,sexualassault,gjilgmn,1610838454,2021-01-16 23:07:34,"Information Support, Emotional Support",Anticipated
,,,,,,,,,,kyksn8,sexualassault,gjh1o7a,1610813995,2021-01-16 16:19:55,Information Support,Anticipated
,,,,,,,,,,kyksn8,sexualassault,gjhl5bo,1610821738,2021-01-16 18:28:58,"Information Support, Emotional Support",Anticipated
,,,,,,,,,,kydz8g,sexualassault,gjfvd10,1610791667,2021-01-16 10:07:47,"Information Support, Emotional Support, Tangible Assistance, Group Interaction",Internalized
,,,,,,,,,,kydz8g,sexualassault,gjgi176,1610805129,2021-01-16 13:52:09,"Emotional Support, Esteem Support, Group Interaction",Internalized
,,,,,,,,,,kydz8g,sexualassault,gjh1w17,1610814085,2021-01-16 16:21:25,"Emotional Support, Group Interaction",Internalized
,,,,,,,,,,kydz8g,sexualassault,gjhnf7u,1610822650,2021-01-16 18:44:10,Group Interaction,Internalized
,,,,,,,,,,kycj9o,sexualassault,gjfh9b0,1610777986,2021-01-16 6:19:46,"Tangible Assistance, Group Interaction","Experienced, Internalized"
,,,,,,,,,,kyad7o,sexualassault,gjfqomg,1610786734,2021-01-16 8:45:34,"Emotional Support, Tangible Assistance","Experienced, Internalized, Anticipated"
,,,,,,,,,,ky9h5h,sexualassault,gjfqygg,1610787017,2021-01-16 8:50:17,"Emotional Support, Tangible Assistance","Experienced, Internalized, Anticipated"
,,,,,,,,,,ky9h5h,sexualassault,gjizjc6,1610845875,2021-01-17 1:11:15,"Information Support, Esteem Support","Experienced, Internalized, Anticipated"
,,,,,,,,,,ky9h5h,sexualassault,gjkjrz7,1610883321,2021-01-17 11:35:21,"Information Support, Emotional Support, Group Interaction","Experienced, Internalized, Anticipated"
,,,,,,,,,,ky4r4e,sexualassault,gjfs5c1,1610788250,2021-01-16 9:10:50,"Emotional Support, Tangible Assistance","Experienced, Internalized"
,,,,,,,,,,kxxkzi,sexualassault,gjdm14z,1610740523,2021-01-15 19:55:23,"Information Support, Esteem Support","Experienced, Internalized"
,,,,,,,,,,kxxkzi,sexualassault,gjcvtrg,1610728461,2021-01-15 16:34:21,"Information Support, Esteem Support","Experienced, Internalized"
,,,,,,,,,,kxxkzi,sexualassault,gjdp00j,1610741935,2021-01-15 20:18:55,"Information Support, Emotional Support, Esteem Support","Experienced, Internalized"
,,,,,,,,,,kxxkzi,sexualassault,gjdqoeq,1610742731,2021-01-15 20:32:11,"Information Support, Esteem Support","Experienced, Internalized"
,,,,,,,,,,kxxkzi,sexualassault,gjduyh7,1610744772,2021-01-15 21:06:12,"Information Support, Emotional Support, Esteem Support","Experienced, Internalized"
,,,,,,,,,,kxxkzi,sexualassault,gjed1up,1610753989,2021-01-15 23:39:49,"Information Support, Esteem Support, Group Interaction","Experienced, Internalized"
,,,,,,,,,,kxxkzi,sexualassault,hhhkx39,1634822706,2021-10-21 13:25:06,Information Support,"Experienced, Internalized"
,,,,,,,,,,kxmti8,sexualassault,gjbg2ct,1610690279,2021-01-15 5:57:59,"Information Support, Emotional Support, Esteem Support, Group Interaction",Internalized
,,,,,,,,,,kxmti8,sexualassault,gjbg315,1610690294,2021-01-15 5:58:14,"Information Support, Emotional Support, Esteem Support, Group Interaction",Internalized
,,,,,,,,,,kxmcy9,sexualassault,gjcj7hf,1610722377,2021-01-15 14:52:57,"Information Support, Esteem Support, Tangible Assistance","Experienced, Internalized, Anticipated"
,,,,,,,,,,kxggd9,sexualassault,gja88j3,1610665907,2021-01-14 23:11:47,Information Support,"Experienced, Internalized, Anticipated"
,,,,,,,,,,kxd67d,sexualassault,gj9jq7k,1610655248,2021-01-14 20:14:08,"Information Support, Emotional Support, Esteem Support, Tangible Assistance","Experienced, Internalized, Anticipated, Structural"
,,,,,,,,,,kxd67d,sexualassault,gj9x0zw,1610660510,2021-01-14 21:41:50,"Emotional Support, Esteem Support, Group Interaction","Experienced, Internalized, Anticipated, Structural"
,,,,,,,,,,kxd67d,sexualassault,gja9vd0,1610666741,2021-01-14 23:25:41,"Information Support, Emotional Support, Esteem Support, Group Interaction","Experienced, Internalized, Anticipated, Structural"
,,,,,,,,,,kxab8l,sexualassault,gj93uu0,1610648033,2021-01-14 18:13:53,"Information Support, Esteem Support",Structural
,,,,,,,,,,kxab8l,sexualassault,gj9alme,1610651070,2021-01-14 19:04:30,"Information Support, Emotional Support",Structural
,,,,,,,,,,kxab8l,sexualassault,gj9hkxy,1610654258,2021-01-14 19:57:38,"Information Support, Esteem Support",Structural
,,,,,,,,,,kx3nqa,sexualassault,gj94svw,1610648457,2021-01-14 18:20:57,Information Support,Experienced
,,,,,,,,,,kx2q8y,sexualassault,gj7u45w,1610622659,2021-01-14 11:10:59,Information Support,"Experienced, Internalized"
,,,,,,,,,,kx2q8y,sexualassault,gj7vq2v,1610624171,2021-01-14 11:36:11,"Emotional Support, Esteem Support","Experienced, Internalized"
,,,,,,,,,,kx2q8y,sexualassault,gj7skk4,1610621130,2021-01-14 10:45:30,"Emotional Support, Esteem Support, Group Interaction","Experienced, Internalized"
,,,,,,,,,,kw86dy,sexualassault,gj2u7i1,1610510441,2021-01-13 4:00:41,Information Support,Internalized
,,,,,,,,,,kw86dy,sexualassault,gj325y2,1610515473,2021-01-13 5:24:33,"Information Support, Esteem Support",Internalized
,,,,,,,,,,kw86dy,sexualassault,gj2w79l,1610511618,2021-01-13 4:20:18,,Internalized
,,,,,,,,,,kw6cda,sexualassault,gj2q4k2,1610508108,2021-01-13 3:21:48,"Information Support, Emotional Support, Esteem Support, Group Interaction",Internalized
,,,,,,,,,,kw6cda,sexualassault,gj2syzp,1610509726,2021-01-13 3:48:46,"Information Support, Esteem Support",Internalized
,,,,,,,,,,kw5mau,sexualassault,gj3inwd,1610530055,2021-01-13 9:27:35,"Emotional Support, Group Interaction","Experienced, Internalized, Structural"
,,,,,,,,,,kw5mau,sexualassault,gj3uzff,1610541803,2021-01-13 12:43:23,Emotional Support,"Experienced, Internalized, Structural"
,,,,,,,,,,kw5eat,sexualassault,gj2i4et,1610503831,2021-01-13 2:10:31,"Information Support, Esteem Support, Group Interaction","Internalized, Anticipated"
,,,,,,,,,,kw5eat,sexualassault,gj2j8vn,1610504434,2021-01-13 2:20:34,Information Support,"Internalized, Anticipated"
,,,,,,,,,,kw5eat,sexualassault,gj2p9rj,1610507629,2021-01-13 3:13:49,Information Support,"Internalized, Anticipated"
,,,,,,,,,,kw5eat,sexualassault,gj42i04,1610546764,2021-01-13 14:06:04,,"Internalized, Anticipated"
,,,,,,,,,,kw5eat,sexualassault,gj2jwz8,1610504786,2021-01-13 2:26:26,"Information Support, Group Interaction","Internalized, Anticipated"
,,,,,,,,,,kw5eat,sexualassault,gj2yirb,1610513036,2021-01-13 4:43:56,"Information Support, Group Interaction","Internalized, Anticipated"
,,,,,,,,,,kw5eat,sexualassault,gj4dl6r,1610552469,2021-01-13 15:41:09,"Information Support, Emotional Support, Group Interaction","Internalized, Anticipated"
,,,,,,,,,,kw54j0,sexualassault,gj5dftp,1610568495,2021-01-13 20:08:15,"Information Support, Esteem Support",Internalized
,,,,,,,,,,kw33qu,sexualassault,gj2anta,1610499804,2021-01-13 1:03:24,"Information Support, Emotional Support, Esteem Support","Internalized, Anticipated"
,,,,,,,,,,kw33qu,sexualassault,gj5d0w0,1610568307,2021-01-13 20:05:07,"Information Support, Esteem Support","Internalized, Anticipated"
,,,,,,,,,,kw33qu,sexualassault,gjn8keo,1610915680,2021-01-17 20:34:40,Information Support,"Internalized, Anticipated"
,,,,,,,,,,kvtpg2,sexualassault,gj1lw45,1610487387,2021-01-12 21:36:27,"Information Support, Esteem Support",Experienced
,,,,,,,,,,kvtpg2,sexualassault,gj12cq6,1610478486,2021-01-12 19:08:06,Information Support,Experienced
,,,,,,,,,,kvs7r4,sexualassault,gj08dlw,1610464471,2021-01-12 15:14:31,Group Interaction,
,,,,,,,,,,kux99e,sexualassault,giuw61h,1610354547,2021-01-11 8:42:27,"Information Support, Esteem Support",Internalized
,,,,,,,,,,kux99e,sexualassault,givusjp,1610375778,2021-01-11 14:36:18,"Emotional Support, Esteem Support, Group Interaction",Internalized
,,,,,,,,,,kux751,sexualassault,giutksk,1610352720,2021-01-11 8:12:00,"Emotional Support, Esteem Support",Internalized
,,,,,,,,,,kux751,sexualassault,giuuj3k,1610353366,2021-01-11 8:22:46,"Information Support, Emotional Support, Esteem Support",Internalized
,,,,,,,,,,kuosa5,sexualassault,gitk49h,1610326177,2021-01-11 0:49:37,"Information Support, Emotional Support, Esteem Support, Tangible Assistance",Internalized
,,,,,,,,,,kuosa5,sexualassault,giuqbiq,1610350584,2021-01-11 7:36:24,"Information Support, Emotional Support, Esteem Support",Internalized
,,,,,,,,,,kul58d,sexualassault,gxhphbr,1620563725,2021-05-09 12:35:25,,"Experienced, Internalized"
,,,,,,,,,,kukroi,sexualassault,gjj1a07,1610846814,2021-01-17 1:26:54,"Information Support, Emotional Support, Group Interaction","Internalized, Anticipated"
,,,,,,,,,,kukroi,sexualassault,gisfbmq,1610306401,2021-01-10 19:20:01,Information Support,"Internalized, Anticipated"
,,,,,,,,,,kukroi,sexualassault,gisj3sr,1610308291,2021-01-10 19:51:31,,"Internalized, Anticipated"
,,,,,,,,,,kuhupv,sexualassault,git1cpt,1610317041,2021-01-10 22:17:21,"Emotional Support, Esteem Support, Tangible Assistance","Experienced, Internalized"
,,,,,,,,,,kubtml,sexualassault,gir4j2h,1610275614,2021-01-10 10:46:54,"Information Support, Emotional Support, Esteem Support","Experienced, Internalized"
,,,,,,,,,,kuadh3,sexualassault,giqzhit,1610270457,2021-01-10 9:20:57,"Emotional Support, Group Interaction",
,,,,,,,,,,ku5ros,sexualassault,giq7zrc,1610249891,2021-01-10 3:38:11,"Information Support, Emotional Support, Tangible Assistance","Experienced, Anticipated, Structural"
,,,,,,,,,,ku5ros,sexualassault,giqe5p3,1610253343,2021-01-10 4:35:43,"Information Support, Emotional Support, Tangible Assistance","Experienced, Anticipated, Structural"
,,,,,,,,,,ku0v8a,sexualassault,giq1elz,1610246260,2021-01-10 2:37:40,Information Support,Experienced
,,,,,,,,,,ku0v8a,sexualassault,giq2ckb,1610246769,2021-01-10 2:46:09,"Emotional Support, Esteem Support, Group Interaction",Experienced
,,,,,,,,,,ktxr7v,sexualassault,giouway,1610224512,2021-01-09 20:35:12,"Emotional Support, Esteem Support","Experienced, Internalized, Anticipated"
,,,,,,,,,,ktxr7v,sexualassault,gip7kdq,1610230692,2021-01-09 22:18:12,"Emotional Support, Esteem Support, Tangible Assistance","Experienced, Internalized, Anticipated"
,,,,,,,,,,ktxr7v,sexualassault,gir9jwd,1610280676,2021-01-10 12:11:16,"Information Support, Esteem Support","Experienced, Internalized, Anticipated"
,,,,,,,,,,ktudhb,sexualassault,giom3lz,1610220264,2021-01-09 19:24:24,"Information Support, Emotional Support, Esteem Support",Internalized
,,,,,,,,,,ktudhb,sexualassault,giph9d0,1610235638,2021-01-09 23:40:38,"Information Support, Group Interaction",Internalized
,,,,,,,,,,ktn3qn,sexualassault,gin2nuc,1610183014,2021-01-09 9:03:34,Emotional Support,"Experienced, Internalized"
,,,,,,,,,,ktn3qn,sexualassault,gio53wq,1610211930,2021-01-09 17:05:30,"Emotional Support, Esteem Support, Tangible Assistance","Experienced, Internalized"
,,,,,,,,,,ktn3qn,sexualassault,giocmvh,1610215735,2021-01-09 18:08:55,"Information Support, Esteem Support","Experienced, Internalized"
,,,,,,,,,,ktlzmy,sexualassault,gipwkn2,1610243677,2021-01-10 1:54:37,"Information Support, Emotional Support",
,,,,,,,,,,kthvew,sexualassault,gimh5sk,1610166437,2021-01-09 4:27:17,"Information Support, Emotional Support, Esteem Support","Internalized, Anticipated"
,,,,,,,,,,kthvew,sexualassault,gimvpoo,1610176440,2021-01-09 7:14:00,"Information Support, Emotional Support, Esteem Support","Internalized, Anticipated"
,,,,,,,,,,kte6gk,sexualassault,gilt3f8,1610153706,2021-01-09 0:55:06,"Information Support, Emotional Support, Esteem Support, Group Interaction","Experienced, Internalized, Anticipated"
,,,,,,,,,,kte6gk,sexualassault,gim2g2d,1610158514,2021-01-09 2:15:14,"Information Support, Emotional Support, Esteem Support","Experienced, Internalized, Anticipated"
,,,,,,,,,,kt5p6i,sexualassault,gikvp8v,1610137717,2021-01-08 20:28:37,Information Support,Experienced
,,,,,,,,,,kt5p6i,sexualassault,gik334o,1610125184,2021-01-08 16:59:44,Information Support,Experienced
,,,,,,,,,,kt5p6i,sexualassault,gike9q1,1610130092,2021-01-08 18:21:32,,Experienced
,,,,,,,,,,kt5p6i,sexualassault,gikrpx2,1610135964,2021-01-08 19:59:24,"Information Support, Esteem Support",Experienced
,,,,,,,,,,kt5p6i,sexualassault,gikwgnr,1610138051,2021-01-08 20:34:11,"Information Support, Esteem Support",Experienced
,,,,,,,,,,kt5p6i,sexualassault,gijy8aj,1610122976,2021-01-08 16:22:56,"Information Support, Esteem Support",Experienced
,,,,,,,,,,kt5p6i,sexualassault,gilup1i,1610154510,2021-01-09 1:08:30,Esteem Support,Experienced
,,,,,,,,,,kt5p6i,sexualassault,gikhmt0,1610131547,2021-01-08 18:45:47,Esteem Support,Experienced
,,,,,,,,,,kt5p6i,sexualassault,gim1ck8,1610157943,2021-01-09 2:05:43,Information Support,Experienced
,,,,,,,,,,kt5p6i,sexualassault,gikxz6b,1610138733,2021-01-08 20:45:33,Esteem Support,Experienced
,,,,,,,,,,kt5p6i,sexualassault,gomfdev,1614197242,2021-02-24 20:07:22,,Experienced
,,,,,,,,,,kszyvm,sexualassault,gij7ol4,1610107420,2021-01-08 12:03:40,"Information Support, Emotional Support, Esteem Support","Experienced, Internalized, Anticipated"
,,,,,,,,,,kszyvm,sexualassault,gik121f,1610124268,2021-01-08 16:44:28,"Information Support, Emotional Support, Esteem Support","Experienced, Internalized, Anticipated"
,,,,,,,,,,ksyjcu,sexualassault,gij16a3,1610101158,2021-01-08 10:19:18,"Information Support, Esteem Support","Experienced, Internalized, Anticipated"
,,,,,,,,,,kssxva,sexualassault,gii80lu,1610078408,2021-01-08 4:00:08,"Information Support, Esteem Support",Internalized
,,,,,,,,,,kssxva,sexualassault,gii0ca6,1610074285,2021-01-08 2:51:25,"Information Support, Emotional Support, Esteem Support, Group Interaction",Internalized
,,,,,,,,,,kspprk,sexualassault,gij8fz8,1610108086,2021-01-08 12:14:46,"Information Support, Esteem Support, Tangible Assistance","Internalized, Anticipated"
,,,,,,,,,,kspprk,sexualassault,gikwesv,1610138028,2021-01-08 20:33:48,"Information Support, Esteem Support","Internalized, Anticipated"
,,,,,,,,,,kso6zt,sexualassault,giioj9g,1610089271,2021-01-08 7:01:11,"Information Support, Emotional Support, Esteem Support","Experienced, Internalized, Anticipated"
,,,,,,,,,,kso6zt,sexualassault,gihjumw,1610065720,2021-01-08 0:28:40,"Information Support, Emotional Support, Esteem Support, Group Interaction","Experienced, Internalized, Anticipated"
,,,,,,,,,,ksm0lu,sexualassault,gigxtjc,1610055090,2021-01-07 21:31:30,"Information Support, Esteem Support, Tangible Assistance",Internalized
,,,,,,,,,,ksm0lu,sexualassault,gii1mpq,1610074964,2021-01-08 3:02:44,Information Support,Internalized
,,,,,,,,,,ksbgad,sexualassault,gif2zhz,1610022495,2021-01-07 12:28:15,Emotional Support,"Internalized, Anticipated"
,,,,,,,,,,ksbgad,sexualassault,giglfna,1610049498,2021-01-07 19:58:18,"Information Support, Emotional Support, Esteem Support, Tangible Assistance","Internalized, Anticipated"
,,,,,,,,,,ks92ns,sexualassault,gieo8g8,1610008523,2021-01-07 8:35:23,"Emotional Support, Esteem Support","Experienced, Internalized, Anticipated"
,,,,,,,,,,ks92ns,sexualassault,gierlzc,1610011673,2021-01-07 9:27:53,"Information Support, Emotional Support","Experienced, Internalized, Anticipated"
,,,,,,,,,,ks69ml,sexualassault,giefcf4,1610001243,2021-01-07 6:34:03,"Information Support, Emotional Support, Esteem Support",Internalized
,,,,,,,,,,ks69ml,sexualassault,gii1sfo,1610075048,2021-01-08 3:04:08,Group Interaction,Internalized
,,,,,,,,,,ks2c53,sexualassault,gieewg3,1610000923,2021-01-07 6:28:43,"Esteem Support, Group Interaction",Structural
,,,,,,,,,,ks2c53,sexualassault,gif7zg7,1610026104,2021-01-07 13:28:24,,Structural
,,,,,,,,,,ks11ik,sexualassault,gid85dh,1609979192,2021-01-07 0:26:32,"Information Support, Esteem Support",Internalized
,,,,,,,,,,ks11ik,sexualassault,gida956,1609980175,2021-01-07 0:42:55,Esteem Support,Internalized
,,,,,,,,,,krye31,sexualassault,gicrsht,1609971810,2021-01-06 22:23:30,"Information Support, Emotional Support, Esteem Support","Internalized, Anticipated"
,,,,,,,,,,krye31,sexualassault,gicqn80,1609971310,2021-01-06 22:15:10,"Information Support, Esteem Support","Internalized, Anticipated"
,,,,,,,,,,krxo8y,sexualassault,gicntno,1609970090,2021-01-06 21:54:50,Information Support,
,,,,,,,,,,krwwti,sexualassault,gich3xq,1609967283,2021-01-06 21:08:03,"Emotional Support, Esteem Support, Group Interaction",Internalized
,,,,,,,,,,krwwti,sexualassault,gid03y5,1609975497,2021-01-06 23:24:57,"Emotional Support, Esteem Support, Tangible Assistance",Internalized
,,,,,,,,,,krwwti,sexualassault,gidrh7o,1609988094,2021-01-07 2:54:54,"Information Support, Emotional Support, Esteem Support, Group Interaction",Internalized
,,,,,,,,,,krwwti,sexualassault,gifzn8o,1610039963,2021-01-07 17:19:23,"Information Support, Esteem Support",Internalized
,,,,,,,,,,krwwti,sexualassault,gieopgc,1610008933,2021-01-07 8:42:13,"Emotional Support, Esteem Support, Tangible Assistance, Group Interaction",Internalized
,,,,,,,,,,krwwti,sexualassault,gn1kcoy,1613122881,2021-02-12 9:41:21,,Internalized
,,,,,,,,,,kruyav,sexualassault,gic91mp,1609963864,2021-01-06 20:11:04,"Information Support, Emotional Support, Esteem Support","Experienced, Internalized, Anticipated, Structural"
,,,,,,,,,,kruyav,sexualassault,gicb6ha,1609964811,2021-01-06 20:26:51,"Information Support, Emotional Support, Esteem Support, Group Interaction","Experienced, Internalized, Anticipated, Structural"
,,,,,,,,,,krktd6,sexualassault,giafh2q,1609927019,2021-01-06 9:56:59,"Information Support, Emotional Support, Esteem Support",Internalized
,,,,,,,,,,kriql4,sexualassault,gibrnxt,1609956158,2021-01-06 18:02:38,"Information Support, Emotional Support, Esteem Support",Experienced
,,,,,,,,,,kri204,sexualassault,giatpd4,1609939359,2021-01-06 13:22:39,"Information Support, Emotional Support, Esteem Support",Internalized
,,,,,,,,,,krg25o,sexualassault,gia70qm,1609918995,2021-01-06 7:43:15,"Information Support, Emotional Support, Esteem Support, Tangible Assistance, Group Interaction",Anticipated
,,,,,,,,,,krdzip,sexualassault,giaeo4y,1609926219,2021-01-06 9:43:39,Group Interaction,Internalized
,,,,,,,,,,kr6ujl,sexualassault,gi91c2j,1609895240,2021-01-06 1:07:20,"Emotional Support, Tangible Assistance","Experienced, Internalized, Anticipated, Structural"
,,,,,,,,,,kr6ujl,sexualassault,gi9huuk,1609903424,2021-01-06 3:23:44,"Emotional Support, Esteem Support, Tangible Assistance","Experienced, Internalized, Anticipated, Structural"
,,,,,,,,,,kr0hhw,sexualassault,gi7wdn3,1609878418,2021-01-05 20:26:58,"Information Support, Emotional Support, Esteem Support","Experienced, Internalized, Anticipated"
,,,,,,,,,,kr0hhw,sexualassault,gi6sxjq,1609861548,2021-01-05 15:45:48,"Emotional Support, Esteem Support","Experienced, Internalized, Anticipated"
,,,,,,,,,,kr0hhw,sexualassault,gi6y8xp,1609864038,2021-01-05 16:27:18,Emotional Support,"Experienced, Internalized, Anticipated"
,,,,,,,,,,kr0hhw,sexualassault,gi8f9wa,1609885744,2021-01-05 22:29:04,"Information Support, Emotional Support, Esteem Support","Experienced, Internalized, Anticipated"
,,,,,,,,,,kr0hhw,sexualassault,gi90s5l,1609894964,2021-01-06 1:02:44,"Information Support, Emotional Support","Experienced, Internalized, Anticipated"
,,,,,,,,,,kr0hhw,sexualassault,gi91sf6,1609895472,2021-01-06 1:11:12,Information Support,"Experienced, Internalized, Anticipated"
,,,,,,,,,,kqwhcv,sexualassault,gifue1d,1610037623,2021-01-07 16:40:23,"Information Support, Esteem Support",
,,,,,,,,,,kqvism,sexualassault,gi6mpas,1609858372,2021-01-05 14:52:52,"Information Support, Emotional Support, Esteem Support","Internalized, Anticipated"
,,,,,,,,,,kqvism,sexualassault,gi6sb6e,1609861245,2021-01-05 15:40:45,"Emotional Support, Esteem Support","Internalized, Anticipated"
,,,,,,,,,,kqrioy,sexualassault,gmdhr0b,1612687003,2021-02-07 8:36:43,Emotional Support,Experienced
,,,,,,,,,,kqnqp7,sexualassault,gi96394,1609897637,2021-01-06 1:47:17,"Information Support, Emotional Support, Esteem Support",Internalized
,,,,,,,,,,kqi2am,sexualassault,gi44of3,1609798441,2021-01-04 22:14:01,"Information Support, Emotional Support, Tangible Assistance","Experienced, Internalized, Anticipated"
,,,,,,,,,,kqi2am,sexualassault,gi4aojr,1609801405,2021-01-04 23:03:25,"Information Support, Esteem Support","Experienced, Internalized, Anticipated"
,,,,,,,,,,kqi2am,sexualassault,gi45n08,1609798910,2021-01-04 22:21:50,"Information Support, Emotional Support","Experienced, Internalized, Anticipated"
,,,,,,,,,,kqi2am,sexualassault,gi64prm,1609845430,2021-01-05 11:17:10,Emotional Support,"Experienced, Internalized, Anticipated"
,,,,,,,,,,kqi2am,sexualassault,gi638vg,1609843981,2021-01-05 10:53:01,Information Support,"Experienced, Internalized, Anticipated"
,,,,,,,,,,kqi2am,sexualassault,gi6fbvt,1609854076,2021-01-05 13:41:16,,"Experienced, Internalized, Anticipated"
,,,,,,,,,,kqg0wp,sexualassault,gi439un,1609797766,2021-01-04 22:02:46,"Emotional Support, Group Interaction","Internalized, Anticipated"
,,,,,,,,,,kqg0wp,sexualassault,gi4gn29,1609804411,2021-01-04 23:53:31,"Information Support, Emotional Support, Esteem Support","Internalized, Anticipated"
,,,,,,,,,,kqbbcj,sexualassault,gmdgc81,1612686712,2021-02-07 8:31:52,Esteem Support,"Experienced, Internalized, Anticipated"
,,,,,,,,,,kq939b,sexualassault,gi464d6,1609799143,2021-01-04 22:25:43,Information Support,Internalized
,,,,,,,,,,kq5pir,sexualassault,gi1z7oz,1609754243,2021-01-04 9:57:23,Information Support,"Experienced, Internalized"
,,,,,,,,,,kq5pir,sexualassault,h1rectt,1623696630,2021-06-14 18:50:30,"Information Support, Tangible Assistance","Experienced, Internalized"
,,,,,,,,,,kq57wj,sexualassault,gmdfcyw,1612686517,2021-02-07 8:28:37,"Information Support, Emotional Support","Experienced, Anticipated"
,,,,,,,,,,kq1dir,sexualassault,gi1es6a,1609736807,2021-01-04 5:06:47,"Information Support, Emotional Support, Esteem Support",Internalized
,,,,,,,,,,kq1dir,sexualassault,gi1h299,1609738294,2021-01-04 5:31:34,"Information Support, Esteem Support",Internalized
,,,,,,,,,,kq1dir,sexualassault,gi1mj39,1609742292,2021-01-04 6:38:12,"Information Support, Emotional Support, Esteem Support",Internalized
,,,,,,,,,,kpql06,sexualassault,ghzl7at,1609704442,2021-01-03 20:07:22,Emotional Support,"Experienced, Internalized, Anticipated"
,,,,,,,,,,kpql06,sexualassault,gi0rlma,1609724435,2021-01-04 1:40:35,"Emotional Support, Esteem Support","Experienced, Internalized, Anticipated"
,,,,,,,,,,kpitd8,sexualassault,ghxsx0w,1609673552,2021-01-03 11:32:32,"Information Support, Esteem Support","Experienced, Internalized, Anticipated, Structural"
,,,,,,,,,,kpitd8,sexualassault,ghxpx0n,1609671933,2021-01-03 11:05:33,Information Support,"Experienced, Internalized, Anticipated, Structural"
,,,,,,,,,,kpitd8,sexualassault,ghyfio2,1609685134,2021-01-03 14:45:34,"Information Support, Emotional Support, Esteem Support, Tangible Assistance","Experienced, Internalized, Anticipated, Structural"
,,,,,,,,,,kpi3km,sexualassault,ghzeofv,1609701426,2021-01-03 19:17:06,"Emotional Support, Group Interaction",Internalized
,,,,,,,,,,kpi3km,sexualassault,gidxd84,1609990903,2021-01-07 3:41:43,"Emotional Support, Esteem Support",Internalized
,,,,,,,,,,kphr5p,sexualassault,ghxp68x,1609671539,2021-01-03 10:58:59,Information Support,"Experienced, Anticipated, Structural"
,,,,,,,,,,kphpeo,sexualassault,ghxptdu,1609671879,2021-01-03 11:04:39,Information Support,"Experienced, Internalized"
,,,,,,,,,,kphpeo,sexualassault,ghxy4fa,1609676383,2021-01-03 12:19:43,"Information Support, Emotional Support, Esteem Support, Group Interaction","Experienced, Internalized"
,,,,,,,,,,kphfor,sexualassault,ghxe7sa,1609665759,2021-01-03 9:22:39,Information Support,"Internalized, Anticipated"
,,,,,,,,,,kphfor,sexualassault,ghxqo4i,1609672334,2021-01-03 11:12:14,"Information Support, Esteem Support","Internalized, Anticipated"
,,,,,,,,,,kpg6lj,sexualassault,ghx4law,1609660970,2021-01-03 8:02:50,"Information Support, Emotional Support","Internalized, Anticipated"
,,,,,,,,,,kpg6lj,sexualassault,gi0saho,1609724787,2021-01-04 1:46:27,"Information Support, Esteem Support","Internalized, Anticipated"
,,,,,,,,,,kp7gnh,sexualassault,ghvkjp1,1609630940,2021-01-02 23:42:20,"Information Support, Emotional Support, Esteem Support",Internalized
,,,,,,,,,,koq1sl,sexualassault,ghsvdp3,1609565470,2021-01-02 5:31:10,"Information Support, Emotional Support, Esteem Support","Experienced, Internalized, Structural"
,,,,,,,,,,kom5s3,sexualassault,ghtivmi,1609587892,2021-01-02 11:44:52,Group Interaction,Experienced
,,,,,,,,,,kom5s3,sexualassault,gi4hdk5,1609804788,2021-01-04 23:59:48,Information Support,Experienced
,,,,,,,,,,kokkcy,sexualassault,ghrxkwp,1609546182,2021-01-02 0:09:42,"Emotional Support, Group Interaction","Experienced, Anticipated, Structural"
,,,,,,,,,,kokkcy,sexualassault,ghsvj2a,1609565572,2021-01-02 5:32:52,"Emotional Support, Group Interaction","Experienced, Anticipated, Structural"
,,,,,,,,,,ko9a0l,sexualassault,ghs5pgo,1609550774,2021-01-02 1:26:14,"Esteem Support, Tangible Assistance",Internalized
,,,,,,,,,,ko6ywb,sexualassault,ghorli6,1609488865,2021-01-01 8:14:25,Emotional Support,Internalized
,,,,,,,,,,ko4hn1,sexualassault,ghpf0up,1609504622,2021-01-01 12:37:02,Group Interaction,"Internalized, Anticipated"
,,,,,,,,,,ko3f3q,sexualassault,gho2um8,1609468956,2021-01-01 2:42:36,Emotional Support,"Experienced, Anticipated"
,,,,,,,,,,ko3f3q,sexualassault,gield62,1610005982,2021-01-07 7:53:02,Emotional Support,"Experienced, Anticipated"
,,,,,,,,,,knwouc,sexualassault,ghnj1mt,1609457097,2020-12-31 23:24:57,Group Interaction,
,,,,,,,,,,knwiwv,sexualassault,ghoiq0p,1609480601,2021-01-01 5:56:41,"Information Support, Emotional Support, Esteem Support","Experienced, Internalized, Anticipated"
,,,,,,,,,,knwiwv,sexualassault,ghsjd83,1609558270,2021-01-02 3:31:10,"Information Support, Emotional Support, Group Interaction","Experienced, Internalized, Anticipated"
,,,,,,,,,,knrrs1,sexualassault,ghm3paa,1609429407,2020-12-31 15:43:27,Emotional Support,"Experienced, Anticipated"
,,,,,,,,,,knrrs1,sexualassault,ghm9ozl,1609432640,2020-12-31 16:37:20,"Information Support, Emotional Support","Experienced, Anticipated"
,,,,,,,,,,knrrs1,sexualassault,ghmebld,1609435024,2020-12-31 17:17:04,"Emotional Support, Esteem Support","Experienced, Anticipated"
,,,,,,,,,,knl6dg,sexualassault,gi4i72c,1609805209,2021-01-05 0:06:49,Esteem Support,"Experienced, Internalized, Anticipated, Structural"
,,,,,,,,,,kndjyh,sexualassault,ghkdn45,1609381657,2020-12-31 2:27:37,"Emotional Support, Esteem Support, Tangible Assistance","Internalized, Anticipated"
,,,,,,,,,,kncz58,sexualassault,ghsyx9n,1609568055,2021-01-02 6:14:15,"Information Support, Emotional Support, Esteem Support","Experienced, Internalized, Anticipated"
,,,,,,,,,,kncz58,sexualassault,ghlcb64,1609406784,2020-12-31 9:26:24,"Emotional Support, Esteem Support, Tangible Assistance","Experienced, Internalized, Anticipated"
,,,,,,,,,,knca67,sexualassault,ghjtb3r,1609371059,2020-12-30 23:30:59,"Emotional Support, Esteem Support, Group Interaction",Internalized
,,,,,,,,,,kn7iab,sexualassault,ghjga02,1609364385,2020-12-30 21:39:45,Esteem Support,"Experienced, Internalized, Anticipated, Structural"
,,,,,,,,,,kn7iab,sexualassault,ghj921u,1609360814,2020-12-30 20:40:14,,"Experienced, Internalized, Anticipated, Structural"
,,,,,,,,,,kn7iab,sexualassault,ghjyze0,1609374000,2020-12-31 0:20:00,"Information Support, Emotional Support, Esteem Support, Group Interaction","Experienced, Internalized, Anticipated, Structural"
,,,,,,,,,,kn533i,sexualassault,ghij66q,1609348043,2020-12-30 17:07:23,"Information Support, Emotional Support, Esteem Support, Group Interaction","Internalized, Anticipated"
,,,,,,,,,,kn0kn9,sexualassault,ghjp0xr,1609368812,2020-12-30 22:53:32,"Information Support, Emotional Support, Esteem Support",Internalized
,,,,,,,,,,kn0job,sexualassault,ghhxgab,1609335642,2020-12-30 13:40:42,"Information Support, Emotional Support, Esteem Support","Internalized, Anticipated"
,,,,,,,,,,kmzqrh,sexualassault,ghibyix,1609344383,2020-12-30 16:06:23,"Information Support, Emotional Support, Esteem Support, Group Interaction",Internalized
,,,,,,,,,,kmzqrh,sexualassault,ghnt13o,1609462888,2021-01-01 1:01:28,"Information Support, Emotional Support, Esteem Support",Internalized
,,,,,,,,,,kmyx0j,sexualassault,ghhij0u,1609321611,2020-12-30 9:46:51,"Information Support, Emotional Support, Group Interaction","Internalized, Anticipated"
,,,,,,,,,,kmyx0j,sexualassault,ghhlqg7,1609324957,2020-12-30 10:42:37,"Information Support, Emotional Support, Esteem Support, Tangible Assistance","Internalized, Anticipated"
,,,,,,,,,,kmyx0j,sexualassault,ghhu13v,1609332956,2020-12-30 12:55:56,"Information Support, Emotional Support, Esteem Support","Internalized, Anticipated"
,,,,,,,,,,kmyx0j,sexualassault,ghhtr9h,1609332726,2020-12-30 12:52:06,"Information Support, Esteem Support","Internalized, Anticipated"
,,,,,,,,,,kmygmc,sexualassault,gmd8b3u,1612685010,2021-02-07 8:03:30,Information Support,"Experienced, Structural"
,,,,,,,,,,kmo7wm,sexualassault,ghg1knb,1609286172,2020-12-29 23:56:12,"Information Support, Esteem Support","Internalized, Anticipated"
,,,,,,,,,,kmo7wm,sexualassault,ghh52n7,1609308976,2020-12-30 6:16:16,"Information Support, Emotional Support, Esteem Support, Group Interaction","Internalized, Anticipated"
,,,,,,,,,,kmo7wm,sexualassault,ghhdfhc,1609316389,2020-12-30 8:19:49,"Information Support, Esteem Support, Group Interaction","Internalized, Anticipated"
,,,,,,,,,,kmbqy8,sexualassault,ghdtgr8,1609240496,2020-12-29 11:14:56,"Information Support, Emotional Support, Esteem Support","Experienced, Internalized, Anticipated"
,,,,,,,,,,kmav3p,sexualassault,ghejg71,1609259026,2020-12-29 16:23:46,"Information Support, Emotional Support, Group Interaction",Anticipated
,,,,,,,,,,km84h2,sexualassault,ghd9ol4,1609221299,2020-12-29 5:54:59,Information Support,"Internalized, Anticipated"
,,,,,,,,,,km84h2,sexualassault,ghe1bl8,1609247895,2020-12-29 13:18:15,"Information Support, Esteem Support","Internalized, Anticipated"
,,,,,,,,,,km84h2,sexualassault,ghdu9iq,1609241333,2020-12-29 11:28:53,"Information Support, Emotional Support, Esteem Support, Group Interaction","Internalized, Anticipated"
,,,,,,,,,,km62lh,sexualassault,ghd2q6x,1609216546,2020-12-29 4:35:46,"Information Support, Emotional Support, Group Interaction",Internalized
,,,,,,,,,,klt7b2,sexualassault,ghc4lym,1609197731,2020-12-28 23:22:11,"Information Support, Emotional Support, Esteem Support, Tangible Assistance","Internalized, Anticipated"
,,,,,,,,,,klt7b2,sexualassault,ghbrwg8,1609190940,2020-12-28 21:29:00,"Emotional Support, Esteem Support, Group Interaction","Internalized, Anticipated"
,,,,,,,,,,klt7b2,sexualassault,ghcpv1r,1609209278,2020-12-29 2:34:38,"Information Support, Emotional Support, Esteem Support, Tangible Assistance","Internalized, Anticipated"
,,,,,,,,,,klqk84,sexualassault,ghabkb5,1609162150,2020-12-28 13:29:10,"Information Support, Tangible Assistance","Experienced, Internalized"
,,,,,,,,,,klpjl2,sexualassault,ghbsolt,1609191353,2020-12-28 21:35:53,"Esteem Support, Group Interaction",Internalized
,,,,,,,,,,klfy66,sexualassault,gh8uoa0,1609120144,2020-12-28 1:49:04,Information Support,"Experienced, Internalized, Anticipated"
,,,,,,,,,,kl3il8,sexualassault,gh6we4x,1609083111,2020-12-27 15:31:51,"Information Support, Emotional Support, Esteem Support","Experienced, Anticipated, Structural"
,,,,,,,,,,kl3di2,sexualassault,gh6p4bg,1609078109,2020-12-27 14:08:29,"Information Support, Esteem Support","Internalized, Anticipated"
,,,,,,,,,,kl3di2,sexualassault,gh779fp,1609089394,2020-12-27 17:16:34,"Information Support, Emotional Support, Esteem Support","Internalized, Anticipated"
,,,,,,,,,,kkzt5e,sexualassault,gh5pi6y,1609056199,2020-12-27 8:03:19,"Information Support, Emotional Support, Group Interaction","Internalized, Anticipated, Structural"
,,,,,,,,,,kkz8f9,sexualassault,gh5kb5y,1609053378,2020-12-27 7:16:18,Information Support,"Experienced, Internalized"
,,,,,,,,,,kkytzv,sexualassault,jrluc2f,1689120980,2023-07-12 0:16:20,"Information Support, Emotional Support, Esteem Support","Experienced, Internalized, Anticipated"
,,,,,,,,,,kkytzv,sexualassault,ghn7a3r,1609450347,2020-12-31 21:32:27,Information Support,"Experienced, Internalized, Anticipated"
,,,,,,,,,,kkxs9s,sexualassault,gh55ado,1609045910,2020-12-27 5:11:50,Information Support,Internalized
,,,,,,,,,,kkxs9s,sexualassault,gh55yin,1609046223,2020-12-27 5:17:03,Emotional Support,Internalized
,,,,,,,,,,kkxs9s,sexualassault,gh56n4k,1609046565,2020-12-27 5:22:45,"Information Support, Emotional Support, Esteem Support, Group Interaction",Internalized
,,,,,,,,,,kkxs9s,sexualassault,gh595mb,1609047912,2020-12-27 5:45:12,"Emotional Support, Esteem Support",Internalized
,,,,,,,,,,kkxs9s,sexualassault,gh5xn1z,1609061457,2020-12-27 9:30:57,Emotional Support,Internalized
,,,,,,,,,,kkwn80,sexualassault,gh51474,1609043982,2020-12-27 4:39:42,Esteem Support,Internalized
,,,,,,,,,,kkvj5t,sexualassault,gh4y4v4,1609042617,2020-12-27 4:16:57,"Information Support, Emotional Support","Experienced, Internalized"
,,,,,,,,,,kkuxxa,sexualassault,gh4lc0l,1609034860,2020-12-27 2:07:40,"Information Support, Esteem Support",Internalized
,,,,,,,,,,kkuxxa,sexualassault,gk64zso,1611319572,2021-01-22 12:46:12,"Information Support, Esteem Support",Internalized
,,,,,,,,,,kktu2w,sexualassault,gh4wz71,1609041918,2020-12-27 4:05:18,"Emotional Support, Tangible Assistance, Group Interaction","Experienced, Internalized, Anticipated"
,,,,,,,,,,kkpgxy,sexualassault,gh60knt,1609063409,2020-12-27 10:03:29,"Information Support, Emotional Support, Esteem Support","Experienced, Internalized"
,,,,,,,,,,kkpgxy,sexualassault,gk64ef1,1611319134,2021-01-22 12:38:54,"Information Support, Emotional Support, Esteem Support","Experienced, Internalized"
,,,,,,,,,,kkp8l4,sexualassault,gk643pv,1611318911,2021-01-22 12:35:11,"Information Support, Emotional Support, Esteem Support",Internalized
,,,,,,,,,,kkp7ss,sexualassault,gh4v6ah,1609040845,2020-12-27 3:47:25,"Emotional Support, Esteem Support, Group Interaction",Internalized
,,,,,,,,,,kko2pb,sexualassault,gh3zw5t,1609022133,2020-12-26 22:35:33,"Emotional Support, Esteem Support",Experienced
,,,,,,,,,,kko2pb,sexualassault,gh48005,1609026882,2020-12-26 23:54:42,"Information Support, Emotional Support",Experienced
,,,,,,,,,,kko2pb,sexualassault,gh4iece,1609033086,2020-12-27 1:38:06,"Information Support, Esteem Support, Group Interaction",Experienced
,,,,,,,,,,kkmux1,sexualassault,gh3s8u2,1609017598,2020-12-26 21:19:58,"Information Support, Emotional Support",
,,,,,,,,,,kkmux1,sexualassault,gh3elfg,1609009719,2020-12-26 19:08:39,"Information Support, Emotional Support",
,,,,,,,,,,kkjc4w,sexualassault,gh4sfyw,1609039179,2020-12-27 3:19:39,"Information Support, Esteem Support",Internalized
,,,,,,,,,,kkjc4w,sexualassault,gh4n8cx,1609036007,2020-12-27 2:26:47,Emotional Support,Internalized
,,,,,,,,,,kkhgd2,sexualassault,gk63ivw,1611318465,2021-01-22 12:27:45,"Information Support, Emotional Support, Esteem Support","Experienced, Internalized, Anticipated, Structural"
,,,,,,,,,,kkg4tr,sexualassault,gh2qpti,1608995409,2020-12-26 15:10:09,"Information Support, Emotional Support, Esteem Support","Experienced, Internalized, Anticipated"
,,,,,,,,,,kkaxrx,sexualassault,gk639xz,1611318270,2021-01-22 12:24:30,"Information Support, Emotional Support, Esteem Support","Experienced, Internalized"
,,,,,,,,,,kkat0l,sexualassault,gk482ad,1611271445,2021-01-21 23:24:05,"Information Support, Esteem Support",Internalized
,,,,,,,,,,kkaoyb,sexualassault,gh1jrds,1608952700,2020-12-26 3:18:20,"Emotional Support, Esteem Support, Group Interaction","Experienced, Internalized, Anticipated, Structural"
,,,,,,,,,,kk56u2,sexualassault,gh0s9ix,1608934113,2020-12-25 22:08:33,"Emotional Support, Group Interaction",Internalized
,,,,,,,,,,kk56u2,sexualassault,gh29u9s,1608978179,2020-12-26 10:22:59,Information Support,Internalized
,,,,,,,,,,kjy6yk,sexualassault,ggzgwzn,1608900856,2020-12-25 12:54:16,"Information Support, Esteem Support","Internalized, Anticipated, Structural"
,,,,,,,,,,kjy6yk,sexualassault,ggzf6de,1608898870,2020-12-25 12:21:10,Information Support,"Internalized, Anticipated, Structural"
,,,,,,,,,,kjud61,sexualassault,ggyw8j5,1608876989,2020-12-25 6:16:29,Information Support,"Experienced, Internalized, Anticipated"
,,,,,,,,,,kjtpxx,sexualassault,ggywnnq,1608877359,2020-12-25 6:22:39,"Information Support, Emotional Support, Esteem Support, Tangible Assistance, Group Interaction",Internalized
,,,,,,,,,,kjtmu7,sexualassault,ggyt28d,1608874369,2020-12-25 5:32:49,"Information Support, Emotional Support, Esteem Support","Experienced, Internalized, Anticipated"
,,,,,,,,,,kjddpx,sexualassault,ggwbqhi,1608817605,2020-12-24 13:46:45,"Information Support, Emotional Support, Esteem Support, Tangible Assistance","Experienced, Internalized, Anticipated, Structural"
,,,,,,,,,,kjddpx,sexualassault,ggwcbd1,1608818053,2020-12-24 13:54:13,"Emotional Support, Esteem Support","Experienced, Internalized, Anticipated, Structural"
,,,,,,,,,,kjddpx,sexualassault,ggwjxmc,1608823196,2020-12-24 15:19:56,"Emotional Support, Esteem Support, Group Interaction","Experienced, Internalized, Anticipated, Structural"
,,,,,,,,,,kjddpx,sexualassault,ggwr1pt,1608827376,2020-12-24 16:29:36,"Emotional Support, Tangible Assistance","Experienced, Internalized, Anticipated, Structural"
,,,,,,,,,,kjddpx,sexualassault,ggx0e50,1608832624,2020-12-24 17:57:04,Emotional Support,"Experienced, Internalized, Anticipated, Structural"
,,,,,,,,,,kjddpx,sexualassault,ggytl82,1608874795,2020-12-25 5:39:55,"Information Support, Emotional Support, Esteem Support, Tangible Assistance","Experienced, Internalized, Anticipated, Structural"
,,,,,,,,,,kjddpx,sexualassault,gh6p5jh,1609078129,2020-12-27 14:08:49,"Emotional Support, Esteem Support","Experienced, Internalized, Anticipated, Structural"
,,,,,,,,,,kjdamn,sexualassault,ggw0632,1608806216,2020-12-24 10:36:56,Information Support,"Internalized, Anticipated"
,,,,,,,,,,kj41jg,sexualassault,ggupsis,1608771389,2020-12-24 0:56:29,"Information Support, Emotional Support","Experienced, Internalized"
,,,,,,,,,,kj41jg,sexualassault,gguso4k,1608772951,2020-12-24 1:22:31,"Emotional Support, Group Interaction","Experienced, Internalized"
,,,,,,,,,,kj41jg,sexualassault,gguy1ob,1608775923,2020-12-24 2:12:03,"Information Support, Emotional Support, Esteem Support, Group Interaction","Experienced, Internalized"
,,,,,,,,,,kj41jg,sexualassault,ggvdnbc,1608785332,2020-12-24 4:48:52,Emotional Support,"Experienced, Internalized"
,,,,,,,,,,kj2b6s,sexualassault,gh12mng,1608940843,2020-12-26 0:00:43,"Information Support, Emotional Support, Esteem Support, Tangible Assistance","Experienced, Internalized"
,,,,,,,,,,kj2b6s,sexualassault,ggv9f02,1608782586,2020-12-24 4:03:06,"Emotional Support, Esteem Support","Experienced, Internalized"
,,,,,,,,,,kixcdk,sexualassault,ggu8sue,1608762143,2020-12-23 22:22:23,"Emotional Support, Group Interaction",Internalized
,,,,,,,,,,kixcdk,sexualassault,ggtqo0e,1608752359,2020-12-23 19:39:19,"Emotional Support, Esteem Support, Group Interaction",Internalized
,,,,,,,,,,kixcdk,sexualassault,ggubfgz,1608763496,2020-12-23 22:44:56,"Information Support, Esteem Support",Internalized
,,,,,,,,,,kixcdk,sexualassault,ggua1f8,1608762824,2020-12-23 22:33:44,"Information Support, Esteem Support, Group Interaction",Internalized
,,,,,,,,,,kixcdk,sexualassault,ggzcq69,1608895801,2020-12-25 11:30:01,Information Support,Internalized
,,,,,,,,,,kiwtzh,sexualassault,ggtglcy,1608747104,2020-12-23 18:11:44,"Information Support, Emotional Support, Esteem Support, Group Interaction",
,,,,,,,,,,kiwtzh,sexualassault,ggv9zf2,1608782949,2020-12-24 4:09:09,"Information Support, Emotional Support, Esteem Support",
,,,,,,,,,,kiq8ga,sexualassault,gi2zitn,1609779198,2021-01-04 16:53:18,"Information Support, Esteem Support","Experienced, Anticipated"
,,,,,,,,,,kiq8ga,sexualassault,ggsdqgy,1608722026,2020-12-23 11:13:46,"Emotional Support, Esteem Support, Tangible Assistance, Group Interaction","Experienced, Anticipated"
,,,,,,,,,,kiout0,sexualassault,ggsctv0,1608721069,2020-12-23 10:57:49,"Information Support, Esteem Support",Anticipated
,,,,,,,,,,kiout0,sexualassault,ggtegw4,1608746000,2020-12-23 17:53:20,"Emotional Support, Esteem Support, Group Interaction",Anticipated
,,,,,,,,,,kiout0,sexualassault,ghdq1kn,1609236853,2020-12-29 10:14:13,Emotional Support,Anticipated
,,,,,,,,,,kio0qt,sexualassault,ggs1gkr,1608709088,2020-12-23 7:38:08,"Information Support, Emotional Support, Tangible Assistance","Internalized, Anticipated"
,,,,,,,,,,kinjl5,sexualassault,ggsqlkw,1608732827,2020-12-23 14:13:47,"Information Support, Esteem Support","Experienced, Internalized, Anticipated"
,,,,,,,,,,kii9lr,sexualassault,ggshp98,1608725968,2020-12-23 12:19:28,"Information Support, Emotional Support, Group Interaction","Experienced, Anticipated, Structural"
,,,,,,,,,,kifes5,sexualassault,ggqo6sn,1608678276,2020-12-22 23:04:36,"Information Support, Emotional Support, Esteem Support, Tangible Assistance","Experienced, Anticipated"
,,,,,,,,,,kifes5,sexualassault,ggr1tnj,1608685714,2020-12-23 1:08:34,Information Support,"Experienced, Anticipated"
,,,,,,,,,,kifes5,sexualassault,ggr3rt9,1608686780,2020-12-23 1:26:20,Information Support,"Experienced, Anticipated"
,,,,,,,,,,kifes5,sexualassault,ggtm13k,1608749925,2020-12-23 18:58:45,"Emotional Support, Group Interaction","Experienced, Anticipated"
,,,,,,,,,,kiez52,sexualassault,ggse6fz,1608722490,2020-12-23 11:21:30,"Information Support, Emotional Support, Tangible Assistance",Internalized
,,,,,,,,,,kiaev5,sexualassault,ggpz7yq,1608665934,2020-12-22 19:38:54,Emotional Support,"Experienced, Anticipated, Structural"
,,,,,,,,,,ki6sjy,sexualassault,ggp2w0v,1608649228,2020-12-22 15:00:28,"Information Support, Esteem Support",Anticipated
,,,,,,,,,,ki61u1,sexualassault,ggozq82,1608647354,2020-12-22 14:29:14,"Information Support, Esteem Support","Experienced, Internalized, Anticipated"
,,,,,,,,,,ki61u1,sexualassault,ggqmg5u,1608677336,2020-12-22 22:48:56,"Information Support, Emotional Support","Experienced, Internalized, Anticipated"
,,,,,,,,,,ki0mci,sexualassault,gk2xprs,1611250200,2021-01-21 17:30:00,Information Support,"Experienced, Internalized, Anticipated"
,,,,,,,,,,khznhz,sexualassault,ggoyeh0,1608646542,2020-12-22 14:15:42,"Information Support, Esteem Support","Experienced, Internalized"
,,,,,,,,,,khk4lz,sexualassault,gjfb6yg,1610773553,2021-01-16 5:05:53,"Information Support, Emotional Support","Experienced, Internalized"
,,,,,,,,,,khc9ui,sexualassault,gjfapg8,1610773221,2021-01-16 5:00:21,"Information Support, Esteem Support, Tangible Assistance","Experienced, Internalized, Anticipated"
,,,,,,,,,,khaine,sexualassault,ggk3npt,1608526885,2020-12-21 5:01:25,Esteem Support,"Experienced, Internalized, Anticipated"
,,,,,,,,,,khaine,sexualassault,ggkoxbi,1608545992,2020-12-21 10:19:52,"Emotional Support, Esteem Support, Group Interaction","Experienced, Internalized, Anticipated"
,,,,,,,,,,khaine,sexualassault,ggkeyc3,1608535914,2020-12-21 7:31:54,"Emotional Support, Esteem Support","Experienced, Internalized, Anticipated"
,,,,,,,,,,khaine,sexualassault,ggkii5m,1608539284,2020-12-21 8:28:04,Esteem Support,"Experienced, Internalized, Anticipated"
,,,,,,,,,,khaine,sexualassault,ggl3zn2,1608559223,2020-12-21 14:00:23,Emotional Support,"Experienced, Internalized, Anticipated"
,,,,,,,,,,khaine,sexualassault,ggldw97,1608565158,2020-12-21 15:39:18,"Emotional Support, Esteem Support","Experienced, Internalized, Anticipated"
,,,,,,,,,,khaine,sexualassault,gglqfaq,1608571617,2020-12-21 17:26:57,Esteem Support,"Experienced, Internalized, Anticipated"
,,,,,,,,,,kh8l8i,sexualassault,ggk1vuw,1608525684,2020-12-21 4:41:24,"Information Support, Emotional Support, Esteem Support","Experienced, Internalized"
,,,,,,,,,,kgxfwg,sexualassault,gjce6t0,1610719659,2021-01-15 14:07:39,,"Internalized, Anticipated"
,,,,,,,,,,kgxe28,sexualassault,gghspxc,1608483133,2020-12-20 16:52:13,"Information Support, Tangible Assistance","Experienced, Internalized"
,,,,,,,,,,kgxe28,sexualassault,gghtk1k,1608483575,2020-12-20 16:59:35,Emotional Support,"Experienced, Internalized"
,,,,,,,,,,kgv5ib,sexualassault,ggi4uo0,1608489225,2020-12-20 18:33:45,Information Support,"Internalized, Anticipated"
,,,,,,,,,,kgv5ib,sexualassault,ggjsiyj,1608520002,2020-12-21 3:06:42,"Information Support, Emotional Support, Esteem Support, Tangible Assistance, Group Interaction","Internalized, Anticipated"
,,,,,,,,,,kgu9tj,sexualassault,ggi5ge9,1608489518,2020-12-20 18:38:38,"Information Support, Esteem Support","Experienced, Internalized, Anticipated"
,,,,,,,,,,kgu9tj,sexualassault,gynf5qa,1621392304,2021-05-19 2:45:04,"Information Support, Emotional Support, Esteem Support","Experienced, Internalized, Anticipated"
,,,,,,,,,,kgs49b,sexualassault,gggu8b2,1608466715,2020-12-20 12:18:35,"Information Support, Emotional Support, Esteem Support","Experienced, Internalized, Anticipated"
,,,,,,,,,,kgs0xv,sexualassault,ggi55ht,1608489371,2020-12-20 18:36:11,"Information Support, Esteem Support","Experienced, Internalized"
,,,,,,,,,,kgs0xv,sexualassault,ggkhopr,1608538498,2020-12-21 8:14:58,"Information Support, Esteem Support","Experienced, Internalized"
,,,,,,,,,,kgqajz,sexualassault,gggdwnj,1608451982,2020-12-20 8:13:02,"Emotional Support, Group Interaction","Experienced, Internalized, Anticipated"
,,,,,,,,,,kgqajz,sexualassault,ggghg0w,1608455755,2020-12-20 9:15:55,Information Support,"Experienced, Internalized, Anticipated"
,,,,,,,,,,kgqajz,sexualassault,ggje95x,1608512133,2020-12-21 0:55:33,"Emotional Support, Group Interaction","Experienced, Internalized, Anticipated"
,,,,,,,,,,kgqajz,sexualassault,ggvxb0p,1608802938,2020-12-24 9:42:18,Group Interaction,"Experienced, Internalized, Anticipated"
,,,,,,,,,,kgqajz,sexualassault,gj7joh7,1610612096,2021-01-14 8:14:56,Information Support,"Experienced, Internalized, Anticipated"
,,,,,,,,,,kgq4lq,sexualassault,ggi6cm2,1608489952,2020-12-20 18:45:52,"Information Support, Esteem Support","Experienced, Internalized, Anticipated"
,,,,,,,,,,kgo9c3,sexualassault,ggg5f54,1608444156,2020-12-20 6:02:36,"Information Support, Emotional Support, Esteem Support","Experienced, Internalized, Anticipated"
,,,,,,,,,,kgo9c3,sexualassault,ggi72cy,1608490296,2020-12-20 18:51:36,"Information Support, Emotional Support, Esteem Support","Experienced, Internalized, Anticipated"
,,,,,,,,,,kgmy5i,sexualassault,ggg89x7,1608446588,2020-12-20 6:43:08,"Information Support, Emotional Support, Tangible Assistance","Internalized, Anticipated"
,,,,,,,,,,kgmy5i,sexualassault,gj7j8r5,1610611670,2021-01-14 8:07:50,Information Support,"Internalized, Anticipated"
,,,,,,,,,,kgje79,sexualassault,gj7iz3c,1610611406,2021-01-14 8:03:26,"Information Support, Tangible Assistance","Experienced, Anticipated, Structural"
,,,,,,,,,,kgj2et,sexualassault,ggfj4lf,1608429922,2020-12-20 2:05:22,"Information Support, Emotional Support, Tangible Assistance","Experienced, Internalized"
,,,,,,,,,,kgj2et,sexualassault,ggfrz3b,1608435188,2020-12-20 3:33:08,"Information Support, Emotional Support","Experienced, Internalized"
,,,,,,,,,,kggeea,sexualassault,ggg0o82,1608440652,2020-12-20 5:04:12,"Information Support, Emotional Support, Esteem Support",Internalized
,,,,,,,,,,kggeea,sexualassault,ggg0knc,1608440585,2020-12-20 5:03:05,"Emotional Support, Group Interaction",Internalized
,,,,,,,,,,kgb0e3,sexualassault,ggeslcx,1608417499,2020-12-19 22:38:19,"Information Support, Emotional Support, Esteem Support, Group Interaction","Experienced, Internalized"
,,,,,,,,,,kg7bc7,sexualassault,ggdhltm,1608396316,2020-12-19 16:45:16,"Information Support, Emotional Support, Esteem Support, Group Interaction","Experienced, Internalized"
,,,,,,,,,,kg3jun,sexualassault,gj7ionm,1610611131,2021-01-14 7:58:51,"Information Support, Esteem Support","Experienced, Internalized"
,,,,,,,,,,kfzvhe,sexualassault,ggdk9nj,1608397401,2020-12-19 17:03:21,"Information Support, Emotional Support, Esteem Support","Internalized, Anticipated"
,,,,,,,,,,kfzvhe,sexualassault,ggcj6nd,1608372571,2020-12-19 10:09:31,"Information Support, Emotional Support","Internalized, Anticipated"
,,,,,,,,,,kfvi64,sexualassault,ggkj9qw,1608540065,2020-12-21 8:41:05,"Information Support, Esteem Support","Internalized, Anticipated"
,,,,,,,,,,kfvi64,sexualassault,gj7hoqy,1610610183,2021-01-14 7:43:03,"Information Support, Esteem Support, Tangible Assistance","Internalized, Anticipated"
,,,,,,,,,,kfsb9b,sexualassault,ggadihc,1608321971,2020-12-18 20:06:11,Information Support,Internalized
,,,,,,,,,,kfsb9b,sexualassault,ggatenl,1608329302,2020-12-18 22:08:22,"Information Support, Emotional Support",Internalized
,,,,,,,,,,kfj8kn,sexualassault,gj7gybg,1610609506,2021-01-14 7:31:46,Information Support,Experienced
,,,,,,,,,,kfeko8,sexualassault,gg8zf0q,1608298644,2020-12-18 13:37:24,"Information Support, Emotional Support, Esteem Support, Tangible Assistance","Experienced, Internalized"
,,,,,,,,,,kfeko8,sexualassault,gg8cpuh,1608277826,2020-12-18 7:50:26,"Information Support, Emotional Support, Esteem Support","Experienced, Internalized"
,,,,,,,,,,kfac8c,sexualassault,gg7my74,1608260357,2020-12-18 2:59:17,"Information Support, Emotional Support, Esteem Support","Internalized, Anticipated"
,,,,,,,,,,kfac8c,sexualassault,gj7ef60,1610607234,2021-01-14 6:53:54,"Emotional Support, Esteem Support","Internalized, Anticipated"
,,,,,,,,,,kf9u58,sexualassault,gg8ar5h,1608276045,2020-12-18 7:20:45,"Information Support, Emotional Support, Esteem Support","Experienced, Internalized, Anticipated"
,,,,,,,,,,kf6rjn,sexualassault,gg6rj4m,1608243702,2020-12-17 22:21:42,"Information Support, Emotional Support, Esteem Support, Group Interaction","Experienced, Anticipated, Structural"
,,,,,,,,,,kf6rjn,sexualassault,gg6rl6o,1608243732,2020-12-17 22:22:12,"Information Support, Emotional Support","Experienced, Anticipated, Structural"
,,,,,,,,,,kf109s,sexualassault,gg667qd,1608233168,2020-12-17 19:26:08,Esteem Support,"Experienced, Internalized, Anticipated"
,,,,,,,,,,keyejt,sexualassault,gg5wtih,1608228685,2020-12-17 18:11:25,"Esteem Support, Group Interaction","Experienced, Anticipated"
,,,,,,,,,,ketk3e,sexualassault,gg4h9tb,1608193654,2020-12-17 8:27:34,Information Support,"Internalized, Anticipated"
,,,,,,,,,,ketk3e,sexualassault,gj7dakf,1610606285,2021-01-14 6:38:05,"Information Support, Emotional Support, Esteem Support","Internalized, Anticipated"
,,,,,,,,,,ker64u,sexualassault,gg4f2u1,1608191633,2020-12-17 7:53:53,"Emotional Support, Group Interaction","Experienced, Internalized"
,,,,,,,,,,ker64u,sexualassault,gg4ivao,1608195210,2020-12-17 8:53:30,"Emotional Support, Esteem Support","Experienced, Internalized"
,,,,,,,,,,ker64u,sexualassault,gg4kyy9,1608197357,2020-12-17 9:29:17,"Emotional Support, Group Interaction","Experienced, Internalized"
,,,,,,,,,,ker64u,sexualassault,gg506zc,1608211428,2020-12-17 13:23:48,"Information Support, Emotional Support, Esteem Support, Tangible Assistance","Experienced, Internalized"
,,,,,,,,,,ker1x0,sexualassault,gg4bbzt,1608188396,2020-12-17 6:59:56,"Information Support, Emotional Support, Esteem Support, Tangible Assistance, Group Interaction","Experienced, Internalized, Anticipated"
,,,,,,,,,,keps44,sexualassault,gg4abyn,1608187583,2020-12-17 6:46:23,"Information Support, Emotional Support, Esteem Support",Internalized
,,,,,,,,,,kemelg,sexualassault,gg3j3d5,1608170829,2020-12-17 2:07:09,"Information Support, Emotional Support, Esteem Support","Experienced, Internalized, Anticipated"
,,,,,,,,,,keguw2,sexualassault,gg2wbtp,1608158626,2020-12-16 22:43:46,"Information Support, Emotional Support, Esteem Support",Internalized
,,,,,,,,,,keguw2,sexualassault,gg39jvk,1608165740,2020-12-17 0:42:20,"Information Support, Esteem Support",Internalized
,,,,,,,,,,kegs9s,sexualassault,gg36pil,1608164167,2020-12-17 0:16:07,"Information Support, Emotional Support, Esteem Support","Experienced, Internalized, Anticipated"
,,,,,,,,,,ke7nff,sexualassault,gg0u1g0,1608119155,2020-12-16 11:45:55,"Information Support, Emotional Support, Esteem Support, Tangible Assistance","Experienced, Internalized"
,,,,,,,,,,ke44dz,sexualassault,gg1nbwd,1608137292,2020-12-16 16:48:12,"Information Support, Esteem Support","Internalized, Anticipated"
,,,,,,,,,,ke3kzn,sexualassault,gj678sf,1610582081,2021-01-13 23:54:41,"Information Support, Tangible Assistance",Anticipated
,,,,,,,,,,kdzlbf,sexualassault,gfzrtba,1608087809,2020-12-16 3:03:29,"Information Support, Emotional Support",Experienced
,,,,,,,,,,kdzlbf,sexualassault,gg00ah9,1608092932,2020-12-16 4:28:52,"Information Support, Esteem Support, Group Interaction",Experienced
,,,,,,,,,,kdpfxx,sexualassault,gfxrdwz,1608051852,2020-12-15 17:04:12,"Information Support, Esteem Support","Internalized, Anticipated"
,,,,,,,,,,kdo4pu,sexualassault,gfxrhf4,1608051900,2020-12-15 17:05:00,"Information Support, Group Interaction","Experienced, Internalized"
,,,,,,,,,,kdo4pu,sexualassault,gfxm0ec,1608049275,2020-12-15 16:21:15,Information Support,"Experienced, Internalized"
,,,,,,,,,,kdo4pu,sexualassault,gfxw6uh,1608054104,2020-12-15 17:41:44,Information Support,"Experienced, Internalized"
,,,,,,,,,,kdjokc,sexualassault,gfyhlx7,1608063710,2020-12-15 20:21:50,"Information Support, Emotional Support, Group Interaction","Experienced, Internalized, Anticipated"
,,,,,,,,,,kdf4cq,sexualassault,gfwj3u5,1608019430,2020-12-15 8:03:50,"Tangible Assistance, Group Interaction","Internalized, Anticipated"
,,,,,,,,,,kdf0kf,sexualassault,gfw8chd,1608010415,2020-12-15 5:33:35,"Information Support, Esteem Support",Anticipated
,,,,,,,,,,kdew52,sexualassault,gfw5ftd,1608008447,2020-12-15 5:00:47,"Esteem Support, Group Interaction","Experienced, Internalized, Anticipated"
,,,,,,,,,,kdew52,sexualassault,gfwz7ll,1608035723,2020-12-15 12:35:23,"Information Support, Emotional Support, Esteem Support, Group Interaction","Experienced, Internalized, Anticipated"
,,,,,,,,,,kdew52,sexualassault,gfwkrcs,1608021039,2020-12-15 8:30:39,"Emotional Support, Esteem Support, Group Interaction","Experienced, Internalized, Anticipated"
,,,,,,,,,,kdew52,sexualassault,h0mdy4n,1622845543,2021-06-04 22:25:43,"Emotional Support, Esteem Support, Group Interaction","Experienced, Internalized, Anticipated"
,,,,,,,,,,kdeq5j,sexualassault,gfw23i9,1608006490,2020-12-15 4:28:10,Emotional Support,"Internalized, Anticipated"
,,,,,,,,,,kdeq5j,sexualassault,gfw7r07,1608009993,2020-12-15 5:26:33,"Information Support, Esteem Support","Internalized, Anticipated"
,,,,,,,,,,kdbyc3,sexualassault,ggfdczb,1608426599,2020-12-20 1:09:59,"Information Support, Esteem Support",
,,,,,,,,,,kdbyc3,sexualassault,ggff10u,1608427558,2020-12-20 1:25:58,"Information Support, Esteem Support",
,,,,,,,,,,kdbyc3,sexualassault,ggffhdl,1608427821,2020-12-20 1:30:21,Information Support,
,,,,,,,,,,kdbyc3,sexualassault,gj059vp,1610462897,2021-01-12 14:48:17,"Information Support, Emotional Support",
,,,,,,,,,,kdbyc3,sexualassault,gfvrcmk,1608000643,2020-12-15 2:50:43,"Information Support, Emotional Support",
,,,,,,,,,,kdbyc3,sexualassault,ggfcpd2,1608426228,2020-12-20 1:03:48,Information Support,
,,,,,,,,,,kdaoix,sexualassault,gfvinkk,1607996086,2020-12-15 1:34:46,"Information Support, Emotional Support, Esteem Support, Tangible Assistance","Experienced, Internalized"
,,,,,,,,,,kda5mq,sexualassault,gfvbg9l,1607992119,2020-12-15 0:28:39,"Information Support, Emotional Support, Esteem Support, Group Interaction",Internalized
,,,,,,,,,,kda5mq,sexualassault,gfzj9nk,1608083027,2020-12-16 1:43:47,"Information Support, Emotional Support, Esteem Support",Internalized
,,,,,,,,,,kda5mq,sexualassault,gj04x0b,1610462712,2021-01-12 14:45:12,"Information Support, Emotional Support",Internalized
,,,,,,,,,,kd1zl6,sexualassault,gj03o2n,1610462049,2021-01-12 14:34:09,Information Support,"Experienced, Internalized, Anticipated"
,,,,,,,,,,kd0vsu,sexualassault,gfu1f3q,1607969465,2020-12-14 18:11:05,Esteem Support,Internalized
,,,,,,,,,,kd0vsu,sexualassault,gftu8oe,1607966067,2020-12-14 17:14:27,Esteem Support,Internalized
,,,,,,,,,,kd0vsu,sexualassault,gfuomfd,1607980425,2020-12-14 21:13:45,"Information Support, Esteem Support",Internalized
,,,,,,,,,,kd0vsu,sexualassault,gfux3p8,1607984540,2020-12-14 22:22:20,Esteem Support,Internalized
,,,,,,,,,,kcueyg,sexualassault,gfsp50e,1607937758,2020-12-14 9:22:38,"Information Support, Tangible Assistance","Experienced, Internalized, Anticipated"
,,,,,,,,,,kcsqb4,sexualassault,gi2kbqe,1609771450,2021-01-04 14:44:10,"Emotional Support, Esteem Support, Group Interaction","Experienced, Internalized"
,,,,,,,,,,kcsqb4,sexualassault,gfu9vwe,1607973440,2020-12-14 19:17:20,"Information Support, Esteem Support","Experienced, Internalized"
,,,,,,,,,,kcofoc,sexualassault,gj021u2,1610461160,2021-01-12 14:19:20,"Information Support, Emotional Support, Esteem Support, Tangible Assistance",Internalized
,,,,,,,,,,kclpch,sexualassault,gj01n9g,1610460934,2021-01-12 14:15:34,"Information Support, Emotional Support",Anticipated
,,,,,,,,,,kcl8p3,sexualassault,gfrds43,1607905405,2020-12-14 0:23:25,"Emotional Support, Esteem Support, Group Interaction",Internalized
,,,,,,,,,,kcl8p3,sexualassault,gfrqwad,1607912587,2020-12-14 2:23:07,"Information Support, Group Interaction",Internalized
,,,,,,,,,,kciwx3,sexualassault,gfqrrm2,1607894431,2020-12-13 21:20:31,"Information Support, Esteem Support","Experienced, Internalized, Anticipated"
,,,,,,,,,,kciwx3,sexualassault,gfrktvj,1607909265,2020-12-14 1:27:45,"Information Support, Esteem Support, Tangible Assistance","Experienced, Internalized, Anticipated"
,,,,,,,,,,kche8e,sexualassault,gftnovx,1607962899,2020-12-14 16:21:39,"Information Support, Esteem Support","Experienced, Internalized, Anticipated"
,,,,,,,,,,kche8e,sexualassault,gj00con,1610460201,2021-01-12 14:03:21,"Information Support, Esteem Support","Experienced, Internalized, Anticipated"
,,,,,,,,,,kchaxe,sexualassault,gfrt7un,1607913848,2020-12-14 2:44:08,"Emotional Support, Group Interaction","Internalized, Anticipated"
,,,,,,,,,,kchaxe,sexualassault,gj0027a,1610460030,2021-01-12 14:00:30,"Information Support, Esteem Support, Group Interaction","Internalized, Anticipated"
,,,,,,,,,,kcfby8,sexualassault,gfrgmod,1607906919,2020-12-14 0:48:39,"Emotional Support, Esteem Support, Tangible Assistance, Group Interaction",Internalized
,,,,,,,,,,kcfby8,sexualassault,gizzw3e,1610459933,2021-01-12 13:58:53,"Information Support, Emotional Support, Esteem Support",Internalized
,,,,,,,,,,kcdpil,sexualassault,gfpps4j,1607878517,2020-12-13 16:55:17,"Information Support, Emotional Support, Esteem Support","Internalized, Anticipated"
,,,,,,,,,,kc554m,sexualassault,gizy657,1610458897,2021-01-12 13:41:37,"Information Support, Emotional Support, Esteem Support",Internalized
,,,,,,,,,,kc4mxk,sexualassault,gfsetww,1607927834,2020-12-14 6:37:14,Information Support,"Experienced, Anticipated"
,,,,,,,,,,kc4mxk,sexualassault,gizxny1,1610458578,2021-01-12 13:36:18,Information Support,"Experienced, Anticipated"
,,,,,,,,,,kbok7z,sexualassault,gfjav5i,1607785864,2020-12-12 15:11:04,"Information Support, Emotional Support, Esteem Support","Internalized, Anticipated"
,,,,,,,,,,kbn2yp,sexualassault,gfl39ap,1607807096,2020-12-12 21:04:56,"Information Support, Esteem Support",
,,,,,,,,,,kbn2yp,sexualassault,gfihxy6,1607773991,2020-12-12 11:53:11,"Information Support, Esteem Support",
,,,,,,,,,,kbjy6h,sexualassault,gfjylxz,1607793898,2020-12-12 17:24:58,"Emotional Support, Group Interaction",Internalized
,,,,,,,,,,kbjy6h,sexualassault,gizwhef,1610457815,2021-01-12 13:23:35,"Information Support, Esteem Support",Internalized
,,,,,,,,,,kbilhj,sexualassault,gfhw8cw,1607754692,2020-12-12 6:31:32,"Emotional Support, Group Interaction","Experienced, Internalized, Anticipated"
,,,,,,,,,,kbilhj,sexualassault,gfhm2g2,1607747038,2020-12-12 4:23:58,"Emotional Support, Tangible Assistance","Experienced, Internalized, Anticipated"
,,,,,,,,,,kbilhj,sexualassault,gfi3jc7,1607761653,2020-12-12 8:27:33,"Emotional Support, Esteem Support, Group Interaction","Experienced, Internalized, Anticipated"
,,,,,,,,,,kbilhj,sexualassault,gfi43u8,1607762253,2020-12-12 8:37:33,"Information Support, Emotional Support, Tangible Assistance, Group Interaction","Experienced, Internalized, Anticipated"
,,,,,,,,,,kbilhj,sexualassault,gfi4si7,1607762968,2020-12-12 8:49:28,"Emotional Support, Esteem Support, Group Interaction","Experienced, Internalized, Anticipated"
,,,,,,,,,,kbilhj,sexualassault,gfio12n,1607776979,2020-12-12 12:42:59,"Information Support, Emotional Support, Esteem Support","Experienced, Internalized, Anticipated"
,,,,,,,,,,kbilhj,sexualassault,gfiyfzf,1607781390,2020-12-12 13:56:30,Tangible Assistance,"Experienced, Internalized, Anticipated"
,,,,,,,,,,kbilfp,sexualassault,gfjyyun,1607794015,2020-12-12 17:26:55,"Information Support, Emotional Support","Internalized, Anticipated"
,,,,,,,,,,kbilfp,sexualassault,gizve7k,1610457073,2021-01-12 13:11:13,"Information Support, Emotional Support","Internalized, Anticipated"
,,,,,,,,,,kbfmgr,sexualassault,gfh82ck,1607738572,2020-12-12 2:02:52,"Information Support, Emotional Support, Esteem Support","Experienced, Internalized, Anticipated"
,,,,,,,,,,kbdpyb,sexualassault,gfgli4g,1607730422,2020-12-11 23:47:02,"Information Support, Group Interaction","Experienced, Internalized, Anticipated"
,,,,,,,,,,kbdpyb,sexualassault,gizuvoa,1610456705,2021-01-12 13:05:05,"Emotional Support, Esteem Support, Group Interaction","Experienced, Internalized, Anticipated"
,,,,,,,,,,kbc6hq,sexualassault,gfgtmha,1607733738,2020-12-12 0:42:18,Information Support,"Experienced, Anticipated"
,,,,,,,,,,kbb7xj,sexualassault,gfgj4zz,1607729413,2020-12-11 23:30:13,"Information Support, Emotional Support, Esteem Support, Tangible Assistance, Group Interaction",Experienced
,,,,,,,,,,kbb7xj,sexualassault,gfgf5md,1607727948,2020-12-11 23:05:48,"Emotional Support, Tangible Assistance",Experienced
,,,,,,,,,,kbayek,sexualassault,gfg1d16,1607721607,2020-12-11 21:20:07,"Information Support, Emotional Support, Group Interaction","Internalized, Anticipated"
,,,,,,,,,,kbayek,sexualassault,gfg7hc8,1607724729,2020-12-11 22:12:09,"Information Support, Emotional Support, Group Interaction","Internalized, Anticipated"
,,,,,,,,,,kbayek,sexualassault,gfgmu21,1607730905,2020-12-11 23:55:05,"Information Support, Group Interaction","Internalized, Anticipated"
,,,,,,,,,,kbayek,sexualassault,gfhictn,1607744677,2020-12-12 3:44:37,Information Support,"Internalized, Anticipated"
,,,,,,,,,,kbayek,sexualassault,gfhmqnn,1607747491,2020-12-12 4:31:31,Information Support,"Internalized, Anticipated"
,,,,,,,,,,kb2kp8,sexualassault,gizu8lc,1610456237,2021-01-12 12:57:17,"Information Support, Emotional Support, Esteem Support","Experienced, Internalized, Anticipated, Structural"
,,,,,,,,,,kazlan,sexualassault,gfdqkio,1607684311,2020-12-11 10:58:31,"Information Support, Emotional Support, Esteem Support","Experienced, Internalized, Anticipated"
,,,,,,,,,,kazj7e,sexualassault,giztxm2,1610456013,2021-01-12 12:53:33,"Information Support, Emotional Support, Esteem Support","Experienced, Internalized, Structural"
,,,,,,,,,,kazj7e,sexualassault,gfdr6m9,1607684938,2020-12-11 11:08:58,"Information Support, Emotional Support, Esteem Support, Tangible Assistance","Experienced, Internalized, Structural"
,,,,,,,,,,kayaet,sexualassault,gfdj56v,1607676627,2020-12-11 8:50:27,"Information Support, Emotional Support",
,,,,,,,,,,kayaet,sexualassault,gfdsfpb,1607686179,2020-12-11 11:29:39,"Information Support, Emotional Support, Esteem Support",
,,,,,,,,,,kay66z,sexualassault,gizt6ug,1610455446,2021-01-12 12:44:06,"Information Support, Emotional Support, Esteem Support","Experienced, Internalized, Anticipated"
,,,,,,,,,,kau0o1,sexualassault,gfcp0hv,1607655246,2020-12-11 2:54:06,"Information Support, Emotional Support",Experienced
,,,,,,,,,,kau0o1,sexualassault,gfcu8y2,1607658059,2020-12-11 3:40:59,"Information Support, Esteem Support",Experienced
,,,,,,,,,,kau0o1,sexualassault,gfdm20z,1607679565,2020-12-11 9:39:25,"Information Support, Esteem Support",Experienced
,,,,,,,,,,kau0o1,sexualassault,gfdvkd7,1607689102,2020-12-11 12:18:22,"Information Support, Emotional Support",Experienced
,,,,,,,,,,katulv,sexualassault,gfdv7uq,1607688800,2020-12-11 12:13:20,"Emotional Support, Esteem Support",Internalized
,,,,,,,,,,kasqsr,sexualassault,gfcusy2,1607658369,2020-12-11 3:46:09,Esteem Support,Internalized
,,,,,,,,,,kasqsr,sexualassault,gfgn7zk,1607731047,2020-12-11 23:57:27,"Information Support, Esteem Support",Internalized
,,,,,,,,,,kasqsr,sexualassault,gfhzwn0,1607758060,2020-12-12 7:27:40,,Internalized
,,,,,,,,,,kaefny,sexualassault,gfam5qf,1607617284,2020-12-10 16:21:24,Information Support,Internalized
,,,,,,,,,,kaefny,sexualassault,gfbjw0f,1607632889,2020-12-10 20:41:29,"Information Support, Emotional Support, Esteem Support",Internalized
,,,,,,,,,,kaefny,sexualassault,giutqtd,1610352836,2021-01-11 8:13:56,"Information Support, Emotional Support, Esteem Support",Internalized
,,,,,,,,,,kaax3a,sexualassault,gius1dh,1610351697,2021-01-11 7:54:57,"Information Support, Emotional Support",Internalized
,,,,,,,,,,kaahl3,sexualassault,giurnuj,1610351457,2021-01-11 7:50:57,"Information Support, Emotional Support, Esteem Support",Internalized
,,,,,,,,,,kaaaie,sexualassault,gf9vlu8,1607606307,2020-12-10 13:18:27,"Information Support, Emotional Support, Esteem Support, Tangible Assistance","Internalized, Anticipated"
,,,,,,,,,,kaaaie,sexualassault,gfbjkf3,1607632730,2020-12-10 20:38:50,"Information Support, Emotional Support, Esteem Support","Internalized, Anticipated"
,,,,,,,,,,ka9og5,sexualassault,giurazv,1610351216,2021-01-11 7:46:56,"Emotional Support, Esteem Support",Internalized
,,,,,,,,,,ka0ikh,sexualassault,gf7kaow,1607548693,2020-12-09 21:18:13,"Information Support, Esteem Support",Internalized
,,,,,,,,,,k9tyj4,sexualassault,gf6kiqa,1607532246,2020-12-09 16:44:06,"Information Support, Emotional Support, Esteem Support, Group Interaction","Experienced, Internalized, Anticipated"
,,,,,,,,,,k9tyj4,sexualassault,giupe0x,1610349931,2021-01-11 7:25:31,"Information Support, Emotional Support","Experienced, Internalized, Anticipated"
,,,,,,,,,,k9s9t4,sexualassault,gf6qpja,1607535062,2020-12-09 17:31:02,"Information Support, Esteem Support","Experienced, Anticipated"
,,,,,,,,,,k9s9t4,sexualassault,gf6czxq,1607528714,2020-12-09 15:45:14,"Information Support, Esteem Support, Group Interaction","Experienced, Anticipated"
,,,,,,,,,,k9s9t4,sexualassault,gf7g0fm,1607546704,2020-12-09 20:45:04,"Information Support, Esteem Support, Group Interaction","Experienced, Anticipated"
,,,,,,,,,,k9s9t4,sexualassault,gf6r6zr,1607535281,2020-12-09 17:34:41,"Information Support, Tangible Assistance","Experienced, Anticipated"
,,,,,,,,,,k9od7p,sexualassault,gf5izn2,1607506371,2020-12-09 9:32:51,"Information Support, Emotional Support, Group Interaction","Internalized, Anticipated"
,,,,,,,,,,k9od7p,sexualassault,gf8rihg,1607571907,2020-12-10 3:45:07,"Information Support, Esteem Support","Internalized, Anticipated"
,,,,,,,,,,k9nu8k,sexualassault,gf5i71s,1607505530,2020-12-09 9:18:50,"Emotional Support, Esteem Support","Experienced, Internalized, Anticipated, Structural"
,,,,,,,,,,k9nu8k,sexualassault,gf6krao,1607532357,2020-12-09 16:45:57,"Information Support, Emotional Support, Esteem Support","Experienced, Internalized, Anticipated, Structural"
,,,,,,,,,,k9nu8k,sexualassault,gf6mqpe,1607533259,2020-12-09 17:00:59,"Information Support, Emotional Support, Esteem Support","Experienced, Internalized, Anticipated, Structural"
,,,,,,,,,,k9nu8k,sexualassault,gf74zj6,1607541595,2020-12-09 19:19:55,"Information Support, Emotional Support, Esteem Support, Tangible Assistance","Experienced, Internalized, Anticipated, Structural"
,,,,,,,,,,k9nq56,sexualassault,giuo2gm,1610348861,2021-01-11 7:07:41,"Information Support, Emotional Support","Experienced, Internalized"
,,,,,,,,,,k9l5y5,sexualassault,giunuxj,1610348691,2021-01-11 7:04:51,"Information Support, Emotional Support, Esteem Support",Internalized
,,,,,,,,,,k9juns,sexualassault,gf5nwjh,1607511637,2020-12-09 11:00:37,"Information Support, Emotional Support",Internalized
,,,,,,,,,,k9juns,sexualassault,giunc8d,1610348275,2021-01-11 6:57:55,"Information Support, Esteem Support",Internalized
,,,,,,,,,,k9gq2v,sexualassault,gf4iwu0,1607480392,2020-12-09 2:19:52,"Information Support, Emotional Support, Esteem Support, Group Interaction","Experienced, Internalized, Anticipated"
,,,,,,,,,,k9gq2v,sexualassault,gf6srly,1607535990,2020-12-09 17:46:30,"Information Support, Emotional Support, Esteem Support, Tangible Assistance","Experienced, Internalized, Anticipated"
,,,,,,,,,,k9c8e6,sexualassault,gf5arxs,1607498397,2020-12-09 7:19:57,Emotional Support,Internalized
,,,,,,,,,,k99xtd,sexualassault,giqh1uj,1610255121,2021-01-10 5:05:21,"Information Support, Tangible Assistance",Anticipated
,,,,,,,,,,k99xtd,sexualassault,gf33xo1,1607456683,2020-12-08 19:44:43,"Information Support, Emotional Support, Esteem Support",Anticipated
,,,,,,,,,,k96gmx,sexualassault,gf2bn66,1607443683,2020-12-08 16:08:03,"Information Support, Emotional Support, Group Interaction",Internalized
,,,,,,,,,,k90yzu,sexualassault,gf1f6f2,1607419781,2020-12-08 9:29:41,"Information Support, Emotional Support, Esteem Support","Experienced, Internalized, Anticipated"
,,,,,,,,,,k90yzu,sexualassault,gf5blgy,1607499113,2020-12-09 7:31:53,"Information Support, Esteem Support","Experienced, Internalized, Anticipated"
,,,,,,,,,,k8wau2,sexualassault,gf1yuh9,1607436999,2020-12-08 14:16:39,Information Support,
,,,,,,,,,,k8wau2,sexualassault,gf1yye9,1607437064,2020-12-08 14:17:44,Esteem Support,
,,,,,,,,,,k8wau2,sexualassault,gf5kuq9,1607508407,2020-12-09 10:06:47,"Information Support, Esteem Support",
,,,,,,,,,,k8w7ml,sexualassault,giqg4ae,1610254533,2021-01-10 4:55:33,"Information Support, Emotional Support, Esteem Support","Experienced, Internalized, Anticipated"
,,,,,,,,,,k8w7ml,sexualassault,gf1qkwq,1607431244,2020-12-08 12:40:44,"Information Support, Emotional Support, Esteem Support","Experienced, Internalized, Anticipated"
,,,,,,,,,,k8szmj,sexualassault,gf0d9y8,1607392474,2020-12-08 1:54:34,Information Support,"Experienced, Anticipated"
,,,,,,,,,,k8szmj,sexualassault,gf0m5kd,1607397356,2020-12-08 3:15:56,Information Support,"Experienced, Anticipated"
,,,,,,,,,,k8szmj,sexualassault,gf11ysi,1607407334,2020-12-08 6:02:14,"Information Support, Esteem Support, Group Interaction","Experienced, Anticipated"
,,,,,,,,,,k8szmj,sexualassault,gf16hlb,1607411142,2020-12-08 7:05:42,"Information Support, Group Interaction","Experienced, Anticipated"
,,,,,,,,,,k8phlc,sexualassault,gf0ev62,1607393328,2020-12-08 2:08:48,"Emotional Support, Esteem Support","Experienced, Internalized"
,,,,,,,,,,k8nh7e,sexualassault,gf1zpow,1607437508,2020-12-08 14:25:08,"Information Support, Esteem Support",
,,,,,,,,,,k8ly9j,sexualassault,geyvqe0,1607366321,2020-12-07 18:38:41,"Emotional Support, Esteem Support","Experienced, Internalized"
,,,,,,,,,,k8ly9j,sexualassault,gezeer1,1607374144,2020-12-07 20:49:04,"Information Support, Emotional Support, Esteem Support, Tangible Assistance","Experienced, Internalized"
,,,,,,,,,,k8k497,sexualassault,geywdzr,1607366578,2020-12-07 18:42:58,Information Support,Internalized
,,,,,,,,,,k8k497,sexualassault,gfgaupt,1607726395,2020-12-11 22:39:55,"Emotional Support, Esteem Support, Tangible Assistance, Group Interaction",Internalized
,,,,,,,,,,k8h4oj,sexualassault,gexx3gx,1607349975,2020-12-07 14:06:15,"Information Support, Esteem Support","Experienced, Anticipated"
,,,,,,,,,,k8h4oj,sexualassault,geylgei,1607362298,2020-12-07 17:31:38,Information Support,"Experienced, Anticipated"
,,,,,,,,,,k8h4oj,sexualassault,gey74wi,1607355691,2020-12-07 15:41:31,Information Support,"Experienced, Anticipated"
,,,,,,,,,,k8h4oj,sexualassault,gey6r02,1607355493,2020-12-07 15:38:13,Information Support,"Experienced, Anticipated"
,,,,,,,,,,k841p6,sexualassault,gewburj,1607304696,2020-12-07 1:31:36,"Emotional Support, Esteem Support, Group Interaction","Experienced, Internalized, Anticipated"
,,,,,,,,,,k841p6,sexualassault,gewelkr,1607306246,2020-12-07 1:57:26,"Information Support, Emotional Support","Experienced, Internalized, Anticipated"
,,,,,,,,,,k841p6,sexualassault,gewr2pg,1607313405,2020-12-07 3:56:45,"Emotional Support, Esteem Support","Experienced, Internalized, Anticipated"
,,,,,,,,,,k7z0o3,sexualassault,gev9wjp,1607285371,2020-12-06 20:09:31,"Information Support, Emotional Support, Esteem Support","Experienced, Internalized, Anticipated"
,,,,,,,,,,k7z0o3,sexualassault,jtrdgo1,1690516720,2023-07-28 3:58:40,Information Support,"Experienced, Internalized, Anticipated"
,,,,,,,,,,k7z0o3,sexualassault,jtrz7br,1690531116,2023-07-28 7:58:36,"Information Support, Group Interaction","Experienced, Internalized, Anticipated"
,,,,,,,,,,k7z0o3,sexualassault,jtufi09,1690572259,2023-07-28 19:24:19,"Information Support, Emotional Support, Esteem Support","Experienced, Internalized, Anticipated"
,,,,,,,,,,k7nhox,sexualassault,gesevqg,1607236385,2020-12-06 6:33:05,Information Support,Experienced
,,,,,,,,,,k7mza4,sexualassault,gijdxwx,1610112232,2021-01-08 13:23:52,"Information Support, Emotional Support","Experienced, Internalized"
,,,,,,,,,,k7mza4,sexualassault,gesl2n2,1607239810,2020-12-06 7:30:10,Information Support,"Experienced, Internalized"
,,,,,,,,,,k7ksq8,sexualassault,gijdn70,1610112033,2021-01-08 13:20:33,"Information Support, Emotional Support","Experienced, Anticipated"
,,,,,,,,,,k7ksq8,sexualassault,gerx7ih,1607226862,2020-12-06 3:54:22,"Information Support, Emotional Support, Esteem Support","Experienced, Anticipated"
,,,,,,,,,,k79u2m,sexualassault,gijcy0j,1610111555,2021-01-08 13:12:35,Information Support,Anticipated
,,,,,,,,,,k795f3,sexualassault,gepftvz,1607183124,2020-12-05 15:45:24,"Information Support, Esteem Support",
,,,,,,,,,,k72blz,sexualassault,gijbgg3,1610110484,2021-01-08 12:54:44,"Information Support, Emotional Support",Internalized
,,,,,,,,,,k72blz,sexualassault,gesn6wb,1607240796,2020-12-06 7:46:36,"Emotional Support, Group Interaction",Internalized
,,,,,,,,,,k6yx1u,sexualassault,geo3tmf,1607141492,2020-12-05 4:11:32,Information Support,Anticipated
,,,,,,,,,,k6y9yx,sexualassault,gentgix,1607134891,2020-12-05 2:21:31,"Information Support, Emotional Support, Esteem Support, Group Interaction","Experienced, Internalized"
,,,,,,,,,,k6wfad,sexualassault,genxo09,1607137514,2020-12-05 3:05:14,"Information Support, Emotional Support, Esteem Support, Group Interaction",Internalized
,,,,,,,,,,k6wfad,sexualassault,gentt3l,1607135104,2020-12-05 2:25:04,"Information Support, Emotional Support, Esteem Support",Internalized
,,,,,,,,,,k6wfad,sexualassault,geno6kz,1607131730,2020-12-05 1:28:50,"Esteem Support, Tangible Assistance, Group Interaction",Internalized
,,,,,,,,,,k6t560,sexualassault,gennqpi,1607131469,2020-12-05 1:24:29,"Emotional Support, Group Interaction",Internalized
,,,,,,,,,,k6t560,sexualassault,geo0w6n,1607139591,2020-12-05 3:39:51,"Emotional Support, Esteem Support, Tangible Assistance",Internalized
,,,,,,,,,,k6d9ie,sexualassault,gij9hyn,1610108972,2021-01-08 12:29:32,"Information Support, Emotional Support",
,,,,,,,,,,k6d9ie,sexualassault,gekzrkw,1607078832,2020-12-04 10:47:12,Information Support,
,,,,,,,,,,k6090c,sexualassault,gelrgmb,1607096526,2020-12-04 15:42:06,"Information Support, Emotional Support, Esteem Support","Experienced, Internalized"
,,,,,,,,,,k606om,sexualassault,gij8s5g,1610108375,2021-01-08 12:19:35,"Information Support, Esteem Support",Experienced
,,,,,,,,,,k5t08l,sexualassault,gegvehj,1606982935,2020-12-03 8:08:55,"Emotional Support, Esteem Support","Experienced, Internalized, Anticipated"
,,,,,,,,,,k5scuz,sexualassault,gegwa3t,1606983799,2020-12-03 8:23:19,"Information Support, Emotional Support, Esteem Support","Experienced, Internalized, Anticipated"
,,,,,,,,,,k5scuz,sexualassault,gehnipf,1607007190,2020-12-03 14:53:10,"Information Support, Esteem Support","Experienced, Internalized, Anticipated"
,,,,,,,,,,k5rip4,sexualassault,gi185xr,1609733028,2021-01-04 4:03:48,"Information Support, Emotional Support, Esteem Support",Anticipated
,,,,,,,,,,k5rip4,sexualassault,gehaa5m,1606998427,2020-12-03 12:27:07,"Information Support, Emotional Support, Esteem Support, Tangible Assistance",Anticipated
,,,,,,,,,,k5rip4,sexualassault,gehsooc,1607009899,2020-12-03 15:38:19,"Information Support, Emotional Support, Esteem Support, Tangible Assistance, Group Interaction",Anticipated
,,,,,,,,,,k5rip4,sexualassault,gelqis0,1607096050,2020-12-04 15:34:10,"Information Support, Emotional Support, Esteem Support",Anticipated
,,,,,,,,,,k5rip4,sexualassault,geoc2gj,1607147333,2020-12-05 5:48:53,"Information Support, Emotional Support, Esteem Support",Anticipated
,,,,,,,,,,k5qqvl,sexualassault,gi17rym,1609732826,2021-01-04 4:00:26,"Information Support, Emotional Support, Group Interaction","Experienced, Anticipated"
,,,,,,,,,,k5qqvl,sexualassault,geocobf,1607147822,2020-12-05 5:57:02,"Emotional Support, Tangible Assistance","Experienced, Anticipated"
,,,,,,,,,,k5n0xy,sexualassault,gi16y9x,1609732403,2021-01-04 3:53:23,"Information Support, Emotional Support","Experienced, Internalized, Anticipated"
,,,,,,,,,,k5n0xy,sexualassault,gefu8tt,1606958172,2020-12-03 1:16:12,"Information Support, Emotional Support, Esteem Support","Experienced, Internalized, Anticipated"
,,,,,,,,,,k5imc6,sexualassault,gi15hsx,1609731663,2021-01-04 3:41:03,"Information Support, Esteem Support",
,,,,,,,,,,k5g5vx,sexualassault,gi12vas,1609730256,2021-01-04 3:17:36,"Information Support, Esteem Support","Internalized, Anticipated"
,,,,,,,,,,k5ei46,sexualassault,gi12hmn,1609730051,2021-01-04 3:14:11,"Information Support, Emotional Support, Esteem Support","Internalized, Anticipated"
,,,,,,,,,,k5ei46,sexualassault,gel1l92,1607080339,2020-12-04 11:12:19,Information Support,"Internalized, Anticipated"
,,,,,,,,,,k5ei46,sexualassault,gjycpiv,1611157625,2021-01-20 15:47:05,Information Support,"Internalized, Anticipated"
,,,,,,,,,,k57w6c,sexualassault,gi11orx,1609729626,2021-01-04 3:07:06,"Information Support, Emotional Support, Esteem Support",Internalized
,,,,,,,,,,k57w6c,sexualassault,geeuemc,1606941384,2020-12-02 20:36:24,,Internalized
,,,,,,,,,,k57w6c,sexualassault,gel24jd,1607080750,2020-12-04 11:19:10,,Internalized
,,,,,,,,,,k51rri,sexualassault,gi1109h,1609729256,2021-01-04 3:00:56,"Information Support, Esteem Support",Internalized
,,,,,,,,,,k4vgme,sexualassault,gebjbv9,1606870855,2020-12-02 1:00:55,"Emotional Support, Esteem Support","Experienced, Internalized"
,,,,,,,,,,k4vgme,sexualassault,gecfyfu,1606891119,2020-12-02 6:38:39,"Information Support, Emotional Support, Esteem Support","Experienced, Internalized"
,,,,,,,,,,k4vgme,sexualassault,gech22m,1606892050,2020-12-02 6:54:10,"Information Support, Esteem Support, Group Interaction","Experienced, Internalized"
,,,,,,,,,,k4ooyx,sexualassault,geafkwy,1606851053,2020-12-01 19:30:53,"Information Support, Emotional Support, Esteem Support, Tangible Assistance, Group Interaction","Experienced, Internalized, Anticipated, Structural"
,,,,,,,,,,k4ooyx,sexualassault,geatn0g,1606857609,2020-12-01 21:20:09,,"Experienced, Internalized, Anticipated, Structural"
,,,,,,,,,,k4cotm,sexualassault,ge865xn,1606795505,2020-12-01 4:05:05,,Internalized
,,,,,,,,,,k4cotm,sexualassault,ge8anrq,1606798224,2020-12-01 4:50:24,"Information Support, Esteem Support",Internalized
,,,,,,,,,,k4cotm,sexualassault,ge91ygk,1606823735,2020-12-01 11:55:35,Information Support,Internalized
,,,,,,,,,,k4cotm,sexualassault,geapoa7,1606855729,2020-12-01 20:48:49,"Information Support, Group Interaction",Internalized
,,,,,,,,,,k4cotm,sexualassault,ghnpnhf,1609460921,2021-01-01 0:28:41,Information Support,Internalized
,,,,,,,,,,k4agzv,sexualassault,ge92o22,1606824416,2020-12-01 12:06:56,"Information Support, Esteem Support, Tangible Assistance","Internalized, Structural"
,,,,,,,,,,k4agzv,sexualassault,ghnnhba,1609459661,2021-01-01 0:07:41,"Emotional Support, Esteem Support","Internalized, Structural"
,,,,,,,,,,k49pwl,sexualassault,ge7xmzt,1606790722,2020-12-01 2:45:22,Information Support,"Experienced, Anticipated"
,,,,,,,,,,k49pwl,sexualassault,ge7yros,1606791341,2020-12-01 2:55:41,"Information Support, Emotional Support","Experienced, Anticipated"
,,,,,,,,,,k49pwl,sexualassault,ge862yy,1606795460,2020-12-01 4:04:20,"Emotional Support, Esteem Support, Group Interaction","Experienced, Anticipated"
,,,,,,,,,,k49pwl,sexualassault,ge895hv,1606797259,2020-12-01 4:34:19,Emotional Support,"Experienced, Anticipated"
,,,,,,,,,,k47wum,sexualassault,ge7bvh0,1606779521,2020-11-30 23:38:41,"Esteem Support, Group Interaction",Internalized
,,,,,,,,,,k47wum,sexualassault,ge7mrds,1606784940,2020-12-01 1:09:00,"Emotional Support, Esteem Support",Internalized
,,,,,,,,,,k47wum,sexualassault,ghnmwon,1609459322,2021-01-01 0:02:02,"Emotional Support, Esteem Support, Group Interaction",Internalized
,,,,,,,,,,k46tlb,sexualassault,ge76nof,1606777278,2020-11-30 23:01:18,"Information Support, Emotional Support","Experienced, Internalized"
,,,,,,,,,,k4319e,sexualassault,ge6fusp,1606764862,2020-11-30 19:34:22,"Emotional Support, Esteem Support","Internalized, Anticipated"
,,,,,,,,,,k4319e,sexualassault,ge6ll2p,1606767533,2020-11-30 20:18:53,"Information Support, Emotional Support, Esteem Support, Tangible Assistance","Internalized, Anticipated"
,,,,,,,,,,k4319e,sexualassault,ge6w7xb,1606772601,2020-11-30 21:43:21,"Information Support, Emotional Support, Esteem Support","Internalized, Anticipated"
,,,,,,,,,,k4319e,sexualassault,ge7eyzi,1606780866,2020-12-01 0:01:06,Information Support,"Internalized, Anticipated"
,,,,,,,,,,k3zuj6,sexualassault,ghhtr9a,1609332725,2020-12-30 12:52:05,"Information Support, Esteem Support","Experienced, Internalized, Anticipated"
,,,,,,,,,,k3zuj6,sexualassault,ge6oj0m,1606768911,2020-11-30 20:41:51,Group Interaction,"Experienced, Internalized, Anticipated"
,,,,,,,,,,k3xw33,sexualassault,ghhthqs,1609332503,2020-12-30 12:48:23,Information Support,Internalized
,,,,,,,,,,k3t4w2,sexualassault,ge4wtd1,1606730875,2020-11-30 10:07:55,,Anticipated
,,,,,,,,,,k3p1li,sexualassault,ge4zhsc,1606733835,2020-11-30 10:57:15,"Esteem Support, Group Interaction","Internalized, Anticipated, Structural"
,,,,,,,,,,k3p1li,sexualassault,ge5ddy1,1606745608,2020-11-30 14:13:28,"Information Support, Emotional Support, Esteem Support","Internalized, Anticipated, Structural"
,,,,,,,,,,k3m2hu,sexualassault,ge4c8yn,1606712237,2020-11-30 4:57:17,"Information Support, Emotional Support, Esteem Support, Tangible Assistance","Internalized, Anticipated"
,,,,,,,,,,k3fnig,sexualassault,ge3fqcj,1606693355,2020-11-29 23:42:35,"Information Support, Esteem Support",Experienced
,,,,,,,,,,k3fnig,sexualassault,ge419yf,1606705418,2020-11-30 3:03:38,"Information Support, Esteem Support",Experienced
,,,,,,,,,,k399vk,sexualassault,ge1n51o,1606664661,2020-11-29 15:44:21,"Emotional Support, Esteem Support","Experienced, Internalized"
,,,,,,,,,,k399vk,sexualassault,ge1ehyq,1606661566,2020-11-29 14:52:46,"Information Support, Emotional Support, Esteem Support, Tangible Assistance","Experienced, Internalized"
,,,,,,,,,,k35lsj,sexualassault,ge16hor,1606658402,2020-11-29 14:00:02,"Emotional Support, Esteem Support, Group Interaction","Experienced, Internalized, Anticipated"
,,,,,,,,,,k33v8i,sexualassault,gdzivzw,1606630782,2020-11-29 6:19:42,"Information Support, Emotional Support, Esteem Support","Internalized, Structural"
,,,,,,,,,,k32sbc,sexualassault,gdz6mcz,1606624308,2020-11-29 4:31:48,"Information Support, Esteem Support",Internalized
,,,,,,,,,,k326zk,sexualassault,gh1qwqj,1608958066,2020-12-26 4:47:46,"Information Support, Emotional Support, Esteem Support","Internalized, Anticipated"
,,,,,,,,,,k326zk,sexualassault,gdz45u1,1606622735,2020-11-29 4:05:35,"Emotional Support, Esteem Support, Group Interaction","Internalized, Anticipated"
,,,,,,,,,,k321pd,sexualassault,gh1qc9p,1608957619,2020-12-26 4:40:19,"Information Support, Esteem Support","Experienced, Internalized, Anticipated, Structural"
,,,,,,,,,,k321pd,sexualassault,gefkr6w,1606953474,2020-12-02 23:57:54,"Information Support, Emotional Support, Esteem Support","Experienced, Internalized, Anticipated, Structural"
,,,,,,,,,,k2njs8,sexualassault,gh1oisk,1608956220,2020-12-26 4:17:00,"Information Support, Emotional Support, Tangible Assistance, Group Interaction","Experienced, Anticipated"
,,,,,,,,,,k2njs8,sexualassault,gdvj2mz,1606574383,2020-11-28 14:39:43,"Information Support, Emotional Support, Esteem Support","Experienced, Anticipated"
,,,,,,,,,,k2njs8,sexualassault,gdvt5xu,1606578731,2020-11-28 15:52:11,"Information Support, Esteem Support, Tangible Assistance","Experienced, Anticipated"
,,,,,,,,,,k2njs8,sexualassault,gdwexh7,1606586930,2020-11-28 18:08:50,"Emotional Support, Esteem Support, Tangible Assistance, Group Interaction","Experienced, Anticipated"
,,,,,,,,,,k2hy1w,sexualassault,gdug8ec,1606547956,2020-11-28 7:19:16,"Information Support, Esteem Support, Group Interaction","Experienced, Internalized, Structural"
,,,,,,,,,,k2e9ze,sexualassault,gdtqby5,1606529010,2020-11-28 2:03:30,Group Interaction,Internalized
,,,,,,,,,,k2e9ze,sexualassault,gdtx84y,1606533425,2020-11-28 3:17:05,Esteem Support,Internalized
,,,,,,,,,,k2930u,sexualassault,gefld7q,1606953800,2020-12-03 0:03:20,"Information Support, Emotional Support, Esteem Support","Experienced, Internalized"
,,,,,,,,,,k27k39,sexualassault,gdt4jbv,1606516009,2020-11-27 22:26:49,"Information Support, Emotional Support, Esteem Support","Experienced, Internalized, Anticipated"
,,,,,,,,,,k27k39,sexualassault,gekvvgi,1607074756,2020-12-04 9:39:16,Information Support,"Experienced, Internalized, Anticipated"
,,,,,,,,,,k22jtb,sexualassault,gdsohz5,1606507087,2020-11-27 19:58:07,Information Support,"Experienced, Internalized"
,,,,,,,,,,k22jtb,sexualassault,gdy5eg2,1606608195,2020-11-29 0:03:15,"Information Support, Emotional Support, Group Interaction","Experienced, Internalized"
,,,,,,,,,,k1yl50,sexualassault,gds1kam,1606495880,2020-11-27 16:51:20,Information Support,Anticipated
,,,,,,,,,,k1yl50,sexualassault,gdt69z1,1606516998,2020-11-27 22:43:18,,Anticipated
,,,,,,,,,,k1yl50,sexualassault,gdslnyj,1606505518,2020-11-27 19:31:58,"Information Support, Emotional Support, Esteem Support",Anticipated
,,,,,,,,,,k1tln0,sexualassault,gdqkzjz,1606454043,2020-11-27 5:14:03,"Tangible Assistance, Group Interaction",Internalized
,,,,,,,,,,k1tln0,sexualassault,gdqhsvc,1606451724,2020-11-27 4:35:24,"Information Support, Emotional Support",Internalized
,,,,,,,,,,k1tln0,sexualassault,gdtv8eg,1606532114,2020-11-28 2:55:14,"Information Support, Tangible Assistance, Group Interaction",Internalized
,,,,,,,,,,k1f7d4,sexualassault,gdo4hjs,1606404367,2020-11-26 15:26:07,"Emotional Support, Esteem Support","Experienced, Internalized"
,,,,,,,,,,k1f7d4,sexualassault,gdns089,1606397242,2020-11-26 13:27:22,Information Support,"Experienced, Internalized"
,,,,,,,,,,k1bp4e,sexualassault,gduh1ib,1606548738,2020-11-28 7:32:18,"Information Support, Emotional Support, Tangible Assistance","Internalized, Anticipated"
,,,,,,,,,,k1bebg,sexualassault,hi9nwx0,1635354004,2021-10-27 17:00:04,"Information Support, Emotional Support, Esteem Support, Group Interaction",Internalized
,,,,,,,,,,k1b0hn,sexualassault,ge02vmd,1606639844,2020-11-29 8:50:44,Emotional Support,"Experienced, Anticipated"
,,,,,,,,,,k17odn,sexualassault,gdmljqm,1606365054,2020-11-26 4:30:54,"Information Support, Emotional Support, Esteem Support, Tangible Assistance",Anticipated
,,,,,,,,,,k13tra,sexualassault,gdmmmgo,1606365798,2020-11-26 4:43:18,"Information Support, Esteem Support","Experienced, Internalized, Anticipated"
,,,,,,,,,,k12eyw,sexualassault,gdlodvl,1606344901,2020-11-25 22:55:01,Esteem Support,"Internalized, Anticipated"
,,,,,,,,,,k0p35w,sexualassault,gdkp1bj,1606326902,2020-11-25 17:55:02,"Information Support, Group Interaction","Experienced, Internalized, Anticipated"
,,,,,,,,,,k0mp8s,sexualassault,gdl7sdu,1606336236,2020-11-25 20:30:36,Group Interaction,"Experienced, Anticipated"
,,,,,,,,,,k0mp8s,sexualassault,gdlo8jf,1606344820,2020-11-25 22:53:40,Group Interaction,"Experienced, Anticipated"
,,,,,,,,,,k0mp8s,sexualassault,gdzo2pl,1606633144,2020-11-29 6:59:04,"Emotional Support, Group Interaction","Experienced, Anticipated"
,,,,,,,,,,k04yqi,sexualassault,gdg48en,1606229519,2020-11-24 14:51:59,"Information Support, Emotional Support, Esteem Support, Group Interaction",Internalized
,,,,,,,,,,k04yqi,sexualassault,gdg47l6,1606229506,2020-11-24 14:51:46,"Information Support, Esteem Support",Internalized
,,,,,,,,,,k04yqi,sexualassault,gdlpien,1606345524,2020-11-25 23:05:24,"Information Support, Emotional Support, Esteem Support",Internalized
,,,,,,,,,,k015xr,sexualassault,gdg4syb,1606229826,2020-11-24 14:57:06,"Information Support, Emotional Support, Esteem Support","Internalized, Anticipated"
,,,,,,,,,,jzyx95,sexualassault,gdeyy01,1606198224,2020-11-24 6:10:24,"Information Support, Emotional Support, Esteem Support",Internalized
,,,,,,,,,,jzy5ig,sexualassault,gdmms0s,1606365907,2020-11-26 4:45:07,"Information Support, Emotional Support","Internalized, Anticipated"
,,,,,,,,,,jzwnpy,sexualassault,gdlpl4y,1606345566,2020-11-25 23:06:06,Information Support,"Experienced, Anticipated, Structural"
,,,,,,,,,,jzvr61,sexualassault,gdebld4,1606184014,2020-11-24 2:13:34,"Information Support, Emotional Support, Esteem Support, Group Interaction",Internalized
,,,,,,,,,,jzvr61,sexualassault,gdegu4a,1606186799,2020-11-24 2:59:59,"Information Support, Emotional Support, Esteem Support",Internalized
,,,,,,,,,,jzvr61,sexualassault,gdflm33,1606219606,2020-11-24 12:06:46,"Information Support, Esteem Support",Internalized
,,,,,,,,,,jzs780,sexualassault,gde1km8,1606178629,2020-11-24 0:43:49,"Information Support, Emotional Support, Esteem Support, Group Interaction","Experienced, Internalized, Anticipated"
,,,,,,,,,,jzesg7,sexualassault,gdf0n42,1606199586,2020-11-24 6:33:06,"Emotional Support, Esteem Support, Group Interaction","Experienced, Anticipated"
,,,,,,,,,,jzdfin,sexualassault,gdbs37t,1606136382,2020-11-23 12:59:42,"Information Support, Esteem Support",Internalized
,,,,,,,,,,jz9yko,sexualassault,gdonmef,1606414108,2020-11-26 18:08:28,"Information Support, Emotional Support, Esteem Support",Anticipated
,,,,,,,,,,jz7awk,sexualassault,gdbacwu,1606118326,2020-11-23 7:58:46,"Information Support, Emotional Support, Esteem Support, Group Interaction",Internalized
,,,,,,,,,,jz4dmn,sexualassault,gda4rqa,1606091237,2020-11-23 0:27:17,"Information Support, Emotional Support, Esteem Support, Tangible Assistance","Internalized, Anticipated"
,,,,,,,,,,jz4dmn,sexualassault,gdaucr8,1606105443,2020-11-23 4:24:03,"Information Support, Emotional Support, Tangible Assistance","Internalized, Anticipated"
,,,,,,,,,,jz44ex,sexualassault,gd9lqlb,1606082255,2020-11-22 21:57:35,"Information Support, Emotional Support, Esteem Support","Internalized, Anticipated"
,,,,,,,,,,jz23cw,sexualassault,gdgkupd,1606237441,2020-11-24 17:04:01,"Emotional Support, Esteem Support, Group Interaction","Experienced, Internalized, Structural"
,,,,,,,,,,jypp16,sexualassault,gd8e7sj,1606063530,2020-11-22 16:45:30,"Information Support, Esteem Support","Experienced, Internalized, Anticipated"
,,,,,,,,,,jypbb1,sexualassault,gd9lp7o,1606082236,2020-11-22 21:57:16,"Information Support, Emotional Support, Esteem Support, Group Interaction","Internalized, Anticipated"
,,,,,,,,,,jymuvs,sexualassault,gd5jkej,1606015291,2020-11-22 3:21:31,"Information Support, Esteem Support","Internalized, Anticipated"
,,,,,,,,,,jymuvs,sexualassault,gd9rbpz,1606085127,2020-11-22 22:45:27,"Information Support, Esteem Support","Internalized, Anticipated"
,,,,,,,,,,jyiow0,sexualassault,gd45d2w,1605994622,2020-11-21 21:37:02,"Tangible Assistance, Group Interaction",Internalized
,,,,,,,,,,jyhphb,sexualassault,gd4sbmw,1606003290,2020-11-22 0:01:30,"Information Support, Emotional Support, Esteem Support","Experienced, Internalized, Anticipated"
,,,,,,,,,,jyhphb,sexualassault,gda6dfg,1606091958,2020-11-23 0:39:18,"Information Support, Emotional Support, Tangible Assistance","Experienced, Internalized, Anticipated"
,,,,,,,,,,jyfxyp,sexualassault,gdaqngb,1606103159,2020-11-23 3:45:59,"Information Support, Esteem Support, Group Interaction","Internalized, Anticipated"
,,,,,,,,,,jyburv,sexualassault,gd2e4ue,1605971921,2020-11-21 15:18:41,Information Support,
,,,,,,,,,,jyburv,sexualassault,gd2f16z,1605972372,2020-11-21 15:26:12,Information Support,
,,,,,,,,,,jyburv,sexualassault,gd4ttau,1606004129,2020-11-22 0:15:29,"Information Support, Emotional Support, Esteem Support, Group Interaction",
,,,,,,,,,,jy13ep,sexualassault,gd12rrc,1605947261,2020-11-21 8:27:41,Information Support,"Internalized, Anticipated"
,,,,,,,,,,jxyk4r,sexualassault,gczo5bp,1605913177,2020-11-20 22:59:37,"Information Support, Esteem Support",Internalized
,,,,,,,,,,jxye3d,sexualassault,gczpkk2,1605913921,2020-11-20 23:12:01,"Information Support, Emotional Support, Esteem Support, Tangible Assistance, Group Interaction",
,,,,,,,,,,jxxnts,sexualassault,gd0omh1,1605934951,2020-11-21 5:02:31,Information Support,Anticipated
,,,,,,,,,,jxwkdu,sexualassault,gczgrwy,1605909348,2020-11-20 21:55:48,"Information Support, Emotional Support, Esteem Support, Tangible Assistance, Group Interaction","Internalized, Anticipated"
,,,,,,,,,,jxtltv,sexualassault,gcypcca,1605895798,2020-11-20 18:09:58,"Information Support, Esteem Support, Group Interaction",Internalized
,,,,,,,,,,jxmboj,sexualassault,gcxs6xx,1605878388,2020-11-20 13:19:48,Emotional Support,"Experienced, Internalized, Anticipated, Structural"
,,,,,,,,,,jxmboj,sexualassault,gcy3vss,1605885353,2020-11-20 15:15:53,"Emotional Support, Esteem Support","Experienced, Internalized, Anticipated, Structural"
,,,,,,,,,,jxmboj,sexualassault,gcyxl77,1605899755,2020-11-20 19:15:55,"Information Support, Esteem Support, Group Interaction","Experienced, Internalized, Anticipated, Structural"
,,,,,,,,,,jxmboj,sexualassault,gczfcmd,1605908603,2020-11-20 21:43:23,"Information Support, Emotional Support, Group Interaction","Experienced, Internalized, Anticipated, Structural"
,,,,,,,,,,jxjtgt,sexualassault,gcxly1u,1605873233,2020-11-20 11:53:53,"Information Support, Emotional Support, Tangible Assistance, Group Interaction","Internalized, Anticipated"
,,,,,,,,,,jxamzc,sexualassault,gcwat7g,1605836285,2020-11-20 1:38:05,Information Support,Internalized
,,,,,,,,,,jxamzc,sexualassault,gcwz9hf,1605850805,2020-11-20 5:40:05,"Emotional Support, Group Interaction",Internalized
,,,,,,,,,,jxa9ap,sexualassault,gcx0i1h,1605851776,2020-11-20 5:56:16,"Information Support, Emotional Support, Esteem Support, Tangible Assistance, Group Interaction","Experienced, Internalized, Anticipated, Structural"
,,,,,,,,,,jx6q68,sexualassault,gcuvgvt,1605812498,2020-11-19 19:01:38,"Emotional Support, Esteem Support","Experienced, Internalized, Anticipated"
,,,,,,,,,,jx6q68,sexualassault,gcv69sj,1605817643,2020-11-19 20:27:23,"Esteem Support, Group Interaction","Experienced, Internalized, Anticipated"
,,,,,,,,,,jx6q68,sexualassault,gcvvztj,1605828345,2020-11-19 23:25:45,"Emotional Support, Esteem Support, Group Interaction","Experienced, Internalized, Anticipated"
,,,,,,,,,,jx6gos,sexualassault,gcuggh0,1605805562,2020-11-19 17:06:02,"Emotional Support, Esteem Support",Internalized
,,,,,,,,,,jx5yiy,sexualassault,gcvjdod,1605823025,2020-11-19 21:57:05,"Information Support, Emotional Support, Esteem Support, Group Interaction","Experienced, Internalized, Anticipated"
,,,,,,,,,,jx3e2p,sexualassault,gcu7og2,1605801377,2020-11-19 15:56:17,"Information Support, Emotional Support, Esteem Support","Experienced, Internalized, Anticipated, Structural"
,,,,,,,,,,jx0y3x,sexualassault,gcto9qu,1605790032,2020-11-19 12:47:12,Information Support,"Experienced, Anticipated"
,,,,,,,,,,jx0y3x,sexualassault,gcu01o3,1605797437,2020-11-19 14:50:37,,"Experienced, Anticipated"
,,,,,,,,,,jx0y3x,sexualassault,gcxtrpe,1605879478,2020-11-20 13:37:58,"Information Support, Group Interaction","Experienced, Anticipated"
,,,,,,,,,,jx0y3x,sexualassault,gctz72y,1605796972,2020-11-19 14:42:52,"Information Support, Tangible Assistance","Experienced, Anticipated"
,,,,,,,,,,jx0y3x,sexualassault,gcusel0,1605811074,2020-11-19 18:37:54,Information Support,"Experienced, Anticipated"
,,,,,,,,,,jwyyrl,sexualassault,gct99wg,1605775134,2020-11-19 8:38:54,"Information Support, Esteem Support","Internalized, Anticipated"
,,,,,,,,,,jwyyrl,sexualassault,gct9h6g,1605775339,2020-11-19 8:42:19,"Information Support, Esteem Support","Internalized, Anticipated"
,,,,,,,,,,jwyyrl,sexualassault,gct9e4y,1605775253,2020-11-19 8:40:53,"Esteem Support, Group Interaction","Internalized, Anticipated"
,,,,,,,,,,jwyyrl,sexualassault,gdb3c0h,1606111956,2020-11-23 6:12:36,Information Support,"Internalized, Anticipated"
,,,,,,,,,,jwybd8,sexualassault,gct4xaj,1605770924,2020-11-19 7:28:44,Information Support,Internalized
,,,,,,,,,,jwybd8,sexualassault,gcucdra,1605803648,2020-11-19 16:34:08,"Information Support, Emotional Support",Internalized
,,,,,,,,,,jwwpnh,sexualassault,gct8pif,1605774553,2020-11-19 8:29:13,"Emotional Support, Esteem Support","Experienced, Internalized"
,,,,,,,,,,jwt1v5,sexualassault,gcvgrir,1605821992,2020-11-19 21:39:52,"Information Support, Esteem Support",Experienced
,,,,,,,,,,jwrdgy,sexualassault,gcsd6nz,1605752149,2020-11-19 2:15:49,"Information Support, Emotional Support, Esteem Support","Experienced, Internalized"
,,,,,,,,,,jwrdgy,sexualassault,gcrx0ps,1605743317,2020-11-18 23:48:37,,"Experienced, Internalized"
,,,,,,,,,,jwi8v0,sexualassault,gcrp89g,1605739860,2020-11-18 22:51:00,,Internalized
,,,,,,,,,,jwhqn5,sexualassault,gcq6tk8,1605714119,2020-11-18 15:41:59,"Information Support, Esteem Support","Experienced, Internalized, Anticipated"
,,,,,,,,,,jwhqn5,sexualassault,gcrjdlg,1605737116,2020-11-18 22:05:16,"Emotional Support, Esteem Support","Experienced, Internalized, Anticipated"
,,,,,,,,,,jw9xjp,sexualassault,gcpksbv,1605699813,2020-11-18 11:43:33,"Information Support, Group Interaction","Experienced, Internalized"
,,,,,,,,,,jw9xjp,sexualassault,gcozft6,1605678717,2020-11-18 5:51:57,"Information Support, Emotional Support","Experienced, Internalized"
,,,,,,,,,,jw9xjp,sexualassault,gd5hyye,1606014321,2020-11-22 3:05:21,"Information Support, Emotional Support","Experienced, Internalized"
,,,,,,,,,,jw9ud3,sexualassault,gcozylt,1605679140,2020-11-18 5:59:00,"Emotional Support, Esteem Support","Experienced, Internalized"
,,,,,,,,,,jw3prk,sexualassault,gco4fro,1605659731,2020-11-18 0:35:31,"Information Support, Esteem Support","Experienced, Internalized, Anticipated"
,,,,,,,,,,jvt67d,sexualassault,gcmd2ii,1605629287,2020-11-17 16:08:07,"Information Support, Esteem Support","Experienced, Internalized, Anticipated"
,,,,,,,,,,jvt67d,sexualassault,gcn9xls,1605644385,2020-11-17 20:19:45,"Information Support, Emotional Support, Esteem Support","Experienced, Internalized, Anticipated"
,,,,,,,,,,jvot4y,sexualassault,gcnba6z,1605644998,2020-11-17 20:29:58,"Information Support, Group Interaction",Internalized
,,,,,,,,,,jvl0o6,sexualassault,gcmzoin,1605639671,2020-11-17 19:01:11,"Information Support, Esteem Support, Group Interaction",Internalized
,,,,,,,,,,jvcnuc,sexualassault,gcivdnc,1605553834,2020-11-16 19:10:34,"Emotional Support, Esteem Support, Group Interaction",Internalized
,,,,,,,,,,jvcnuc,sexualassault,gcj5889,1605558063,2020-11-16 20:21:03,Emotional Support,Internalized
,,,,,,,,,,jvcnuc,sexualassault,gcizv3e,1605555676,2020-11-16 19:41:16,Group Interaction,Internalized
,,,,,,,,,,jvcnuc,sexualassault,gcj1t1m,1605556488,2020-11-16 19:54:48,"Information Support, Esteem Support",Internalized
,,,,,,,,,,jvcnuc,sexualassault,gcizvyl,1605555685,2020-11-16 19:41:25,"Information Support, Emotional Support, Esteem Support",Internalized
,,,,,,,,,,jvcnuc,sexualassault,gcj5yes,1605558403,2020-11-16 20:26:43,"Emotional Support, Esteem Support, Group Interaction",Internalized
,,,,,,,,,,jvcnuc,sexualassault,gckbe6k,1605576306,2020-11-17 1:25:06,"Information Support, Emotional Support, Esteem Support, Group Interaction",Internalized
,,,,,,,,,,jvcnuc,sexualassault,gcjc2ag,1605560765,2020-11-16 21:06:05,Esteem Support,Internalized
,,,,,,,,,,jvcnuc,sexualassault,gcjaout,1605560232,2020-11-16 20:57:12,"Esteem Support, Group Interaction",Internalized
,,,,,,,,,,jvcnuc,sexualassault,gcju4y7,1605567991,2020-11-16 23:06:31,"Emotional Support, Esteem Support, Group Interaction",Internalized
,,,,,,,,,,jvcnuc,sexualassault,gck329c,1605571773,2020-11-17 0:09:33,"Emotional Support, Esteem Support, Group Interaction",Internalized
,,,,,,,,,,jvcnuc,sexualassault,gck46qp,1605572372,2020-11-17 0:19:32,"Information Support, Esteem Support",Internalized
,,,,,,,,,,jvcnuc,sexualassault,gckl4ym,1605581498,2020-11-17 2:51:38,Esteem Support,Internalized
,,,,,,,,,,jvcnuc,sexualassault,gcl3aas,1605593034,2020-11-17 6:03:54,Group Interaction,Internalized
,,,,,,,,,,jvcnuc,sexualassault,gcnajg0,1605644659,2020-11-17 20:24:19,Group Interaction,Internalized
,,,,,,,,,,jvcnuc,sexualassault,gcpdknh,1605692157,2020-11-18 9:35:57,"Information Support, Emotional Support, Esteem Support",Internalized
,,,,,,,,,,jvcnuc,sexualassault,gd0d4pd,1605927517,2020-11-21 2:58:37,"Emotional Support, Group Interaction",Internalized
,,,,,,,,,,jvcnuc,sexualassault,gdd2f76,1606161044,2020-11-23 19:50:44,"Emotional Support, Group Interaction",Internalized
,,,,,,,,,,jvcnuc,sexualassault,gfwuc9y,1608031157,2020-12-15 11:19:17,"Emotional Support, Esteem Support, Group Interaction",Internalized
,,,,,,,,,,jvbta1,sexualassault,gcjbsst,1605560664,2020-11-16 21:04:24,"Information Support, Emotional Support, Esteem Support","Experienced, Internalized, Anticipated"
,,,,,,,,,,jvbg63,sexualassault,gcjc8yj,1605560836,2020-11-16 21:07:16,Information Support,Internalized
,,,,,,,,,,jv8nvx,sexualassault,gci3yz7,1605540763,2020-11-16 15:32:43,Information Support,Internalized
,,,,,,,,,,jv5xjy,sexualassault,gci8zyu,1605543298,2020-11-16 16:14:58,Information Support,Internalized
,,,,,,,,,,jv5xjy,sexualassault,gclc1a9,1605600727,2020-11-17 8:12:07,"Information Support, Esteem Support",Internalized
,,,,,,,,,,juyzi6,sexualassault,gcgo039,1605499386,2020-11-16 4:03:06,Information Support,"Experienced, Anticipated"
,,,,,,,,,,juvajd,sexualassault,gcg89v1,1605490932,2020-11-16 1:42:12,"Information Support, Emotional Support, Esteem Support","Experienced, Internalized"
,,,,,,,,,,jutea0,sexualassault,gcfk06f,1605478330,2020-11-15 22:12:10,"Information Support, Emotional Support, Esteem Support","Internalized, Anticipated"
,,,,,,,,,,juqgvt,sexualassault,gcexhqc,1605466874,2020-11-15 19:01:14,Emotional Support,Structural
,,,,,,,,,,juqgvt,sexualassault,gcg7ne7,1605490612,2020-11-16 1:36:52,"Emotional Support, Esteem Support, Group Interaction",Structural
,,,,,,,,,,juqgvt,sexualassault,gceyx47,1605467613,2020-11-15 19:13:33,"Emotional Support, Group Interaction",Structural
,,,,,,,,,,juqgvt,sexualassault,gcexu58,1605467048,2020-11-15 19:04:08,"Emotional Support, Group Interaction",Structural
,,,,,,,,,,jupr0g,sexualassault,gceobvo,1605462060,2020-11-15 17:41:00,"Information Support, Esteem Support, Group Interaction","Experienced, Anticipated, Structural"
,,,,,,,,,,jujrcz,sexualassault,gce10n9,1605447696,2020-11-15 13:41:36,"Information Support, Emotional Support, Esteem Support, Tangible Assistance","Experienced, Internalized, Anticipated"
,,,,,,,,,,jugr1v,sexualassault,gccir3q,1605418982,2020-11-15 5:43:02,"Information Support, Emotional Support, Esteem Support",Internalized
,,,,,,,,,,jugr1v,sexualassault,gcjxszt,1605569526,2020-11-16 23:32:06,"Information Support, Emotional Support, Esteem Support, Tangible Assistance",Internalized
,,,,,,,,,,jug7mj,sexualassault,gccdazn,1605416762,2020-11-15 5:06:02,"Information Support, Esteem Support, Group Interaction",Internalized
,,,,,,,,,,jug4i0,sexualassault,gcd39rf,1605429347,2020-11-15 8:35:47,"Information Support, Emotional Support, Esteem Support",Internalized
,,,,,,,,,,ju41kk,sexualassault,gc9edba,1605369340,2020-11-14 15:55:40,Information Support,Internalized
,,,,,,,,,,ju41kk,sexualassault,gc9nkcj,1605374647,2020-11-14 17:24:07,"Information Support, Esteem Support",Internalized
,,,,,,,,,,ju0jei,sexualassault,gc9kxj3,1605373159,2020-11-14 16:59:19,"Information Support, Group Interaction",Internalized
,,,,,,,,,,jtq55s,sexualassault,gc7lgii,1605315886,2020-11-14 1:04:46,"Information Support, Emotional Support, Esteem Support","Experienced, Internalized, Anticipated"
,,,,,,,,,,jtq55s,sexualassault,gcjw1qk,1605568787,2020-11-16 23:19:47,"Information Support, Esteem Support","Experienced, Internalized, Anticipated"
,,,,,,,,,,jt73t5,sexualassault,gc47hfy,1605236516,2020-11-13 3:01:56,"Information Support, Group Interaction",Internalized
,,,,,,,,,,jt73t5,sexualassault,gc4umoc,1605253277,2020-11-13 7:41:17,"Information Support, Emotional Support, Tangible Assistance, Group Interaction",Internalized
,,,,,,,,,,jt73t5,sexualassault,gc71ajt,1605304561,2020-11-13 21:56:01,"Information Support, Esteem Support",Internalized
,,,,,,,,,,jt4z8k,sexualassault,gc3l497,1605223674,2020-11-12 23:27:54,"Information Support, Emotional Support, Esteem Support",Internalized
,,,,,,,,,,jt4z8k,sexualassault,gc3fs1z,1605220848,2020-11-12 22:40:48,,Internalized
,,,,,,,,,,jsqelt,sexualassault,gc1c0yx,1605181791,2020-11-12 11:49:51,"Information Support, Emotional Support, Esteem Support, Tangible Assistance","Experienced, Internalized, Anticipated"
,,,,,,,,,,jsqelt,sexualassault,gc2j0g2,1605205381,2020-11-12 18:23:01,Information Support,"Experienced, Internalized, Anticipated"
,,,,,,,,,,jsqelt,sexualassault,gc0wdnp,1605168417,2020-11-12 8:06:57,"Information Support, Emotional Support, Esteem Support","Experienced, Internalized, Anticipated"
,,,,,,,,,,jsqelt,sexualassault,gcnv9dd,1605654666,2020-11-17 23:11:06,Information Support,"Experienced, Internalized, Anticipated"
,,,,,,,,,,jsklaj,sexualassault,gc0m7g8,1605161461,2020-11-12 6:11:01,Information Support,"Experienced, Internalized, Anticipated"
,,,,,,,,,,jsh0xm,sexualassault,gbzpgcn,1605142668,2020-11-12 0:57:48,Group Interaction,"Internalized, Anticipated"
,,,,,,,,,,jsh0xm,sexualassault,gc0kfom,1605160371,2020-11-12 5:52:51,"Emotional Support, Group Interaction","Internalized, Anticipated"
,,,,,,,,,,jsh0xm,sexualassault,gc0lugj,1605161243,2020-11-12 6:07:23,"Information Support, Esteem Support, Group Interaction","Internalized, Anticipated"
,,,,,,,,,,jsgh2r,sexualassault,gbz06ce,1605127797,2020-11-11 20:49:57,,Internalized
,,,,,,,,,,js3jcf,sexualassault,gbzgajh,1605137781,2020-11-11 23:36:21,Information Support,"Internalized, Anticipated"
,,,,,,,,,,jryevm,sexualassault,gc5r7yd,1605281780,2020-11-13 15:36:20,,Internalized
,,,,,,,,,,jrtuir,sexualassault,gbvcpiv,1605044061,2020-11-10 21:34:21,"Information Support, Esteem Support","Experienced, Internalized, Anticipated"
,,,,,,,,,,jrones,sexualassault,gbumzbx,1605031867,2020-11-10 18:11:07,Information Support,"Internalized, Anticipated"
,,,,,,,,,,jrones,sexualassault,gc0ky4j,1605160693,2020-11-12 5:58:13,Information Support,"Internalized, Anticipated"
,,,,,,,,,,jrndwf,sexualassault,gbuxf6w,1605036704,2020-11-10 19:31:44,"Information Support, Emotional Support","Experienced, Internalized, Anticipated"
,,,,,,,,,,jrmrsw,sexualassault,gbvmc0n,1605048983,2020-11-10 22:56:23,"Emotional Support, Group Interaction","Experienced, Anticipated"
,,,,,,,,,,jrmrsw,sexualassault,gbvhdov,1605046418,2020-11-10 22:13:38,Information Support,"Experienced, Anticipated"
,,,,,,,,,,jri0i3,sexualassault,gbtclp6,1605003110,2020-11-10 10:11:50,"Emotional Support, Esteem Support, Group Interaction",Structural
,,,,,,,,,,jri0i3,sexualassault,gbtkfwf,1605011089,2020-11-10 12:24:49,"Esteem Support, Group Interaction",Structural
,,,,,,,,,,jrhsop,sexualassault,gbu387d,1605022586,2020-11-10 15:36:26,"Information Support, Emotional Support, Esteem Support, Group Interaction","Experienced, Internalized, Anticipated"
,,,,,,,,,,jrhsop,sexualassault,gbtl2vm,1605011622,2020-11-10 12:33:42,Information Support,"Experienced, Internalized, Anticipated"
,,,,,,,,,,jrhsop,sexualassault,gbu5fh1,1605023664,2020-11-10 15:54:24,Information Support,"Experienced, Internalized, Anticipated"
,,,,,,,,,,jrhsop,sexualassault,gbugh3q,1605028855,2020-11-10 17:20:55,"Information Support, Emotional Support","Experienced, Internalized, Anticipated"
,,,,,,,,,,jrbbxz,sexualassault,gbtqgfd,1605015507,2020-11-10 13:38:27,"Information Support, Emotional Support, Esteem Support",Internalized
,,,,,,,,,,jranbu,sexualassault,gbs7h76,1604972015,2020-11-10 1:33:35,"Information Support, Esteem Support","Experienced, Anticipated"
,,,,,,,,,,jranbu,sexualassault,gc0gpce,1605158134,2020-11-12 5:15:34,,"Experienced, Anticipated"
,,,,,,,,,,jr32t5,sexualassault,gbqxrm7,1604949815,2020-11-09 19:23:35,"Information Support, Emotional Support","Experienced, Internalized, Anticipated, Structural"
,,,,,,,,,,jr32t5,sexualassault,gbruz4z,1604965813,2020-11-09 23:50:13,,"Experienced, Internalized, Anticipated, Structural"
,,,,,,,,,,jr32t5,sexualassault,gc0jttm,1605159991,2020-11-12 5:46:31,Information Support,"Experienced, Internalized, Anticipated, Structural"
,,,,,,,,,,jqwibd,sexualassault,gbqao3h,1604938653,2020-11-09 16:17:33,"Information Support, Esteem Support",Internalized
,,,,,,,,,,jqwibd,sexualassault,gbqypn8,1604950279,2020-11-09 19:31:19,"Information Support, Emotional Support, Esteem Support",Internalized
,,,,,,,,,,jquhxt,sexualassault,gbpnt4e,1604924819,2020-11-09 12:26:59,Esteem Support,"Internalized, Anticipated"
,,,,,,,,,,jquhxt,sexualassault,gbppw6b,1604926487,2020-11-09 12:54:47,"Information Support, Esteem Support","Internalized, Anticipated"
,,,,,,,,,,jquhxt,sexualassault,gbq6byv,1604936445,2020-11-09 15:40:45,"Information Support, Esteem Support","Internalized, Anticipated"
,,,,,,,,,,jquhxt,sexualassault,gbq7c9j,1604936963,2020-11-09 15:49:23,"Information Support, Esteem Support","Internalized, Anticipated"
,,,,,,,,,,jqch8k,sexualassault,gecb9nk,1606887431,2020-12-02 5:37:11,Group Interaction,"Experienced, Internalized, Anticipated"
,,,,,,,,,,jq5ovt,sexualassault,gbkchj5,1604814801,2020-11-08 5:53:21,"Information Support, Esteem Support",Internalized
,,,,,,,,,,jq3z7f,sexualassault,gbjgxnq,1604803508,2020-11-08 2:45:08,,Internalized
,,,,,,,,,,jpyljd,sexualassault,gbi4ofp,1604786924,2020-11-07 22:08:44,"Information Support, Emotional Support, Esteem Support, Group Interaction","Experienced, Anticipated"
,,,,,,,,,,jplsso,sexualassault,gbfthui,1604741108,2020-11-07 9:25:08,"Information Support, Emotional Support, Esteem Support","Experienced, Internalized, Anticipated"
,,,,,,,,,,jpk2tm,sexualassault,gbrj4o4,1604960265,2020-11-09 22:17:45,"Information Support, Emotional Support, Esteem Support","Experienced, Anticipated, Structural"
,,,,,,,,,,jpk2tm,sexualassault,gny84p2,1613693827,2021-02-19 0:17:07,"Emotional Support, Esteem Support","Experienced, Anticipated, Structural"
,,,,,,,,,,jpjcjn,sexualassault,gbwvy7c,1605076724,2020-11-11 6:38:44,,
,,,,,,,,,,jpeq23,sexualassault,gbghsdt,1604761505,2020-11-07 15:05:05,"Information Support, Emotional Support, Esteem Support",Internalized
,,,,,,,,,,jo3gyo,sexualassault,gb6ecgm,1604537093,2020-11-05 0:44:53,"Information Support, Emotional Support, Esteem Support","Experienced, Internalized, Anticipated"
,,,,,,,,,,jo3gyo,sexualassault,gb5imw6,1604521408,2020-11-04 20:23:28,"Information Support, Emotional Support, Esteem Support","Experienced, Internalized, Anticipated"
,,,,,,,,,,jo09b9,sexualassault,gb50fd3,1604512906,2020-11-04 18:01:46,Information Support,Experienced
,,,,,,,,,,jo09b9,sexualassault,gb5bp52,1604518168,2020-11-04 19:29:28,Information Support,Experienced
,,,,,,,,,,jo09b9,sexualassault,gb691g4,1604534293,2020-11-04 23:58:13,"Information Support, Emotional Support, Esteem Support",Experienced
,,,,,,,,,,jnshvw,sexualassault,gb46weo,1604498437,2020-11-04 14:00:37,"Information Support, Emotional Support, Esteem Support, Group Interaction","Experienced, Internalized, Anticipated"
,,,,,,,,,,jnorg3,sexualassault,gb2vblr,1604461540,2020-11-04 3:45:40,"Information Support, Emotional Support, Esteem Support","Internalized, Anticipated"
,,,,,,,,,,jnorg3,sexualassault,gb2w8z1,1604462057,2020-11-04 3:54:17,"Information Support, Esteem Support","Internalized, Anticipated"
,,,,,,,,,,jnorg3,sexualassault,gb2sge0,1604459958,2020-11-04 3:19:18,Information Support,"Internalized, Anticipated"
,,,,,,,,,,jnorg3,sexualassault,gb3pe6i,1604484224,2020-11-04 10:03:44,Information Support,"Internalized, Anticipated"
,,,,,,,,,,jniemp,sexualassault,gb4nsaa,1604507012,2020-11-04 16:23:32,"Information Support, Emotional Support","Experienced, Internalized, Anticipated"
,,,,,,,,,,jniemp,sexualassault,gb9ghqj,1604606040,2020-11-05 19:54:00,"Emotional Support, Esteem Support","Experienced, Internalized, Anticipated"
,,,,,,,,,,jnfy33,sexualassault,gb1chgg,1604432782,2020-11-03 19:46:22,"Information Support, Emotional Support, Esteem Support","Internalized, Anticipated"
,,,,,,,,,,jnfy33,sexualassault,gb1ajpn,1604431859,2020-11-03 19:30:59,"Emotional Support, Group Interaction","Internalized, Anticipated"
,,,,,,,,,,jnd8el,sexualassault,gb140b9,1604428715,2020-11-03 18:38:35,"Information Support, Group Interaction","Internalized, Structural"
,,,,,,,,,,jnd48o,sexualassault,gb0vjjs,1604424728,2020-11-03 17:32:08,Emotional Support,"Experienced, Anticipated"
,,,,,,,,,,jnd48o,sexualassault,gb0xjni,1604425667,2020-11-03 17:47:47,"Emotional Support, Esteem Support","Experienced, Anticipated"
,,,,,,,,,,jn5rl3,sexualassault,gb0ybpu,1604426030,2020-11-03 17:53:50,Group Interaction,Internalized
,,,,,,,,,,jn4zcm,sexualassault,gb9iwsl,1604607158,2020-11-05 20:12:38,"Emotional Support, Group Interaction","Experienced, Internalized, Anticipated"
,,,,,,,,,,jn3p2f,sexualassault,gazacln,1604383176,2020-11-03 5:59:36,"Information Support, Emotional Support, Esteem Support","Experienced, Internalized, Anticipated, Structural"
,,,,,,,,,,jn2ysz,sexualassault,gaz6h4k,1604380230,2020-11-03 5:10:30,Information Support,Internalized
,,,,,,,,,,jn2ysz,sexualassault,gazcw12,1604385317,2020-11-03 6:35:17,Information Support,Internalized
,,,,,,,,,,jmzq6v,sexualassault,gazcia0,1604384983,2020-11-03 6:29:43,"Information Support, Emotional Support","Internalized, Anticipated"
,,,,,,,,,,jmzq6v,sexualassault,gb2o830,1604457604,2020-11-04 2:40:04,"Information Support, Emotional Support","Internalized, Anticipated"
,,,,,,,,,,jmzq6v,sexualassault,gb2pdz3,1604458251,2020-11-04 2:50:51,Information Support,"Internalized, Anticipated"
,,,,,,,,,,jmy2rg,sexualassault,gayjvi1,1604366883,2020-11-03 1:28:03,"Emotional Support, Esteem Support","Anticipated, Structural"
,,,,,,,,,,jmv09c,sexualassault,gaxkpct,1604348648,2020-11-02 20:24:08,Esteem Support,"Internalized, Anticipated"
,,,,,,,,,,jmv09c,sexualassault,gaxju4z,1604348243,2020-11-02 20:17:23,,"Internalized, Anticipated"
,,,,,,,,,,jmv09c,sexualassault,gaxlwov,1604349223,2020-11-02 20:33:43,Information Support,"Internalized, Anticipated"
,,,,,,,,,,jmv09c,sexualassault,gaxrzsq,1604352151,2020-11-02 21:22:31,"Information Support, Emotional Support, Group Interaction","Internalized, Anticipated"
,,,,,,,,,,jmv09c,sexualassault,gaxkhff,1604348543,2020-11-02 20:22:23,Information Support,"Internalized, Anticipated"
,,,,,,,,,,jmv09c,sexualassault,gayhkhj,1604365596,2020-11-03 1:06:36,"Information Support, Emotional Support, Group Interaction","Internalized, Anticipated"
,,,,,,,,,,jmv09c,sexualassault,gcx99vu,1605859598,2020-11-20 8:06:38,"Information Support, Emotional Support","Internalized, Anticipated"
,,,,,,,,,,jmkjxj,sexualassault,gaxb7og,1604344125,2020-11-02 19:08:45,"Information Support, Emotional Support, Esteem Support",Internalized
,,,,,,,,,,jmjos1,sexualassault,gavxyjn,1604316508,2020-11-02 11:28:28,Esteem Support,Internalized
,,,,,,,,,,jmibrg,sexualassault,gawze21,1604338590,2020-11-02 17:36:30,"Information Support, Emotional Support",Internalized
,,,,,,,,,,jm23yf,sexualassault,gatihtf,1604258120,2020-11-01 19:15:20,"Emotional Support, Esteem Support, Group Interaction","Experienced, Internalized, Anticipated"
,,,,,,,,,,jm23yf,sexualassault,gatv43o,1604264154,2020-11-01 20:55:54,"Information Support, Emotional Support","Experienced, Internalized, Anticipated"
,,,,,,,,,,jm23yf,sexualassault,gauv073,1604283215,2020-11-02 2:13:35,"Emotional Support, Esteem Support, Group Interaction","Experienced, Internalized, Anticipated"
,,,,,,,,,,jltb4p,sexualassault,gar0lf5,1604192337,2020-11-01 0:58:57,"Information Support, Esteem Support",Internalized
,,,,,,,,,,jlta8f,sexualassault,gar1290,1604192643,2020-11-01 1:04:03,"Emotional Support, Esteem Support","Experienced, Internalized"
,,,,,,,,,,jlta8f,sexualassault,gasl41g,1604240034,2020-11-01 14:13:54,"Information Support, Emotional Support, Esteem Support, Tangible Assistance","Experienced, Internalized"
,,,,,,,,,,jlta8f,sexualassault,garchvw,1604200505,2020-11-01 3:15:05,"Emotional Support, Esteem Support, Group Interaction","Experienced, Internalized"
,,,,,,,,,,jlta8f,sexualassault,garvbgw,1604218355,2020-11-01 8:12:35,"Information Support, Esteem Support, Group Interaction","Experienced, Internalized"
,,,,,,,,,,jln2uj,sexualassault,gaqdyim,1604178123,2020-10-31 21:02:03,"Information Support, Emotional Support, Esteem Support","Internalized, Anticipated"
,,,,,,,,,,jln2uj,sexualassault,gaqnvku,1604184202,2020-10-31 22:43:22,"Information Support, Esteem Support","Internalized, Anticipated"
,,,,,,,,,,jln2uj,sexualassault,gaqhad7,1604180148,2020-10-31 21:35:48,"Information Support, Emotional Support, Tangible Assistance","Internalized, Anticipated"
,,,,,,,,,,jkz6yv,sexualassault,gam8t2i,1604077681,2020-10-30 17:08:01,"Emotional Support, Esteem Support, Group Interaction","Internalized, Anticipated"
,,,,,,,,,,jkz6yv,sexualassault,gam003x,1604073379,2020-10-30 15:56:19,,"Internalized, Anticipated"
,,,,,,,,,,jkz6yv,sexualassault,gam0ilu,1604073631,2020-10-30 16:00:31,"Information Support, Emotional Support, Esteem Support, Group Interaction","Internalized, Anticipated"
,,,,,,,,,,jkz6yv,sexualassault,gamfwqe,1604081152,2020-10-30 18:05:52,"Information Support, Emotional Support, Group Interaction","Internalized, Anticipated"
,,,,,,,,,,jktqba,sexualassault,gama3vn,1604078320,2020-10-30 17:18:40,"Emotional Support, Esteem Support, Group Interaction","Experienced, Internalized, Anticipated, Structural"
,,,,,,,,,,jkqg7u,sexualassault,gam6k7c,1604076584,2020-10-30 16:49:44,"Information Support, Emotional Support, Esteem Support, Group Interaction",Internalized
,,,,,,,,,,jkpgvn,sexualassault,gakph6j,1604036619,2020-10-30 5:43:39,Emotional Support,"Experienced, Anticipated"
,,,,,,,,,,jkpgvn,sexualassault,gakl2vb,1604032947,2020-10-30 4:42:27,"Information Support, Emotional Support, Esteem Support","Experienced, Anticipated"
,,,,,,,,,,jkpgvn,sexualassault,gakzgcm,1604047105,2020-10-30 8:38:25,"Information Support, Emotional Support, Esteem Support, Group Interaction","Experienced, Anticipated"
,,,,,,,,,,jkpgvn,sexualassault,gamuwmm,1604088770,2020-10-30 20:12:50,"Information Support, Emotional Support, Esteem Support","Experienced, Anticipated"
,,,,,,,,,,jkl2xv,sexualassault,gakek14,1604028366,2020-10-30 3:26:06,"Information Support, Emotional Support, Tangible Assistance",Anticipated
,,,,,,,,,,jkkvjk,sexualassault,gak8d6w,1604024774,2020-10-30 2:26:14,"Information Support, Esteem Support","Experienced, Internalized, Anticipated"
,,,,,,,,,,jkgd3r,sexualassault,gajtmoo,1604016621,2020-10-30 0:10:21,Emotional Support,"Experienced, Anticipated, Structural"
,,,,,,,,,,jkgd3r,sexualassault,gal1nx7,1604049637,2020-10-30 9:20:37,"Emotional Support, Esteem Support","Experienced, Anticipated, Structural"
,,,,,,,,,,jkgd3r,sexualassault,gaix2e6,1604000077,2020-10-29 19:34:37,Emotional Support,"Experienced, Anticipated, Structural"
,,,,,,,,,,jju0ed,sexualassault,gagi0o3,1603943523,2020-10-29 3:52:03,"Information Support, Emotional Support, Esteem Support, Group Interaction",Internalized
,,,,,,,,,,jjqmja,sexualassault,gaf1ml4,1603916265,2020-10-28 20:17:45,"Information Support, Esteem Support","Internalized, Anticipated"
,,,,,,,,,,jjqmja,sexualassault,gagjqqd,1603944740,2020-10-29 4:12:20,"Information Support, Esteem Support","Internalized, Anticipated"
,,,,,,,,,,jjhraq,sexualassault,gaczg0a,1603870513,2020-10-28 7:35:13,"Information Support, Emotional Support",Experienced
,,,,,,,,,,jjbq2a,sexualassault,gabuqhm,1603843161,2020-10-27 23:59:21,"Information Support, Group Interaction",
,,,,,,,,,,jjbmny,sexualassault,gac238a,1603847119,2020-10-28 1:05:19,"Information Support, Tangible Assistance","Experienced, Anticipated"
,,,,,,,,,,jjbmny,sexualassault,gadtlfa,1603895542,2020-10-28 14:32:22,"Information Support, Esteem Support","Experienced, Anticipated"
,,,,,,,,,,jj9zwk,sexualassault,gablrbo,1603838332,2020-10-27 22:38:52,"Information Support, Emotional Support, Esteem Support","Experienced, Anticipated"
,,,,,,,,,,jj9zwk,sexualassault,gabtf5c,1603842446,2020-10-27 23:47:26,"Esteem Support, Tangible Assistance, Group Interaction","Experienced, Anticipated"
,,,,,,,,,,jj1pur,sexualassault,gcq0cgl,1605710764,2020-11-18 14:46:04,Information Support,Anticipated
,,,,,,,,,,jj12xf,sexualassault,gaa3pqf,1603812340,2020-10-27 15:25:40,"Information Support, Esteem Support","Internalized, Anticipated"
,,,,,,,,,,jj12xf,sexualassault,gaacq48,1603816630,2020-10-27 16:37:10,"Information Support, Emotional Support, Esteem Support, Group Interaction","Internalized, Anticipated"
,,,,,,,,,,jiy226,sexualassault,gacraje,1603862521,2020-10-28 5:22:01,,"Experienced, Internalized, Anticipated"
,,,,,,,,,,jiy226,sexualassault,ga9ljhd,1603802143,2020-10-27 12:35:43,"Information Support, Emotional Support, Esteem Support","Experienced, Internalized, Anticipated"
,,,,,,,,,,jiy226,sexualassault,gaa1yk3,1603811483,2020-10-27 15:11:23,"Information Support, Emotional Support, Esteem Support","Experienced, Internalized, Anticipated"
,,,,,,,,,,jit3a4,sexualassault,ga8mh1d,1603769455,2020-10-27 3:30:55,"Information Support, Emotional Support, Esteem Support","Experienced, Internalized, Anticipated, Structural"
,,,,,,,,,,jis5bd,sexualassault,gaba1uh,1603832355,2020-10-27 20:59:15,"Information Support, Emotional Support","Experienced, Internalized, Anticipated, Structural"
,,,,,,,,,,jinr4g,sexualassault,ga7khew,1603748708,2020-10-26 21:45:08,Information Support,"Experienced, Internalized"
,,,,,,,,,,jinmfb,sexualassault,ga7n1zc,1603750076,2020-10-26 22:07:56,"Information Support, Emotional Support, Esteem Support","Experienced, Internalized, Anticipated"
,,,,,,,,,,jinmfb,sexualassault,gafgmpz,1603923456,2020-10-28 22:17:36,"Information Support, Emotional Support","Experienced, Internalized, Anticipated"
,,,,,,,,,,jinmfb,sexualassault,ga7xep0,1603755769,2020-10-26 23:42:49,Emotional Support,"Experienced, Internalized, Anticipated"
,,,,,,,,,,jinmfb,sexualassault,ga86dwv,1603760654,2020-10-27 1:04:14,"Emotional Support, Esteem Support","Experienced, Internalized, Anticipated"
,,,,,,,,,,jinmfb,sexualassault,ga88qoe,1603761899,2020-10-27 1:24:59,"Information Support, Group Interaction","Experienced, Internalized, Anticipated"
,,,,,,,,,,jikmgj,sexualassault,ga73rc5,1603740305,2020-10-26 19:25:05,"Information Support, Esteem Support","Experienced, Internalized, Anticipated, Structural"
,,,,,,,,,,jikmgj,sexualassault,ga8g0u0,1603765751,2020-10-27 2:29:11,"Information Support, Emotional Support, Esteem Support, Group Interaction","Experienced, Internalized, Anticipated, Structural"
,,,,,,,,,,jiexmv,sexualassault,ga636v2,1603722165,2020-10-26 14:22:45,"Information Support, Esteem Support","Internalized, Structural"
,,,,,,,,,,jiexmv,sexualassault,ga63l6v,1603722389,2020-10-26 14:26:29,"Information Support, Esteem Support","Internalized, Structural"
,,,,,,,,,,jibncn,sexualassault,ga5n05h,1603710777,2020-10-26 11:12:57,"Information Support, Emotional Support",Experienced
,,,,,,,,,,jibncn,sexualassault,ga5rpvd,1603714867,2020-10-26 12:21:07,Information Support,Experienced
,,,,,,,,,,jial98,sexualassault,ga5cp6c,1603699206,2020-10-26 8:00:06,Information Support,"Experienced, Internalized, Anticipated"
,,,,,,,,,,ji81kx,sexualassault,ga8hqcu,1603766683,2020-10-27 2:44:43,,Experienced
,,,,,,,,,,ji7j70,sexualassault,ga5lu2o,1603709600,2020-10-26 10:53:20,"Information Support, Emotional Support, Group Interaction","Experienced, Internalized, Anticipated"
,,,,,,,,,,ji7j70,sexualassault,ga5ts34,1603716385,2020-10-26 12:46:25,"Information Support, Esteem Support","Experienced, Internalized, Anticipated"
,,,,,,,,,,ji7j70,sexualassault,ga5yo0l,1603719544,2020-10-26 13:39:04,"Information Support, Emotional Support, Esteem Support, Group Interaction","Experienced, Internalized, Anticipated"
,,,,,,,,,,ji6dzj,sexualassault,ga4rwr4,1603681636,2020-10-26 3:07:16,"Information Support, Emotional Support, Esteem Support","Experienced, Internalized"
,,,,,,,,,,ji2tdz,sexualassault,ga43syn,1603667725,2020-10-25 23:15:25,"Emotional Support, Esteem Support",Internalized
,,,,,,,,,,ji2tdz,sexualassault,ga4pvsb,1603680392,2020-10-26 2:46:32,"Information Support, Emotional Support",Internalized
,,,,,,,,,,jhzuzk,sexualassault,ga3lx11,1603658816,2020-10-25 20:46:56,"Information Support, Emotional Support, Esteem Support, Group Interaction","Internalized, Anticipated"
,,,,,,,,,,jhws5e,sexualassault,ga2oyjh,1603645913,2020-10-25 17:11:53,"Information Support, Esteem Support","Experienced, Internalized"
,,,,,,,,,,jhws5e,sexualassault,ga2rkg1,1603647205,2020-10-25 17:33:25,"Information Support, Esteem Support","Experienced, Internalized"
,,,,,,,,,,jhp8d0,sexualassault,ga19tsn,1603618480,2020-10-25 9:34:40,"Information Support, Esteem Support",Experienced
,,,,,,,,,,jhn0wt,sexualassault,ga05k30,1603598563,2020-10-25 4:02:43,Information Support,Internalized
,,,,,,,,,,jhmbdr,sexualassault,ga08p03,1603599785,2020-10-25 4:23:05,"Information Support, Emotional Support, Tangible Assistance",Internalized
,,,,,,,,,,jhmbdr,sexualassault,ga08ktn,1603599739,2020-10-25 4:22:19,Group Interaction,Internalized
,,,,,,,,,,jhemkt,sexualassault,ga4tf63,1603682551,2020-10-26 3:22:31,"Information Support, Emotional Support",
,,,,,,,,,,jhe1bo,sexualassault,g9xss9a,1603565729,2020-10-24 18:55:29,"Information Support, Emotional Support","Internalized, Anticipated"
,,,,,,,,,,jhe1bo,sexualassault,g9yzkea,1603582799,2020-10-24 23:39:59,"Information Support, Emotional Support, Esteem Support, Group Interaction","Internalized, Anticipated"
,,,,,,,,,,jhe1bo,sexualassault,g9z9og3,1603586497,2020-10-25 0:41:37,"Emotional Support, Esteem Support","Internalized, Anticipated"
,,,,,,,,,,jh6x8o,sexualassault,g9wgxbw,1603542833,2020-10-24 12:33:53,"Emotional Support, Esteem Support",
,,,,,,,,,,jh6x8o,sexualassault,g9xjain,1603560816,2020-10-24 17:33:36,"Esteem Support, Group Interaction",
,,,,,,,,,,jh6x8o,sexualassault,g9xmcu5,1603562397,2020-10-24 17:59:57,"Emotional Support, Esteem Support",
,,,,,,,,,,jh59p8,sexualassault,g9vmhj6,1603528524,2020-10-24 8:35:24,"Information Support, Emotional Support","Experienced, Internalized"
,,,,,,,,,,jgzux8,sexualassault,g9ukpy1,1603512128,2020-10-24 4:02:08,"Information Support, Emotional Support, Esteem Support, Tangible Assistance","Experienced, Internalized, Anticipated, Structural"
,,,,,,,,,,jgqn7x,sexualassault,g9s74l6,1603477373,2020-10-23 18:22:53,"Emotional Support, Esteem Support, Tangible Assistance, Group Interaction","Internalized, Anticipated"
,,,,,,,,,,jgqn7x,sexualassault,g9s7nx9,1603477640,2020-10-23 18:27:20,"Emotional Support, Esteem Support, Tangible Assistance, Group Interaction","Internalized, Anticipated"
,,,,,,,,,,jghr8c,sexualassault,g9qprlu,1603443344,2020-10-23 8:55:44,"Emotional Support, Group Interaction","Experienced, Internalized, Anticipated"
,,,,,,,,,,jgg76k,sexualassault,g9say9d,1603479284,2020-10-23 18:54:44,"Information Support, Esteem Support, Group Interaction",
,,,,,,,,,,jgg76k,sexualassault,ga558fc,1603691349,2020-10-26 5:49:09,"Information Support, Emotional Support, Esteem Support",
,,,,,,,,,,jgdf4e,sexualassault,g9q2yuq,1603423541,2020-10-23 3:25:41,Information Support,"Internalized, Anticipated"
,,,,,,,,,,jgdf4e,sexualassault,g9psthe,1603418462,2020-10-23 2:01:02,"Information Support, Esteem Support","Internalized, Anticipated"
,,,,,,,,,,jg84me,sexualassault,g9pg8t8,1603411844,2020-10-23 0:10:44,"Information Support, Emotional Support, Esteem Support","Internalized, Anticipated"
,,,,,,,,,,jg78up,sexualassault,g9oy2ud,1603402108,2020-10-22 21:28:28,Emotional Support,"Experienced, Internalized, Anticipated"
,,,,,,,,,,jg78up,sexualassault,g9qcluz,1603430108,2020-10-23 5:15:08,"Information Support, Emotional Support","Experienced, Internalized, Anticipated"
,,,,,,,,,,jg32an,sexualassault,g9o2m9c,1603388505,2020-10-22 17:41:45,Emotional Support,"Experienced, Anticipated"
,,,,,,,,,,jg32an,sexualassault,g9nu58w,1603384451,2020-10-22 16:34:11,Information Support,"Experienced, Anticipated"
,,,,,,,,,,jg32an,sexualassault,g9ofn43,1603394372,2020-10-22 19:19:32,"Emotional Support, Tangible Assistance","Experienced, Anticipated"
,,,,,,,,,,jg32an,sexualassault,g9q59xs,1603424871,2020-10-23 3:47:51,Emotional Support,"Experienced, Anticipated"
,,,,,,,,,,jg18yr,sexualassault,g9nmp3u,1603380816,2020-10-22 15:33:36,Information Support,"Experienced, Anticipated"
,,,,,,,,,,jg18yr,sexualassault,g9nmrnz,1603380851,2020-10-22 15:34:11,Information Support,"Experienced, Anticipated"
,,,,,,,,,,jg18yr,sexualassault,ge8v47q,1606816450,2020-12-01 9:54:10,,"Experienced, Anticipated"
,,,,,,,,,,jfx2ax,sexualassault,g9mulds,1603362565,2020-10-22 10:29:25,,"Experienced, Anticipated, Structural"
,,,,,,,,,,jfx2ax,sexualassault,g9mv3hm,1603363081,2020-10-22 10:38:01,"Esteem Support, Group Interaction","Experienced, Anticipated, Structural"
,,,,,,,,,,jfx2ax,sexualassault,g9muy3s,1603362928,2020-10-22 10:35:28,"Esteem Support, Group Interaction","Experienced, Anticipated, Structural"
,,,,,,,,,,jfwbq7,sexualassault,g9qbk3j,1603429267,2020-10-23 5:01:07,Emotional Support,Internalized
,,,,,,,,,,jfsoqu,sexualassault,g9mntr8,1603354921,2020-10-22 8:22:01,"Information Support, Emotional Support, Esteem Support, Tangible Assistance",Internalized
,,,,,,,,,,jfpnyj,sexualassault,g9lor7z,1603328533,2020-10-22 1:02:13,Information Support,"Internalized, Anticipated"
,,,,,,,,,,jfpnyj,sexualassault,g9lq3f3,1603329312,2020-10-22 1:15:12,"Information Support, Group Interaction","Internalized, Anticipated"
,,,,,,,,,,jfp4vu,sexualassault,g9lli2w,1603326664,2020-10-22 0:31:04,"Information Support, Esteem Support","Internalized, Anticipated"
,,,,,,,,,,jfp4vu,sexualassault,g9lld2d,1603326587,2020-10-22 0:29:47,"Information Support, Emotional Support, Esteem Support","Internalized, Anticipated"
,,,,,,,,,,jfp4vu,sexualassault,g9mo8nj,1603355391,2020-10-22 8:29:51,"Information Support, Esteem Support","Internalized, Anticipated"
,,,,,,,,,,jfp4vu,sexualassault,g9ngll4,1603377772,2020-10-22 14:42:52,"Information Support, Emotional Support, Tangible Assistance","Internalized, Anticipated"
,,,,,,,,,,jfp2xr,sexualassault,g9lm8fn,1603327082,2020-10-22 0:38:02,"Information Support, Esteem Support","Experienced, Internalized, Anticipated"
,,,,,,,,,,jfoota,sexualassault,g9ljx18,1603325767,2020-10-22 0:16:07,Information Support,"Experienced, Anticipated, Structural"
,,,,,,,,,,jfoota,sexualassault,gaawvgq,1603826041,2020-10-27 19:14:01,Emotional Support,"Experienced, Anticipated, Structural"
,,,,,,,,,,jfnv4c,sexualassault,g9li72c,1603324772,2020-10-21 23:59:32,Esteem Support,Internalized
,,,,,,,,,,jfnv4c,sexualassault,g9mtp8n,1603361618,2020-10-22 10:13:38,Information Support,Internalized
,,,,,,,,,,jfnv4c,sexualassault,g9mtwyp,1603361848,2020-10-22 10:17:28,Information Support,Internalized
,,,,,,,,,,jfnv4c,sexualassault,g9mudkm,1603362340,2020-10-22 10:25:40,,Internalized
,,,,,,,,,,jfmo5b,sexualassault,g9liy2g,1603325207,2020-10-22 0:06:47,"Information Support, Esteem Support","Experienced, Structural"
,,,,,,,,,,jfmo5b,sexualassault,g9pis9z,1603413279,2020-10-23 0:34:39,Emotional Support,"Experienced, Structural"
,,,,,,,,,,jfl269,sexualassault,g9kzpt1,1603315167,2020-10-21 21:19:27,Esteem Support,"Internalized, Anticipated"
,,,,,,,,,,jfl269,sexualassault,g9l1i3u,1603316000,2020-10-21 21:33:20,Information Support,"Internalized, Anticipated"
,,,,,,,,,,jfj3va,sexualassault,g9la1h1,1603320121,2020-10-21 22:42:01,Emotional Support,Anticipated
,,,,,,,,,,jfhz62,sexualassault,g9l1ddh,1603315942,2020-10-21 21:32:22,"Information Support, Emotional Support, Esteem Support",Internalized
,,,,,,,,,,jfhp59,sexualassault,g9khzzn,1603306588,2020-10-21 18:56:28,"Information Support, Group Interaction",Internalized
,,,,,,,,,,jfhp59,sexualassault,g9k975a,1603302435,2020-10-21 17:47:15,"Emotional Support, Esteem Support",Internalized
,,,,,,,,,,jfhp59,sexualassault,g9k9iwb,1603302589,2020-10-21 17:49:49,"Information Support, Emotional Support, Esteem Support, Group Interaction",Internalized
,,,,,,,,,,jfhp59,sexualassault,g9ks7em,1603311495,2020-10-21 20:18:15,"Information Support, Esteem Support",Internalized
,,,,,,,,,,jfdhtj,sexualassault,g9jyizc,1603297338,2020-10-21 16:22:18,"Information Support, Emotional Support, Esteem Support",
,,,,,,,,,,jfczn4,sexualassault,g9k79k5,1603301526,2020-10-21 17:32:06,"Information Support, Emotional Support, Esteem Support, Group Interaction","Experienced, Internalized"
,,,,,,,,,,jf7nay,sexualassault,g9ivjcd,1603270535,2020-10-21 8:55:35,"Information Support, Emotional Support",Internalized
,,,,,,,,,,jf4wsj,sexualassault,g9i85tk,1603249916,2020-10-21 3:11:56,"Information Support, Emotional Support, Esteem Support",
,,,,,,,,,,jf4wsj,sexualassault,g9ievq3,1603254589,2020-10-21 4:29:49,Information Support,
,,,,,,,,,,jf4wsj,sexualassault,g9j6d4o,1603281522,2020-10-21 11:58:42,Information Support,
,,,,,,,,,,jf3i72,sexualassault,g9i204o,1603246130,2020-10-21 2:08:50,Information Support,
,,,,,,,,,,jez87a,sexualassault,g9hoo1r,1603238499,2020-10-21 0:01:39,,"Experienced, Internalized"
,,,,,,,,,,jez87a,sexualassault,g9i5fln,1603248211,2020-10-21 2:43:31,"Information Support, Esteem Support, Tangible Assistance","Experienced, Internalized"
,,,,,,,,,,jez87a,sexualassault,g9hkjhw,1603236127,2020-10-20 23:22:07,Information Support,"Experienced, Internalized"
,,,,,,,,,,jez7no,sexualassault,g9hzel7,1603244614,2020-10-21 1:43:34,"Information Support, Emotional Support, Esteem Support",Internalized
,,,,,,,,,,jey99s,sexualassault,g9haj90,1603230878,2020-10-20 21:54:38,"Information Support, Emotional Support","Experienced, Internalized, Structural"
,,,,,,,,,,jey99s,sexualassault,g9hh9jf,1603234264,2020-10-20 22:51:04,Information Support,"Experienced, Internalized, Structural"
,,,,,,,,,,jey99s,sexualassault,g9hnikd,1603237840,2020-10-20 23:50:40,"Emotional Support, Esteem Support, Group Interaction","Experienced, Internalized, Structural"
,,,,,,,,,,jey99s,sexualassault,gh87y08,1609108149,2020-12-27 22:29:09,Information Support,"Experienced, Internalized, Structural"
,,,,,,,,,,jexk5h,sexualassault,g9gz055,1603226086,2020-10-20 20:34:46,Information Support,"Experienced, Internalized"
,,,,,,,,,,jexk5h,sexualassault,g9hfdam,1603233214,2020-10-20 22:33:34,"Information Support, Esteem Support","Experienced, Internalized"
,,,,,,,,,,jewis2,sexualassault,g9gsyyv,1603223631,2020-10-20 19:53:51,"Information Support, Esteem Support, Tangible Assistance",Internalized
,,,,,,,,,,jewis2,sexualassault,g9guhmy,1603224273,2020-10-20 20:04:33,"Information Support, Emotional Support",Internalized
,,,,,,,,,,jettws,sexualassault,g9hghcq,1603233830,2020-10-20 22:43:50,Information Support,Internalized
,,,,,,,,,,jesujp,sexualassault,g9g4em6,1603211822,2020-10-20 16:37:02,"Information Support, Emotional Support, Tangible Assistance, Group Interaction",Internalized
,,,,,,,,,,jesujp,sexualassault,g9gp7bx,1603221867,2020-10-20 19:24:27,"Information Support, Emotional Support, Esteem Support",Internalized
,,,,,,,,,,jesujp,sexualassault,g9gs5y4,1603223259,2020-10-20 19:47:39,"Information Support, Tangible Assistance",Internalized
,,,,,,,,,,jesujp,sexualassault,g9gxdhw,1603225426,2020-10-20 20:23:46,"Information Support, Esteem Support",Internalized
,,,,,,,,,,jesujp,sexualassault,g9hofkw,1603238364,2020-10-20 23:59:24,"Information Support, Emotional Support, Esteem Support",Internalized
,,,,,,,,,,jes6du,sexualassault,g9gse68,1603223366,2020-10-20 19:49:26,"Emotional Support, Esteem Support, Group Interaction","Internalized, Anticipated"
,,,,,,,,,,jes6du,sexualassault,g9fzv98,1603209625,2020-10-20 16:00:25,"Information Support, Esteem Support, Tangible Assistance, Group Interaction","Internalized, Anticipated"
,,,,,,,,,,jes6du,sexualassault,g9g3a8g,1603211281,2020-10-20 16:28:01,"Information Support, Emotional Support, Esteem Support, Tangible Assistance, Group Interaction","Internalized, Anticipated"
,,,,,,,,,,jes171,sexualassault,g9gyj23,1603225889,2020-10-20 20:31:29,"Information Support, Emotional Support","Experienced, Anticipated"
,,,,,,,,,,jes171,sexualassault,g9jn700,1603291755,2020-10-21 14:49:15,Information Support,"Experienced, Anticipated"
,,,,,,,,,,jeo9a0,sexualassault,g9fmzjk,1603203073,2020-10-20 14:11:13,"Information Support, Tangible Assistance",Internalized
,,,,,,,,,,jeo9a0,sexualassault,g9fkxzs,1603201928,2020-10-20 13:52:08,"Information Support, Group Interaction",Internalized
,,,,,,,,,,jdxnyg,sexualassault,g9beufz,1603110032,2020-10-19 12:20:32,"Information Support, Emotional Support",Internalized
,,,,,,,,,,jdxnyg,sexualassault,g9begih,1603109805,2020-10-19 12:16:45,"Information Support, Emotional Support, Tangible Assistance",Internalized
,,,,,,,,,,jdvh6t,sexualassault,g9azs6p,1603094699,2020-10-19 8:04:59,"Information Support, Emotional Support, Esteem Support","Experienced, Internalized, Anticipated, Structural"
,,,,,,,,,,jdv44t,sexualassault,g9bfsre,1603110603,2020-10-19 12:30:03,"Information Support, Emotional Support, Esteem Support","Experienced, Internalized, Anticipated"
,,,,,,,,,,jdtqnl,sexualassault,g9amux1,1603082209,2020-10-19 4:36:49,"Emotional Support, Esteem Support, Group Interaction",Internalized
,,,,,,,,,,jdtqnl,sexualassault,g9azb0b,1603094149,2020-10-19 7:55:49,"Information Support, Emotional Support, Esteem Support, Group Interaction",Internalized
,,,,,,,,,,jdq215,sexualassault,g99om1x,1603061192,2020-10-18 22:46:32,,"Experienced, Internalized"
,,,,,,,,,,jdmwi8,sexualassault,g999235,1603052864,2020-10-18 20:27:44,"Emotional Support, Esteem Support",Experienced
,,,,,,,,,,jdfuul,sexualassault,g992fr5,1603049831,2020-10-18 19:37:11,,Experienced
,,,,,,,,,,jdfuul,sexualassault,g9965hb,1603051529,2020-10-18 20:05:29,"Information Support, Emotional Support",Experienced
,,,,,,,,,,jdf1ny,sexualassault,g97lxnw,1603022112,2020-10-18 11:55:12,"Emotional Support, Esteem Support","Internalized, Anticipated"
,,,,,,,,,,jd6jz5,sexualassault,g99ap1z,1603053664,2020-10-18 20:41:04,"Information Support, Emotional Support",Internalized
,,,,,,,,,,jd28b4,sexualassault,g94wsxe,1602965637,2020-10-17 20:13:57,Information Support,"Experienced, Internalized, Anticipated, Structural"
,,,,,,,,,,jd1oas,sexualassault,g97tgct,1603026121,2020-10-18 13:02:01,"Information Support, Esteem Support, Group Interaction",Internalized
,,,,,,,,,,jcz39q,sexualassault,g964f67,1602987121,2020-10-18 2:12:01,"Information Support, Emotional Support, Esteem Support","Experienced, Internalized, Anticipated"
,,,,,,,,,,jcxqjz,sexualassault,g95mfqx,1602977934,2020-10-17 23:38:54,"Information Support, Emotional Support, Esteem Support",Internalized
,,,,,,,,,,jcxqjz,sexualassault,g943y3p,1602950602,2020-10-17 16:03:22,Information Support,Internalized
,,,,,,,,,,jcvwn2,sexualassault,g93vski,1602946358,2020-10-17 14:52:38,"Information Support, Emotional Support","Internalized, Anticipated"
,,,,,,,,,,jcvwn2,sexualassault,g963e9o,1602986564,2020-10-18 2:02:44,"Information Support, Emotional Support, Esteem Support, Group Interaction","Internalized, Anticipated"
,,,,,,,,,,jcm8cd,sexualassault,g936s30,1602926355,2020-10-17 9:19:15,"Information Support, Esteem Support","Experienced, Internalized, Anticipated"
,,,,,,,,,,jck96z,sexualassault,g9258e5,1602895513,2020-10-17 0:45:13,"Information Support, Emotional Support, Esteem Support, Tangible Assistance",
,,,,,,,,,,jck96z,sexualassault,g91w9r5,1602890005,2020-10-16 23:13:25,"Information Support, Esteem Support",
,,,,,,,,,,jck96z,sexualassault,g93rdnn,1602943840,2020-10-17 14:10:40,"Information Support, Emotional Support",
,,,,,,,,,,jchizt,sexualassault,g91ldg0,1602883621,2020-10-16 21:27:01,Information Support,"Experienced, Internalized"
,,,,,,,,,,jchizt,sexualassault,g91rfvx,1602887147,2020-10-16 22:25:47,"Information Support, Emotional Support, Tangible Assistance","Experienced, Internalized"
,,,,,,,,,,jchizt,sexualassault,g91geii,1602881373,2020-10-16 20:49:33,"Information Support, Emotional Support","Experienced, Internalized"
,,,,,,,,,,jchizt,sexualassault,g91gatk,1602881343,2020-10-16 20:49:03,"Information Support, Emotional Support","Experienced, Internalized"
,,,,,,,,,,jchizt,sexualassault,g91gbw0,1602881352,2020-10-16 20:49:12,"Information Support, Emotional Support","Experienced, Internalized"
,,,,,,,,,,jchizt,sexualassault,g91gfvy,1602881384,2020-10-16 20:49:44,"Information Support, Emotional Support","Experienced, Internalized"
,,,,,,,,,,jchizt,sexualassault,g91ghxa,1602881401,2020-10-16 20:50:01,"Information Support, Emotional Support","Experienced, Internalized"
,,,,,,,,,,jchizt,sexualassault,g92b2vx,1602899304,2020-10-17 1:48:24,Information Support,"Experienced, Internalized"
,,,,,,,,,,jcc3ce,sexualassault,g90rjrr,1602868980,2020-10-16 17:23:00,"Information Support, Emotional Support, Tangible Assistance","Internalized, Anticipated"
,,,,,,,,,,jcc3ce,sexualassault,g9125td,1602874314,2020-10-16 18:51:54,"Information Support, Emotional Support, Esteem Support","Internalized, Anticipated"
,,,,,,,,,,jc3xf6,sexualassault,g8zenyw,1602834992,2020-10-16 7:56:32,"Esteem Support, Group Interaction","Experienced, Internalized"
,,,,,,,,,,jc2p8h,sexualassault,g8yxzsq,1602820264,2020-10-16 3:51:04,,Internalized
,,,,,,,,,,jc2p8h,sexualassault,g8yynoq,1602820716,2020-10-16 3:58:36,"Information Support, Emotional Support",Internalized
,,,,,,,,,,jc2p8h,sexualassault,g8zdc4c,1602833528,2020-10-16 7:32:08,"Emotional Support, Group Interaction",Internalized
,,,,,,,,,,jc139b,sexualassault,g8yu8a4,1602817823,2020-10-16 3:10:23,"Information Support, Emotional Support, Esteem Support, Group Interaction","Internalized, Anticipated"
,,,,,,,,,,jbw5bf,sexualassault,g8ywgoe,1602819246,2020-10-16 3:34:06,"Information Support, Emotional Support","Anticipated, Structural"
,,,,,,,,,,jbvzlb,sexualassault,g8y0o00,1602800654,2020-10-15 22:24:14,Emotional Support,Internalized
,,,,,,,,,,jbvzlb,sexualassault,g8yniqt,1602813715,2020-10-16 2:01:55,Esteem Support,Internalized
,,,,,,,,,,jbuws1,sexualassault,g8yv7q3,1602818443,2020-10-16 3:20:43,"Information Support, Emotional Support, Esteem Support, Group Interaction","Internalized, Anticipated"
,,,,,,,,,,9h0gg9,sexualassault,e68aoia,1537320223,2018-09-19 1:23:43,"Information Support, Emotional Support, Esteem Support, Group Interaction",Internalized
,,,,,,,,,,9grw9s,sexualassault,e66r03d,1537269888,2018-09-18 11:24:48,"Information Support, Emotional Support, Esteem Support","Experienced, Anticipated"
,,,,,,,,,,9grw9s,sexualassault,ehzaveb,1551943970,2019-03-07 7:32:50,"Information Support, Emotional Support, Esteem Support","Experienced, Anticipated"
,,,,,,,,,,9grw9s,sexualassault,ei0v6h3,1551993804,2019-03-07 21:23:24,"Emotional Support, Esteem Support, Group Interaction","Experienced, Anticipated"
,,,,,,,,,,9gj5gq,sexualassault,e65bp95,1537210262,2018-09-17 18:51:02,"Emotional Support, Esteem Support","Experienced, Internalized, Anticipated"
,,,,,,,,,,9g2dq5,sexualassault,e6143r4,1537033260,2018-09-15 17:41:00,"Emotional Support, Esteem Support, Tangible Assistance, Group Interaction","Experienced, Internalized, Anticipated"
,,,,,,,,,,9fyodr,sexualassault,e61ln1y,1537050608,2018-09-15 22:30:08,"Emotional Support, Esteem Support, Group Interaction","Experienced, Internalized, Anticipated"
,,,,,,,,,,9fxa97,sexualassault,e5zx623,1536972293,2018-09-15 0:44:53,"Information Support, Group Interaction","Experienced, Anticipated"
,,,,,,,,,,9fxa97,sexualassault,e5zyunc,1536974288,2018-09-15 1:18:08,"Information Support, Esteem Support","Experienced, Anticipated"
,,,,,,,,,,9fxa97,sexualassault,e60qoar,1537019871,2018-09-15 13:57:51,"Information Support, Esteem Support","Experienced, Anticipated"
,,,,,,,,,,9feh7s,sexualassault,e5w6kko,1536825036,2018-09-13 7:50:36,"Information Support, Emotional Support","Experienced, Internalized"
,,,,,,,,,,9f17pj,sexualassault,e5vvlyl,1536808585,2018-09-13 3:16:25,,Internalized
,,,,,,,,,,9eroxs,sexualassault,e5r0wlq,1536618543,2018-09-10 22:29:03,Information Support,"Experienced, Internalized, Anticipated"
,,,,,,,,,,9ehbmx,sexualassault,e5ozhci,1536536285,2018-09-09 23:38:05,"Information Support, Esteem Support","Experienced, Internalized, Structural"
,,,,,,,,,,9ehbmx,sexualassault,e5yay3e,1536906546,2018-09-14 6:29:06,"Information Support, Emotional Support, Esteem Support","Experienced, Internalized, Structural"
,,,,,,,,,,9edyp2,sexualassault,e5tu2fl,1536728505,2018-09-12 5:01:45,"Information Support, Esteem Support","Experienced, Internalized, Anticipated"
,,,,,,,,,,9ebcse,sexualassault,e5o125u,1536505930,2018-09-09 15:12:10,"Information Support, Esteem Support, Tangible Assistance",Internalized
,,,,,,,,,,9ebcse,sexualassault,e5vw71c,1536809219,2018-09-13 3:26:59,"Information Support, Esteem Support, Group Interaction",Internalized
,,,,,,,,,,9e54le,sexualassault,e5m9pkn,1536425496,2018-09-08 16:51:36,"Information Support, Emotional Support, Group Interaction",Internalized
,,,,,,,,,,9e54le,sexualassault,e5tw0t3,1536731521,2018-09-12 5:52:01,"Information Support, Emotional Support, Esteem Support, Group Interaction",Internalized
,,,,,,,,,,9djx5k,sexualassault,e5iapy2,1536257190,2018-09-06 18:06:30,"Information Support, Esteem Support","Experienced, Internalized, Anticipated"
,,,,,,,,,,9dahpm,sexualassault,e5genbz,1536179193,2018-09-05 20:26:33,"Information Support, Esteem Support","Experienced, Internalized, Anticipated"
,,,,,,,,,,9cl78m,sexualassault,e5brefu,1535992333,2018-09-03 16:32:13,Information Support,"Experienced, Structural"
,,,,,,,,,,9cl78m,sexualassault,e5d4qbg,1536044962,2018-09-04 7:09:22,Information Support,"Experienced, Structural"
,,,,,,,,,,9cl78m,sexualassault,e5bjrfp,1535984852,2018-09-03 14:27:32,Information Support,"Experienced, Structural"
,,,,,,,,,,9c5use,sexualassault,e58jjz4,1535841914,2018-09-01 22:45:14,"Information Support, Emotional Support, Group Interaction","Anticipated, Structural"
,,,,,,,,,,9bh02t,sexualassault,e54x64y,1535685997,2018-08-31 3:26:37,"Information Support, Emotional Support, Esteem Support, Tangible Assistance","Experienced, Internalized, Anticipated"
,,,,,,,,,,9b69oc,sexualassault,e511m0w,1535541248,2018-08-29 11:14:08,Esteem Support,"Experienced, Internalized, Anticipated"
,,,,,,,,,,9at5yn,sexualassault,e4xxf7t,1535408068,2018-08-27 22:14:28,"Information Support, Esteem Support",Internalized
,,,,,,,,,,9at5yn,sexualassault,e4xwv9w,1535407509,2018-08-27 22:05:09,Information Support,Internalized
,,,,,,,,,,99yi99,sexualassault,e4rbiij,1535125534,2018-08-24 15:45:34,Information Support,Experienced
,,,,,,,,,,99jm0b,sexualassault,e4oekmc,1535001097,2018-08-23 5:11:37,"Information Support, Esteem Support, Group Interaction","Experienced, Internalized, Anticipated"
,,,,,,,,,,993o3f,sexualassault,e4kww04,1534870953,2018-08-21 17:02:33,Group Interaction,Anticipated
,,,,,,,,,,993o3f,sexualassault,e4mb1w7,1534921005,2018-08-22 6:56:45,"Information Support, Emotional Support, Esteem Support",Anticipated
,,,,,,,,,,993o3f,sexualassault,e4orr6e,1535025060,2018-08-23 11:51:00,"Information Support, Group Interaction",Anticipated
,,,,,,,,,,990eb7,sexualassault,e4li2ck,1534888749,2018-08-21 21:59:09,Information Support,Internalized
,,,,,,,,,,990eb7,sexualassault,e4l8z72,1534881067,2018-08-21 19:51:07,Esteem Support,Internalized
,,,,,,,,,,98y86n,sexualassault,e4jz9qu,1534826180,2018-08-21 4:36:20,Information Support,"Experienced, Internalized"
,,,,,,,,,,98vhjw,sexualassault,e4j4urs,1534790002,2018-08-20 18:33:22,"Emotional Support, Esteem Support, Group Interaction","Internalized, Anticipated"
,,,,,,,,,,98rv16,sexualassault,e4ja199,1534794406,2018-08-20 19:46:46,,Internalized
,,,,,,,,,,98rv16,sexualassault,e4idj1q,1534762041,2018-08-20 10:47:21,"Information Support, Esteem Support",Internalized
,,,,,,,,,,98pgoj,sexualassault,e4hygpo,1534735386,2018-08-20 3:23:06,"Information Support, Emotional Support, Esteem Support, Group Interaction","Experienced, Internalized, Anticipated"
,,,,,,,,,,98eln9,sexualassault,e4k2tfq,1534831256,2018-08-21 6:00:56,Esteem Support,"Experienced, Anticipated"
,,,,,,,,,,98eln9,sexualassault,e4k7u8r,1534840885,2018-08-21 8:41:25,"Information Support, Emotional Support, Esteem Support, Tangible Assistance","Experienced, Anticipated"
,,,,,,,,,,989hcw,sexualassault,e4eqaf3,1534599766,2018-08-18 13:42:46,Information Support,"Experienced, Anticipated"
,,,,,,,,,,989hcw,sexualassault,e4hxs9j,1534734600,2018-08-20 3:10:00,"Emotional Support, Esteem Support","Experienced, Anticipated"
,,,,,,,,,,96vtir,sexualassault,e4edsj7,1534575678,2018-08-18 7:01:18,"Information Support, Emotional Support",Internalized
,,,,,,,,,,96jxn2,sexualassault,e410krg,1534023589,2018-08-11 21:39:49,Esteem Support,"Experienced, Internalized, Anticipated"
,,,,,,,,,,964rky,sexualassault,e3xzepo,1533900556,2018-08-10 11:29:16,Emotional Support,"Experienced, Internalized, Anticipated, Structural"
,,,,,,,,,,961wll,sexualassault,e401zeg,1533981968,2018-08-11 10:06:08,"Information Support, Esteem Support",Internalized
,,,,,,,,,,949vnn,sexualassault,e3zxgxi,1533972172,2018-08-11 7:22:52,"Emotional Support, Group Interaction",Internalized
,,,,,,,,,,93vacv,sexualassault,e43ezkp,1534130561,2018-08-13 3:22:41,"Information Support, Emotional Support, Esteem Support, Tangible Assistance",Internalized
,,,,,,,,,,93l36d,sexualassault,e3ee5gi,1533106538,2018-08-01 6:55:38,"Information Support, Esteem Support","Internalized, Anticipated"
,,,,,,,,,,93l36d,sexualassault,e3he038,1533228373,2018-08-02 16:46:13,"Information Support, Esteem Support","Internalized, Anticipated"
,,,,,,,,,,92x2wi,sexualassault,e39iw7g,1532910247,2018-07-30 0:24:07,"Emotional Support, Esteem Support, Group Interaction","Internalized, Anticipated"
,,,,,,,,,,92x2wi,sexualassault,e395xgi,1532896603,2018-07-29 20:36:43,Esteem Support,"Internalized, Anticipated"
,,,,,,,,,,92x2wi,sexualassault,e39qs1i,1532919037,2018-07-30 2:50:37,"Information Support, Emotional Support, Esteem Support, Group Interaction","Internalized, Anticipated"
,,,,,,,,,,92x2wi,sexualassault,e395tpp,1532896497,2018-07-29 20:34:57,,"Internalized, Anticipated"
,,,,,,,,,,92jpjq,sexualassault,e36o64b,1532785381,2018-07-28 13:43:01,"Information Support, Emotional Support","Experienced, Internalized, Anticipated"
,,,,,,,,,,92jpjq,sexualassault,e3fevqj,1533148541,2018-08-01 18:35:41,Information Support,"Experienced, Internalized, Anticipated"
,,,,,,,,,,91zb93,sexualassault,e31yif3,1532583943,2018-07-26 5:45:43,,"Experienced, Internalized, Anticipated"
,,,,,,,,,,91zb93,sexualassault,e31z2sz,1532584820,2018-07-26 6:00:20,Information Support,"Experienced, Internalized, Anticipated"
,,,,,,,,,,91cavq,sexualassault,e2xrmg1,1532429111,2018-07-24 10:45:11,"Information Support, Emotional Support","Experienced, Internalized, Anticipated, Structural"
,,,,,,,,,,915jon,sexualassault,e2wltdp,1532377832,2018-07-23 20:30:32,"Information Support, Emotional Support, Esteem Support, Group Interaction","Experienced, Internalized, Anticipated"
,,,,,,,,,,915jon,sexualassault,e30lmiq,1532537802,2018-07-25 16:56:42,"Emotional Support, Group Interaction","Experienced, Internalized, Anticipated"
,,,,,,,,,,90ldzi,sexualassault,e2rm5le,1532147667,2018-07-21 4:34:27,Information Support,"Experienced, Internalized, Anticipated"
,,,,,,,,,,8zsqzq,sexualassault,e2wmuym,1532378721,2018-07-23 20:45:21,"Information Support, Emotional Support, Tangible Assistance",Anticipated
,,,,,,,,,,8zsqzq,sexualassault,e2zijmo,1532488438,2018-07-25 3:13:58,"Emotional Support, Group Interaction",Anticipated
,,,,,,,,,,8zdoy3,sexualassault,e2i87jh,1531777341,2018-07-16 21:42:21,"Information Support, Emotional Support, Esteem Support","Experienced, Anticipated"
,,,,,,,,,,8zdoy3,sexualassault,e3l1391,1533367787,2018-08-04 7:29:47,"Information Support, Emotional Support, Esteem Support","Experienced, Anticipated"
,,,,,,,,,,8z8teo,sexualassault,e2h3nw1,1531738276,2018-07-16 10:51:16,"Information Support, Esteem Support",
,,,,,,,,,,8z8teo,sexualassault,e2huql8,1531765928,2018-07-16 18:32:08,"Esteem Support, Group Interaction",
,,,,,,,,,,8z8teo,sexualassault,e31cvdd,1532560532,2018-07-25 23:15:32,Information Support,
,,,,,,,,,,8z8teo,sexualassault,e493k81,1534364110,2018-08-15 20:15:10,"Information Support, Emotional Support",
,,,,,,,,,,8yxsyf,sexualassault,e2fiqq1,1531668771,2018-07-15 15:32:51,"Emotional Support, Esteem Support","Internalized, Structural"
,,,,,,,,,,8y8pb9,sexualassault,e28zfsm,1531395545,2018-07-12 11:39:05,"Information Support, Emotional Support, Esteem Support",Internalized
,,,,,,,,,,8y7j31,sexualassault,e2wnymc,1532379676,2018-07-23 21:01:16,"Emotional Support, Esteem Support",Internalized
,,,,,,,,,,8y5r69,sexualassault,e28jejy,1531368773,2018-07-12 4:12:53,"Information Support, Emotional Support, Esteem Support, Group Interaction","Experienced, Internalized"
,,,,,,,,,,8y5r69,sexualassault,e28n2wn,1531373578,2018-07-12 5:32:58,"Information Support, Esteem Support, Group Interaction","Experienced, Internalized"
,,,,,,,,,,8y5r69,sexualassault,e2surjr,1532209592,2018-07-21 21:46:32,Information Support,"Experienced, Internalized"
,,,,,,,,,,8xvzh9,sexualassault,e26w9gn,1531317564,2018-07-11 13:59:24,Information Support,Internalized
,,,,,,,,,,8x2cyw,sexualassault,e20jgpi,1531075028,2018-07-08 18:37:08,"Information Support, Emotional Support, Esteem Support","Experienced, Internalized, Anticipated"
,,,,,,,,,,8wzyww,sexualassault,e207yng,1531063578,2018-07-08 15:26:18,,Anticipated
,,,,,,,,,,8wzyww,sexualassault,e3gn241,1533196398,2018-08-02 7:53:18,Group Interaction,Anticipated
,,,,,,,,,,8wtpyl,sexualassault,e1zgq3i,1531019099,2018-07-08 3:04:59,Emotional Support,
,,,,,,,,,,8wrais,sexualassault,e3kxn6x,1533361704,2018-08-04 5:48:24,Group Interaction,"Experienced, Internalized, Anticipated, Structural"
,,,,,,,,,,8wgmul,sexualassault,e1wk4y8,1530899967,2018-07-06 17:59:27,"Information Support, Emotional Support, Esteem Support","Experienced, Internalized, Anticipated"
,,,,,,,,,,8v6ahe,sexualassault,e1l2ayb,1530414920,2018-07-01 3:15:20,Information Support,"Experienced, Internalized, Anticipated, Structural"
,,,,,,,,,,8uo1c1,sexualassault,e1gt7ag,1530225431,2018-06-28 22:37:11,,Internalized
,,,,,,,,,,8uo1c1,sexualassault,e1jecp3,1530333763,2018-06-30 4:42:43,"Information Support, Group Interaction",Internalized
,,,,,,,,,,8uo1c1,sexualassault,e1hpbls,1530269744,2018-06-29 10:55:44,,Internalized
,,,,,,,,,,8uo1c1,sexualassault,e1iahns,1530292095,2018-06-29 17:08:15,Group Interaction,Internalized
,,,,,,,,,,8uo1c1,sexualassault,e1l8e84,1530422470,2018-07-01 5:21:10,"Information Support, Emotional Support, Group Interaction",Internalized
,,,,,,,,,,8tzeuk,sexualassault,e1eoif9,1530139062,2018-06-27 22:37:42,Information Support,"Experienced, Structural"
,,,,,,,,,,8tzeuk,sexualassault,e1gfnx6,1530213509,2018-06-28 19:18:29,Information Support,"Experienced, Structural"
,,,,,,,,,,8tnwxl,sexualassault,e191r31,1529911516,2018-06-25 7:25:16,"Information Support, Emotional Support","Experienced, Internalized, Anticipated"
,,,,,,,,,,8tf7eb,sexualassault,e17fqrg,1529840435,2018-06-24 11:40:35,"Information Support, Emotional Support, Esteem Support",Internalized
,,,,,,,,,,8s69og,sexualassault,e1j51pq,1530322032,2018-06-30 1:27:12,"Information Support, Emotional Support, Esteem Support",Internalized
,,,,,,,,,,8rwzqx,sexualassault,e0vc9og,1529330310,2018-06-18 13:58:30,"Information Support, Esteem Support","Internalized, Anticipated"
,,,,,,,,,,8rwzqx,sexualassault,e0v47qo,1529318784,2018-06-18 10:46:24,"Information Support, Emotional Support, Tangible Assistance","Internalized, Anticipated"
,,,,,,,,,,8rwzqx,sexualassault,e10o3qo,1529535669,2018-06-20 23:01:09,Information Support,"Internalized, Anticipated"
,,,,,,,,,,8rwfdu,sexualassault,e0uqv1p,1529293454,2018-06-18 3:44:14,"Information Support, Esteem Support","Internalized, Anticipated"
,,,,,,,,,,8rs49e,sexualassault,e0u96d3,1529273327,2018-06-17 22:08:47,"Information Support, Emotional Support, Tangible Assistance","Internalized, Anticipated"
,,,,,,,,,,8rs49e,sexualassault,e10o98h,1529535822,2018-06-20 23:03:42,"Information Support, Esteem Support","Internalized, Anticipated"
,,,,,,,,,,8rs49e,sexualassault,e0uqb8w,1529292754,2018-06-18 3:32:34,,"Internalized, Anticipated"
,,,,,,,,,,8rs49e,sexualassault,e0uqybl,1529293575,2018-06-18 3:46:15,"Information Support, Esteem Support","Internalized, Anticipated"
,,,,,,,,,,8rs49e,sexualassault,e111i3e,1529549959,2018-06-21 2:59:19,"Information Support, Group Interaction","Internalized, Anticipated"
,,,,,,,,,,8rpqpn,sexualassault,e0tbx6j,1529233772,2018-06-17 11:09:32,"Emotional Support, Esteem Support","Experienced, Internalized"
,,,,,,,,,,8rpqpn,sexualassault,e0tconc,1529235403,2018-06-17 11:36:43,Group Interaction,"Experienced, Internalized"
,,,,,,,,,,8rpqpn,sexualassault,e41w8am,1534065580,2018-08-12 9:19:40,,"Experienced, Internalized"
,,,,,,,,,,8rn1ca,sexualassault,e0szu4l,1529209003,2018-06-17 4:16:43,Information Support,"Internalized, Structural"
,,,,,,,,,,8res69,sexualassault,e0r0al6,1529111463,2018-06-16 1:11:03,"Emotional Support, Esteem Support","Internalized, Anticipated"
,,,,,,,,,,8res69,sexualassault,e1gtnb0,1530225875,2018-06-28 22:44:35,,"Internalized, Anticipated"
,,,,,,,,,,8res69,sexualassault,e0qsl9e,1529102626,2018-06-15 22:43:46,,"Internalized, Anticipated"
,,,,,,,,,,8rc6fn,sexualassault,e0qk8hg,1529094359,2018-06-15 20:25:59,"Information Support, Esteem Support","Internalized, Anticipated"
,,,,,,,,,,8rc6fn,sexualassault,e0qgj0l,1529091129,2018-06-15 19:32:09,Information Support,"Internalized, Anticipated"
,,,,,,,,,,8r8vp8,sexualassault,e0q2ur7,1529079580,2018-06-15 16:19:40,"Information Support, Emotional Support",
,,,,,,,,,,8r8vp8,sexualassault,e0q021z,1529077181,2018-06-15 15:39:41,"Information Support, Esteem Support",
,,,,,,,,,,8r8vp8,sexualassault,e128a26,1529604268,2018-06-21 18:04:28,Emotional Support,
,,,,,,,,,,8r8vp8,sexualassault,e1ihdab,1530298039,2018-06-29 18:47:19,"Information Support, Emotional Support, Esteem Support",
,,,,,,,,,,8r7hni,sexualassault,e0p5urn,1529033717,2018-06-15 3:35:17,"Information Support, Esteem Support","Experienced, Internalized, Anticipated"
,,,,,,,,,,8qo572,sexualassault,e0n44xu,1528947518,2018-06-14 3:38:38,Information Support,"Anticipated, Structural"
,,,,,,,,,,8qo572,sexualassault,e1iiuan,1530299351,2018-06-29 19:09:11,"Information Support, Emotional Support, Esteem Support","Anticipated, Structural"
,,,,,,,,,,8qo572,sexualassault,e0krf47,1528852109,2018-06-13 1:08:29,"Information Support, Emotional Support, Esteem Support","Anticipated, Structural"
,,,,,,,,,,8qo572,sexualassault,e0l5tnv,1528869824,2018-06-13 6:03:44,Information Support,"Anticipated, Structural"
,,,,,,,,,,8qkz8f,sexualassault,e0l8mlj,1528874867,2018-06-13 7:27:47,"Information Support, Esteem Support","Experienced, Internalized"
,,,,,,,,,,8q9l58,sexualassault,e0hz9x5,1528744339,2018-06-11 19:12:19,"Information Support, Emotional Support, Esteem Support",Internalized
,,,,,,,,,,8q8tjp,sexualassault,e0j7nij,1528795830,2018-06-12 9:30:30,"Information Support, Emotional Support, Esteem Support","Internalized, Anticipated"
,,,,,,,,,,8q8tjp,sexualassault,e0n3agh,1528946517,2018-06-14 3:21:57,"Information Support, Emotional Support, Esteem Support","Internalized, Anticipated"
,,,,,,,,,,8q8tjp,sexualassault,e0hz8fl,1528744303,2018-06-11 19:11:43,"Information Support, Esteem Support","Internalized, Anticipated"
,,,,,,,,,,8ptvaq,sexualassault,e0gxdy6,1528692359,2018-06-11 4:45:59,"Information Support, Emotional Support, Esteem Support, Tangible Assistance, Group Interaction","Internalized, Anticipated"
,,,,,,,,,,8ptvaq,sexualassault,e0gbnvg,1528667859,2018-06-10 21:57:39,"Information Support, Emotional Support, Esteem Support","Internalized, Anticipated"
,,,,,,,,,,8pnigh,sexualassault,e0cspme,1528499230,2018-06-08 23:07:10,Information Support,
,,,,,,,,,,8pnigh,sexualassault,e0d66l3,1528514676,2018-06-09 3:24:36,"Information Support, Esteem Support",
,,,,,,,,,,8pi5vz,sexualassault,e0gxn4v,1528692797,2018-06-11 4:53:17,"Information Support, Emotional Support, Esteem Support",Anticipated
,,,,,,,,,,8pi5vz,sexualassault,e0d67gx,1528514701,2018-06-09 3:25:01,"Information Support, Esteem Support, Group Interaction",Anticipated
,,,,,,,,,,8p35sr,sexualassault,e082zop,1528311574,2018-06-06 18:59:34,"Information Support, Emotional Support, Group Interaction",Experienced
,,,,,,,,,,8p35sr,sexualassault,e0ac06q,1528401137,2018-06-07 19:52:17,"Information Support, Esteem Support",Experienced
,,,,,,,,,,8nxf7q,sexualassault,e0afrsy,1528404382,2018-06-07 20:46:22,"Information Support, Esteem Support, Group Interaction","Experienced, Internalized, Anticipated"
,,,,,,,,,,8n3g1a,sexualassault,dzxr93d,1527857816,2018-06-01 12:56:56,"Information Support, Esteem Support",Internalized
,,,,,,,,,,8n3g1a,sexualassault,dzskjqa,1527637344,2018-05-29 23:42:24,"Information Support, Emotional Support, Esteem Support",Internalized
,,,,,,,,,,8n34bu,sexualassault,e0agae7,1528404836,2018-06-07 20:53:56,"Information Support, Emotional Support, Esteem Support",Experienced
,,,,,,,,,,8n34bu,sexualassault,dzyvnrr,1527895892,2018-06-01 23:31:32,Information Support,Experienced
,,,,,,,,,,8n34bu,sexualassault,dzv2fmk,1527738485,2018-05-31 3:48:05,Information Support,Experienced
,,,,,,,,,,8n0e5l,sexualassault,dzwd16b,1527796164,2018-05-31 19:49:24,"Emotional Support, Esteem Support","Experienced, Internalized, Anticipated"
,,,,,,,,,,8n0e5l,sexualassault,dzwfwv5,1527798703,2018-05-31 20:31:43,Group Interaction,"Experienced, Internalized, Anticipated"
,,,,,,,,,,8n0e5l,sexualassault,e0aghzp,1528405019,2018-06-07 20:56:59,"Information Support, Esteem Support","Experienced, Internalized, Anticipated"
,,,,,,,,,,8mwjzu,sexualassault,dzrs8vr,1527611843,2018-05-29 16:37:23,"Information Support, Emotional Support, Esteem Support, Tangible Assistance","Internalized, Anticipated"
,,,,,,,,,,8mwjzu,sexualassault,e0aglse,1528405112,2018-06-07 20:58:32,"Information Support, Esteem Support","Internalized, Anticipated"
,,,,,,,,,,8lq44v,sexualassault,dzhkn4l,1527138439,2018-05-24 5:07:19,Information Support,Experienced
,,,,,,,,,,8lq44v,sexualassault,dzidhg9,1527179713,2018-05-24 16:35:13,Information Support,Experienced
,,,,,,,,,,8lpyhg,sexualassault,dzjpdy0,1527232055,2018-05-25 7:07:35,Information Support,Internalized
,,,,,,,,,,8lkcup,sexualassault,dzg9smk,1527093369,2018-05-23 16:36:09,"Information Support, Group Interaction","Internalized, Anticipated"
,,,,,,,,,,8lkcup,sexualassault,dzh1too,1527118570,2018-05-23 23:36:10,"Information Support, Emotional Support, Esteem Support, Group Interaction","Internalized, Anticipated"
,,,,,,,,,,8lkcup,sexualassault,dzh2t3j,1527119618,2018-05-23 23:53:38,Information Support,"Internalized, Anticipated"
,,,,,,,,,,8lkcup,sexualassault,dzh4t2d,1527121686,2018-05-24 0:28:06,"Emotional Support, Esteem Support","Internalized, Anticipated"
,,,,,,,,,,8lkcup,sexualassault,e0agsnd,1528405281,2018-06-07 21:01:21,"Information Support, Emotional Support, Esteem Support","Internalized, Anticipated"
,,,,,,,,,,8lgym6,sexualassault,dzfpn9n,1527070538,2018-05-23 10:15:38,,"Experienced, Anticipated"
,,,,,,,,,,8lgym6,sexualassault,dzfi0dl,1527054472,2018-05-23 5:47:52,Group Interaction,"Experienced, Anticipated"
,,,,,,,,,,8lgym6,sexualassault,e0ah1up,1528405513,2018-06-07 21:05:13,"Information Support, Esteem Support, Group Interaction","Experienced, Anticipated"
,,,,,,,,,,8l89d7,sexualassault,dzeaorm,1527009881,2018-05-22 17:24:41,,Internalized
,,,,,,,,,,8l89d7,sexualassault,dzjpgde,1527232190,2018-05-25 7:09:50,Information Support,Internalized
,,,,,,,,,,8l89d7,sexualassault,dzjpn01,1527232565,2018-05-25 7:16:05,Information Support,Internalized
,,,,,,,,,,8l89d7,sexualassault,e1bccvn,1530015266,2018-06-26 12:14:26,"Information Support, Esteem Support",Internalized
,,,,,,,,,,8l88e4,sexualassault,dzealwy,1527009812,2018-05-22 17:23:32,Tangible Assistance,Internalized
,,,,,,,,,,8l0h1r,sexualassault,dzbwfpu,1526908433,2018-05-21 13:13:53,"Information Support, Emotional Support, Esteem Support, Tangible Assistance","Internalized, Anticipated"
,,,,,,,,,,8l0h1r,sexualassault,dzhh9lb,1527133853,2018-05-24 3:50:53,"Information Support, Emotional Support, Esteem Support","Internalized, Anticipated"
,,,,,,,,,,8l0h1r,sexualassault,dzdepqc,1526964708,2018-05-22 4:51:48,Information Support,"Internalized, Anticipated"
,,,,,,,,,,8l0h1r,sexualassault,e04sza5,1528172075,2018-06-05 4:14:35,"Information Support, Emotional Support","Internalized, Anticipated"
,,,,,,,,,,8l0h1r,sexualassault,e0ai5nv,1528406532,2018-06-07 21:22:12,"Information Support, Esteem Support","Internalized, Anticipated"
,,,,,,,,,,8kjbtz,sexualassault,e0ajwo2,1528408161,2018-06-07 21:49:21,"Information Support, Esteem Support",Anticipated
,,,,,,,,,,8k8d54,sexualassault,dzblplj,1526887275,2018-05-21 7:21:15,"Emotional Support, Esteem Support","Experienced, Anticipated, Structural"
,,,,,,,,,,8k8d54,sexualassault,e0du0u7,1528555737,2018-06-09 14:48:57,"Information Support, Esteem Support","Experienced, Anticipated, Structural"
,,,,,,,,,,8jq7jy,sexualassault,e0aj766,1528407502,2018-06-07 21:38:22,"Information Support, Esteem Support","Internalized, Anticipated"
,,,,,,,,,,8jpf67,sexualassault,dz21s83,1526443782,2018-05-16 4:09:42,"Information Support, Emotional Support, Esteem Support, Tangible Assistance","Experienced, Internalized, Anticipated"
,,,,,,,,,,8jpf67,sexualassault,e04shu4,1528171451,2018-06-05 4:04:11,"Information Support, Emotional Support, Esteem Support","Experienced, Internalized, Anticipated"
,,,,,,,,,,8jpf67,sexualassault,e0ahiv7,1528405950,2018-06-07 21:12:30,"Information Support, Emotional Support, Esteem Support","Experienced, Internalized, Anticipated"
,,,,,,,,,,8jojtf,sexualassault,dz1m9um,1526427995,2018-05-15 23:46:35,"Information Support, Emotional Support, Esteem Support",Internalized
,,,,,,,,,,8iqgtp,sexualassault,e0ajz8k,1528408228,2018-06-07 21:50:28,"Information Support, Esteem Support, Group Interaction",
,,,,,,,,,,8ilern,sexualassault,dysuig3,1526028275,2018-05-11 8:44:35,"Information Support, Emotional Support, Esteem Support",Structural
,,,,,,,,,,8hkl1o,sexualassault,dylx0th,1525730115,2018-05-07 21:55:15,"Emotional Support, Esteem Support, Tangible Assistance, Group Interaction",Internalized
,,,,,,,,,,8hkl1o,sexualassault,dzbl5hr,1526886089,2018-05-21 7:01:29,"Information Support, Group Interaction",Internalized
,,,,,,,,,,8hkl1o,sexualassault,e0ahuqm,1528406252,2018-06-07 21:17:32,"Information Support, Esteem Support",Internalized
,,,,,,,,,,8fx32u,sexualassault,dy93x6y,1525149499,2018-05-01 4:38:19,"Information Support, Emotional Support, Esteem Support","Experienced, Internalized, Anticipated"
,,,,,,,,,,8ffl2n,sexualassault,e0du8q3,1528555991,2018-06-09 14:53:11,"Information Support, Esteem Support","Experienced, Internalized"
,,,,,,,,,,8fajqe,sexualassault,e0gcfys,1528668632,2018-06-10 22:10:32,"Information Support, Emotional Support, Esteem Support","Experienced, Internalized, Anticipated"
,,,,,,,,,,8erhcu,sexualassault,dxxpmg8,1524654152,2018-04-25 11:02:32,"Information Support, Emotional Support, Esteem Support","Internalized, Anticipated"
,,,,,,,,,,8erhcu,sexualassault,dy11hgo,1524783272,2018-04-26 22:54:32,"Information Support, Emotional Support, Group Interaction","Internalized, Anticipated"
,,,,,,,,,,8dn2o2,sexualassault,dxp8j4g,1524256631,2018-04-20 20:37:11,"Information Support, Emotional Support, Esteem Support, Group Interaction",
,,,,,,,,,,8dn2o2,sexualassault,dyzkpn0,1526341568,2018-05-14 23:46:08,"Information Support, Esteem Support",
,,,,,,,,,,8d9dbm,sexualassault,dxlxq52,1524110731,2018-04-19 4:05:31,"Emotional Support, Esteem Support",Internalized
,,,,,,,,,,8d9dbm,sexualassault,dxlzc8d,1524112782,2018-04-19 4:39:42,"Information Support, Emotional Support, Esteem Support",Internalized
,,,,,,,,,,8cusgg,sexualassault,dyzkwhb,1526341785,2018-05-14 23:49:45,"Information Support, Emotional Support, Esteem Support","Internalized, Anticipated"
,,,,,,,,,,8cusgg,sexualassault,e0gct4k,1528669005,2018-06-10 22:16:45,"Information Support, Emotional Support, Esteem Support","Internalized, Anticipated"
,,,,,,,,,,8c04fx,sexualassault,dxbu4vw,1523663368,2018-04-13 23:49:28,Information Support,"Internalized, Anticipated"
,,,,,,,,,,8c04fx,sexualassault,e0gcw93,1528669094,2018-06-10 22:18:14,"Information Support, Esteem Support","Internalized, Anticipated"
,,,,,,,,,,8at5hr,sexualassault,dx3ul24,1523327250,2018-04-10 2:27:30,"Information Support, Emotional Support","Experienced, Internalized, Anticipated, Structural"
,,,,,,,,,,8at5hr,sexualassault,e0dw9j6,1528558267,2018-06-09 15:31:07,"Information Support, Emotional Support, Esteem Support","Experienced, Internalized, Anticipated, Structural"
,,,,,,,,,,8afvwk,sexualassault,dwzj1qu,1523138185,2018-04-07 21:56:25,"Emotional Support, Esteem Support","Experienced, Internalized, Anticipated"
,,,,,,,,,,8afvwk,sexualassault,e0dwnxs,1528558717,2018-06-09 15:38:37,"Information Support, Emotional Support, Esteem Support","Experienced, Internalized, Anticipated"
,,,,,,,,,,8a1h5i,sexualassault,dwzas32,1523129014,2018-04-07 19:23:34,"Information Support, Emotional Support, Esteem Support",Internalized
,,,,,,,,,,8a1h5i,sexualassault,e0aiwpw,1528407230,2018-06-07 21:33:50,"Information Support, Esteem Support, Group Interaction",Internalized
,,,,,,,,,,88nu9r,sexualassault,dwmlpg8,1522592460,2018-04-01 14:21:00,Information Support,Internalized
,,,,,,,,,,88nu9r,sexualassault,dwnh1rm,1522628143,2018-04-02 0:15:43,"Information Support, Esteem Support, Group Interaction",Internalized
,,,,,,,,,,88k0et,sexualassault,e0dwsv8,1528558868,2018-06-09 15:41:08,"Information Support, Emotional Support, Esteem Support","Experienced, Internalized, Anticipated"
,,,,,,,,,,88k0et,sexualassault,dwminba,1522588024,2018-04-01 13:07:04,"Information Support, Emotional Support, Esteem Support","Experienced, Internalized, Anticipated"
,,,,,,,,,,8872hf,sexualassault,dwj8amp,1522423775,2018-03-30 15:29:35,,"Internalized, Anticipated"
,,,,,,,,,,886ebp,sexualassault,dwpedhi,1522719823,2018-04-03 1:43:43,"Information Support, Emotional Support, Esteem Support, Tangible Assistance","Internalized, Anticipated"
,,,,,,,,,,886ebp,sexualassault,e0gd07s,1528669201,2018-06-10 22:20:01,"Information Support, Esteem Support, Group Interaction","Internalized, Anticipated"
,,,,,,,,,,86tqno,sexualassault,dw7r63n,1521906417,2018-03-24 15:46:57,"Emotional Support, Tangible Assistance",Internalized
,,,,,,,,,,86ow4k,sexualassault,e0gdcuj,1528669560,2018-06-10 22:26:00,"Information Support, Emotional Support, Esteem Support","Experienced, Anticipated"
,,,,,,,,,,86bqeq,sexualassault,dwel6ng,1522213674,2018-03-28 5:07:54,"Information Support, Esteem Support","Experienced, Anticipated, Structural"
,,,,,,,,,,85iuit,sexualassault,dw3wyd9,1521732530,2018-03-22 15:28:50,"Emotional Support, Group Interaction","Experienced, Internalized"
,,,,,,,,,,85iuit,sexualassault,e0dx7jf,1528559315,2018-06-09 15:48:35,"Information Support, Esteem Support","Experienced, Internalized"
,,,,,,,,,,85i0jk,sexualassault,dwlcji8,1522524747,2018-03-31 19:32:27,"Information Support, Emotional Support, Esteem Support","Experienced, Internalized, Anticipated"
,,,,,,,,,,85i0jk,sexualassault,e0b3csy,1528428289,2018-06-08 3:24:49,"Information Support, Esteem Support","Experienced, Internalized, Anticipated"
,,,,,,,,,,84zni4,sexualassault,dvtm1xu,1521242134,2018-03-16 23:15:34,"Information Support, Emotional Support, Esteem Support, Tangible Assistance, Group Interaction",Experienced
,,,,,,,,,,84hed0,sexualassault,dvqlqhn,1521120899,2018-03-15 13:34:59,"Information Support, Emotional Support, Esteem Support, Group Interaction","Experienced, Internalized"
,,,,,,,,,,83vrto,sexualassault,dvshhfg,1521200309,2018-03-16 11:38:29,,
,,,,,,,,,,83l2j5,sexualassault,dw3x58y,1521732709,2018-03-22 15:31:49,"Information Support, Emotional Support, Esteem Support",
,,,,,,,,,,83l2j5,sexualassault,e0dxdkn,1528559498,2018-06-09 15:51:38,"Information Support, Esteem Support",
,,,,,,,,,,83hqh0,sexualassault,e0dxh6l,1528559608,2018-06-09 15:53:28,"Information Support, Esteem Support","Experienced, Anticipated"
,,,,,,,,,,839r2w,sexualassault,dvl13fx,1520875043,2018-03-12 17:17:23,"Information Support, Emotional Support",Anticipated
,,,,,,,,,,839r2w,sexualassault,dw5clxl,1521785841,2018-03-23 6:17:21,"Information Support, Emotional Support, Esteem Support",Anticipated
,,,,,,,,,,839r2w,sexualassault,e0b3aiv,1528428221,2018-06-08 3:23:41,"Information Support, Emotional Support, Esteem Support",Anticipated
,,,,,,,,,,82vobx,sexualassault,e0e1kml,1528564020,2018-06-09 17:07:00,"Information Support, Esteem Support",Internalized
,,,,,,,,,,81sdjx,sexualassault,dv4xuij,1520112582,2018-03-03 21:29:42,"Information Support, Emotional Support","Experienced, Internalized"
,,,,,,,,,,81sdjx,sexualassault,dvd5e1g,1520491815,2018-03-08 6:50:15,"Information Support, Emotional Support","Experienced, Internalized"
,,,,,,,,,,81sdjx,sexualassault,e0e1s5o,1528564242,2018-06-09 17:10:42,"Information Support, Emotional Support, Esteem Support","Experienced, Internalized"
,,,,,,,,,,81o0gn,sexualassault,dv4qw1z,1520104520,2018-03-03 19:15:20,Information Support,Internalized
,,,,,,,,,,7zmcx2,sexualassault,e0e2is5,1528565032,2018-06-09 17:23:52,"Information Support, Esteem Support","Experienced, Anticipated"
,,,,,,,,,,7wz66f,sexualassault,du604vo,1518497716,2018-02-13 4:55:16,Group Interaction,Internalized
,,,,,,,,,,7wkbm3,sexualassault,du1lf70,1518286590,2018-02-10 18:16:30,"Information Support, Esteem Support","Experienced, Internalized, Anticipated"
,,,,,,,,,,7wkbm3,sexualassault,du9pkfk,1518664927,2018-02-15 3:22:07,Information Support,"Experienced, Internalized, Anticipated"
,,,,,,,,,,7wc4rh,sexualassault,dtzlhlf,1518190752,2018-02-09 15:39:12,"Information Support, Emotional Support, Esteem Support, Group Interaction",Internalized
,,,,,,,,,,7wc4rh,sexualassault,du3h1iw,1518383017,2018-02-11 21:03:37,Information Support,Internalized
,,,,,,,,,,7w2ix7,sexualassault,dtx5sre,1518074306,2018-02-08 7:18:26,"Information Support, Emotional Support, Esteem Support, Group Interaction",Anticipated
,,,,,,,,,,7w2ix7,sexualassault,du3l5s8,1518387539,2018-02-11 22:18:59,"Information Support, Group Interaction",Anticipated
,,,,,,,,,,7w2ix7,sexualassault,e0e30dg,1528565541,2018-06-09 17:32:21,Information Support,Anticipated
,,,,,,,,,,7vsqop,sexualassault,e0gdkdk,1528669774,2018-06-10 22:29:34,"Information Support, Esteem Support",
,,,,,,,,,,7ub6ts,sexualassault,dtlf73h,1517522923,2018-02-01 22:08:43,"Information Support, Esteem Support","Experienced, Internalized"
,,,,,,,,,,7ub6ts,sexualassault,dttus0n,1517936064,2018-02-06 16:54:24,,"Experienced, Internalized"
,,,,,,,,,,7ub6ts,sexualassault,du8hh59,1518620202,2018-02-14 14:56:42,"Information Support, Emotional Support, Tangible Assistance, Group Interaction","Experienced, Internalized"
,,,,,,,,,,7ub6ts,sexualassault,e0e390b,1528565799,2018-06-09 17:36:39,"Information Support, Esteem Support","Experienced, Internalized"
,,,,,,,,,,7u21k3,sexualassault,dtlf1po,1517522776,2018-02-01 22:06:16,"Information Support, Esteem Support",Internalized
,,,,,,,,,,7u21k3,sexualassault,dtyrbhk,1518142721,2018-02-09 2:18:41,"Information Support, Emotional Support, Esteem Support",Internalized
,,,,,,,,,,7u21k3,sexualassault,dvd79zm,1520495612,2018-03-08 7:53:32,"Information Support, Emotional Support, Esteem Support",Internalized
,,,,,,,,,,7u21k3,sexualassault,dtirp9d,1517411708,2018-01-31 15:15:08,"Information Support, Esteem Support, Tangible Assistance",Internalized
,,,,,,,,,,7u21k3,sexualassault,e0e3b6i,1528565863,2018-06-09 17:37:43,"Information Support, Esteem Support, Group Interaction",Internalized
,,,,,,,,,,7srcq5,sexualassault,dt72s2o,1516842298,2018-01-25 1:04:58,"Information Support, Emotional Support, Esteem Support",Internalized
,,,,,,,,,,7s9yg1,sexualassault,e0gdq1m,1528669936,2018-06-10 22:32:16,"Information Support, Esteem Support, Group Interaction","Experienced, Internalized, Anticipated"
,,,,,,,,,,7qov0g,sexualassault,dsr3qon,1516082414,2018-01-16 6:00:14,Emotional Support,"Experienced, Internalized, Anticipated"
,,,,,,,,,,7qov0g,sexualassault,dsrr9h2,1516121891,2018-01-16 16:58:11,"Information Support, Esteem Support","Experienced, Internalized, Anticipated"
,,,,,,,,,,7qov0g,sexualassault,dswcpg8,1516325371,2018-01-19 1:29:31,Esteem Support,"Experienced, Internalized, Anticipated"
,,,,,,,,,,7qov0g,sexualassault,dsxm115,1516389318,2018-01-19 19:15:18,"Information Support, Esteem Support, Group Interaction","Experienced, Internalized, Anticipated"
,,,,,,,,,,7qov0g,sexualassault,e0ahbud,1528405770,2018-06-07 21:09:30,"Information Support, Esteem Support","Experienced, Internalized, Anticipated"
,,,,,,,,,,7qhrj3,sexualassault,dsungsh,1516245648,2018-01-18 3:20:48,"Emotional Support, Esteem Support, Tangible Assistance","Experienced, Internalized"
,,,,,,,,,,7pqtod,sexualassault,dstypft,1516219584,2018-01-17 20:06:24,"Information Support, Emotional Support, Esteem Support","Experienced, Structural"
,,,,,,,,,,7pqtod,sexualassault,dstyqq1,1516219616,2018-01-17 20:06:56,"Information Support, Emotional Support, Esteem Support","Experienced, Structural"
,,,,,,,,,,7pqtod,sexualassault,e0e3z2y,1528566562,2018-06-09 17:49:22,"Information Support, Emotional Support, Esteem Support","Experienced, Structural"
,,,,,,,,,,7p6rpi,sexualassault,e0e417y,1528566625,2018-06-09 17:50:25,"Information Support, Emotional Support, Esteem Support","Internalized, Anticipated"
,,,,,,,,,,7p4xfl,sexualassault,dsnfzq5,1515901574,2018-01-14 3:46:14,"Information Support, Esteem Support",
,,,,,,,,,,7p4xfl,sexualassault,e0b3j4o,1528428480,2018-06-08 3:28:00,"Information Support, Emotional Support, Esteem Support, Group Interaction",
,,,,,,,,,,7ott20,sexualassault,dsngjck,1515902267,2018-01-14 3:57:47,"Information Support, Esteem Support, Group Interaction","Internalized, Anticipated"
,,,,,,,,,,7ott20,sexualassault,dscmn8e,1515381777,2018-01-08 3:22:57,Information Support,"Internalized, Anticipated"
,,,,,,,,,,7ott20,sexualassault,e0b3kbx,1528428516,2018-06-08 3:28:36,"Information Support, Emotional Support, Esteem Support","Internalized, Anticipated"
,,,,,,,,,,7nla8l,sexualassault,dsdo8qa,1515440221,2018-01-08 19:37:01,"Information Support, Emotional Support, Tangible Assistance, Group Interaction","Experienced, Anticipated"
,,,,,,,,,,7nla8l,sexualassault,e0e44ot,1528566728,2018-06-09 17:52:08,"Information Support, Esteem Support, Group Interaction","Experienced, Anticipated"
,,,,,,,,,,7mmdvb,sexualassault,ds60qew,1515046353,2018-01-04 6:12:33,"Information Support, Esteem Support","Experienced, Internalized, Anticipated"
,,,,,,,,,,7mmdvb,sexualassault,drv9vj0,1514480588,2017-12-28 17:03:08,"Information Support, Emotional Support, Esteem Support","Experienced, Internalized, Anticipated"
,,,,,,,,,,7mmdvb,sexualassault,drveovk,1514485801,2017-12-28 18:30:01,"Information Support, Emotional Support, Tangible Assistance","Experienced, Internalized, Anticipated"
,,,,,,,,,,7mlmem,sexualassault,druypjk,1514464721,2017-12-28 12:38:41,"Information Support, Emotional Support, Esteem Support","Experienced, Internalized, Anticipated"
,,,,,,,,,,7mlmem,sexualassault,dtf4q7g,1517247202,2018-01-29 17:33:22,"Information Support, Esteem Support","Experienced, Internalized, Anticipated"
,,,,,,,,,,7lhl59,sexualassault,drva7so,1514480969,2017-12-28 17:09:29,"Information Support, Group Interaction",Anticipated
,,,,,,,,,,7l7jet,sexualassault,drvajxj,1514481336,2017-12-28 17:15:36,"Emotional Support, Tangible Assistance","Experienced, Internalized, Anticipated, Structural"
,,,,,,,,,,7l7jet,sexualassault,e0e49qd,1528566875,2018-06-09 17:54:35,"Information Support, Esteem Support","Experienced, Internalized, Anticipated, Structural"
,,,,,,,,,,7krks6,sexualassault,e0e4bjf,1528566927,2018-06-09 17:55:27,"Information Support, Esteem Support","Experienced, Internalized, Anticipated"
,,,,,,,,,,7jycwd,sexualassault,drblb9t,1513396457,2017-12-16 3:54:17,"Esteem Support, Tangible Assistance, Group Interaction",Internalized
,,,,,,,,,,7i81qz,sexualassault,dqwrumd,1512668277,2017-12-07 17:37:57,Emotional Support,Internalized
,,,,,,,,,,7hvkh0,sexualassault,drdzykr,1513541385,2017-12-17 20:09:45,"Information Support, Emotional Support, Esteem Support, Tangible Assistance, Group Interaction",Internalized
,,,,,,,,,,7gsvgt,sexualassault,dqn25qj,1512181305,2017-12-02 2:21:45,Information Support,"Experienced, Internalized, Anticipated"
,,,,,,,,,,7gsvgt,sexualassault,dqlyutx,1512140255,2017-12-01 14:57:35,"Information Support, Esteem Support","Experienced, Internalized, Anticipated"
,,,,,,,,,,7g4o8d,sexualassault,dqhkgr0,1511923193,2017-11-29 2:39:53,Information Support,"Experienced, Internalized, Anticipated"
,,,,,,,,,,7fgdwk,sexualassault,drgzdu7,1513692824,2017-12-19 14:13:44,"Information Support, Group Interaction","Experienced, Internalized"
,,,,,,,,,,7f6gnb,sexualassault,g8vdrw9,1602737916,2020-10-15 4:58:36,Information Support,Experienced
,,,,,,,,,,7f6gnb,sexualassault,dq9usre,1511525396,2017-11-24 12:09:56,Information Support,Experienced
,,,,,,,,,,7etlry,sexualassault,dq87emq,1511421477,2017-11-23 7:17:57,"Emotional Support, Tangible Assistance","Internalized, Anticipated"
,,,,,,,,,,7edpi3,sexualassault,dq5v8ck,1511303260,2017-11-21 22:27:40,"Information Support, Emotional Support","Experienced, Internalized"
,,,,,,,,,,7edpi3,sexualassault,dqvp4ev,1512610277,2017-12-07 1:31:17,"Information Support, Emotional Support, Esteem Support, Group Interaction","Experienced, Internalized"
,,,,,,,,,,7dpzpp,sexualassault,dqvpbxy,1512610525,2017-12-07 1:35:25,"Information Support, Esteem Support","Experienced, Internalized, Anticipated"
,,,,,,,,,,7dj2oo,sexualassault,dqh1p8v,1511903029,2017-11-28 21:03:49,Information Support,Internalized
,,,,,,,,,,7dj2oo,sexualassault,dqvtb01,1512615135,2017-12-07 2:52:15,"Information Support, Esteem Support",Internalized
,,,,,,,,,,7ctjlf,sexualassault,dptvsfj,1510701060,2017-11-14 23:11:00,"Information Support, Emotional Support, Esteem Support","Internalized, Anticipated"
,,,,,,,,,,7ctjlf,sexualassault,dpsmnt3,1510642190,2017-11-14 6:49:50,,"Internalized, Anticipated"
,,,,,,,,,,7csr72,sexualassault,dptwc6w,1510701666,2017-11-14 23:21:06,"Information Support, Emotional Support, Esteem Support","Experienced, Internalized, Anticipated"
,,,,,,,,,,7csr72,sexualassault,dqh35xu,1511904387,2017-11-28 21:26:27,Information Support,"Experienced, Internalized, Anticipated"
,,,,,,,,,,7ci70f,sexualassault,dpq5m24,1510525459,2017-11-12 22:24:19,"Esteem Support, Group Interaction","Internalized, Structural"
,,,,,,,,,,7ci70f,sexualassault,dqh44lb,1511905294,2017-11-28 21:41:34,Information Support,"Internalized, Structural"
,,,,,,,,,,7cg4ks,sexualassault,drev1sf,1513578876,2017-12-18 6:34:36,Information Support,Internalized
,,,,,,,,,,790bca,sexualassault,dp53os7,1509457324,2017-10-31 13:42:04,"Information Support, Group Interaction",Anticipated
,,,,,,,,,,784pzq,sexualassault,dor5gzu,1508728892,2017-10-23 3:21:32,"Information Support, Esteem Support","Internalized, Structural"
,,,,,,,,,,784pzq,sexualassault,dqh667t,1511907267,2017-11-28 22:14:27,Information Support,"Internalized, Structural"
,,,,,,,,,,782amq,sexualassault,dpdfbfz,1509877704,2017-11-05 10:28:24,"Information Support, Esteem Support","Experienced, Anticipated, Structural"
,,,,,,,,,,773hq6,sexualassault,dqh6wl0,1511908008,2017-11-28 22:26:48,Information Support,"Internalized, Anticipated"
,,,,,,,,,,76w8uw,sexualassault,doh6hzi,1508214802,2017-10-17 4:33:22,"Information Support, Emotional Support","Experienced, Internalized"
,,,,,,,,,,75ufs5,sexualassault,dohzijl,1508262801,2017-10-17 17:53:21,"Information Support, Emotional Support, Esteem Support","Experienced, Internalized"
,,,,,,,,,,74v619,sexualassault,dodyks9,1508043778,2017-10-15 5:02:58,"Emotional Support, Tangible Assistance, Group Interaction","Experienced, Internalized, Anticipated"
,,,,,,,,,,73qgve,sexualassault,dnsy66z,1506958471,2017-10-02 15:34:31,"Information Support, Emotional Support, Esteem Support, Tangible Assistance","Experienced, Internalized"
,,,,,,,,,,73ji6e,sexualassault,do0ndb6,1507337734,2017-10-07 0:55:34,"Information Support, Esteem Support, Tangible Assistance, Group Interaction","Internalized, Anticipated"
,,,,,,,,,,6yh5jz,sexualassault,dob8h76,1507901429,2017-10-13 13:30:29,"Information Support, Emotional Support","Experienced, Internalized, Anticipated"
,,,,,,,,,,6lo1l1,sexualassault,dkfn6qm,1500482535,2017-07-19 16:42:15,"Information Support, Emotional Support, Esteem Support, Tangible Assistance","Internalized, Anticipated"
,,,,,,,,,,6ln4x4,sexualassault,dkfnq4i,1500483072,2017-07-19 16:51:12,"Information Support, Emotional Support, Esteem Support, Tangible Assistance, Group Interaction",Internalized
,,,,,,,,,,6iog3r,sexualassault,djcjzil,1498326784,2017-06-24 17:53:04,"Information Support, Emotional Support, Esteem Support, Group Interaction",Internalized
,,,,,,,,,,6iog3r,sexualassault,djexuva,1498480814,2017-06-26 12:40:14,Information Support,Internalized
,,,,,,,,,,6hxikk,sexualassault,dj1ws61,1497756492,2017-06-18 3:28:12,"Information Support, Esteem Support, Group Interaction",Experienced
,,,,,,,,,,5tvh33,sexualassault,de8vnb2,1488138989,2017-02-26 19:56:29,"Information Support, Emotional Support, Esteem Support",Internalized
,,,,,,,,,,5qxk2s,sexualassault,dhm3usv,1494904780,2017-05-16 3:19:40,Information Support,Internalized
,,,,,,,,,,5irtrb,sexualassault,dbakhbs,1481939973,2016-12-17 1:59:33,"Information Support, Emotional Support, Tangible Assistance, Group Interaction","Experienced, Internalized, Anticipated"
,,,,,,,,,,5irtrb,sexualassault,dbam4g2,1481942753,2016-12-17 2:45:53,"Information Support, Emotional Support, Esteem Support","Experienced, Internalized, Anticipated"
,,,,,,,,,,5gcsqs,sexualassault,dar73wt,1480812337,2016-12-04 0:45:37,Information Support,Anticipated
,,,,,,,,,,5a0bfw,sexualassault,d9dgyz0,1477792495,2016-10-30 1:54:55,Tangible Assistance,"Experienced, Internalized, Anticipated, Structural"
,,,,,,,,,,5a0bfw,sexualassault,d9jc30j,1478138819,2016-11-03 2:06:59,"Information Support, Tangible Assistance","Experienced, Internalized, Anticipated, Structural"
,,,,,,,,,,4jtexv,sexualassault,d8wd66j,1476742363,2016-10-17 22:12:43,Emotional Support,"Experienced, Anticipated"
,,,,,,,,,,4jtexv,sexualassault,d9cokrn,1477745979,2016-10-29 12:59:39,Information Support,"Experienced, Anticipated"
,,,,,,,,,,olzhm4,meToo,h5ic5yq,1626524554,2021-07-17 12:22:34,"Emotional Support, Group Interaction",Structural
,,,,,,,,,,olzhm4,meToo,h5hqtpf,1626505849,2021-07-17 7:10:49,,Structural
,,,,,,,,,,olf2wo,meToo,h5f01s6,1626454446,2021-07-16 16:54:06,"Information Support, Emotional Support, Esteem Support",Anticipated
,,,,,,,,,,olf2wo,meToo,h7t35r8,1628172614,2021-08-05 14:10:14,Information Support,Anticipated
,,,,,,,,,,olf2wo,meToo,h7t37ax,1628172623,2021-08-05 14:10:23,Information Support,Anticipated
,,,,,,,,,,olf2wo,meToo,h5dwn6w,1626435280,2021-07-16 11:34:40,,Anticipated
,,,,,,,,,,okedph,meToo,h57b77m,1626298875,2021-07-14 21:41:15,,"Experienced, Internalized"
,,,,,,,,,,okedph,meToo,h5be9ul,1626380271,2021-07-15 20:17:51,"Information Support, Emotional Support, Esteem Support, Group Interaction","Experienced, Internalized"
,,,,,,,,,,oj36yu,meToo,h4za1n3,1626133738,2021-07-12 23:48:58,Emotional Support,"Experienced, Anticipated, Structural"
,,,,,,,,,,oj36yu,meToo,h5033fe,1626149782,2021-07-13 4:16:22,"Information Support, Emotional Support, Tangible Assistance, Group Interaction","Experienced, Anticipated, Structural"
,,,,,,,,,,oj36yu,meToo,h4z7kn8,1626132424,2021-07-12 23:27:04,,"Experienced, Anticipated, Structural"
,,,,,,,,,,og7vl6,meToo,h4h3gv6,1625753106,2021-07-08 14:05:06,,"Internalized, Anticipated"
,,,,,,,,,,oekvn3,meToo,h49ouc5,1625598376,2021-07-06 19:06:16,"Information Support, Emotional Support, Esteem Support, Tangible Assistance",Internalized
,,,,,,,,,,oefin7,meToo,h4nveaw,1625885714,2021-07-10 2:55:14,,Experienced
,,,,,,,,,,oefin7,meToo,h45wge9,1625516571,2021-07-05 20:22:51,,Experienced
,,,,,,,,,,od6b2t,meToo,h3yhs8n,1625346123,2021-07-03 21:02:03,,"Experienced, Anticipated"
,,,,,,,,,,od6b2t,meToo,h3ytms3,1625352730,2021-07-03 22:52:10,,"Experienced, Anticipated"
,,,,,,,,,,octlpy,meToo,h3whpb9,1625301393,2021-07-03 8:36:33,Group Interaction,Internalized
,,,,,,,,,,octlpy,meToo,h3wexhj,1625298737,2021-07-03 7:52:17,Tangible Assistance,Internalized
,,,,,,,,,,o7vrih,meToo,h319kz3,1624652644,2021-06-25 20:24:04,Tangible Assistance,"Experienced, Internalized, Anticipated"
,,,,,,,,,,o7pe13,meToo,h31gd92,1624655926,2021-06-25 21:18:46,"Information Support, Emotional Support, Esteem Support","Experienced, Anticipated, Structural"
,,,,,,,,,,o7pe13,meToo,h302on8,1624633148,2021-06-25 14:59:08,,"Experienced, Anticipated, Structural"
,,,,,,,,,,o69jy5,meToo,h2sc11l,1624467392,2021-06-23 16:56:32,"Emotional Support, Esteem Support",Internalized
,,,,,,,,,,o69jy5,meToo,h2sccxn,1624467519,2021-06-23 16:58:39,"Information Support, Tangible Assistance",Internalized
,,,,,,,,,,o69jy5,meToo,h2r1wp3,1624441434,2021-06-23 9:43:54,,Internalized
,,,,,,,,,,o5tbaa,meToo,h2rka4o,1624454714,2021-06-23 13:25:14,Information Support,Internalized
,,,,,,,,,,o5tbaa,meToo,h2tk87r,1624487490,2021-06-23 22:31:30,"Information Support, Emotional Support, Esteem Support",Internalized
,,,,,,,,,,o5tbaa,meToo,h2oe999,1624385279,2021-06-22 18:07:59,,Internalized
,,,,,,,,,,o56a22,meToo,h2l0we5,1624311488,2021-06-21 21:38:08,,"Experienced, Anticipated, Structural"
,,,,,,,,,,o56a22,meToo,h2tkvos,1624487823,2021-06-23 22:37:03,Information Support,"Experienced, Anticipated, Structural"
,,,,,,,,,,o4nhs7,meToo,h2i90sr,1624251546,2021-06-21 4:59:06,,"Experienced, Internalized"
,,,,,,,,,,o397ik,meToo,h2b2f1n,1624093685,2021-06-19 9:08:05,"Information Support, Emotional Support, Esteem Support","Experienced, Internalized, Structural"
,,,,,,,,,,o397ik,meToo,h2aouab,1624081295,2021-06-19 5:41:35,,"Experienced, Internalized, Structural"
,,,,,,,,,,o397ik,meToo,h2chpqq,1624126274,2021-06-19 18:11:14,Esteem Support,"Experienced, Internalized, Structural"
,,,,,,,,,,o2b7om,meToo,h25ik0q,1623974568,2021-06-18 0:02:48,"Information Support, Esteem Support",Internalized
,,,,,,,,,,o2b7om,meToo,h25tkti,1623980502,2021-06-18 1:41:42,"Information Support, Emotional Support",Internalized
,,,,,,,,,,o2b7om,meToo,h26t3mj,1624005066,2021-06-18 8:31:06,"Information Support, Esteem Support, Tangible Assistance, Group Interaction",Internalized
,,,,,,,,,,o2b7om,meToo,h27h213,1624022781,2021-06-18 13:26:21,Information Support,Internalized
,,,,,,,,,,o2b7om,meToo,h25g0vn,1623973220,2021-06-17 23:40:20,,Internalized
,,,,,,,,,,o2b7om,meToo,h29ct1w,1624053790,2021-06-18 22:03:10,"Emotional Support, Esteem Support",Internalized
,,,,,,,,,,o1tbbz,meToo,h2332pk,1623935516,2021-06-17 13:11:56,"Information Support, Esteem Support, Tangible Assistance",Internalized
,,,,,,,,,,o1tbbz,meToo,h251i47,1623965995,2021-06-17 21:39:55,"Information Support, Emotional Support",Internalized
,,,,,,,,,,o1tbbz,meToo,h22l2u7,1623923019,2021-06-17 9:43:39,,Internalized
,,,,,,,,,,nzydjb,meToo,h1s4hob,1623708401,2021-06-14 22:06:41,,"Experienced, Internalized"
,,,,,,,,,,nzydjb,meToo,h1sgwal,1623714391,2021-06-14 23:46:31,"Information Support, Esteem Support","Experienced, Internalized"
,,,,,,,,,,nxszmc,meToo,h1gktsv,1623453550,2021-06-11 23:19:10,Tangible Assistance,"Experienced, Anticipated, Structural"
,,,,,,,,,,nwzeog,meToo,h1by3bn,1623361501,2021-06-10 21:45:01,Tangible Assistance,"Experienced, Anticipated, Structural"
,,,,,,,,,,nwzeog,meToo,h1e5gvd,1623412339,2021-06-11 11:52:19,"Information Support, Tangible Assistance","Experienced, Anticipated, Structural"
,,,,,,,,,,nw3qag,meToo,h17kr35,1623277193,2021-06-09 22:19:53,"Information Support, Emotional Support, Esteem Support","Experienced, Internalized"
,,,,,,,,,,nw3qag,meToo,h16tb2p,1623265839,2021-06-09 19:10:39,,"Experienced, Internalized"
,,,,,,,,,,nw3qag,meToo,h3yjkrw,1625347095,2021-07-03 21:18:15,Information Support,"Experienced, Internalized"
,,,,,,,,,,ns4u4v,meToo,h0lrzmb,1622835541,2021-06-04 19:39:01,"Information Support, Emotional Support, Esteem Support",Internalized
,,,,,,,,,,ns4u4v,meToo,h0kb1uz,1622812444,2021-06-04 13:14:04,Tangible Assistance,Internalized
,,,,,,,,,,nruo17,meToo,h0ixq1p,1622778088,2021-06-04 3:41:28,"Emotional Support, Esteem Support","Experienced, Internalized, Anticipated"
,,,,,,,,,,nruo17,meToo,h0jttx3,1622801836,2021-06-04 10:17:16,Information Support,"Experienced, Internalized, Anticipated"
,,,,,,,,,,nruo17,meToo,h0iqj7k,1622774433,2021-06-04 2:40:33,,"Experienced, Internalized, Anticipated"
,,,,,,,,,,nq53gt,meToo,h09hpjn,1622598041,2021-06-02 1:40:41,Emotional Support,"Experienced, Internalized"
,,,,,,,,,,nq53gt,meToo,h08nf5q,1622582821,2021-06-01 21:27:01,Tangible Assistance,"Experienced, Internalized"
,,,,,,,,,,nq53gt,meToo,jqft9r6,1688339090,2023-07-02 23:04:50,Emotional Support,"Experienced, Internalized"
,,,,,,,,,,nk9ybm,meToo,gzc359c,1621901932,2021-05-25 0:18:52,"Information Support, Emotional Support, Esteem Support, Group Interaction","Experienced, Internalized"
,,,,,,,,,,nk9ybm,meToo,gzbovqp,1621894610,2021-05-24 22:16:50,,"Experienced, Internalized"
,,,,,,,,,,nk9ybm,meToo,gzbr6pc,1621895749,2021-05-24 22:35:49,Emotional Support,"Experienced, Internalized"
,,,,,,,,,,nk9ybm,meToo,gzccvt0,1621906963,2021-05-25 1:42:43,"Information Support, Esteem Support","Experienced, Internalized"
,,,,,,,,,,nk24ud,meToo,gzbnvz1,1621894121,2021-05-24 22:08:41,,"Experienced, Structural"
,,,,,,,,,,nk24ud,meToo,gzaevj8,1621874175,2021-05-24 16:36:15,,"Experienced, Structural"
,,,,,,,,,,nfm0ju,meToo,gyty1xa,1621523837,2021-05-20 15:17:17,"Information Support, Emotional Support",Structural
,,,,,,,,,,nfm0ju,meToo,gymfxtn,1621374994,2021-05-18 21:56:34,Information Support,Structural
,,,,,,,,,,nfavdc,meToo,gykf7wr,1621344888,2021-05-18 13:34:48,Tangible Assistance,Anticipated
,,,,,,,,,,n9p1wk,meToo,gxpkabd,1620724621,2021-05-11 9:17:01,"Information Support, Esteem Support","Experienced, Internalized"
,,,,,,,,,,n9p1wk,meToo,gxp1g78,1620708314,2021-05-11 4:45:14,,"Experienced, Internalized"
,,,,,,,,,,n9p1wk,meToo,gxpxrwl,1620735264,2021-05-11 12:14:24,"Information Support, Esteem Support","Experienced, Internalized"
,,,,,,,,,,n8umeo,meToo,gxkhi4o,1620616707,2021-05-10 3:18:27,Tangible Assistance,"Experienced, Internalized, Anticipated"
,,,,,,,,,,n8umeo,meToo,gxklpp5,1620619383,2021-05-10 4:03:03,"Information Support, Emotional Support, Group Interaction","Experienced, Internalized, Anticipated"
,,,,,,,,,,n7knfi,meToo,gxdf25m,1620467316,2021-05-08 9:48:36,Information Support,
,,,,,,,,,,n7knfi,meToo,gxd9y7q,1620462204,2021-05-08 8:23:24,,
,,,,,,,,,,n4zg5g,meToo,gwz2bu6,1620177413,2021-05-05 1:16:53,"Information Support, Emotional Support, Esteem Support, Group Interaction",
,,,,,,,,,,n4zg5g,meToo,gwycpl7,1620165341,2021-05-04 21:55:41,,
,,,,,,,,,,n0suo0,meToo,gw9od6k,1619678021,2021-04-29 6:33:41,"Esteem Support, Group Interaction","Experienced, Anticipated"
,,,,,,,,,,n0suo0,meToo,gwajolx,1619702224,2021-04-29 13:17:04,,"Experienced, Anticipated"
,,,,,,,,,,n0suo0,meToo,gwakk5f,1619702667,2021-04-29 13:24:27,Information Support,"Experienced, Anticipated"
,,,,,,,,,,n0suo0,meToo,gwbl9p3,1619717776,2021-04-29 17:36:16,,"Experienced, Anticipated"
,,,,,,,,,,n0suo0,meToo,gwfd3t3,1619791434,2021-04-30 14:03:54,"Emotional Support, Esteem Support","Experienced, Anticipated"
,,,,,,,,,,n0suo0,meToo,gw8n3fc,1619656339,2021-04-29 0:32:19,,"Experienced, Anticipated"
,,,,,,,,,,n0suo0,meToo,gwbggwc,1619716177,2021-04-29 17:09:37,,"Experienced, Anticipated"
,,,,,,,,,,mz16u5,meToo,gvxz9w4,1619453322,2021-04-26 16:08:42,,Internalized
,,,,,,,,,,myrjzv,meToo,gvx1vwp,1619436139,2021-04-26 11:22:19,Information Support,"Experienced, Anticipated"
,,,,,,,,,,myphgu,meToo,gvw904n,1619411112,2021-04-26 4:25:12,,"Experienced, Anticipated, Structural"
,,,,,,,,,,mwpdap,meToo,gvjmkwz,1619165820,2021-04-23 8:17:00,"Emotional Support, Esteem Support, Tangible Assistance","Experienced, Internalized, Anticipated, Structural"
,,,,,,,,,,mwpdap,meToo,gvmtzxc,1619226977,2021-04-24 1:16:17,"Emotional Support, Esteem Support, Group Interaction","Experienced, Internalized, Anticipated, Structural"
,,,,,,,,,,mwpdap,meToo,gvjgp99,1619160585,2021-04-23 6:49:45,,"Experienced, Internalized, Anticipated, Structural"
,,,,,,,,,,mn703c,meToo,gtvtqbd,1617933306,2021-04-09 1:55:06,,"Experienced, Internalized, Anticipated"
,,,,,,,,,,mjfp7x,meToo,gtaacry,1617485496,2021-04-03 21:31:36,,"Internalized, Anticipated"
,,,,,,,,,,m2ajy9,meToo,gqi1y74,1615414748,2021-03-10 22:19:08,,"Experienced, Internalized"
,,,,,,,,,,m2ajy9,meToo,groe9xz,1616308818,2021-03-21 6:40:18,"Emotional Support, Esteem Support","Experienced, Internalized"
,,,,,,,,,,lokq8t,meToo,go6b30v,1613867238,2021-02-21 0:27:18,,Internalized
,,,,,,,,,,lhf3c4,meToo,gmx7fud,1613036487,2021-02-11 9:41:27,"Information Support, Group Interaction",Experienced
,,,,,,,,,,lhf3c4,meToo,gmwwerw,1613026543,2021-02-11 6:55:43,,Experienced
,,,,,,,,,,lcjydq,meToo,gm20e4t,1612483829,2021-02-05 0:10:29,,Internalized
,,,,,,,,,,lcjydq,meToo,gm07vjg,1612457322,2021-02-04 16:48:42,,Internalized
,,,,,,,,,,lbz86k,meToo,glzjn32,1612446923,2021-02-04 13:55:23,"Information Support, Emotional Support, Group Interaction",Internalized
,,,,,,,,,,l809zo,meToo,gl9rbq3,1611945421,2021-01-29 18:37:01,,"Experienced, Structural"
,,,,,,,,,,l6zoeh,meToo,gr33up7,1615865112,2021-03-16 3:25:12,Information Support,Structural
,,,,,,,,,,l6zoeh,meToo,laxcbhx,1719715985,2024-06-30 2:53:05,,Structural
,,,,,,,,,,l6zoeh,meToo,gl6lwsy,1611888078,2021-01-29 2:41:18,"Information Support, Group Interaction",Structural
,,,,,,,,,,l6zoeh,meToo,gqvyixf,1615716821,2021-03-14 10:13:41,,Structural
,,,,,,,,,,l6jua8,meToo,glts7if,1612327695,2021-02-03 4:48:15,Information Support,"Experienced, Internalized"
,,,,,,,,,,l57qel,meToo,gltv22s,1612329358,2021-02-03 5:15:58,"Information Support, Esteem Support, Group Interaction","Internalized, Anticipated"
,,,,,,,,,,l57qel,meToo,gksq5vj,1611641187,2021-01-26 6:06:27,,"Internalized, Anticipated"
,,,,,,,,,,l4gyy4,meToo,gksqimt,1611641461,2021-01-26 6:11:01,Emotional Support,Internalized
,,,,,,,,,,l4gyy4,meToo,gkogtt4,1611552808,2021-01-25 5:33:28,Tangible Assistance,Internalized
,,,,,,,,,,l45tsi,meToo,gkmm58k,1611518752,2021-01-24 20:05:52,"Information Support, Esteem Support",
,,,,,,,,,,l45tsi,meToo,gkmqb0k,1611520824,2021-01-24 20:40:24,"Information Support, Group Interaction",
,,,,,,,,,,l45tsi,meToo,gkmhx34,1611516591,2021-01-24 19:29:51,,
,,,,,,,,,,l2ixpw,meToo,gk6mrq8,1611327427,2021-01-22 14:57:07,Emotional Support,"Experienced, Internalized, Anticipated"
,,,,,,,,,,l2ixpw,meToo,gk5lzto,1611301721,2021-01-22 7:48:41,,"Experienced, Internalized, Anticipated"
,,,,,,,,,,l101e3,meToo,gjww1l1,1611118070,2021-01-20 4:47:50,"Information Support, Emotional Support","Experienced, Internalized"
,,,,,,,,,,l101e3,meToo,gjzqujk,1611179623,2021-01-20 21:53:43,"Information Support, Esteem Support","Experienced, Internalized"
,,,,,,,,,,l101e3,meToo,gjwxvaz,1611119254,2021-01-20 5:07:34,"Information Support, Emotional Support, Esteem Support","Experienced, Internalized"
,,,,,,,,,,l101e3,meToo,gjxsp4b,1611146254,2021-01-20 12:37:34,"Information Support, Esteem Support","Experienced, Internalized"
,,,,,,,,,,l101e3,meToo,gjzvsb8,1611181907,2021-01-20 22:31:47,"Information Support, Emotional Support, Esteem Support","Experienced, Internalized"
,,,,,,,,,,l101e3,meToo,gjx5s7r,1611125159,2021-01-20 6:45:59,Esteem Support,"Experienced, Internalized"
,,,,,,,,,,l101e3,meToo,gjwk75r,1611111191,2021-01-20 2:53:11,,"Experienced, Internalized"
,,,,,,,,,,l101e3,meToo,gjyrhrb,1611164206,2021-01-20 17:36:46,,"Experienced, Internalized"
,,,,,,,,,,kzivyr,meToo,gjo2kks,1610929797,2021-01-18 0:29:57,Tangible Assistance,"Experienced, Internalized"
,,,,,,,,,,kx650k,meToo,gj87cd6,1610632803,2021-01-14 14:00:03,,"Internalized, Anticipated"
,,,,,,,,,,kw937w,meToo,gj595bq,1610566593,2021-01-13 19:36:33,Information Support,"Internalized, Anticipated"
,,,,,,,,,,kw937w,meToo,gj2xs7h,1610512578,2021-01-13 4:36:18,,"Internalized, Anticipated"
,,,,,,,,,,kvspia,meToo,gj03cjh,1610461871,2021-01-12 14:31:11,Tangible Assistance,"Experienced, Anticipated"
,,,,,,,,,,kv6vvd,meToo,gixxacp,1610408729,2021-01-11 23:45:29,,"Experienced, Internalized, Structural"
,,,,,,,,,,kv6vvd,meToo,gjnq54s,1610923520,2021-01-17 22:45:20,"Emotional Support, Group Interaction","Experienced, Internalized, Structural"
,,,,,,,,,,kv6vvd,meToo,giwh17u,1610384802,2021-01-11 17:06:42,,"Experienced, Internalized, Structural"
,,,,,,,,,,kuq5bn,meToo,gity4vz,1610332989,2021-01-11 2:43:09,Information Support,"Experienced, Anticipated"
,,,,,,,,,,kuq5bn,meToo,gitii0b,1610325389,2021-01-11 0:36:29,Information Support,"Experienced, Anticipated"
,,,,,,,,,,kuacnj,meToo,gir0v8u,1610271853,2021-01-10 9:44:13,"Information Support, Emotional Support, Esteem Support","Internalized, Anticipated"
,,,,,,,,,,kuacnj,meToo,gir7p4v,1610278816,2021-01-10 11:40:16,"Information Support, Esteem Support","Internalized, Anticipated"
,,,,,,,,,,kuacnj,meToo,gir7m17,1610278727,2021-01-10 11:38:47,"Information Support, Emotional Support, Esteem Support","Internalized, Anticipated"
,,,,,,,,,,kuacnj,meToo,gis4pej,1610300673,2021-01-10 17:44:33,"Information Support, Esteem Support, Group Interaction","Internalized, Anticipated"
,,,,,,,,,,ksy1iz,meToo,giisigh,1610092682,2021-01-08 7:58:02,,"Internalized, Anticipated"
,,,,,,,,,,ks7ivj,meToo,gif2ztm,1610022502,2021-01-07 12:28:22,"Esteem Support, Group Interaction","Experienced, Internalized, Anticipated, Structural"
,,,,,,,,,,ks7ivj,meToo,gif5fem,1610024349,2021-01-07 12:59:09,"Emotional Support, Esteem Support","Experienced, Internalized, Anticipated, Structural"
,,,,,,,,,,ks7ivj,meToo,giepse2,1610009913,2021-01-07 8:58:33,Emotional Support,"Experienced, Internalized, Anticipated, Structural"
,,,,,,,,,,ks7ivj,meToo,gift56c,1610037063,2021-01-07 16:31:03,"Emotional Support, Esteem Support, Group Interaction","Experienced, Internalized, Anticipated, Structural"
,,,,,,,,,,ks7ivj,meToo,giefa44,1610001198,2021-01-07 6:33:18,Tangible Assistance,"Experienced, Internalized, Anticipated, Structural"
,,,,,,,,,,ks7ivj,meToo,gij0lpo,1610100570,2021-01-08 10:09:30,,"Experienced, Internalized, Anticipated, Structural"
,,,,,,,,,,kr6hjg,meToo,gi7t2g1,1609877155,2021-01-05 20:05:55,,"Experienced, Internalized, Anticipated"
,,,,,,,,,,kr6hjg,meToo,giegoqy,1610002229,2021-01-07 6:50:29,"Information Support, Emotional Support, Esteem Support","Experienced, Internalized, Anticipated"
,,,,,,,,,,kfo4tn,meToo,gg9s8rj,1608312913,2020-12-18 17:35:13,"Information Support, Tangible Assistance","Experienced, Internalized, Anticipated, Structural"
,,,,,,,,,,kfo4tn,meToo,gg9hdph,1608308348,2020-12-18 16:19:08,Tangible Assistance,"Experienced, Internalized, Anticipated, Structural"
,,,,,,,,,,kfo4tn,meToo,ggcjydh,1608373440,2020-12-19 10:24:00,"Information Support, Emotional Support, Esteem Support, Group Interaction","Experienced, Internalized, Anticipated, Structural"
,,,,,,,,,,kfo4tn,meToo,gg9pd10,1608311720,2020-12-18 17:15:20,"Information Support, Emotional Support, Esteem Support, Group Interaction","Experienced, Internalized, Anticipated, Structural"
,,,,,,,,,,k8ov7s,meToo,gezco2e,1607373296,2020-12-07 20:34:56,,"Internalized, Anticipated"
,,,,,,,,,,k7mpky,meToo,gesbadi,1607233897,2020-12-06 5:51:37,,Internalized
,,,,,,,,,,k7mpky,meToo,gett5fe,1607261749,2020-12-06 13:35:49,Emotional Support,Internalized
,,,,,,,,,,k7mpky,meToo,gf0aj4o,1607391048,2020-12-08 1:30:48,"Information Support, Emotional Support, Esteem Support",Internalized
,,,,,,,,,,jyj6bg,meToo,gd4aorm,1605996957,2020-11-21 22:15:57,Information Support,"Experienced, Anticipated, Structural"
,,,,,,,,,,jyj6bg,meToo,gd4sdjs,1606003312,2020-11-22 0:01:52,"Emotional Support, Esteem Support","Experienced, Anticipated, Structural"
,,,,,,,,,,jyj6bg,meToo,gd466o3,1605994883,2020-11-21 21:41:23,,"Experienced, Anticipated, Structural"
,,,,,,,,,,jyj6bg,meToo,gd4aetv,1605996821,2020-11-21 22:13:41,Esteem Support,"Experienced, Anticipated, Structural"
,,,,,,,,,,jyj6bg,meToo,gd4bz0z,1605997453,2020-11-21 22:24:13,"Information Support, Group Interaction","Experienced, Anticipated, Structural"
,,,,,,,,,,jyj6bg,meToo,gd4dxbf,1605998157,2020-11-21 22:35:57,,"Experienced, Anticipated, Structural"
,,,,,,,,,,jxrd44,meToo,gd126jb,1605946659,2020-11-21 8:17:39,"Information Support, Emotional Support, Esteem Support, Group Interaction","Experienced, Internalized, Anticipated"
,,,,,,,,,,jxrd44,meToo,gcy7ctj,1605887148,2020-11-20 15:45:48,,"Experienced, Internalized, Anticipated"
,,,,,,,,,,jwvzsv,meToo,gcssydv,1605761360,2020-11-19 4:49:20,Information Support,"Experienced, Internalized"
,,,,,,,,,,jwvzsv,meToo,gcsqqam,1605759913,2020-11-19 4:25:13,,"Experienced, Internalized"
,,,,,,,,,,jvje9v,meToo,gck9075,1605575001,2020-11-17 1:03:21,,"Experienced, Anticipated"
,,,,,,,,,,jvje9v,meToo,gd12m4x,1605947098,2020-11-21 8:24:58,"Information Support, Esteem Support","Experienced, Anticipated"
,,,,,,,,,,jvg2r4,meToo,gd12r5s,1605947245,2020-11-21 8:27:25,Information Support,Anticipated
,,,,,,,,,,jvg2r4,meToo,gcjj3s1,1605563583,2020-11-16 21:53:03,,Anticipated
,,,,,,,,,,jv1vs9,meToo,gcgz8d3,1605507241,2020-11-16 6:14:01,,Internalized
,,,,,,,,,,jukwap,meToo,gceq2gh,1605462990,2020-11-15 17:56:30,"Information Support, Emotional Support, Tangible Assistance","Experienced, Internalized, Anticipated, Structural"
,,,,,,,,,,jukwap,meToo,gcf57vm,1605470846,2020-11-15 20:07:26,"Emotional Support, Group Interaction","Experienced, Internalized, Anticipated, Structural"
,,,,,,,,,,jukwap,meToo,gcga72y,1605491929,2020-11-16 1:58:49,"Emotional Support, Esteem Support","Experienced, Internalized, Anticipated, Structural"
,,,,,,,,,,jukwap,meToo,gcggsf5,1605495348,2020-11-16 2:55:48,"Information Support, Group Interaction","Experienced, Internalized, Anticipated, Structural"
,,,,,,,,,,jukwap,meToo,gcdr2oh,1605441939,2020-11-15 12:05:39,,"Experienced, Internalized, Anticipated, Structural"
,,,,,,,,,,jtdf5h,meToo,gc4wpm3,1605255311,2020-11-13 8:15:11,,"Experienced, Internalized, Anticipated"
,,,,,,,,,,jtau8o,meToo,gc4m6ag,1605245936,2020-11-13 5:38:56,"Emotional Support, Esteem Support, Tangible Assistance, Group Interaction","Internalized, Anticipated"
,,,,,,,,,,jtau8o,meToo,gc5p844,1605280715,2020-11-13 15:18:35,Emotional Support,"Internalized, Anticipated"
,,,,,,,,,,jtau8o,meToo,gc6xob3,1605302742,2020-11-13 21:25:42,"Information Support, Emotional Support, Esteem Support","Internalized, Anticipated"
,,,,,,,,,,jtau8o,meToo,gc4ht17,1605242745,2020-11-13 4:45:45,,"Internalized, Anticipated"
,,,,,,,,,,jtau8o,meToo,gdwuegk,1606592335,2020-11-28 19:38:55,"Information Support, Esteem Support","Internalized, Anticipated"
,,,,,,,,,,jpex0i,meToo,gbe7nkt,1604701648,2020-11-06 22:27:28,,"Experienced, Anticipated, Structural"
,,,,,,,,,,jpex0i,meToo,gd13qiq,1605948129,2020-11-21 8:42:09,Information Support,"Experienced, Anticipated, Structural"
,,,,,,,,,,jo8amz,meToo,gb6rt0x,1604544212,2020-11-05 2:43:32,"Information Support, Emotional Support, Group Interaction","Experienced, Anticipated, Structural"
,,,,,,,,,,jisgrk,meToo,gber5rb,1604712358,2020-11-07 1:25:58,"Emotional Support, Esteem Support","Experienced, Internalized, Anticipated"
,,,,,,,,,,jisgrk,meToo,ga8cutm,1603764069,2020-10-27 2:01:09,Tangible Assistance,"Experienced, Internalized, Anticipated"
,,,,,,,,,,jisgrk,meToo,gf3watm,1607470158,2020-12-08 23:29:18,,"Experienced, Internalized, Anticipated"
,,,,,,,,,,jfnylr,meToo,g9ld6nh,1603321899,2020-10-21 23:11:39,,Anticipated
,,,,,,,,,,jf6x1m,meToo,g9jam5e,1603284596,2020-10-21 12:49:56,"Esteem Support, Group Interaction",Structural
,,,,,,,,,,jf6x1m,meToo,g9ij57u,1603258005,2020-10-21 5:26:45,,Structural
,,,,,,,,,,jf6x1m,meToo,g9mfuj9,1603346939,2020-10-22 6:08:59,"Information Support, Esteem Support, Tangible Assistance, Group Interaction",Structural
,,,,,,,,,,jbqcvz,meToo,g8x6m85,1602785153,2020-10-15 18:05:53,Information Support,"Experienced, Anticipated"
,,,,,,,,,,jbqcvz,meToo,g8wrkr3,1602777718,2020-10-15 16:01:58,Tangible Assistance,"Experienced, Anticipated"
,,,,,,,,,,jbethi,meToo,g8vhtpt,1602741428,2020-10-15 5:57:08,"Information Support, Emotional Support","Experienced, Anticipated, Structural"
,,,,,,,,,,jbethi,meToo,g8uz6tw,1602727861,2020-10-15 2:11:01,Tangible Assistance,"Experienced, Anticipated, Structural"
,,,,,,,,,,jb62co,meToo,g8uxxc5,1602727122,2020-10-15 1:58:42,Information Support,"Experienced, Anticipated"
,,,,,,,,,,jb62co,meToo,g8thp74,1602698958,2020-10-14 18:09:18,,"Experienced, Anticipated"
,,,,,,,,,,j9tm45,meToo,g8lyjzo,1602523825,2020-10-12 17:30:25,Emotional Support,Experienced
,,,,,,,,,,j9tm45,meToo,g8mj35e,1602534322,2020-10-12 20:25:22,"Emotional Support, Tangible Assistance",Experienced
,,,,,,,,,,j9tm45,meToo,g8mkvxt,1602535228,2020-10-12 20:40:28,"Emotional Support, Esteem Support",Experienced
,,,,,,,,,,j9tm45,meToo,g8lo2w9,1602518540,2020-10-12 16:02:20,Tangible Assistance,Experienced
,,,,,,,,,,j9tm45,meToo,g8n9yxv,1602549338,2020-10-13 0:35:38,Emotional Support,Experienced
,,,,,,,,,,j72ybw,meToo,g82oa6q,1602126454,2020-10-08 3:07:34,Information Support,"Experienced, Anticipated, Structural"
,,,,,,,,,,j72ybw,meToo,g82wcin,1602131791,2020-10-08 4:36:31,"Information Support, Esteem Support","Experienced, Anticipated, Structural"
,,,,,,,,,,j72ybw,meToo,g826o26,1602117092,2020-10-08 0:31:32,Tangible Assistance,"Experienced, Anticipated, Structural"
,,,,,,,,,,j3lqox,meToo,g7csa4v,1601602834,2020-10-02 1:40:34,Tangible Assistance,Anticipated
,,,,,,,,,,j3kj0e,meToo,g7ciz04,1601597896,2020-10-02 0:18:16,Tangible Assistance,"Experienced, Internalized"
,,,,,,,,,,j2zoxz,meToo,g78t7i9,1601517885,2020-10-01 2:04:45,,
,,,,,,,,,,j2zoxz,meToo,g79in6t,1601535471,2020-10-01 6:57:51,"Information Support, Emotional Support, Group Interaction",
,,,,,,,,,,j1gwuw,meToo,g6z3rgm,1601315399,2020-09-28 17:49:59,,"Internalized, Anticipated"
,,,,,,,,,,j1gwuw,meToo,g82xucx,1602132925,2020-10-08 4:55:25,"Information Support, Emotional Support, Esteem Support","Internalized, Anticipated"
,,,,,,,,,,izzhxf,meToo,g6mb72b,1601095410,2020-09-26 4:43:30,,Internalized
,,,,,,,,,,iys4s2,meToo,g6ecey3,1600930553,2020-09-24 6:55:53,,Experienced
,,,,,,,,,,iys4s2,meToo,g6ehcze,1600934425,2020-09-24 8:00:25,"Information Support, Tangible Assistance",Experienced
,,,,,,,,,,ivkuuu,meToo,g5sqzum,1600506329,2020-09-19 9:05:29,"Information Support, Emotional Support, Tangible Assistance","Internalized, Anticipated"
,,,,,,,,,,iuty60,meToo,g5oguxb,1600410955,2020-09-18 6:35:55,"Information Support, Esteem Support, Tangible Assistance","Experienced, Internalized, Anticipated, Structural"
,,,,,,,,,,iuty60,meToo,g5n5bz6,1600381877,2020-09-17 22:31:17,,"Experienced, Internalized, Anticipated, Structural"
,,,,,,,,,,iuty60,meToo,g7kg7c0,1601763863,2020-10-03 22:24:23,,"Experienced, Internalized, Anticipated, Structural"
,,,,,,,,,,irzlc0,meToo,g54983z,1600008726,2020-09-13 14:52:06,Tangible Assistance,"Internalized, Anticipated"
,,,,,,,,,,ioneay,meToo,g4ezaud,1599543193,2020-09-08 5:33:13,,"Experienced, Anticipated, Structural"
,,,,,,,,,,ioneay,meToo,g4ew2n4,1599540514,2020-09-08 4:48:34,,"Experienced, Anticipated, Structural"
,,,,,,,,,,ioneay,meToo,g4ig1rl,1599621334,2020-09-09 3:15:34,"Information Support, Tangible Assistance","Experienced, Anticipated, Structural"
,,,,,,,,,,io91wc,meToo,g4cmohj,1599497874,2020-09-07 16:57:54,"Information Support, Emotional Support, Esteem Support, Tangible Assistance, Group Interaction","Experienced, Internalized, Anticipated"
,,,,,,,,,,io91wc,meToo,g4cl1bu,1599497105,2020-09-07 16:45:05,"Information Support, Esteem Support, Tangible Assistance, Group Interaction","Experienced, Internalized, Anticipated"
,,,,,,,,,,io91wc,meToo,g4c6ok9,1599491147,2020-09-07 15:05:47,,"Experienced, Internalized, Anticipated"
,,,,,,,,,,in0tp6,meToo,g44az8m,1599311304,2020-09-05 13:08:24,,"Experienced, Internalized, Anticipated"
,,,,,,,,,,in0tp6,meToo,g47fjih,1599369976,2020-09-06 5:26:16,Esteem Support,"Experienced, Internalized, Anticipated"
,,,,,,,,,,ilqijj,meToo,g3unwfm,1599144125,2020-09-03 14:42:05,"Esteem Support, Group Interaction","Experienced, Internalized, Anticipated"
,,,,,,,,,,ikc9x9,meToo,g3kfshl,1598949758,2020-09-01 8:42:38,Emotional Support,Structural
,,,,,,,,,,ikc9x9,meToo,g3jpgl1,1598928433,2020-09-01 2:47:13,,Structural
,,,,,,,,,,iihio7,meToo,g36xc23,1598659900,2020-08-29 0:11:40,"Information Support, Emotional Support","Experienced, Anticipated"
,,,,,,,,,,iihio7,meToo,g36pjnk,1598655519,2020-08-28 22:58:39,Tangible Assistance,"Experienced, Anticipated"
,,,,,,,,,,ig15po,meToo,g2r3ewz,1598316778,2020-08-25 0:52:58,"Information Support, Esteem Support","Experienced, Internalized, Anticipated"
,,,,,,,,,,ig15po,meToo,g2rr583,1598330838,2020-08-25 4:47:18,"Information Support, Emotional Support, Esteem Support","Experienced, Internalized, Anticipated"
,,,,,,,,,,ig15po,meToo,g2r4hzr,1598317383,2020-08-25 1:03:03,Information Support,"Experienced, Internalized, Anticipated"
,,,,,,,,,,ig15po,meToo,g2qybfx,1598313960,2020-08-25 0:06:00,,"Experienced, Internalized, Anticipated"
,,,,,,,,,,ifbiqv,meToo,g2nndhe,1598239905,2020-08-24 3:31:45,"Information Support, Esteem Support, Group Interaction","Internalized, Anticipated"
,,,,,,,,,,ifbiqv,meToo,g2n3qsg,1598228430,2020-08-24 0:20:30,"Information Support, Esteem Support","Internalized, Anticipated"
,,,,,,,,,,ifbiqv,meToo,g2mj6u7,1598217484,2020-08-23 21:18:04,Tangible Assistance,"Internalized, Anticipated"
,,,,,,,,,,id1he8,meToo,g264yhl,1597888800,2020-08-20 2:00:00,Tangible Assistance,"Internalized, Anticipated"
,,,,,,,,,,id1he8,meToo,g28wwb8,1597952423,2020-08-20 19:40:23,"Emotional Support, Group Interaction","Internalized, Anticipated"
,,,,,,,,,,id1he8,meToo,g2rkiw1,1598326304,2020-08-25 3:31:44,"Information Support, Emotional Support, Esteem Support, Tangible Assistance","Internalized, Anticipated"
,,,,,,,,,,id1he8,meToo,g2tbden,1598371946,2020-08-25 16:12:26,"Emotional Support, Esteem Support","Internalized, Anticipated"
,,,,,,,,,,icgjz3,meToo,g22g2is,1597809547,2020-08-19 3:59:07,,"Internalized, Anticipated"
,,,,,,,,,,ic50ka,meToo,g20x3s2,1597780756,2020-08-18 19:59:16,Group Interaction,"Experienced, Internalized"
,,,,,,,,,,ic50ka,meToo,g206p6o,1597770337,2020-08-18 17:05:37,,"Experienced, Internalized"
,,,,,,,,,,iacpjo,meToo,g1nfoei,1597524251,2020-08-15 20:44:11,Esteem Support,"Experienced, Anticipated"
,,,,,,,,,,iacpjo,meToo,g1ppp3u,1597559774,2020-08-16 6:36:14,Esteem Support,"Experienced, Anticipated"
,,,,,,,,,,iacpjo,meToo,g1mrbib,1597516399,2020-08-15 18:33:19,Tangible Assistance,"Experienced, Anticipated"
,,,,,,,,,,i9fi4f,meToo,g1er8fv,1597379705,2020-08-14 4:35:05,,"Experienced, Anticipated"
,,,,,,,,,,i8xhmm,meToo,g1bbk82,1597314567,2020-08-13 10:29:27,Tangible Assistance,"Experienced, Internalized, Anticipated"
,,,,,,,,,,i8xhmm,meToo,g1ftixa,1597411594,2020-08-14 13:26:34,"Information Support, Tangible Assistance","Experienced, Internalized, Anticipated"
,,,,,,,,,,i8r5ic,meToo,g1anyzc,1597293450,2020-08-13 4:37:30,"Emotional Support, Esteem Support","Experienced, Internalized, Anticipated, Structural"
,,,,,,,,,,i8r5ic,meToo,g1a7rax,1597283759,2020-08-13 1:55:59,Tangible Assistance,"Experienced, Internalized, Anticipated, Structural"
,,,,,,,,,,i7qjg9,meToo,g13ywkn,1597160136,2020-08-11 15:35:36,Information Support,"Internalized, Anticipated"
,,,,,,,,,,i7qjg9,meToo,g14xyki,1597176433,2020-08-11 20:07:13,"Information Support, Esteem Support","Internalized, Anticipated"
,,,,,,,,,,i7qjg9,meToo,g13dwyy,1597147331,2020-08-11 12:02:11,,"Internalized, Anticipated"
,,,,,,,,,,i7qjg9,meToo,g5mk2cj,1600373338,2020-09-17 20:08:58,"Information Support, Esteem Support","Internalized, Anticipated"
,,,,,,,,,,i76vvc,meToo,g10bsfu,1597078010,2020-08-10 16:46:50,"Information Support, Esteem Support","Experienced, Anticipated"
,,,,,,,,,,i76vvc,meToo,g1116zo,1597090236,2020-08-10 20:10:36,Information Support,"Experienced, Anticipated"
,,,,,,,,,,i76vvc,meToo,g1192mx,1597094030,2020-08-10 21:13:50,"Information Support, Emotional Support, Tangible Assistance, Group Interaction","Experienced, Anticipated"
,,,,,,,,,,i76vvc,meToo,g108wkp,1597076600,2020-08-10 16:23:20,Information Support,"Experienced, Anticipated"
,,,,,,,,,,i76vvc,meToo,g1020x4,1597073148,2020-08-10 15:25:48,,"Experienced, Anticipated"
,,,,,,,,,,i5ydyc,meToo,g0s86xu,1596890110,2020-08-08 12:35:10,,"Experienced, Internalized, Anticipated"
,,,,,,,,,,i5ydyc,meToo,g0siiiz,1596897105,2020-08-08 14:31:45,Information Support,"Experienced, Internalized, Anticipated"
,,,,,,,,,,i5ydyc,meToo,g2tz89p,1598383032,2020-08-25 19:17:12,Information Support,"Experienced, Internalized, Anticipated"
,,,,,,,,,,i5ydyc,meToo,g0sunk3,1596904013,2020-08-08 16:26:53,Information Support,"Experienced, Internalized, Anticipated"
,,,,,,,,,,i539dh,meToo,g0n6lf1,1596775406,2020-08-07 4:43:26,"Emotional Support, Tangible Assistance, Group Interaction","Internalized, Anticipated, Structural"
,,,,,,,,,,i539dh,meToo,g0nda7l,1596780434,2020-08-07 6:07:14,"Information Support, Emotional Support, Esteem Support","Internalized, Anticipated, Structural"
,,,,,,,,,,i333fr,meToo,g08rlnf,1596481040,2020-08-03 18:57:20,Information Support,Experienced
,,,,,,,,,,i27zc1,meToo,g0381kl,1596371966,2020-08-02 12:39:26,"Emotional Support, Esteem Support",Internalized
,,,,,,,,,,i27zc1,meToo,g02cmmu,1596351908,2020-08-02 7:05:08,,Internalized
,,,,,,,,,,i1tlnb,meToo,fzzwkhw,1596299214,2020-08-01 16:26:54,"Information Support, Emotional Support, Esteem Support, Group Interaction","Experienced, Internalized"
,,,,,,,,,,i1tlnb,meToo,fzzow8v,1596295407,2020-08-01 15:23:27,Esteem Support,"Experienced, Internalized"
,,,,,,,,,,i1tlnb,meToo,fzzmlhu,1596294211,2020-08-01 15:03:31,,"Experienced, Internalized"
,,,,,,,,,,i0qwh4,meToo,fzs0st1,1596140944,2020-07-30 20:29:04,Information Support,Internalized
,,,,,,,,,,i0qwh4,meToo,fzr5fv0,1596132336,2020-07-30 18:05:36,,Internalized
,,,,,,,,,,hztkge,meToo,fzl5cac,1595994462,2020-07-29 3:47:42,,
,,,,,,,,,,hztkge,meToo,fzlb5fw,1595998352,2020-07-29 4:52:32,,
,,,,,,,,,,hxzadc,meToo,fza02tj,1595743187,2020-07-26 5:59:47,"Information Support, Esteem Support, Group Interaction","Experienced, Anticipated, Structural"
,,,,,,,,,,hxcjlb,meToo,fz5nvfm,1595642868,2020-07-25 2:07:48,"Information Support, Emotional Support, Esteem Support, Tangible Assistance","Experienced, Anticipated"
,,,,,,,,,,hxcjlb,meToo,fz5c8yf,1595636093,2020-07-25 0:14:53,"Emotional Support, Esteem Support","Experienced, Anticipated"
,,,,,,,,,,hxcjlb,meToo,fz58ejw,1595633921,2020-07-24 23:38:41,,"Experienced, Anticipated"
,,,,,,,,,,hwudd4,meToo,fz1yeav,1595561298,2020-07-24 3:28:18,,"Experienced, Anticipated, Structural"
,,,,,,,,,,hwudd4,meToo,fz1zx2d,1595562213,2020-07-24 3:43:33,"Information Support, Emotional Support, Tangible Assistance","Experienced, Anticipated, Structural"
,,,,,,,,,,hvy4pl,meToo,fywaqhh,1595441901,2020-07-22 18:18:21,Information Support,"Anticipated, Structural"
,,,,,,,,,,hvy4pl,meToo,fz15bmv,1595544976,2020-07-23 22:56:16,"Information Support, Emotional Support, Tangible Assistance","Anticipated, Structural"
,,,,,,,,,,hvy4pl,meToo,fz16197,1595545348,2020-07-23 23:02:28,"Information Support, Tangible Assistance","Anticipated, Structural"
,,,,,,,,,,hvy4pl,meToo,fyw500n,1595439262,2020-07-22 17:34:22,Information Support,"Anticipated, Structural"
,,,,,,,,,,hvy4pl,meToo,fywsqos,1595450234,2020-07-22 20:37:14,Information Support,"Anticipated, Structural"
,,,,,,,,,,hvy4pl,meToo,fywxkpl,1595452497,2020-07-22 21:14:57,,"Anticipated, Structural"
,,,,,,,,,,huiire,meToo,fyt032r,1595365213,2020-07-21 21:00:13,"Information Support, Emotional Support, Esteem Support, Tangible Assistance","Experienced, Internalized"
,,,,,,,,,,hu6zfo,meToo,fylhcfn,1595194040,2020-07-19 21:27:20,"Information Support, Emotional Support, Esteem Support, Tangible Assistance","Experienced, Anticipated"
,,,,,,,,,,hu6zfo,meToo,fyl7q69,1595188778,2020-07-19 19:59:38,,"Experienced, Anticipated"
,,,,,,,,,,hu6zfo,meToo,fymb70a,1595211370,2020-07-20 2:16:10,"Information Support, Emotional Support, Esteem Support, Group Interaction","Experienced, Anticipated"
,,,,,,,,,,hu6zfo,meToo,fzchb09,1595802611,2020-07-26 22:30:11,Emotional Support,"Experienced, Anticipated"
,,,,,,,,,,hu24m7,meToo,fykywmg,1595184073,2020-07-19 18:41:13,Information Support,"Experienced, Anticipated, Structural"
,,,,,,,,,,hu24m7,meToo,fykc5qe,1595171951,2020-07-19 15:19:11,,"Experienced, Anticipated, Structural"
,,,,,,,,,,htzwwy,meToo,fyk3jv8,1595166701,2020-07-19 13:51:41,Emotional Support,"Experienced, Anticipated"
,,,,,,,,,,htzwwy,meToo,fyjxz6e,1595162618,2020-07-19 12:43:38,,"Experienced, Anticipated"
,,,,,,,,,,htzwwy,meToo,fykmy8e,1595177816,2020-07-19 16:56:56,"Information Support, Emotional Support, Esteem Support","Experienced, Anticipated"
,,,,,,,,,,hr67n1,meToo,fy395l0,1594769381,2020-07-14 23:29:41,Information Support,"Experienced, Internalized, Anticipated"
,,,,,,,,,,hr67n1,meToo,fy7vlj8,1594871023,2020-07-16 3:43:43,"Information Support, Group Interaction","Experienced, Internalized, Anticipated"
,,,,,,,,,,hr1uni,meToo,fy23rne,1594749052,2020-07-14 17:50:52,"Information Support, Emotional Support, Esteem Support",Internalized
,,,,,,,,,,hr1uni,meToo,fy2ije2,1594756031,2020-07-14 19:47:11,"Information Support, Emotional Support, Esteem Support",Internalized
,,,,,,,,,,howw5l,meToo,fxktn8u,1594420172,2020-07-10 22:29:32,"Information Support, Tangible Assistance","Experienced, Internalized, Anticipated"
,,,,,,,,,,howw5l,meToo,fxklrg3,1594415996,2020-07-10 21:19:56,Information Support,"Experienced, Internalized, Anticipated"
,,,,,,,,,,howw5l,meToo,fxki4kw,1594414112,2020-07-10 20:48:32,,"Experienced, Internalized, Anticipated"
,,,,,,,,,,hokufl,meToo,fxie2n8,1594367247,2020-07-10 7:47:27,Information Support,"Internalized, Anticipated"
,,,,,,,,,,hokufl,meToo,fxim6z6,1594375497,2020-07-10 10:04:57,Emotional Support,"Internalized, Anticipated"
,,,,,,,,,,hokufl,meToo,fxjj1nc,1594396920,2020-07-10 16:02:00,"Emotional Support, Esteem Support","Internalized, Anticipated"
,,,,,,,,,,hokufl,meToo,fxkewxy,1594412476,2020-07-10 20:21:16,"Information Support, Emotional Support, Esteem Support","Internalized, Anticipated"
,,,,,,,,,,hokufl,meToo,fxmarkq,1594449590,2020-07-11 6:39:50,,"Internalized, Anticipated"
,,,,,,,,,,ho2lio,meToo,fxhphqf,1594348724,2020-07-10 2:38:44,Information Support,Internalized
,,,,,,,,,,ho2lio,meToo,fxi2hky,1594357274,2020-07-10 5:01:14,Group Interaction,Internalized
,,,,,,,,,,hnxnnl,meToo,fxehu8y,1594281297,2020-07-09 7:54:57,Information Support,"Internalized, Anticipated"
,,,,,,,,,,hnxnnl,meToo,fxe95ro,1594273512,2020-07-09 5:45:12,,"Internalized, Anticipated"
,,,,,,,,,,hlfgc9,meToo,fx0ir03,1593969094,2020-07-05 17:11:34,"Information Support, Esteem Support","Experienced, Internalized"
,,,,,,,,,,hlfgc9,meToo,fx1yc60,1593997313,2020-07-06 1:01:53,"Information Support, Esteem Support","Experienced, Internalized"
,,,,,,,,,,hlfgc9,meToo,fwzpruw,1593951028,2020-07-05 12:10:28,"Information Support, Esteem Support","Experienced, Internalized"
,,,,,,,,,,hkb8d6,meToo,fwrnks3,1593745244,2020-07-03 3:00:44,"Information Support, Esteem Support","Experienced, Anticipated, Structural"
,,,,,,,,,,hkb8d6,meToo,fwrp51z,1593746243,2020-07-03 3:17:23,"Information Support, Emotional Support, Esteem Support, Group Interaction","Experienced, Anticipated, Structural"
,,,,,,,,,,hkb8d6,meToo,fwryqwv,1593752889,2020-07-03 5:08:09,"Information Support, Emotional Support, Esteem Support, Group Interaction","Experienced, Anticipated, Structural"
,,,,,,,,,,hjy5mr,meToo,fwp9030,1593700963,2020-07-02 14:42:43,Information Support,Anticipated
,,,,,,,,,,hjy5mr,meToo,fwp944s,1593701012,2020-07-02 14:43:32,"Information Support, Emotional Support",Anticipated
,,,,,,,,,,hjy5mr,meToo,fws7bs0,1593759935,2020-07-03 7:05:35,Emotional Support,Anticipated
,,,,,,,,,,hjs43b,meToo,fwoj3m7,1593685207,2020-07-02 10:20:07,"Information Support, Emotional Support, Esteem Support, Tangible Assistance",Internalized
,,,,,,,,,,hjs43b,meToo,fwo7fba,1593673855,2020-07-02 7:10:55,Esteem Support,Internalized
,,,,,,,,,,hjs43b,meToo,fwpe2wg,1593703191,2020-07-02 15:19:51,Esteem Support,Internalized
,,,,,,,,,,hjcq6f,meToo,fwlvanw,1593626853,2020-07-01 18:07:33,"Emotional Support, Group Interaction","Experienced, Internalized, Anticipated"
,,,,,,,,,,hj82c8,meToo,fwo0s22,1593668234,2020-07-02 5:37:14,"Information Support, Emotional Support","Experienced, Internalized, Anticipated"
,,,,,,,,,,hj82c8,meToo,fwo2byn,1593669476,2020-07-02 5:57:56,"Information Support, Emotional Support, Tangible Assistance","Experienced, Internalized, Anticipated"
,,,,,,,,,,hiciu5,meToo,fwg8g91,1593498344,2020-06-30 6:25:44,"Information Support, Esteem Support, Group Interaction","Experienced, Internalized, Anticipated, Structural"
,,,,,,,,,,hi91nr,meToo,fwexkpm,1593469203,2020-06-29 22:20:03,"Information Support, Esteem Support",Experienced
,,,,,,,,,,hi91nr,meToo,fwfdoh3,1593477947,2020-06-30 0:45:47,Tangible Assistance,Experienced
,,,,,,,,,,hi91nr,meToo,fwf1g3p,1593471214,2020-06-29 22:53:34,"Information Support, Emotional Support, Esteem Support",Experienced
,,,,,,,,,,hevlqm,meToo,fvu41a8,1592991215,2020-06-24 9:33:35,"Information Support, Esteem Support","Experienced, Internalized, Structural"
,,,,,,,,,,hevlqm,meToo,fvunqaq,1593006823,2020-06-24 13:53:43,"Information Support, Emotional Support","Experienced, Internalized, Structural"
,,,,,,,,,,hdnwhp,meToo,fvu8lwc,1592995792,2020-06-24 10:49:52,"Emotional Support, Group Interaction","Experienced, Internalized, Anticipated"
,,,,,,,,,,hcuqh1,meToo,fvhey5a,1592692976,2020-06-20 22:42:56,"Information Support, Emotional Support, Esteem Support, Tangible Assistance","Experienced, Internalized, Anticipated"
,,,,,,,,,,hc01lp,meToo,fvcqjuq,1592585508,2020-06-19 16:51:48,"Information Support, Tangible Assistance",
,,,,,,,,,,h90lar,meToo,in46c6l,1662332816,2022-09-04 23:06:56,,Internalized
,,,,,,,,,,h8xytk,meToo,futsczw,1592162538,2020-06-14 19:22:18,Information Support,Internalized
,,,,,,,,,,h8muhy,meToo,fusroqk,1592141457,2020-06-14 13:30:57,"Information Support, Emotional Support, Tangible Assistance, Group Interaction","Anticipated, Structural"
,,,,,,,,,,h15zw3,meToo,fuksdpi,1591948085,2020-06-12 7:48:05,Information Support,"Experienced, Internalized"
,,,,,,,,,,h0dzxc,meToo,ftlrxpt,1591810357,2020-06-10 17:32:37,"Information Support, Esteem Support",Anticipated
,,,,,,,,,,h0dzxc,meToo,ftlkshu,1591807028,2020-06-10 16:37:08,Esteem Support,Anticipated
,,,,,,,,,,h0dzxc,meToo,ftlpa6z,1591809164,2020-06-10 17:12:44,,Anticipated
,,,,,,,,,,h0dzxc,meToo,ftmbm8w,1591819516,2020-06-10 20:05:16,"Information Support, Emotional Support, Esteem Support",Anticipated
,,,,,,,,,,gzu3wb,meToo,ftiqxju,1591738855,2020-06-09 21:40:55,"Information Support, Emotional Support, Esteem Support",Internalized
,,,,,,,,,,gzu3wb,meToo,ftj0j3o,1591743804,2020-06-09 23:03:24,"Information Support, Emotional Support, Esteem Support",Internalized
,,,,,,,,,,gzu3wb,meToo,ftjxf8e,1591763210,2020-06-10 4:26:50,"Emotional Support, Esteem Support, Tangible Assistance, Group Interaction",Internalized
,,,,,,,,,,gytxjz,meToo,ftcmnsb,1591603673,2020-06-08 8:07:53,"Information Support, Emotional Support, Esteem Support",Internalized
,,,,,,,,,,gxu9ja,meToo,ft62ce3,1591471006,2020-06-06 19:16:46,"Information Support, Emotional Support, Esteem Support","Experienced, Internalized, Anticipated"
,,,,,,,,,,gwnb4k,meToo,fsw9005,1591300577,2020-06-04 19:56:17,"Information Support, Esteem Support","Experienced, Internalized, Anticipated"
,,,,,,,,,,gwnb4k,meToo,fsw422p,1591298290,2020-06-04 19:18:10,"Information Support, Esteem Support","Experienced, Internalized, Anticipated"
,,,,,,,,,,gwnb4k,meToo,fsytgxs,1591360726,2020-06-05 12:38:46,Esteem Support,"Experienced, Internalized, Anticipated"
,,,,,,,,,,gwnb4k,meToo,fszlvo7,1591375637,2020-06-05 16:47:17,Group Interaction,"Experienced, Internalized, Anticipated"
,,,,,,,,,,gtpe60,meToo,fsdksff,1590887726,2020-05-31 1:15:26,Information Support,Experienced
,,,,,,,,,,gtpe60,meToo,fsgfy3m,1590957227,2020-05-31 20:33:47,"Information Support, Emotional Support",Experienced
,,,,,,,,,,gtpe60,meToo,fsgy1rv,1590966788,2020-05-31 23:13:08,,Experienced
,,,,,,,,,,gtpe60,meToo,fsje9bp,1591028269,2020-06-01 16:17:49,"Information Support, Emotional Support",Experienced
,,,,,,,,,,gt43su,meToo,fs9igii,1590802746,2020-05-30 1:39:06,"Information Support, Esteem Support, Tangible Assistance","Experienced, Anticipated, Structural"
,,,,,,,,,,gswly7,meToo,fs8j2d4,1590783423,2020-05-29 20:17:03,"Information Support, Esteem Support","Experienced, Internalized, Anticipated"
,,,,,,,,,,gsuhyc,meToo,fsgzr7n,1590967719,2020-05-31 23:28:39,"Emotional Support, Group Interaction",Internalized
,,,,,,,,,,gsuhyc,meToo,fs8y180,1590791069,2020-05-29 22:24:29,Group Interaction,Internalized
,,,,,,,,,,gmeq08,meToo,fr3os1f,1589862300,2020-05-19 4:25:00,Esteem Support,Anticipated
,,,,,,,,,,gmeq08,meToo,fuwzkcj,1592238820,2020-06-15 16:33:40,Emotional Support,Anticipated
,,,,,,,,,,glg7gx,meToo,fqx5i56,1589726259,2020-05-17 14:37:39,"Information Support, Emotional Support","Experienced, Internalized"
,,,,,,,,,,gl1xvp,meToo,fqv3yti,1589669400,2020-05-16 22:50:00,"Information Support, Emotional Support, Esteem Support","Experienced, Internalized, Structural"
,,,,,,,,,,gl1xvp,meToo,frew9ch,1590118164,2020-05-22 3:29:24,"Information Support, Emotional Support, Esteem Support","Experienced, Internalized, Structural"
,,,,,,,,,,gkq14f,meToo,fqt26t2,1589627425,2020-05-16 11:10:25,"Emotional Support, Group Interaction","Experienced, Anticipated"
,,,,,,,,,,gkq14f,meToo,fqtp4m1,1589643343,2020-05-16 15:35:43,"Esteem Support, Group Interaction","Experienced, Anticipated"
,,,,,,,,,,gj79ie,meToo,fqrr6mh,1589590164,2020-05-16 0:49:24,"Information Support, Tangible Assistance","Experienced, Anticipated"
,,,,,,,,,,gj79ie,meToo,fqiyjk3,1589402627,2020-05-13 20:43:47,Information Support,"Experienced, Anticipated"
,,,,,,,,,,gj1vya,meToo,fqhxsn6,1589386452,2020-05-13 16:14:12,"Information Support, Esteem Support, Group Interaction","Experienced, Internalized, Anticipated"
,,,,,,,,,,gj1vya,meToo,fqi6d8e,1589391102,2020-05-13 17:31:42,"Information Support, Group Interaction","Experienced, Internalized, Anticipated"
,,,,,,,,,,gj1vya,meToo,fqoql57,1589521990,2020-05-15 5:53:10,"Information Support, Esteem Support","Experienced, Internalized, Anticipated"
,,,,,,,,,,givf9z,meToo,fqh0w7i,1589363984,2020-05-13 9:59:44,"Information Support, Esteem Support","Internalized, Anticipated"
,,,,,,,,,,givf9z,meToo,fqh0q6n,1589363818,2020-05-13 9:56:58,"Information Support, Emotional Support","Internalized, Anticipated"
,,,,,,,,,,gfcxg2,meToo,fpsus05,1588879967,2020-05-07 19:32:47,Esteem Support,"Internalized, Anticipated"
,,,,,,,,,,gfcxg2,meToo,fpsvfjs,1588880284,2020-05-07 19:38:04,Emotional Support,"Internalized, Anticipated"
,,,,,,,,,,gfcxg2,meToo,fpti4qz,1588891679,2020-05-07 22:47:59,"Information Support, Esteem Support, Tangible Assistance","Internalized, Anticipated"
,,,,,,,,,,gezms3,meToo,fpqrva7,1588830434,2020-05-07 5:47:14,"Information Support, Emotional Support, Esteem Support","Experienced, Internalized, Anticipated"
,,,,,,,,,,gezms3,meToo,fpqnep4,1588826990,2020-05-07 4:49:50,"Information Support, Esteem Support, Group Interaction","Experienced, Internalized, Anticipated"
,,,,,,,,,,gezms3,meToo,fpr59r1,1588842889,2020-05-07 9:14:49,"Information Support, Emotional Support, Esteem Support","Experienced, Internalized, Anticipated"
,,,,,,,,,,gezms3,meToo,fprbcq3,1588849078,2020-05-07 10:57:58,,"Experienced, Internalized, Anticipated"
,,,,,,,,,,gef0wy,meToo,fpn4rrq,1588750234,2020-05-06 7:30:34,"Information Support, Emotional Support, Esteem Support",
,,,,,,,,,,gef0wy,meToo,fpnd8bq,1588758790,2020-05-06 9:53:10,Information Support,
,,,,,,,,,,gbwoj0,meToo,fp8aa9v,1588387384,2020-05-02 2:43:04,"Information Support, Emotional Support, Esteem Support",Internalized
,,,,,,,,,,gbwoj0,meToo,fp893aa,1588386583,2020-05-02 2:29:43,"Emotional Support, Group Interaction",Internalized
,,,,,,,,,,gbwoj0,meToo,fpqvqjn,1588833674,2020-05-07 6:41:14,"Information Support, Esteem Support, Group Interaction",Internalized
,,,,,,,,,,gats5n,meToo,fp3fdnn,1588278340,2020-04-30 20:25:40,"Information Support, Emotional Support, Esteem Support, Group Interaction","Experienced, Internalized, Anticipated"
,,,,,,,,,,g7f2cy,meToo,foimxhq,1587790834,2020-04-25 5:00:34,Group Interaction,Experienced
,,,,,,,,,,g7f2cy,meToo,fohdzjg,1587764358,2020-04-24 21:39:18,"Information Support, Emotional Support, Esteem Support",Experienced
,,,,,,,,,,g7012o,meToo,foe71og,1587697324,2020-04-24 3:02:04,Emotional Support,"Experienced, Internalized, Anticipated"
,,,,,,,,,,g45v1x,meToo,fnwq0ak,1587323175,2020-04-19 19:06:15,Information Support,"Experienced, Anticipated, Structural"
,,,,,,,,,,g21v51,meToo,fnjfr7i,1586998066,2020-04-16 0:47:46,"Information Support, Emotional Support, Esteem Support, Tangible Assistance","Experienced, Anticipated"
,,,,,,,,,,g21v51,meToo,fnkp79k,1587035610,2020-04-16 11:13:30,"Information Support, Emotional Support, Esteem Support","Experienced, Anticipated"
,,,,,,,,,,g21v51,meToo,fnkhqhv,1587027499,2020-04-16 8:58:19,Information Support,"Experienced, Anticipated"
,,,,,,,,,,frt6qo,meToo,fmkmfkt,1586160117,2020-04-06 8:01:57,"Information Support, Esteem Support, Tangible Assistance, Group Interaction","Experienced, Structural"
,,,,,,,,,,frt6qo,meToo,fqt8950,1589632905,2020-05-16 12:41:45,,"Experienced, Structural"
,,,,,,,,,,frlfz9,meToo,fo9c8b2,1587615639,2020-04-23 4:20:39,"Esteem Support, Group Interaction",Internalized
,,,,,,,,,,frau2g,meToo,fluq4f3,1585507697,2020-03-29 18:48:17,,"Experienced, Structural"
,,,,,,,,,,frau2g,meToo,flurnc0,1585508597,2020-03-29 19:03:17,,"Experienced, Structural"
,,,,,,,,,,frau2g,meToo,fluu0vr,1585510023,2020-03-29 19:27:03,Information Support,"Experienced, Structural"
,,,,,,,,,,frau2g,meToo,flv25lt,1585514819,2020-03-29 20:46:59,Information Support,"Experienced, Structural"
,,,,,,,,,,fowfi5,meToo,flhs00e,1585168403,2020-03-25 20:33:23,"Emotional Support, Esteem Support","Experienced, Internalized, Anticipated"
,,,,,,,,,,fowfi5,meToo,fnbf7gu,1586814470,2020-04-13 21:47:50,Group Interaction,"Experienced, Internalized, Anticipated"
,,,,,,,,,,fowfi5,meToo,fljqurx,1585223666,2020-03-26 11:54:26,"Emotional Support, Group Interaction","Experienced, Internalized, Anticipated"
,,,,,,,,,,fowfi5,meToo,fllszs4,1585267117,2020-03-26 23:58:37,"Esteem Support, Group Interaction","Experienced, Internalized, Anticipated"
,,,,,,,,,,fh1nwx,meToo,fkbl58a,1584035016,2020-03-12 17:43:36,,Internalized
,,,,,,,,,,ffox2g,meToo,fjztih5,1583728893,2020-03-09 4:41:33,"Information Support, Esteem Support, Group Interaction","Experienced, Internalized, Anticipated"
,,,,,,,,,,ffox2g,meToo,fk0c47y,1583751711,2020-03-09 11:01:51,"Emotional Support, Esteem Support","Experienced, Internalized, Anticipated"
,,,,,,,,,,fdl0p2,meToo,fjjxg88,1583414966,2020-03-05 13:29:26,"Emotional Support, Tangible Assistance","Experienced, Internalized"
,,,,,,,,,,fcz197,meToo,fjg23w5,1583308133,2020-03-04 7:48:53,Information Support,"Experienced, Internalized, Anticipated"
,,,,,,,,,,fcz197,meToo,fjg5ht0,1583312412,2020-03-04 9:00:12,Information Support,"Experienced, Internalized, Anticipated"
,,,,,,,,,,fcs6mv,meToo,fjgtauh,1583335051,2020-03-04 15:17:31,Information Support,"Experienced, Structural"
,,,,,,,,,,fa2h24,meToo,fivzezx,1582771532,2020-02-27 2:45:32,"Emotional Support, Esteem Support, Group Interaction","Experienced, Internalized"
,,,,,,,,,,f9vw7h,meToo,fiuagcc,1582737871,2020-02-26 17:24:31,Emotional Support,
,,,,,,,,,,f8dmrj,meToo,fim5zgj,1582519132,2020-02-24 4:38:52,"Emotional Support, Group Interaction","Experienced, Anticipated, Structural"
,,,,,,,,,,f8dmrj,meToo,firhesb,1582664445,2020-02-25 21:00:45,"Emotional Support, Group Interaction","Experienced, Anticipated, Structural"
,,,,,,,,,,f7zask,meToo,fiil9ba,1582422848,2020-02-23 1:54:08,"Information Support, Tangible Assistance",Experienced
,,,,,,,,,,f7zask,meToo,fjt2799,1583602739,2020-03-07 17:38:59,Information Support,Experienced
,,,,,,,,,,f4yre3,meToo,fhvae3v,1581895096,2020-02-16 23:18:16,"Information Support, Emotional Support","Experienced, Internalized, Anticipated"
,,,,,,,,,,f4yre3,meToo,fhw2pzu,1581905174,2020-02-17 2:06:14,"Esteem Support, Group Interaction","Experienced, Internalized, Anticipated"
,,,,,,,,,,f4yre3,meToo,fhw3vf9,1581905718,2020-02-17 2:15:18,Information Support,"Experienced, Internalized, Anticipated"
,,,,,,,,,,f4epeb,meToo,fhpy8ub,1581796799,2020-02-15 19:59:59,,"Experienced, Internalized, Anticipated, Structural"
,,,,,,,,,,f4epeb,meToo,fhrequq,1581824364,2020-02-16 3:39:24,"Emotional Support, Tangible Assistance","Experienced, Internalized, Anticipated, Structural"
,,,,,,,,,,f3ey7b,meToo,fhir4xn,1581630189,2020-02-13 21:43:09,"Information Support, Emotional Support, Esteem Support, Group Interaction","Experienced, Anticipated"
,,,,,,,,,,f38bd4,meToo,fiooyyf,1582587639,2020-02-24 23:40:39,"Information Support, Emotional Support, Esteem Support","Experienced, Internalized"
,,,,,,,,,,f38bd4,meToo,fiy1tbp,1582830816,2020-02-27 19:13:36,Emotional Support,"Experienced, Internalized"
,,,,,,,,,,f322w3,meToo,fhhn4ns,1581607813,2020-02-13 15:30:13,"Information Support, Esteem Support","Experienced, Internalized"
,,,,,,,,,,f322w3,meToo,fhiq3b4,1581629613,2020-02-13 21:33:33,"Information Support, Emotional Support, Esteem Support","Experienced, Internalized"
,,,,,,,,,,f322w3,meToo,finzul1,1582573526,2020-02-24 19:45:26,Information Support,"Experienced, Internalized"
,,,,,,,,,,f2labw,meToo,fhea2s6,1581517696,2020-02-12 14:28:16,"Emotional Support, Group Interaction","Experienced, Internalized, Anticipated, Structural"
,,,,,,,,,,f2labw,meToo,fhdaaqu,1581480874,2020-02-12 4:14:34,Information Support,"Experienced, Internalized, Anticipated, Structural"
,,,,,,,,,,f1e8rl,meToo,fh4o0e2,1581280481,2020-02-09 20:34:41,"Information Support, Group Interaction","Experienced, Internalized"
,,,,,,,,,,f0v23x,meToo,fgynnmf,1581185117,2020-02-08 18:05:17,Information Support,"Experienced, Internalized, Anticipated, Structural"
,,,,,,,,,,eyn7dq,meToo,fgkkj2f,1580867693,2020-02-05 1:54:53,Emotional Support,"Experienced, Internalized, Anticipated, Structural"
,,,,,,,,,,eyn7dq,meToo,fgrn4te,1581051251,2020-02-07 4:54:11,"Emotional Support, Esteem Support, Group Interaction","Experienced, Internalized, Anticipated, Structural"
,,,,,,,,,,ey5nxe,meToo,fgflgb8,1580741899,2020-02-03 14:58:19,"Information Support, Emotional Support, Esteem Support",Internalized
,,,,,,,,,,exhia9,meToo,fg8sbjz,1580628877,2020-02-02 7:34:37,"Information Support, Tangible Assistance","Experienced, Anticipated, Structural"
,,,,,,,,,,exhia9,meToo,fh02o5z,1581199896,2020-02-08 22:11:36,"Information Support, Emotional Support","Experienced, Anticipated, Structural"
,,,,,,,,,,ewz4nq,meToo,fg5udem,1580539252,2020-02-01 6:40:52,"Information Support, Esteem Support",Internalized
,,,,,,,,,,euz1ur,meToo,ffshkij,1580181872,2020-01-28 3:24:32,"Information Support, Esteem Support",Internalized
,,,,,,,,,,euz1ur,meToo,ffshilb,1580181837,2020-01-28 3:23:57,"Information Support, Esteem Support",Internalized
,,,,,,,,,,euz1ur,meToo,fggqi1g,1580767322,2020-02-03 22:02:02,"Information Support, Emotional Support, Esteem Support",Internalized
,,,,,,,,,,eurds0,meToo,ffrei75,1580156452,2020-01-27 20:20:52,"Information Support, Emotional Support, Tangible Assistance",
,,,,,,,,,,eurds0,meToo,ffqzm2w,1580147205,2020-01-27 17:46:45,,
,,,,,,,,,,eurds0,meToo,ffr14w9,1580148167,2020-01-27 18:02:47,"Information Support, Esteem Support",
,,,,,,,,,,eurds0,meToo,ffsl13n,1580184337,2020-01-28 4:05:37,Information Support,
,,,,,,,,,,eurds0,meToo,ffw29xv,1580281253,2020-01-29 7:00:53,Esteem Support,
,,,,,,,,,,eurds0,meToo,fg54lsa,1580518134,2020-02-01 0:48:54,"Information Support, Esteem Support",
,,,,,,,,,,eurds0,meToo,fg3jhyn,1580483026,2020-01-31 15:03:46,"Emotional Support, Esteem Support",
,,,,,,,,,,eurds0,meToo,ffx9v9j,1580320770,2020-01-29 17:59:30,"Information Support, Tangible Assistance",
,,,,,,,,,,etsimd,meToo,ffikhr4,1579976039,2020-01-25 18:13:59,"Information Support, Esteem Support","Experienced, Internalized"
,,,,,,,,,,etsimd,meToo,ffi9eqz,1579968465,2020-01-25 16:07:45,,"Experienced, Internalized"
,,,,,,,,,,etpoy2,meToo,ffhst1j,1579952079,2020-01-25 11:34:39,"Emotional Support, Tangible Assistance, Group Interaction","Experienced, Internalized"
,,,,,,,,,,etpoy2,meToo,ffifwag,1579972903,2020-01-25 17:21:43,"Emotional Support, Esteem Support","Experienced, Internalized"
,,,,,,,,,,esgmdp,meToo,ffa4jzl,1579727748,2020-01-22 21:15:48,"Information Support, Emotional Support, Esteem Support","Experienced, Internalized, Anticipated"
,,,,,,,,,,esgmdp,meToo,ffa5229,1579728030,2020-01-22 21:20:30,"Information Support, Emotional Support, Esteem Support","Experienced, Internalized, Anticipated"
,,,,,,,,,,esgmdp,meToo,ffbedj2,1579761704,2020-01-23 6:41:44,"Information Support, Emotional Support, Esteem Support, Tangible Assistance, Group Interaction","Experienced, Internalized, Anticipated"
,,,,,,,,,,es6z6k,meToo,ff8cjkk,1579672946,2020-01-22 6:02:26,"Information Support, Esteem Support","Experienced, Internalized, Anticipated"
,,,,,,,,,,eq3jfp,meToo,fenkuje,1579286843,2020-01-17 18:47:23,"Emotional Support, Esteem Support","Experienced, Internalized, Anticipated, Structural"
,,,,,,,,,,epjs06,meToo,fek1p83,1579190722,2020-01-16 16:05:22,"Information Support, Emotional Support, Tangible Assistance",
,,,,,,,,,,epjs06,meToo,feo5728,1579295290,2020-01-17 21:08:10,"Emotional Support, Esteem Support, Group Interaction",
,,,,,,,,,,ene28s,meToo,fdypdj3,1578782189,2020-01-11 22:36:29,"Information Support, Emotional Support","Experienced, Anticipated"
,,,,,,,,,,ene28s,meToo,fe0r19c,1578817683,2020-01-12 8:28:03,,"Experienced, Anticipated"
,,,,,,,,,,ene28s,meToo,fe0ektp,1578811951,2020-01-12 6:52:31,Information Support,"Experienced, Anticipated"
,,,,,,,,,,emwj69,meToo,fdrtdoo,1578689499,2020-01-10 20:51:39,Information Support,"Experienced, Internalized, Anticipated, Structural"
,,,,,,,,,,emwj69,meToo,fds3wcc,1578693849,2020-01-10 22:04:09,,"Experienced, Internalized, Anticipated, Structural"
,,,,,,,,,,emwj69,meToo,fdsg27n,1578701978,2020-01-11 0:19:38,"Information Support, Emotional Support","Experienced, Internalized, Anticipated, Structural"
,,,,,,,,,,ek2sew,meToo,fd5okbq,1578179711,2020-01-04 23:15:11,,"Experienced, Internalized, Anticipated"
,,,,,,,,,,ek2sew,meToo,fdkrp2m,1578509753,2020-01-08 18:55:53,Esteem Support,"Experienced, Internalized, Anticipated"
,,,,,,,,,,ek2sew,meToo,fdkqa1b,1578508912,2020-01-08 18:41:52,"Information Support, Emotional Support, Esteem Support, Group Interaction","Experienced, Internalized, Anticipated"
,,,,,,,,,,ej79lc,meToo,fcvzgpb,1578013631,2020-01-03 1:07:11,"Information Support, Group Interaction",Anticipated
,,,,,,,,,,ej79lc,meToo,fdks5yf,1578510033,2020-01-08 19:00:33,"Tangible Assistance, Group Interaction",Anticipated
,,,,,,,,,,eiipd8,meToo,fcqslin,1577891565,2020-01-01 15:12:45,,Internalized
,,,,,,,,,,ehnweu,meToo,fclcz6h,1577744945,2019-12-30 22:29:05,"Information Support, Emotional Support, Esteem Support, Tangible Assistance","Experienced, Internalized"
,,,,,,,,,,ehnweu,meToo,fclfz3o,1577746898,2019-12-30 23:01:38,"Emotional Support, Esteem Support","Experienced, Internalized"
,,,,,,,,,,eewql5,meToo,fbxaxsx,1577177686,2019-12-24 8:54:46,"Emotional Support, Tangible Assistance, Group Interaction",Experienced
,,,,,,,,,,eeg0js,meToo,fbthuwq,1577079428,2019-12-23 5:37:08,Esteem Support,"Experienced, Anticipated"
,,,,,,,,,,eeg0js,meToo,fbtqrth,1577090837,2019-12-23 8:47:17,"Emotional Support, Esteem Support, Group Interaction","Experienced, Anticipated"
,,,,,,,,,,eeg0js,meToo,fbvo2f7,1577133595,2019-12-23 20:39:55,"Emotional Support, Esteem Support","Experienced, Anticipated"
,,,,,,,,,,ee0zvj,meToo,fbtiell,1577080002,2019-12-23 5:46:42,Esteem Support,"Internalized, Anticipated"
,,,,,,,,,,ee0zvj,meToo,flhsyr3,1585168917,2020-03-25 20:41:57,"Emotional Support, Group Interaction","Internalized, Anticipated"
,,,,,,,,,,eb87ta,meToo,fb36tdt,1576465613,2019-12-16 3:06:53,"Information Support, Esteem Support","Experienced, Internalized"
,,,,,,,,,,eb87ta,meToo,fb9bi8y,1576634305,2019-12-18 1:58:25,"Information Support, Emotional Support, Esteem Support","Experienced, Internalized"
,,,,,,,,,,eb87ta,meToo,fb3as8q,1576468267,2019-12-16 3:51:07,"Information Support, Emotional Support, Tangible Assistance","Experienced, Internalized"
,,,,,,,,,,e5b2u1,meToo,f9j4vqa,1575356241,2019-12-03 6:57:21,"Information Support, Tangible Assistance","Internalized, Anticipated"
,,,,,,,,,,e5b2u1,meToo,f9ob6sm,1575500441,2019-12-04 23:00:41,"Esteem Support, Group Interaction","Internalized, Anticipated"
,,,,,,,,,,e2ptz4,meToo,f8x4un8,1574908268,2019-11-28 2:31:08,"Information Support, Emotional Support","Internalized, Anticipated"
,,,,,,,,,,e2ptz4,meToo,f91k741,1574992535,2019-11-29 1:55:35,"Emotional Support, Group Interaction","Internalized, Anticipated"
,,,,,,,,,,e2ptz4,meToo,f8wwban,1574901678,2019-11-28 0:41:18,"Information Support, Group Interaction","Internalized, Anticipated"
,,,,,,,,,,e2ptz4,meToo,f8wwho1,1574901816,2019-11-28 0:43:36,Information Support,"Internalized, Anticipated"
,,,,,,,,,,e2ptz4,meToo,f8x5mis,1574908871,2019-11-28 2:41:11,Group Interaction,"Internalized, Anticipated"
,,,,,,,,,,e2ptz4,meToo,f8x5p1a,1574908925,2019-11-28 2:42:05,Emotional Support,"Internalized, Anticipated"
,,,,,,,,,,e2ptz4,meToo,f8x5yi4,1574909133,2019-11-28 2:45:33,,"Internalized, Anticipated"
,,,,,,,,,,e2ptz4,meToo,f8xlzno,1574923433,2019-11-28 6:43:53,,"Internalized, Anticipated"
,,,,,,,,,,e2ptz4,meToo,f91t8xs,1575000527,2019-11-29 4:08:47,Esteem Support,"Internalized, Anticipated"
,,,,,,,,,,e28ikj,meToo,f8u8ika,1574822152,2019-11-27 2:35:52,"Information Support, Group Interaction","Experienced, Internalized, Anticipated, Structural"
,,,,,,,,,,e28ikj,meToo,f8u9l3x,1574822990,2019-11-27 2:49:50,Information Support,"Experienced, Internalized, Anticipated, Structural"
,,,,,,,,,,e28ikj,meToo,f8vblyn,1574865368,2019-11-27 14:36:08,Information Support,"Experienced, Internalized, Anticipated, Structural"
,,,,,,,,,,e28ikj,meToo,f8v37sg,1574857745,2019-11-27 12:29:05,Information Support,"Experienced, Internalized, Anticipated, Structural"
,,,,,,,,,,e26dup,meToo,f8u2zcd,1574817849,2019-11-27 1:24:09,"Emotional Support, Tangible Assistance","Experienced, Anticipated, Structural"
,,,,,,,,,,e26dup,meToo,f8u9uq6,1574823202,2019-11-27 2:53:22,"Information Support, Esteem Support","Experienced, Anticipated, Structural"
,,,,,,,,,,e26dup,meToo,fbbhi21,1576700576,2019-12-18 20:22:56,"Emotional Support, Group Interaction","Experienced, Anticipated, Structural"
,,,,,,,,,,dxo1z9,meToo,f7y2tmi,1574084823,2019-11-18 13:47:03,"Information Support, Esteem Support",Anticipated
,,,,,,,,,,dxo1z9,meToo,f7ush6k,1574017584,2019-11-17 19:06:24,"Information Support, Esteem Support",Anticipated
,,,,,,,,,,dxo1z9,meToo,f7vg3ii,1574023432,2019-11-17 20:43:52,"Information Support, Emotional Support, Esteem Support, Tangible Assistance",Anticipated
,,,,,,,,,,dxo1z9,meToo,f8afr0p,1574396051,2019-11-22 4:14:11,"Information Support, Esteem Support",Anticipated
,,,,,,,,,,dvk9pr,meToo,fdwp9qg,1578761038,2020-01-11 16:43:58,"Information Support, Emotional Support, Esteem Support","Experienced, Internalized, Structural"
,,,,,,,,,,dvarky,meToo,f7cbbui,1573588511,2019-11-12 19:55:11,"Information Support, Emotional Support, Esteem Support",Internalized
,,,,,,,,,,dvarky,meToo,f7djfuz,1573618555,2019-11-13 4:15:55,"Information Support, Emotional Support, Esteem Support, Tangible Assistance",Internalized
,,,,,,,,,,dvarky,meToo,fdwm9s5,1578760158,2020-01-11 16:29:18,"Emotional Support, Esteem Support, Group Interaction",Internalized
,,,,,,,,,,du16u2,meToo,f71gtx8,1573341508,2019-11-09 23:18:28,Emotional Support,
,,,,,,,,,,du16u2,meToo,f7dld62,1573620251,2019-11-13 4:44:11,"Information Support, Emotional Support, Esteem Support",
,,,,,,,,,,dru3oe,meToo,f6l64bj,1572930221,2019-11-05 5:03:41,Emotional Support,Experienced
,,,,,,,,,,dpon6k,meToo,f5z6atz,1572568339,2019-11-01 0:32:19,"Emotional Support, Tangible Assistance",Internalized
,,,,,,,,,,dpf6mx,meToo,f5v2ba5,1572482675,2019-10-31 0:44:35,Information Support,"Experienced, Internalized, Anticipated, Structural"
,,,,,,,,,,dmprrn,meToo,f54aip0,1571975804,2019-10-25 3:56:44,"Information Support, Emotional Support, Esteem Support","Experienced, Internalized, Anticipated, Structural"
,,,,,,,,,,di1kma,meToo,f3ssf9e,1571108325,2019-10-15 2:58:45,"Information Support, Tangible Assistance","Experienced, Internalized, Anticipated"
,,,,,,,,,,di1kma,meToo,f3tz8t8,1571149547,2019-10-15 14:25:47,Information Support,"Experienced, Internalized, Anticipated"
,,,,,,,,,,di1kma,meToo,f3uh44v,1571160248,2019-10-15 17:24:08,,"Experienced, Internalized, Anticipated"
,,,,,,,,,,d8h6ne,meToo,f1axs2e,1569313052,2019-09-24 8:17:32,"Information Support, Emotional Support, Esteem Support","Experienced, Internalized"
,,,,,,,,,,d8h6ne,meToo,f1dbn8h,1569379141,2019-09-25 2:39:01,"Emotional Support, Esteem Support, Group Interaction","Experienced, Internalized"
,,,,,,,,,,d7tpad,meToo,f15rp1h,1569195055,2019-09-22 23:30:55,Esteem Support,Internalized
,,,,,,,,,,d7tpad,meToo,f1ah04m,1569293760,2019-09-24 2:56:00,"Emotional Support, Group Interaction",Internalized
,,,,,,,,,,d587vt,meToo,f0kcbhc,1568675903,2019-09-16 23:18:23,Group Interaction,Anticipated
,,,,,,,,,,d18mpe,meToo,ezmulb1,1567997180,2019-09-09 2:46:20,"Emotional Support, Esteem Support, Group Interaction",Internalized
,,,,,,,,,,d109nq,meToo,f0aue27,1568518990,2019-09-15 3:43:10,Group Interaction,Internalized
,,,,,,,,,,cz7kev,meToo,ez0vk03,1567642513,2019-09-05 0:15:13,Information Support,"Internalized, Anticipated, Structural"
,,,,,,,,,,cxziv8,meToo,eyolgm0,1567279035,2019-08-31 19:17:15,Information Support,"Experienced, Internalized, Anticipated, Structural"
,,,,,,,,,,cwdo1f,meToo,eyaf8uw,1566962520,2019-08-28 3:22:00,Information Support,"Experienced, Internalized, Anticipated"
,,,,,,,,,,cwdo1f,meToo,f0ke00u,1568677222,2019-09-16 23:40:22,"Information Support, Emotional Support","Experienced, Internalized, Anticipated"
,,,,,,,,,,cvvubw,meToo,ey6sykd,1566863309,2019-08-26 23:48:29,"Information Support, Emotional Support, Esteem Support, Group Interaction",Internalized
,,,,,,,,,,cvvubw,meToo,ey96z9p,1566936634,2019-08-27 20:10:34,Group Interaction,Internalized
,,,,,,,,,,cvvubw,meToo,ey9784i,1566936792,2019-08-27 20:13:12,"Emotional Support, Group Interaction",Internalized
,,,,,,,,,,cv1vqu,meToo,ey3adlk,1566759418,2019-08-25 18:56:58,"Emotional Support, Esteem Support","Experienced, Internalized"
,,,,,,,,,,ctnryb,meToo,exokzrl,1566478132,2019-08-22 12:48:52,"Information Support, Esteem Support, Tangible Assistance","Experienced, Structural"
,,,,,,,,,,ctnryb,meToo,expp40g,1566492777,2019-08-22 16:52:57,"Information Support, Emotional Support","Experienced, Structural"
,,,,,,,,,,cssgz6,meToo,f5s9mg1,1572418123,2019-10-30 6:48:43,"Esteem Support, Group Interaction",
,,,,,,,,,,crnvnt,meToo,ex7ueeu,1566064943,2019-08-17 18:02:23,"Information Support, Emotional Support","Experienced, Internalized, Anticipated, Structural"
,,,,,,,,,,cqhri9,meToo,ewx48o7,1565843818,2019-08-15 4:36:58,Emotional Support,Internalized
,,,,,,,,,,cokp6z,meToo,ewiurze,1565457085,2019-08-10 17:11:25,,"Experienced, Internalized"
,,,,,,,,,,cokp6z,meToo,ewpydeu,1565652285,2019-08-12 23:24:45,Information Support,"Experienced, Internalized"
,,,,,,,,,,cokp6z,meToo,ewq0lyf,1565653867,2019-08-12 23:51:07,Information Support,"Experienced, Internalized"
,,,,,,,,,,cokp6z,meToo,ewrzuby,1565717291,2019-08-13 17:28:11,,"Experienced, Internalized"
,,,,,,,,,,clrjro,meToo,ewhy3c2,1565428604,2019-08-10 9:16:44,Emotional Support,"Internalized, Anticipated"
,,,,,,,,,,clrjro,meToo,evxjb14,1564894427,2019-08-04 4:53:47,Information Support,"Internalized, Anticipated"
,,,,,,,,,,clrjro,meToo,evy6h22,1564924095,2019-08-04 13:08:15,"Information Support, Emotional Support, Esteem Support","Internalized, Anticipated"
,,,,,,,,,,clrads,meToo,evxa6ly,1564886269,2019-08-04 2:37:49,"Information Support, Emotional Support","Experienced, Anticipated"
,,,,,,,,,,clrads,meToo,evxyfd2,1564914289,2019-08-04 10:24:49,"Information Support, Emotional Support, Esteem Support","Experienced, Anticipated"
,,,,,,,,,,clrads,meToo,evzkp8g,1564960117,2019-08-04 23:08:37,"Information Support, Emotional Support, Esteem Support","Experienced, Anticipated"
,,,,,,,,,,cl4grd,meToo,evt1w02,1564761054,2019-08-02 15:50:54,"Information Support, Esteem Support",Internalized
,,,,,,,,,,cl4grd,meToo,evt05i0,1564759992,2019-08-02 15:33:12,"Information Support, Esteem Support",Internalized
,,,,,,,,,,cjyfiq,meToo,evhngcq,1564529170,2019-07-30 23:26:10,"Esteem Support, Group Interaction","Internalized, Anticipated"
,,,,,,,,,,cjk3h9,meToo,evdxqf9,1564450183,2019-07-30 1:29:43,Information Support,Internalized
,,,,,,,,,,cjk3h9,meToo,eve10yd,1564452619,2019-07-30 2:10:19,"Information Support, Esteem Support, Tangible Assistance, Group Interaction",Internalized
,,,,,,,,,,cjk3h9,meToo,eve8yrq,1564459150,2019-07-30 3:59:10,"Information Support, Emotional Support, Esteem Support",Internalized
,,,,,,,,,,cjk3h9,meToo,evek0gr,1564469118,2019-07-30 6:45:18,Information Support,Internalized
,,,,,,,,,,cjk3h9,meToo,eveux8z,1564479842,2019-07-30 9:44:02,"Information Support, Esteem Support, Group Interaction",Internalized
,,,,,,,,,,cj3a0d,meToo,evavt5x,1564358631,2019-07-29 0:03:51,"Information Support, Emotional Support",Internalized
,,,,,,,,,,ciq4z8,meToo,evewcxc,1564481259,2019-07-30 10:07:39,"Information Support, Esteem Support","Internalized, Anticipated"
,,,,,,,,,,cfjnl1,meToo,euc8uaa,1563668265,2019-07-21 0:17:45,Information Support,"Internalized, Structural"
,,,,,,,,,,cfjnl1,meToo,eucy9nh,1563691864,2019-07-21 6:51:04,,"Internalized, Structural"
,,,,,,,,,,cfjnl1,meToo,eufkjgd,1563778264,2019-07-22 6:51:04,,"Internalized, Structural"
,,,,,,,,,,cep6fy,meToo,eu4fw6q,1563452592,2019-07-18 12:23:12,Emotional Support,Experienced
,,,,,,,,,,cdsfy2,meToo,f18flti,1569257015,2019-09-23 16:43:35,Information Support,Experienced
,,,,,,,,,,cdsfy2,meToo,etx5nzt,1563292077,2019-07-16 15:47:57,Information Support,Experienced
,,,,,,,,,,cdsfy2,meToo,etw3d01,1563252522,2019-07-16 4:48:42,Information Support,Experienced
,,,,,,,,,,cc5u1i,meToo,etksg6c,1562907094,2019-07-12 4:51:34,"Esteem Support, Group Interaction","Experienced, Internalized"
,,,,,,,,,,cagd7k,meToo,et8rv51,1562567338,2019-07-08 6:28:58,Information Support,Anticipated
,,,,,,,,,,cagd7k,meToo,et8wc5n,1562573479,2019-07-08 8:11:19,"Information Support, Group Interaction",Anticipated
,,,,,,,,,,cagd7k,meToo,et90dqj,1562579779,2019-07-08 9:56:19,"Emotional Support, Esteem Support, Tangible Assistance",Anticipated
,,,,,,,,,,cagd7k,meToo,etdr4im,1562713161,2019-07-09 22:59:21,"Emotional Support, Tangible Assistance, Group Interaction",Anticipated
,,,,,,,,,,cagd7k,meToo,euebr0j,1563740395,2019-07-21 20:19:55,,Anticipated
,,,,,,,,,,cae5lb,meToo,etj8uwe,1562868530,2019-07-11 18:08:50,"Emotional Support, Group Interaction","Internalized, Anticipated"
,,,,,,,,,,ca9zpc,meToo,et7a3ft,1562527671,2019-07-07 19:27:51,"Information Support, Esteem Support","Experienced, Internalized, Anticipated, Structural"
,,,,,,,,,,ca9zpc,meToo,et7zkwq,1562542394,2019-07-07 23:33:14,"Information Support, Emotional Support, Esteem Support","Experienced, Internalized, Anticipated, Structural"
,,,,,,,,,,ca2rwf,meToo,et5vnhs,1562492436,2019-07-07 9:40:36,Emotional Support,
,,,,,,,,,,c87sog,meToo,esm6ds0,1562099171,2019-07-02 20:26:11,Group Interaction,"Experienced, Structural"
,,,,,,,,,,c87sog,meToo,eswmu0i,1562317401,2019-07-05 9:03:21,,"Experienced, Structural"
,,,,,,,,,,c87sog,meToo,et5ynkg,1562497223,2019-07-07 11:00:23,,"Experienced, Structural"
,,,,,,,,,,c87sog,meToo,eudvp60,1563728712,2019-07-21 17:05:12,,"Experienced, Structural"
,,,,,,,,,,c87sog,meToo,esklxh0,1562068252,2019-07-02 11:50:52,,"Experienced, Structural"
,,,,,,,,,,c7orff,meToo,esgrjij,1561963489,2019-07-01 6:44:49,"Esteem Support, Group Interaction","Experienced, Anticipated"
,,,,,,,,,,c7orff,meToo,esm9bnq,1562100775,2019-07-02 20:52:55,Esteem Support,"Experienced, Anticipated"
,,,,,,,,,,c54a4i,meToo,evre7kz,1564706459,2019-08-02 0:40:59,"Emotional Support, Esteem Support, Group Interaction","Internalized, Anticipated"
,,,,,,,,,,c44nom,meToo,esbnplu,1561802344,2019-06-29 9:59:04,,Internalized
,,,,,,,,,,c3xai7,meToo,ertwg8j,1561255366,2019-06-23 2:02:46,Information Support,Internalized
,,,,,,,,,,c3xai7,meToo,eruvydp,1561299101,2019-06-23 14:11:41,Information Support,Internalized
,,,,,,,,,,c3xai7,meToo,erxfaw4,1561383159,2019-06-24 13:32:39,"Information Support, Esteem Support",Internalized
,,,,,,,,,,c3xai7,meToo,esmab5k,1562101310,2019-07-02 21:01:50,"Information Support, Esteem Support",Internalized
,,,,,,,,,,c2oexy,meToo,erlj1w1,1560988501,2019-06-19 23:55:01,"Information Support, Tangible Assistance","Experienced, Internalized, Anticipated"
,,,,,,,,,,c2oexy,meToo,erlyrpy,1561000628,2019-06-20 3:17:08,"Information Support, Emotional Support, Esteem Support, Tangible Assistance","Experienced, Internalized, Anticipated"
,,,,,,,,,,c1i0dh,meToo,erdoja7,1560749813,2019-06-17 5:36:53,"Information Support, Emotional Support, Esteem Support, Group Interaction",Internalized
,,,,,,,,,,c1i0dh,meToo,erebz2m,1560780084,2019-06-17 14:01:24,Information Support,Internalized
,,,,,,,,,,c1i0dh,meToo,et8wzj5,1562574485,2019-07-08 8:28:05,"Information Support, Esteem Support",Internalized
,,,,,,,,,,c19m8m,meToo,erbvn8d,1560695404,2019-06-16 14:30:04,"Information Support, Emotional Support, Esteem Support","Internalized, Anticipated"
,,,,,,,,,,c18fd7,meToo,erc6g3q,1560703999,2019-06-16 16:53:19,"Information Support, Emotional Support, Esteem Support","Experienced, Anticipated"
,,,,,,,,,,c10n3t,meToo,er9zglx,1560632975,2019-06-15 21:09:35,"Information Support, Emotional Support, Tangible Assistance","Experienced, Anticipated"
,,,,,,,,,,c10n3t,meToo,erahwdm,1560644474,2019-06-16 0:21:14,Information Support,"Experienced, Anticipated"
,,,,,,,,,,bzw0ka,meToo,eqy9myf,1560379680,2019-06-12 22:48:00,"Emotional Support, Esteem Support","Experienced, Internalized, Anticipated"
,,,,,,,,,,bzw0ka,meToo,eraqw6u,1560650738,2019-06-16 2:05:38,Information Support,"Experienced, Internalized, Anticipated"
,,,,,,,,,,bzjsq4,meToo,eqtd56s,1560308965,2019-06-12 3:09:25,Information Support,"Experienced, Structural"
,,,,,,,,,,bzjsq4,meToo,eqvh6mv,1560345208,2019-06-12 13:13:28,,"Experienced, Structural"
,,,,,,,,,,bzbm7m,meToo,eqracrb,1560254942,2019-06-11 12:09:02,Information Support,"Internalized, Anticipated"
,,,,,,,,,,bydgi9,meToo,eqgv5nl,1560043296,2019-06-09 1:21:36,"Information Support, Emotional Support, Esteem Support, Group Interaction","Experienced, Internalized, Anticipated"
,,,,,,,,,,by3f0d,meToo,eqoriq7,1560191809,2019-06-10 18:36:49,"Information Support, Emotional Support, Esteem Support, Group Interaction","Internalized, Anticipated"
,,,,,,,,,,by3f0d,meToo,eqcbq7m,1559965919,2019-06-08 3:51:59,"Information Support, Emotional Support, Esteem Support","Internalized, Anticipated"
,,,,,,,,,,bx9wxm,meToo,eq4p64d,1559782107,2019-06-06 0:48:27,"Information Support, Esteem Support","Internalized, Anticipated"
,,,,,,,,,,bx9wxm,meToo,eq6hgo5,1559829220,2019-06-06 13:53:40,"Information Support, Esteem Support, Group Interaction","Internalized, Anticipated"
,,,,,,,,,,bx9wxm,meToo,eq9d61e,1559900854,2019-06-07 9:47:34,"Information Support, Esteem Support, Tangible Assistance, Group Interaction","Internalized, Anticipated"
,,,,,,,,,,bwr16x,meToo,eq0lfdv,1559687632,2019-06-04 22:33:52,"Information Support, Emotional Support, Esteem Support, Group Interaction","Experienced, Internalized, Anticipated"
,,,,,,,,,,bwr16x,meToo,eq1aojx,1559704803,2019-06-05 3:20:03,"Information Support, Esteem Support, Group Interaction","Experienced, Internalized, Anticipated"
,,,,,,,,,,bwhqkq,meToo,epxpdw0,1559607151,2019-06-04 0:12:31,"Information Support, Emotional Support",Internalized
,,,,,,,,,,bwhqkq,meToo,epxr476,1559608520,2019-06-04 0:35:20,"Emotional Support, Esteem Support, Group Interaction",Internalized
,,,,,,,,,,buz6qi,meToo,epjrw6c,1559258944,2019-05-30 23:29:04,"Emotional Support, Esteem Support, Group Interaction","Experienced, Internalized, Anticipated"
,,,,,,,,,,bup391,meToo,epi5yje,1559235007,2019-05-30 16:50:07,"Information Support, Esteem Support, Group Interaction","Experienced, Internalized, Anticipated"
,,,,,,,,,,bup391,meToo,episqx4,1559242822,2019-05-30 19:00:22,"Information Support, Emotional Support, Esteem Support, Tangible Assistance, Group Interaction","Experienced, Internalized, Anticipated"
,,,,,,,,,,bulfi7,meToo,epe8cwr,1559179698,2019-05-30 1:28:18,"Information Support, Group Interaction","Experienced, Internalized, Anticipated"
,,,,,,,,,,bulfi7,meToo,epp5wzw,1559365242,2019-06-01 5:00:42,"Information Support, Esteem Support","Experienced, Internalized, Anticipated"
,,,,,,,,,,bulfi7,meToo,epf7ntn,1559192236,2019-05-30 4:57:16,Information Support,"Experienced, Internalized, Anticipated"
,,,,,,,,,,btqodk,meToo,ep29hc1,1559004587,2019-05-28 0:49:47,Emotional Support,"Experienced, Anticipated, Structural"
,,,,,,,,,,btqodk,meToo,ep53akt,1559049907,2019-05-28 13:25:07,"Information Support, Emotional Support, Esteem Support","Experienced, Anticipated, Structural"
,,,,,,,,,,btqodk,meToo,ep5vryr,1559061475,2019-05-28 16:37:55,Emotional Support,"Experienced, Anticipated, Structural"
,,,,,,,,,,btqodk,meToo,ep5lo9p,1559057744,2019-05-28 15:35:44,,"Experienced, Anticipated, Structural"
,,,,,,,,,,btphh4,meToo,ep1gxld,1558989038,2019-05-27 20:30:38,Emotional Support,"Internalized, Structural"
,,,,,,,,,,bt6571,meToo,eoueuyq,1558864292,2019-05-26 9:51:32,Esteem Support,"Internalized, Anticipated"
,,,,,,,,,,bt6571,meToo,epk27p0,1559265968,2019-05-31 1:26:08,Esteem Support,"Internalized, Anticipated"
,,,,,,,,,,bt6571,meToo,epp66j0,1559365551,2019-06-01 5:05:51,"Information Support, Emotional Support, Esteem Support, Group Interaction","Internalized, Anticipated"
,,,,,,,,,,bsxohh,meToo,eotks1g,1558842990,2019-05-26 3:56:30,"Information Support, Emotional Support, Esteem Support, Tangible Assistance, Group Interaction","Experienced, Anticipated"
,,,,,,,,,,bsxohh,meToo,epvabb4,1559528326,2019-06-03 2:18:46,,"Experienced, Anticipated"
,,,,,,,,,,bsxohh,meToo,eq50s0u,1559790415,2019-06-06 3:06:55,,"Experienced, Anticipated"
,,,,,,,,,,bsxohh,meToo,f8109ee,1574144376,2019-11-19 6:19:36,Information Support,"Experienced, Anticipated"
,,,,,,,,,,bsxohh,meToo,eostfgn,1558828961,2019-05-26 0:02:41,,"Experienced, Anticipated"
,,,,,,,,,,bss5ne,meToo,eowzj8j,1558917028,2019-05-27 0:30:28,"Information Support, Esteem Support","Experienced, Internalized, Anticipated"
,,,,,,,,,,bsnw6q,meToo,eoolphw,1558741693,2019-05-24 23:48:13,"Information Support, Esteem Support",Internalized
,,,,,,,,,,bsnw6q,meToo,eooo5v4,1558743511,2019-05-25 0:18:31,"Information Support, Emotional Support",Internalized
,,,,,,,,,,bsnw6q,meToo,eprt7h3,1559430627,2019-06-01 23:10:27,"Information Support, Emotional Support",Internalized
,,,,,,,,,,brvppn,meToo,eoh6jge,1558574069,2019-05-23 1:14:29,"Information Support, Esteem Support, Group Interaction","Experienced, Internalized, Anticipated"
,,,,,,,,,,brvppn,meToo,eohnft0,1558586413,2019-05-23 4:40:13,"Emotional Support, Esteem Support, Group Interaction","Experienced, Internalized, Anticipated"
,,,,,,,,,,brvppn,meToo,eoigz58,1558619477,2019-05-23 13:51:17,"Information Support, Emotional Support, Esteem Support","Experienced, Internalized, Anticipated"
,,,,,,,,,,brmbyg,meToo,eoffnl6,1558533164,2019-05-22 13:52:44,"Information Support, Emotional Support, Esteem Support","Experienced, Internalized, Anticipated"
,,,,,,,,,,bqssh7,meToo,eo7raru,1558346058,2019-05-20 9:54:18,Esteem Support,"Experienced, Anticipated"
,,,,,,,,,,bp8ce3,meToo,enswzvg,1558034536,2019-05-16 19:22:16,"Information Support, Emotional Support",Internalized
,,,,,,,,,,bp8ce3,meToo,entvkys,1558048320,2019-05-16 23:12:00,"Emotional Support, Group Interaction",Internalized
,,,,,,,,,,bp8ce3,meToo,epliebk,1559296463,2019-05-31 9:54:23,"Information Support, Emotional Support, Esteem Support, Group Interaction",Internalized
,,,,,,,,,,bp7qd4,meToo,enqt08d,1558003685,2019-05-16 10:48:05,Information Support,Experienced
,,,,,,,,,,bp7qd4,meToo,enral6x,1558011398,2019-05-16 12:56:38,,Experienced
,,,,,,,,,,bo61zp,meToo,endijn5,1557783198,2019-05-13 21:33:18,"Information Support, Group Interaction","Experienced, Internalized"
,,,,,,,,,,bmudhy,meToo,en034cw,1557479451,2019-05-10 9:10:51,Information Support,Anticipated
,,,,,,,,,,bmudhy,meToo,en0luyr,1557495270,2019-05-10 13:34:30,Information Support,Anticipated
,,,,,,,,,,bmudhy,meToo,en1ezpu,1557510541,2019-05-10 17:49:01,Information Support,Anticipated
,,,,,,,,,,bl6gqj,meToo,emm45xj,1557112697,2019-05-06 3:18:17,"Information Support, Tangible Assistance","Internalized, Anticipated"
,,,,,,,,,,bl6gqj,meToo,emnd16w,1557152994,2019-05-06 14:29:54,"Information Support, Tangible Assistance","Internalized, Anticipated"
,,,,,,,,,,bkxm4w,meToo,emlkal3,1557099739,2019-05-05 23:42:19,"Information Support, Esteem Support","Experienced, Anticipated"
,,,,,,,,,,bkxm4w,meToo,emmwpnk,1557140597,2019-05-06 11:03:17,"Information Support, Emotional Support","Experienced, Anticipated"
,,,,,,,,,,bkxm4w,meToo,emomh7k,1557179979,2019-05-06 21:59:39,"Information Support, Esteem Support","Experienced, Anticipated"
,,,,,,,,,,bkxm4w,meToo,eqahlds,1559933082,2019-06-07 18:44:42,,"Experienced, Anticipated"
,,,,,,,,,,bkxm4w,meToo,eqb0uyr,1559943265,2019-06-07 21:34:25,"Information Support, Esteem Support","Experienced, Anticipated"
,,,,,,,,,,bkf1ub,meToo,emjjdff,1557032359,2019-05-05 4:59:19,Emotional Support,"Experienced, Anticipated"
,,,,,,,,,,bkf1ub,meToo,emjs8ed,1557045293,2019-05-05 8:34:53,"Information Support, Emotional Support, Esteem Support","Experienced, Anticipated"
,,,,,,,,,,bkf1ub,meToo,eo9a8r8,1558386289,2019-05-20 21:04:49,Group Interaction,"Experienced, Anticipated"
,,,,,,,,,,bk0crl,meToo,emd8q35,1556843904,2019-05-03 0:38:24,Emotional Support,"Internalized, Anticipated"
,,,,,,,,,,bk0crl,meToo,emdcm9q,1556846448,2019-05-03 1:20:48,"Information Support, Group Interaction","Internalized, Anticipated"
,,,,,,,,,,bk0crl,meToo,emeljj2,1556887550,2019-05-03 12:45:50,,"Internalized, Anticipated"
,,,,,,,,,,bk0crl,meToo,emjk8de,1557033390,2019-05-05 5:16:30,Emotional Support,"Internalized, Anticipated"
,,,,,,,,,,bk0crl,meToo,emsvd9u,1557288571,2019-05-08 4:09:31,"Emotional Support, Group Interaction","Internalized, Anticipated"
,,,,,,,,,,bjvw7q,meToo,emc94bn,1556822959,2019-05-02 18:49:19,"Information Support, Tangible Assistance",Internalized
,,,,,,,,,,bjvw7q,meToo,emffbpj,1556907279,2019-05-03 18:14:39,,Internalized
,,,,,,,,,,bjvw7q,meToo,emffo5n,1556907516,2019-05-03 18:18:36,"Emotional Support, Tangible Assistance",Internalized
,,,,,,,,,,bjv0oz,meToo,embl505,1556808863,2019-05-02 14:54:23,"Emotional Support, Esteem Support, Group Interaction","Anticipated, Structural"
,,,,,,,,,,bjv0oz,meToo,emcwxex,1556836332,2019-05-02 22:32:12,Group Interaction,"Anticipated, Structural"
,,,,,,,,,,bjlafw,meToo,em925x8,1556739116,2019-05-01 19:31:56,Information Support,Internalized
,,,,,,,,,,bjlafw,meToo,em95ik1,1556741032,2019-05-01 20:03:52,"Information Support, Esteem Support, Tangible Assistance",Internalized
,,,,,,,,,,bjbayv,meToo,em72ttm,1556680086,2019-05-01 3:08:06,"Information Support, Emotional Support, Esteem Support","Experienced, Anticipated, Structural"
,,,,,,,,,,bjbayv,meToo,emaxqxq,1556791677,2019-05-02 10:07:57,"Information Support, Esteem Support","Experienced, Anticipated, Structural"
,,,,,,,,,,bi60bh,meToo,elydq2e,1556417592,2019-04-28 2:13:12,"Emotional Support, Esteem Support, Group Interaction","Experienced, Anticipated"
,,,,,,,,,,bi60bh,meToo,em1smjl,1556535608,2019-04-29 11:00:08,"Emotional Support, Group Interaction","Experienced, Anticipated"
,,,,,,,,,,bi60bh,meToo,elyg6ry,1556419783,2019-04-28 2:49:43,"Emotional Support, Esteem Support","Experienced, Anticipated"
,,,,,,,,,,bi60bh,meToo,elyi7p3,1556421636,2019-04-28 3:20:36,"Information Support, Emotional Support","Experienced, Anticipated"
,,,,,,,,,,bi60bh,meToo,elzs465,1556471306,2019-04-28 17:08:26,"Emotional Support, Tangible Assistance","Experienced, Anticipated"
,,,,,,,,,,bhps9t,meToo,elwwrfk,1556376520,2019-04-27 14:48:40,"Information Support, Emotional Support, Esteem Support",Internalized
,,,,,,,,,,bgw54y,meToo,em3sp7u,1556587004,2019-04-30 1:16:44,"Information Support, Group Interaction",Internalized
,,,,,,,,,,bgutnu,meToo,elopoxa,1556137044,2019-04-24 20:17:24,Esteem Support,"Experienced, Internalized, Anticipated"
,,,,,,,,,,bgutnu,meToo,gduzadk,1606563686,2020-11-28 11:41:26,,"Experienced, Internalized, Anticipated"
,,,,,,,,,,bgqg4q,meToo,elnngwn,1556114315,2019-04-24 13:58:35,,Experienced
,,,,,,,,,,be72p3,meToo,el3jduj,1555506386,2019-04-17 13:06:26,Information Support,Experienced
,,,,,,,,,,be72p3,meToo,el3qrv1,1555511240,2019-04-17 14:27:20,Information Support,Experienced
,,,,,,,,,,be72p3,meToo,el497vk,1555522421,2019-04-17 17:33:41,Information Support,Experienced
,,,,,,,,,,be72p3,meToo,el64shb,1555571333,2019-04-18 7:08:53,Information Support,Experienced
,,,,,,,,,,be72p3,meToo,el3hfvd,1555504842,2019-04-17 12:40:42,Information Support,Experienced
,,,,,,,,,,be72p3,meToo,el3wmx0,1555514746,2019-04-17 15:25:46,,Experienced
,,,,,,,,,,bdcl1q,meToo,ekxiae0,1555322441,2019-04-15 10:00:41,"Information Support, Group Interaction",
,,,,,,,,,,bd7pmn,meToo,el6zgrp,1555602432,2019-04-18 15:47:12,"Information Support, Emotional Support, Esteem Support, Group Interaction","Experienced, Internalized, Anticipated"
,,,,,,,,,,bbrc0m,meToo,em43ryp,1556595366,2019-04-30 3:36:06,"Emotional Support, Group Interaction",Internalized
,,,,,,,,,,bbaf2m,meToo,ekhva41,1554840762,2019-04-09 20:12:42,"Information Support, Esteem Support","Internalized, Anticipated"
,,,,,,,,,,bb918h,meToo,ekhp3w5,1554836699,2019-04-09 19:04:59,"Information Support, Group Interaction",Anticipated
,,,,,,,,,,ba2pfm,meToo,ek8nwgf,1554548259,2019-04-06 10:57:39,"Information Support, Esteem Support","Experienced, Internalized, Anticipated"
,,,,,,,,,,ba2pfm,meToo,ek8v99a,1554557848,2019-04-06 13:37:28,"Information Support, Emotional Support, Esteem Support","Experienced, Internalized, Anticipated"
,,,,,,,,,,ba2pfm,meToo,ek8vcjz,1554557942,2019-04-06 13:39:02,"Information Support, Emotional Support, Esteem Support","Experienced, Internalized, Anticipated"
,,,,,,,,,,ba2pfm,meToo,ek8x4ua,1554559699,2019-04-06 14:08:19,"Information Support, Esteem Support","Experienced, Internalized, Anticipated"
,,,,,,,,,,ba2pfm,meToo,ek9p0kv,1554581522,2019-04-06 20:12:02,"Information Support, Emotional Support, Esteem Support, Tangible Assistance","Experienced, Internalized, Anticipated"
,,,,,,,,,,ba2pfm,meToo,ekjuemr,1554908030,2019-04-10 14:53:50,"Information Support, Esteem Support, Tangible Assistance","Experienced, Internalized, Anticipated"
,,,,,,,,,,ba2pfm,meToo,elnjj1w,1556111670,2019-04-24 13:14:30,"Information Support, Esteem Support","Experienced, Internalized, Anticipated"
,,,,,,,,,,b9juld,meToo,ek6mrc4,1554479802,2019-04-05 15:56:42,Emotional Support,Experienced
,,,,,,,,,,b6o87f,meToo,ejlz3pq,1553809240,2019-03-28 21:40:40,"Information Support, Esteem Support, Group Interaction","Experienced, Internalized, Anticipated"
,,,,,,,,,,b6cykf,meToo,ekjzgyo,1554911497,2019-04-10 15:51:37,"Information Support, Group Interaction","Experienced, Anticipated"
,,,,,,,,,,b65pkp,meToo,ejifj7s,1553710663,2019-03-27 18:17:43,Esteem Support,"Experienced, Internalized"
,,,,,,,,,,b65pkp,meToo,ejia6fd,1553707321,2019-03-27 17:22:01,Emotional Support,"Experienced, Internalized"
,,,,,,,,,,b65pkp,meToo,elq0zz5,1556169916,2019-04-25 5:25:16,"Emotional Support, Esteem Support, Group Interaction","Experienced, Internalized"
,,,,,,,,,,b4udsg,meToo,ej9ig62,1553434166,2019-03-24 13:29:26,"Information Support, Emotional Support, Esteem Support","Internalized, Anticipated"
,,,,,,,,,,b4udsg,meToo,ej9r8ef,1553441205,2019-03-24 15:26:45,"Emotional Support, Esteem Support","Internalized, Anticipated"
,,,,,,,,,,b4udsg,meToo,ejbgpsy,1553488255,2019-03-25 4:30:55,Emotional Support,"Internalized, Anticipated"
,,,,,,,,,,b4udsg,meToo,ejh480g,1553661799,2019-03-27 4:43:19,"Information Support, Tangible Assistance, Group Interaction","Internalized, Anticipated"
,,,,,,,,,,b4ob5d,meToo,ej83bzw,1553377210,2019-03-23 21:40:10,"Information Support, Emotional Support, Esteem Support","Experienced, Internalized, Anticipated, Structural"
,,,,,,,,,,b4ob5d,meToo,ej8ri4k,1553397586,2019-03-24 3:19:46,Emotional Support,"Experienced, Internalized, Anticipated, Structural"
,,,,,,,,,,b4ob5d,meToo,ejh45ty,1553661733,2019-03-27 4:42:13,"Information Support, Emotional Support, Tangible Assistance, Group Interaction","Experienced, Internalized, Anticipated, Structural"
,,,,,,,,,,b4ob5d,meToo,ekatw8c,1554620504,2019-04-07 7:01:44,"Esteem Support, Group Interaction","Experienced, Internalized, Anticipated, Structural"
,,,,,,,,,,b4ltrr,meToo,ej8ae14,1553382696,2019-03-23 23:11:36,Information Support,"Experienced, Structural"
,,,,,,,,,,b4fghz,meToo,ej6m1zp,1553331973,2019-03-23 9:06:13,"Emotional Support, Esteem Support","Experienced, Internalized, Anticipated"
,,,,,,,,,,b4fghz,meToo,ejco2gb,1553534149,2019-03-25 17:15:49,"Information Support, Esteem Support, Tangible Assistance","Experienced, Internalized, Anticipated"
,,,,,,,,,,b4fghz,meToo,ek5dlxx,1554430796,2019-04-05 2:19:56,"Information Support, Emotional Support, Esteem Support, Tangible Assistance, Group Interaction","Experienced, Internalized, Anticipated"
,,,,,,,,,,b4fghz,meToo,ekmj4ae,1554986081,2019-04-11 12:34:41,"Emotional Support, Esteem Support, Group Interaction","Experienced, Internalized, Anticipated"
,,,,,,,,,,b2tkd7,meToo,eiv2opd,1552981302,2019-03-19 7:41:42,"Emotional Support, Esteem Support",Internalized
,,,,,,,,,,b2so7c,meToo,eivi4cy,1553000695,2019-03-19 13:04:55,"Information Support, Group Interaction",Anticipated
,,,,,,,,,,b2so7c,meToo,ejh4k8f,1553662167,2019-03-27 4:49:27,"Information Support, Tangible Assistance, Group Interaction",Anticipated
,,,,,,,,,,b2so7c,meToo,eix0z38,1553036574,2019-03-19 23:02:54,Information Support,Anticipated
,,,,,,,,,,b2eqb2,meToo,eisobp0,1552910430,2019-03-18 12:00:30,"Emotional Support, Esteem Support, Group Interaction","Experienced, Internalized, Anticipated"
,,,,,,,,,,b20kz8,meToo,eipsur7,1552805084,2019-03-17 6:44:44,,"Internalized, Anticipated"
,,,,,,,,,,ayy71h,meToo,ei4hcss,1552111166,2019-03-09 5:59:26,Information Support,Anticipated
,,,,,,,,,,axt30s,meToo,ehw021n,1551839070,2019-03-06 2:24:30,Information Support,Experienced
,,,,,,,,,,axl3tf,meToo,ehuyako,1551812362,2019-03-05 18:59:22,"Emotional Support, Esteem Support","Experienced, Internalized, Anticipated, Structural"
,,,,,,,,,,axl3tf,meToo,ehxgj58,1551892924,2019-03-06 17:22:04,Information Support,"Experienced, Internalized, Anticipated, Structural"
,,,,,,,,,,axgz7z,meToo,ei2tn41,1552062290,2019-03-08 16:24:50,"Information Support, Esteem Support","Experienced, Internalized, Anticipated, Structural"
,,,,,,,,,,awrbyd,meToo,ehorkcq,1551599779,2019-03-03 7:56:19,"Information Support, Esteem Support",Anticipated
,,,,,,,,,,awrbyd,meToo,ehovqap,1551606637,2019-03-03 9:50:37,"Information Support, Esteem Support",Anticipated
,,,,,,,,,,awrbyd,meToo,ehy6jo5,1551909792,2019-03-06 22:03:12,Information Support,Anticipated
,,,,,,,,,,awrbyd,meToo,ei2uhkl,1552062888,2019-03-08 16:34:48,"Information Support, Emotional Support, Tangible Assistance, Group Interaction",Anticipated
,,,,,,,,,,awrbyd,meToo,eijwm67,1552608986,2019-03-15 0:16:26,,Anticipated
,,,,,,,,,,aut9aw,meToo,ehafokx,1551145275,2019-02-26 1:41:15,"Information Support, Esteem Support",Anticipated
,,,,,,,,,,aut9aw,meToo,ehas6gm,1551154736,2019-02-26 4:18:56,Information Support,Anticipated
,,,,,,,,,,aun3hx,meToo,eh9h6ud,1551121112,2019-02-25 18:58:32,"Information Support, Emotional Support, Group Interaction","Experienced, Internalized"
,,,,,,,,,,aun3hx,meToo,eha0zuh,1551133962,2019-02-25 22:32:42,"Information Support, Emotional Support, Group Interaction","Experienced, Internalized"
,,,,,,,,,,aun3hx,meToo,ehqgwpg,1551659626,2019-03-04 0:33:46,Information Support,"Experienced, Internalized"
,,,,,,,,,,atd16e,meToo,eh1qmjd,1550861367,2019-02-22 18:49:27,Information Support,Experienced
,,,,,,,,,,atd16e,meToo,eh57gma,1550973557,2019-02-24 1:59:17,Information Support,Experienced
,,,,,,,,,,atd16e,meToo,eh8ic9o,1551088897,2019-02-25 10:01:37,Information Support,Experienced
,,,,,,,,,,asq5de,meToo,egw6z7c,1550686936,2019-02-20 18:22:16,"Emotional Support, Esteem Support","Experienced, Internalized, Anticipated"
,,,,,,,,,,armw4a,meToo,egoa58t,1550426953,2019-02-17 18:09:13,,Internalized
,,,,,,,,,,armw4a,meToo,egotjur,1550442389,2019-02-17 22:26:29,Esteem Support,Internalized
,,,,,,,,,,armw4a,meToo,ehm2tp7,1551509827,2019-03-02 6:57:07,,Internalized
,,,,,,,,,,aqt125,meToo,egjc1oj,1550247202,2019-02-15 16:13:22,"Information Support, Emotional Support","Internalized, Anticipated"
,,,,,,,,,,aqt125,meToo,ehqhgqm,1551660097,2019-03-04 0:41:37,Information Support,"Internalized, Anticipated"
,,,,,,,,,,aqt125,meToo,egifl8b,1550207755,2019-02-15 5:15:55,"Information Support, Emotional Support, Esteem Support, Tangible Assistance","Internalized, Anticipated"
,,,,,,,,,,aqqubq,meToo,eghxz5b,1550191921,2019-02-15 0:52:01,"Information Support, Esteem Support","Experienced, Anticipated"
,,,,,,,,,,aqqubq,meToo,eghywjn,1550192701,2019-02-15 1:05:01,Information Support,"Experienced, Anticipated"
,,,,,,,,,,aqqubq,meToo,egi9j4s,1550201850,2019-02-15 3:37:30,Information Support,"Experienced, Anticipated"
,,,,,,,,,,aq0ncn,meToo,egckiu5,1550019743,2019-02-13 1:02:23,Emotional Support,"Experienced, Internalized, Anticipated"
,,,,,,,,,,aq0ncn,meToo,egcu3qe,1550026923,2019-02-13 3:02:03,"Esteem Support, Group Interaction","Experienced, Internalized, Anticipated"
,,,,,,,,,,aq0ncn,meToo,egkjd1m,1550279578,2019-02-16 1:12:58,"Emotional Support, Esteem Support, Group Interaction","Experienced, Internalized, Anticipated"
,,,,,,,,,,aoaz7h,meToo,efzjn2g,1549588256,2019-02-08 1:10:56,"Emotional Support, Esteem Support, Group Interaction","Experienced, Structural"
,,,,,,,,,,aoaz7h,meToo,efzl6su,1549589505,2019-02-08 1:31:45,"Emotional Support, Esteem Support, Group Interaction","Experienced, Structural"
,,,,,,,,,,aoaz7h,meToo,efzla2s,1549589576,2019-02-08 1:32:56,"Emotional Support, Esteem Support","Experienced, Structural"
,,,,,,,,,,aoaz7h,meToo,efzyb8e,1549600209,2019-02-08 4:30:09,"Esteem Support, Group Interaction","Experienced, Structural"
,,,,,,,,,,aoaz7h,meToo,eg01pra,1549603716,2019-02-08 5:28:36,Esteem Support,"Experienced, Structural"
,,,,,,,,,,aoaz7h,meToo,eg04brl,1549606809,2019-02-08 6:20:09,Esteem Support,"Experienced, Structural"
,,,,,,,,,,an8uxd,meToo,efrpb3v,1549333765,2019-02-05 2:29:25,"Information Support, Emotional Support, Group Interaction",
,,,,,,,,,,amghv7,meToo,eflvft2,1549133664,2019-02-02 18:54:24,"Information Support, Esteem Support, Group Interaction","Experienced, Internalized, Anticipated"
,,,,,,,,,,amghv7,meToo,efux6md,1549441996,2019-02-06 8:33:16,Group Interaction,"Experienced, Internalized, Anticipated"
,,,,,,,,,,akjlnv,meToo,ef5i897,1548651841,2019-01-28 5:04:01,"Emotional Support, Esteem Support, Group Interaction","Experienced, Internalized"
,,,,,,,,,,akjlnv,meToo,ef66j37,1548681803,2019-01-28 13:23:23,"Information Support, Emotional Support, Group Interaction","Experienced, Internalized"
,,,,,,,,,,akjlnv,meToo,efn1xrb,1549170120,2019-02-03 5:02:00,"Information Support, Emotional Support, Esteem Support","Experienced, Internalized"
,,,,,,,,,,aim7ky,meToo,eeopmro,1548159618,2019-01-22 12:20:18,Esteem Support,Experienced
,,,,,,,,,,aim7ky,meToo,eepvbzj,1548190548,2019-01-22 20:55:48,"Information Support, Group Interaction",Experienced
,,,,,,,,,,ai83ss,meToo,eewqfwa,1548400563,2019-01-25 7:16:03,Information Support,"Experienced, Internalized, Anticipated"
,,,,,,,,,,ai1ccb,meToo,eek6jrg,1548013798,2019-01-20 19:49:58,"Information Support, Emotional Support, Esteem Support, Tangible Assistance","Experienced, Internalized, Anticipated"
,,,,,,,,,,ai1ccb,meToo,eek58d7,1548012973,2019-01-20 19:36:13,Emotional Support,"Experienced, Internalized, Anticipated"
,,,,,,,,,,ai1ccb,meToo,eel2jsl,1548033277,2019-01-21 1:14:37,"Emotional Support, Esteem Support","Experienced, Internalized, Anticipated"
,,,,,,,,,,ai1ccb,meToo,eelcn7t,1548040614,2019-01-21 3:16:54,"Emotional Support, Esteem Support","Experienced, Internalized, Anticipated"
,,,,,,,,,,ahihu5,meToo,eeeuosf,1547870709,2019-01-19 4:05:09,Esteem Support,
,,,,,,,,,,agtkp6,meToo,eeaswb3,1547757349,2019-01-17 20:35:49,"Information Support, Group Interaction",Experienced
,,,,,,,,,,agtkp6,meToo,ee93raw,1547700953,2019-01-17 4:55:53,,Experienced
,,,,,,,,,,aecuyf,meToo,efn4s64,1549173168,2019-02-03 5:52:48,Information Support,"Experienced, Anticipated"
,,,,,,,,,,aebx0o,meToo,edo1ht9,1547072042,2019-01-09 22:14:02,,"Experienced, Internalized, Anticipated, Structural"
,,,,,,,,,,aebx0o,meToo,edoslw4,1547093844,2019-01-10 4:17:24,"Esteem Support, Group Interaction","Experienced, Internalized, Anticipated, Structural"
,,,,,,,,,,aebx0o,meToo,ee186j8,1547448384,2019-01-14 6:46:24,"Information Support, Group Interaction","Experienced, Internalized, Anticipated, Structural"
,,,,,,,,,,aebx0o,meToo,edranb6,1547163669,2019-01-10 23:41:09,"Information Support, Emotional Support","Experienced, Internalized, Anticipated, Structural"
,,,,,,,,,,ae79lv,meToo,ednl2ne,1547061344,2019-01-09 19:15:44,Group Interaction,Anticipated
,,,,,,,,,,ae79lv,meToo,efn4vb9,1549173268,2019-02-03 5:54:28,"Emotional Support, Group Interaction",Anticipated
,,,,,,,,,,ae0kgn,meToo,edli7ys,1546991624,2019-01-08 23:53:44,"Information Support, Tangible Assistance","Experienced, Anticipated, Structural"
,,,,,,,,,,ae0kgn,meToo,efn5ej6,1549173887,2019-02-03 6:04:47,"Emotional Support, Esteem Support","Experienced, Anticipated, Structural"
,,,,,,,,,,ae0kgn,meToo,eez70k1,1548464250,2019-01-26 0:57:30,Esteem Support,"Experienced, Anticipated, Structural"
,,,,,,,,,,adoa08,meToo,ediw0oc,1546908701,2019-01-08 0:51:41,Information Support,"Experienced, Internalized, Anticipated, Structural"
,,,,,,,,,,adoa08,meToo,edj0w25,1546912079,2019-01-08 1:47:59,,"Experienced, Internalized, Anticipated, Structural"
,,,,,,,,,,aczjvs,meToo,edi8v3b,1546895178,2019-01-07 21:06:18,"Esteem Support, Group Interaction","Experienced, Internalized"
,,,,,,,,,,aawskh,meToo,ecwm5dt,1546211595,2018-12-30 23:13:15,"Information Support, Group Interaction","Internalized, Anticipated"
,,,,,,,,,,aategv,meToo,ecuu65u,1546150022,2018-12-30 6:07:02,,"Experienced, Anticipated"
,,,,,,,,,,aategv,meToo,ecuvpnt,1546151793,2018-12-30 6:36:33,,"Experienced, Anticipated"
,,,,,,,,,,aategv,meToo,ecuyu4a,1546155981,2018-12-30 7:46:21,,"Experienced, Anticipated"
,,,,,,,,,,aategv,meToo,ecv1i9d,1546160124,2018-12-30 8:55:24,"Information Support, Group Interaction","Experienced, Anticipated"
,,,,,,,,,,aarg3c,meToo,ecuysjr,1546155917,2018-12-30 7:45:17,,"Experienced, Anticipated"
,,,,,,,,,,aaos0r,meToo,ectyf07,1546123433,2018-12-29 22:43:53,"Information Support, Esteem Support","Experienced, Internalized, Anticipated, Structural"
,,,,,,,,,,a8uel9,meToo,eck81v8,1545791490,2018-12-26 2:31:30,"Information Support, Group Interaction",Internalized
,,,,,,,,,,a8dtna,meToo,ec9wzkm,1545425228,2018-12-21 20:47:08,"Emotional Support, Esteem Support, Group Interaction","Experienced, Anticipated"
,,,,,,,,,,a8dtna,meToo,ecarm0d,1545452948,2018-12-22 4:29:08,"Emotional Support, Group Interaction","Experienced, Anticipated"
,,,,,,,,,,a7yb0y,meToo,ec7t07k,1545350524,2018-12-21 0:02:04,"Information Support, Group Interaction","Experienced, Anticipated"
,,,,,,,,,,a702wv,meToo,ec3b56c,1545192024,2018-12-19 4:00:24,"Information Support, Emotional Support, Esteem Support",Internalized
,,,,,,,,,,a702wv,meToo,ecg2ee0,1545638054,2018-12-24 7:54:14,Information Support,Internalized
,,,,,,,,,,a55zvp,meToo,ebk89ro,1544535954,2018-12-11 13:45:54,Information Support,Internalized
,,,,,,,,,,a55zvp,meToo,ebpu5hx,1544729518,2018-12-13 19:31:58,"Information Support, Emotional Support, Esteem Support, Group Interaction",Internalized
,,,,,,,,,,a55zvp,meToo,ed2vtmb,1546440496,2019-01-02 14:48:16,"Information Support, Emotional Support, Esteem Support",Internalized
,,,,,,,,,,a46h37,meToo,ebc24xm,1544239676,2018-12-08 3:27:56,Emotional Support,Internalized
,,,,,,,,,,a46h37,meToo,ebcmq0g,1544269427,2018-12-08 11:43:47,"Information Support, Emotional Support",Internalized
,,,,,,,,,,a46h37,meToo,ebmjbl0,1544616377,2018-12-12 12:06:17,Information Support,Internalized
,,,,,,,,,,a43kxv,meToo,ebbbdkb,1544216452,2018-12-07 21:00:52,Information Support,
,,,,,,,,,,a39khg,meToo,eb5s63h,1544038687,2018-12-05 19:38:07,Information Support,"Experienced, Anticipated, Structural"
,,,,,,,,,,a2st47,meToo,eb0x9bc,1543871099,2018-12-03 21:04:59,"Emotional Support, Esteem Support","Experienced, Internalized, Anticipated"
,,,,,,,,,,a2st47,meToo,eb0y6oj,1543871742,2018-12-03 21:15:42,"Information Support, Emotional Support, Esteem Support","Experienced, Internalized, Anticipated"
,,,,,,,,,,a2st47,meToo,eb120ey,1543874418,2018-12-03 22:00:18,"Information Support, Emotional Support, Esteem Support, Tangible Assistance","Experienced, Internalized, Anticipated"
,,,,,,,,,,a2st47,meToo,eb1z2ad,1543904751,2018-12-04 6:25:51,,"Experienced, Internalized, Anticipated"
,,,,,,,,,,a2st47,meToo,eb10oiw,1543873472,2018-12-03 21:44:32,"Information Support, Esteem Support, Tangible Assistance","Experienced, Internalized, Anticipated"
,,,,,,,,,,a1znf8,meToo,eau48sp,1543640056,2018-12-01 4:54:16,"Information Support, Emotional Support, Esteem Support","Internalized, Anticipated"
,,,,,,,,,,a1znf8,meToo,eaucryu,1543651972,2018-12-01 8:12:52,"Emotional Support, Esteem Support, Group Interaction","Internalized, Anticipated"
,,,,,,,,,,a1znf8,meToo,eaua9n0,1543647576,2018-12-01 6:59:36,"Information Support, Emotional Support, Esteem Support","Internalized, Anticipated"
,,,,,,,,,,a1mce5,meToo,earff87,1543546514,2018-11-30 2:55:14,Information Support,"Experienced, Internalized, Structural"
,,,,,,,,,,a1mce5,meToo,earczqg,1543544424,2018-11-30 2:20:24,,"Experienced, Internalized, Structural"
,,,,,,,,,,a1m8bt,meToo,earhks2,1543548363,2018-11-30 3:26:03,"Information Support, Emotional Support, Esteem Support","Experienced, Internalized, Anticipated"
,,,,,,,,,,a1m8bt,meToo,eas417s,1543576411,2018-11-30 11:13:31,"Information Support, Emotional Support, Esteem Support, Group Interaction","Experienced, Internalized, Anticipated"
,,,,,,,,,,a1m8bt,meToo,hj1ziw5,1635883939,2021-11-02 20:12:19,"Information Support, Group Interaction","Experienced, Internalized, Anticipated"
,,,,,,,,,,a1bej5,meToo,eaomvbf,1543454946,2018-11-29 1:29:06,"Information Support, Emotional Support, Esteem Support, Group Interaction","Experienced, Anticipated"
,,,,,,,,,,a146s8,meToo,eamscvy,1543403853,2018-11-28 11:17:33,"Information Support, Emotional Support, Esteem Support, Group Interaction","Experienced, Internalized, Anticipated"
,,,,,,,,,,a146s8,meToo,eaokqvl,1543453266,2018-11-29 1:01:06,Emotional Support,"Experienced, Internalized, Anticipated"
,,,,,,,,,,a11ss3,meToo,eam6k66,1543373625,2018-11-28 2:53:45,Information Support,"Experienced, Internalized"
,,,,,,,,,,a11ss3,meToo,eanq5vt,1543430839,2018-11-28 18:47:19,Information Support,"Experienced, Internalized"
,,,,,,,,,,a0a6py,meToo,eag31pm,1543168357,2018-11-25 17:52:37,"Emotional Support, Esteem Support","Experienced, Internalized"
,,,,,,,,,,a0a6py,meToo,eag8dvr,1543171979,2018-11-25 18:52:59,"Emotional Support, Esteem Support","Experienced, Internalized"
,,,,,,,,,,a0a6py,meToo,ean0iw6,1543413592,2018-11-28 13:59:52,,"Experienced, Internalized"
,,,,,,,,,,9z74b6,meToo,ea73k9f,1542841709,2018-11-21 23:08:29,"Information Support, Esteem Support","Internalized, Anticipated"
,,,,,,,,,,9z74b6,meToo,ea6v8dk,1542834526,2018-11-21 21:08:46,,"Internalized, Anticipated"
,,,,,,,,,,9yf24z,meToo,ea0vzt1,1542617466,2018-11-19 8:51:06,Information Support,"Experienced, Anticipated, Structural"
,,,,,,,,,,9vhqa3,meToo,e9e5jgc,1541809283,2018-11-10 0:21:23,"Emotional Support, Esteem Support, Group Interaction",Experienced
,,,,,,,,,,9vhqa3,meToo,e9dw3mc,1541800612,2018-11-09 21:56:52,"Information Support, Esteem Support",Experienced
,,,,,,,,,,9vhqa3,meToo,e9dgk8a,1541788471,2018-11-09 18:34:31,"Information Support, Esteem Support, Group Interaction",Experienced
,,,,,,,,,,9vhqa3,meToo,e9p3ves,1542221793,2018-11-14 18:56:33,"Emotional Support, Group Interaction",Experienced
,,,,,,,,,,9vbq8z,meToo,e9bbdd4,1541709464,2018-11-08 20:37:44,Information Support,"Experienced, Internalized, Anticipated"
,,,,,,,,,,9v5rqk,meToo,e99m0o9,1541642545,2018-11-08 2:02:25,"Information Support, Esteem Support, Group Interaction","Experienced, Anticipated"
,,,,,,,,,,9v5rqk,meToo,e9ahy88,1541686029,2018-11-08 14:07:09,"Information Support, Tangible Assistance","Experienced, Anticipated"
,,,,,,,,,,9v5rqk,meToo,e9j2zbu,1541989816,2018-11-12 2:30:16,"Emotional Support, Esteem Support, Tangible Assistance, Group Interaction","Experienced, Anticipated"
,,,,,,,,,,9v1agw,meToo,e9k726j,1542040495,2018-11-12 16:34:55,Information Support,"Internalized, Anticipated"
,,,,,,,,,,9v1agw,meToo,ea2otw8,1542679234,2018-11-20 2:00:34,"Information Support, Emotional Support, Esteem Support","Internalized, Anticipated"
,,,,,,,,,,9v1agw,meToo,e995b37,1541627817,2018-11-07 21:56:57,,"Internalized, Anticipated"
,,,,,,,,,,9rkjq6,meToo,e8i2ep7,1540575838,2018-10-26 17:43:58,Emotional Support,"Anticipated, Structural"
,,,,,,,,,,9rgyh2,meToo,e8gvjbc,1540523712,2018-10-26 3:15:12,"Emotional Support, Esteem Support, Group Interaction","Experienced, Internalized, Anticipated"
,,,,,,,,,,9rgyh2,meToo,e8h5hs9,1540536687,2018-10-26 6:51:27,"Emotional Support, Esteem Support, Tangible Assistance, Group Interaction","Experienced, Internalized, Anticipated"
,,,,,,,,,,9rgyh2,meToo,e8hvpmx,1540570379,2018-10-26 16:12:59,"Information Support, Emotional Support, Esteem Support, Group Interaction","Experienced, Internalized, Anticipated"
,,,,,,,,,,9ql5ba,meToo,e8ahkh6,1540294634,2018-10-23 11:37:14,"Emotional Support, Esteem Support","Experienced, Internalized, Anticipated"
,,,,,,,,,,9ql5ba,meToo,e9qc1tt,1542261141,2018-11-15 5:52:21,Emotional Support,"Experienced, Internalized, Anticipated"
,,,,,,,,,,9ql5ba,meToo,ecxm33v,1546243491,2018-12-31 8:04:51,,"Experienced, Internalized, Anticipated"
,,,,,,,,,,9ql5ba,meToo,eegf1um,1547920607,2019-01-19 17:56:47,"Information Support, Esteem Support","Experienced, Internalized, Anticipated"
,,,,,,,,,,9q3p0k,meToo,e86v5rs,1540147097,2018-10-21 18:38:17,"Information Support, Group Interaction",Internalized
,,,,,,,,,,9q3ban,meToo,e86ss1w,1540145203,2018-10-21 18:06:43,,"Experienced, Internalized, Anticipated"
,,,,,,,,,,9q3ban,meToo,e86egl4,1540132305,2018-10-21 14:31:45,"Information Support, Emotional Support, Esteem Support","Experienced, Internalized, Anticipated"
,,,,,,,,,,9q3ban,meToo,e89kcwe,1540249994,2018-10-22 23:13:14,"Information Support, Esteem Support","Experienced, Internalized, Anticipated"
,,,,,,,,,,9pzt3u,meToo,e85x25p,1540103674,2018-10-21 6:34:34,Information Support,
,,,,,,,,,,9p6fbr,meToo,e7zficn,1539841490,2018-10-18 5:44:50,,"Experienced, Internalized, Structural"
,,,,,,,,,,9oowai,meToo,e7vnqxf,1539708626,2018-10-16 16:50:26,"Information Support, Emotional Support, Group Interaction","Experienced, Internalized, Anticipated"
,,,,,,,,,,9oowai,meToo,e7wrhdy,1539741284,2018-10-17 1:54:44,"Information Support, Emotional Support, Esteem Support, Group Interaction","Experienced, Internalized, Anticipated"
,,,,,,,,,,9oowai,meToo,e7xzo2s,1539794302,2018-10-17 16:38:22,Information Support,"Experienced, Internalized, Anticipated"
,,,,,,,,,,9oowai,meToo,e88ns4u,1540222807,2018-10-22 15:40:07,Group Interaction,"Experienced, Internalized, Anticipated"
,,,,,,,,,,9olmlz,meToo,e7vojrt,1539709243,2018-10-16 17:00:43,"Information Support, Emotional Support, Esteem Support","Experienced, Anticipated"
,,,,,,,,,,9olmlz,meToo,e7v0jhx,1539684212,2018-10-16 10:03:32,Information Support,"Experienced, Anticipated"
,,,,,,,,,,9n4ozv,meToo,e7v1dwm,1539685910,2018-10-16 10:31:50,"Esteem Support, Group Interaction","Experienced, Anticipated"
,,,,,,,,,,9n0b75,meToo,e7jdyra,1539207203,2018-10-10 21:33:23,Emotional Support,
,,,,,,,,,,9n0b75,meToo,e7v1oad,1539686445,2018-10-16 10:40:45,Information Support,
,,,,,,,,,,9mlogq,meToo,e7fylnl,1539078729,2018-10-09 9:52:09,"Emotional Support, Group Interaction","Experienced, Anticipated, Structural"
,,,,,,,,,,9mlogq,meToo,e7gna7v,1539105717,2018-10-09 17:21:57,"Emotional Support, Group Interaction","Experienced, Anticipated, Structural"
,,,,,,,,,,9mdxg0,meToo,e7fjutz,1539054483,2018-10-09 3:08:03,"Information Support, Group Interaction",Experienced
,,,,,,,,,,9m85hb,meToo,e7cn3gb,1538942124,2018-10-07 19:55:24,Group Interaction,Experienced
,,,,,,,,,,9m85hb,meToo,e7gpd7p,1539107442,2018-10-09 17:50:42,Information Support,Experienced
,,,,,,,,,,9m85hb,meToo,e7cnkkx,1538942499,2018-10-07 20:01:39,,Experienced
,,,,,,,,,,9m2a7a,meToo,e7clg9z,1538940875,2018-10-07 19:34:35,,"Experienced, Internalized, Anticipated, Structural"
,,,,,,,,,,9kirys,meToo,e6zhd4n,1538421987,2018-10-01 19:26:27,"Information Support, Esteem Support","Experienced, Internalized, Anticipated"
,,,,,,,,,,9khq1i,meToo,e6zsbad,1538431013,2018-10-01 21:56:53,"Information Support, Emotional Support, Esteem Support",
,,,,,,,,,,9khq1i,meToo,e70lc7z,1538463357,2018-10-02 6:55:57,"Emotional Support, Group Interaction",
,,,,,,,,,,9k7i5e,meToo,e6xezyc,1538338563,2018-09-30 20:16:03,"Information Support, Emotional Support, Esteem Support, Group Interaction","Experienced, Internalized, Anticipated"
,,,,,,,,,,9k7i5e,meToo,e70jcbw,1538459747,2018-10-02 5:55:47,,"Experienced, Internalized, Anticipated"
,,,,,,,,,,9k2cv9,meToo,e6wqryx,1538317662,2018-09-30 14:27:42,Group Interaction,Anticipated
,,,,,,,,,,9k2cv9,meToo,e6vxmlu,1538273049,2018-09-30 2:04:09,Information Support,Anticipated
,,,,,,,,,,9jzocq,meToo,e6wp5bg,1538315772,2018-09-30 13:56:12,,"Experienced, Anticipated"
,,,,,,,,,,9jzocq,meToo,e763zqw,1538679896,2018-10-04 19:04:56,Information Support,"Experienced, Anticipated"
,,,,,,,,,,9jzocq,meToo,e6vgsqy,1538255566,2018-09-29 21:12:46,Emotional Support,"Experienced, Anticipated"
,,,,,,,,,,9jzocq,meToo,e6vt40b,1538268104,2018-09-30 0:41:44,Esteem Support,"Experienced, Anticipated"
,,,,,,,,,,9jzocq,meToo,e6vid1o,1538257108,2018-09-29 21:38:28,Group Interaction,"Experienced, Anticipated"
,,,,,,,,,,9jzocq,meToo,e6vmgy0,1538261140,2018-09-29 22:45:40,"Information Support, Emotional Support, Esteem Support","Experienced, Anticipated"
,,,,,,,,,,9jzocq,meToo,e8en2b0,1540438677,2018-10-25 3:37:57,Group Interaction,"Experienced, Anticipated"
,,,,,,,,,,9jzocq,meToo,e6vv9fw,1538270408,2018-09-30 1:20:08,"Emotional Support, Esteem Support, Group Interaction","Experienced, Anticipated"
,,,,,,,,,,9jy3lj,meToo,e6uybpe,1538238311,2018-09-29 16:25:11,"Emotional Support, Tangible Assistance","Experienced, Anticipated, Structural"
,,,,,,,,,,9jy3lj,meToo,e6uznua,1538239577,2018-09-29 16:46:17,"Information Support, Emotional Support, Esteem Support","Experienced, Anticipated, Structural"
,,,,,,,,,,9jsjqa,meToo,e71s77u,1538511280,2018-10-02 20:14:40,,"Experienced, Anticipated"
,,,,,,,,,,9jsjqa,meToo,eajd5gv,1543277008,2018-11-27 0:03:28,Group Interaction,"Experienced, Anticipated"
,,,,,,,,,,9jga48,meToo,e6r9zc4,1538081820,2018-09-27 20:57:00,Information Support,"Experienced, Internalized"
,,,,,,,,,,9jf7yi,meToo,e6t7nqo,1538158959,2018-09-28 18:22:39,"Esteem Support, Group Interaction",Internalized
,,,,,,,,,,9jf7yi,meToo,e6vzr44,1538275371,2018-09-30 2:42:51,Information Support,Internalized
,,,,,,,,,,9jf7yi,meToo,e6ty4l9,1538184538,2018-09-29 1:28:58,"Information Support, Esteem Support",Internalized
,,,,,,,,,,9jf7yi,meToo,e6s9y6v,1538120552,2018-09-28 7:42:32,,Internalized
,,,,,,,,,,9iy2w6,meToo,e6nb54w,1537926234,2018-09-26 1:43:54,"Information Support, Esteem Support",
,,,,,,,,,,9hvetb,meToo,e6l7ss4,1537843440,2018-09-25 2:44:00,Information Support,"Experienced, Internalized, Anticipated"
,,,,,,,,,,9hvetb,meToo,e6n9y07,1537925053,2018-09-26 1:24:13,Group Interaction,"Experienced, Internalized, Anticipated"
,,,,,,,,,,9g62x4,meToo,e65b8hj,1537209874,2018-09-17 18:44:34,Information Support,"Experienced, Internalized"
,,,,,,,,,,9fziev,meToo,e60v9p7,1537024778,2018-09-15 15:19:38,"Information Support, Emotional Support, Esteem Support",Experienced
,,,,,,,,,,9fodpn,meToo,e5y4m5h,1536897397,2018-09-14 3:56:37,"Emotional Support, Esteem Support, Group Interaction","Experienced, Internalized, Anticipated"
,,,,,,,,,,9fodpn,meToo,e5yd8gh,1536910827,2018-09-14 7:40:27,"Information Support, Emotional Support, Tangible Assistance","Experienced, Internalized, Anticipated"
,,,,,,,,,,9fodpn,meToo,e5ylyit,1536927394,2018-09-14 12:16:34,Information Support,"Experienced, Internalized, Anticipated"
,,,,,,,,,,9cs6dr,meToo,e5dml77,1536072663,2018-09-04 14:51:03,"Information Support, Emotional Support, Esteem Support, Group Interaction",Internalized
,,,,,,,,,,9cg8l0,meToo,e5oaepc,1536514769,2018-09-09 17:39:29,"Emotional Support, Esteem Support, Group Interaction","Experienced, Internalized, Anticipated"
,,,,,,,,,,99jhr2,meToo,e4q6yjm,1535072025,2018-08-24 0:53:45,"Information Support, Emotional Support, Esteem Support","Experienced, Internalized, Anticipated"
,,,,,,,,,,99jhr2,meToo,e4seszz,1535161934,2018-08-25 1:52:14,Information Support,"Experienced, Internalized, Anticipated"
,,,,,,,,,,99jhr2,meToo,e4q77uw,1535072287,2018-08-24 0:58:07,Information Support,"Experienced, Internalized, Anticipated"
,,,,,,,,,,99jhr2,meToo,e5g2nnp,1536169217,2018-09-05 17:40:17,"Information Support, Emotional Support, Esteem Support, Tangible Assistance, Group Interaction","Experienced, Internalized, Anticipated"
,,,,,,,,,,96g28l,meToo,e4065mm,1533990220,2018-08-11 12:23:40,"Information Support, Emotional Support","Experienced, Internalized, Anticipated"
,,,,,,,,,,96g28l,meToo,e40ywth,1534021813,2018-08-11 21:10:13,"Information Support, Emotional Support, Esteem Support","Experienced, Internalized, Anticipated"
,,,,,,,,,,948q66,meToo,e3k7asu,1533332193,2018-08-03 21:36:33,"Information Support, Emotional Support",Anticipated
,,,,,,,,,,93wr47,meToo,e3gmt5r,1533195919,2018-08-02 7:45:19,Information Support,
,,,,,,,,,,93wr47,meToo,e3huzeu,1533242019,2018-08-02 20:33:39,"Information Support, Group Interaction",
,,,,,,,,,,8yqmuu,meToo,e2d29ti,1531545394,2018-07-14 5:16:34,"Emotional Support, Group Interaction",Experienced
,,,,,,,,,,8ybr5c,meToo,e29n2bp,1531417268,2018-07-12 17:41:08,"Information Support, Esteem Support","Experienced, Internalized, Anticipated"
,,,,,,,,,,8ybr5c,meToo,e2qo8b8,1532113058,2018-07-20 18:57:38,"Esteem Support, Group Interaction","Experienced, Internalized, Anticipated"
,,,,,,,,,,8y9tar,meToo,e2ow1jz,1532037533,2018-07-19 21:58:53,Emotional Support,"Experienced, Anticipated"
,,,,,,,,,,8y9tar,meToo,e29cccm,1531408680,2018-07-12 15:18:00,"Emotional Support, Esteem Support","Experienced, Anticipated"
,,,,,,,,,,8y9tar,meToo,e2a06o8,1531427858,2018-07-12 20:37:38,Emotional Support,"Experienced, Anticipated"
,,,,,,,,,,8y9tar,meToo,e33ym25,1532661402,2018-07-27 3:16:42,Esteem Support,"Experienced, Anticipated"
,,,,,,,,,,8y9tar,meToo,e780csz,1538756166,2018-10-05 16:16:06,"Emotional Support, Esteem Support, Group Interaction","Experienced, Anticipated"
,,,,,,,,,,8y9iid,meToo,e295o0m,1531402796,2018-07-12 13:39:56,"Information Support, Emotional Support, Esteem Support","Experienced, Anticipated"
,,,,,,,,,,8y9iid,meToo,e29fffs,1531411183,2018-07-12 15:59:43,"Information Support, Emotional Support","Experienced, Anticipated"
,,,,,,,,,,8wio73,meToo,e1w9n38,1530891392,2018-07-06 15:36:32,Emotional Support,"Experienced, Internalized, Anticipated, Structural"
,,,,,,,,,,8wio73,meToo,e2a1e35,1531428843,2018-07-12 20:54:03,"Information Support, Esteem Support","Experienced, Internalized, Anticipated, Structural"
,,,,,,,,,,8veizq,meToo,e1ms29z,1530493518,2018-07-02 1:05:18,"Information Support, Esteem Support, Group Interaction","Experienced, Anticipated, Structural"
,,,,,,,,,,8uy9vn,meToo,e1jbggv,1530329846,2018-06-30 3:37:26,"Information Support, Emotional Support, Tangible Assistance, Group Interaction","Experienced, Internalized, Anticipated"
,,,,,,,,,,8urbyr,meToo,e1hslr7,1530275031,2018-06-29 12:23:51,Group Interaction,"Experienced, Anticipated, Structural"
,,,,,,,,,,8urbyr,meToo,e1idi3j,1530294654,2018-06-29 17:50:54,"Information Support, Emotional Support","Experienced, Anticipated, Structural"
,,,,,,,,,,8urbyr,meToo,e1ienqp,1530295648,2018-06-29 18:07:28,"Information Support, Esteem Support","Experienced, Anticipated, Structural"
,,,,,,,,,,8s66v9,meToo,e11x3j9,1529595016,2018-06-21 15:30:16,,"Experienced, Anticipated"
,,,,,,,,,,8s66v9,meToo,e1qnakg,1530650237,2018-07-03 20:37:17,Information Support,"Experienced, Anticipated"
,,,,,,,,,,8omntt,meToo,e058ya7,1528201217,2018-06-05 12:20:17,Information Support,"Experienced, Anticipated, Structural"
,,,,,,,,,,8nu1qt,meToo,dzz02rh,1527901001,2018-06-02 0:56:41,,"Experienced, Anticipated, Structural"
,,,,,,,,,,8nu1qt,meToo,dzyfa5o,1527879728,2018-06-01 19:02:08,"Information Support, Group Interaction","Experienced, Anticipated, Structural"
,,,,,,,,,,8nu1qt,meToo,e085c7v,1528313609,2018-06-06 19:33:29,,"Experienced, Anticipated, Structural"
,,,,,,,,,,8nl1ye,meToo,dzwcfwp,1527795651,2018-05-31 19:40:51,"Information Support, Esteem Support","Experienced, Internalized"
,,,,,,,,,,8nl1ye,meToo,dzxbbtf,1527830269,2018-06-01 5:17:49,Information Support,"Experienced, Internalized"
,,,,,,,,,,8nl1ye,meToo,dzx7qdo,1527826069,2018-06-01 4:07:49,,"Experienced, Internalized"
,,,,,,,,,,8nl1ye,meToo,e04yzs5,1528181578,2018-06-05 6:52:58,Emotional Support,"Experienced, Internalized"
,,,,,,,,,,8nl1ye,meToo,dzxyh8w,1527865160,2018-06-01 14:59:20,Information Support,"Experienced, Internalized"
,,,,,,,,,,8ndqoj,meToo,dzuy11i,1527733656,2018-05-31 2:27:36,,"Experienced, Internalized, Anticipated"
,,,,,,,,,,8ndqoj,meToo,dzv7llw,1527745807,2018-05-31 5:50:07,Information Support,"Experienced, Internalized, Anticipated"
,,,,,,,,,,8m48kg,meToo,dzkvc9o,1527282541,2018-05-25 21:09:01,"Information Support, Emotional Support, Esteem Support",Structural
,,,,,,,,,,8m48kg,meToo,dzq5y4j,1527540642,2018-05-28 20:50:42,"Information Support, Tangible Assistance",Structural
,,,,,,,,,,8m48kg,meToo,e46uz03,1534274372,2018-08-14 19:19:32,"Information Support, Emotional Support",Structural
,,,,,,,,,,8m48kg,meToo,dzlpzmc,1527326549,2018-05-26 9:22:29,"Emotional Support, Esteem Support",Structural
,,,,,,,,,,8lqr3l,meToo,dzhp9ej,1527146672,2018-05-24 7:24:32,Information Support,Internalized
,,,,,,,,,,8kyxnz,meToo,dzcuszh,1526942567,2018-05-21 22:42:47,Information Support,Internalized
,,,,,,,,,,8kyxnz,meToo,dzdvyy8,1526996168,2018-05-22 13:36:08,Information Support,Internalized
,,,,,,,,,,8ky751,meToo,e1ixjmx,1530313570,2018-06-29 23:06:10,"Information Support, Emotional Support, Esteem Support",Anticipated
,,,,,,,,,,8kevey,meToo,dz76pbr,1526667951,2018-05-18 18:25:51,"Information Support, Esteem Support","Experienced, Internalized, Anticipated, Structural"
,,,,,,,,,,8jdl2y,meToo,dz12ise,1526409309,2018-05-15 18:35:09,"Information Support, Esteem Support",Internalized
,,,,,,,,,,8jdl2y,meToo,dyz8ag5,1526329245,2018-05-14 20:20:45,"Information Support, Emotional Support, Esteem Support",Internalized
,,,,,,,,,,8hquq6,meToo,dymm92j,1525757657,2018-05-08 5:34:17,"Information Support, Group Interaction","Experienced, Anticipated, Structural"
,,,,,,,,,,8e1v0c,meToo,dxswbx7,1524439551,2018-04-22 23:25:51,Information Support,"Internalized, Anticipated"
,,,,,,,,,,8e1v0c,meToo,dxrqpst,1524382734,2018-04-22 7:38:54,"Information Support, Tangible Assistance","Internalized, Anticipated"
,,,,,,,,,,8c0h55,meToo,dxb2d3n,1523636779,2018-04-13 16:26:19,"Information Support, Tangible Assistance","Experienced, Anticipated, Structural"
,,,,,,,,,,8c0h55,meToo,dxbgm6p,1523649473,2018-04-13 19:57:53,Information Support,"Experienced, Anticipated, Structural"
,,,,,,,,,,88ybyt,meToo,dwordum,1522694242,2018-04-02 18:37:22,"Information Support, Emotional Support","Experienced, Internalized, Anticipated"
,,,,,,,,,,88ybyt,meToo,dwo258n,1522665058,2018-04-02 10:30:58,"Information Support, Tangible Assistance","Experienced, Internalized, Anticipated"
,,,,,,,,,,88ybyt,meToo,dy0u1lu,1524775889,2018-04-26 20:51:29,"Information Support, Emotional Support, Esteem Support, Tangible Assistance","Experienced, Internalized, Anticipated"
,,,,,,,,,,88ybyt,meToo,dwpm07y,1522727109,2018-04-03 3:45:09,Information Support,"Experienced, Internalized, Anticipated"
,,,,,,,,,,84jv1j,meToo,dvrllwc,1521154635,2018-03-15 22:57:15,"Information Support, Emotional Support, Esteem Support",Anticipated
,,,,,,,,,,84jv1j,meToo,dwg5ylo,1522282545,2018-03-29 0:15:45,"Emotional Support, Esteem Support, Group Interaction",Anticipated
,,,,,,,,,,848ds9,meToo,dvoa8jl,1521010734,2018-03-14 6:58:54,,Internalized
,,,,,,,,,,7yib5a,meToo,dv1hhyr,1519944089,2018-03-01 22:41:29,Tangible Assistance,"Experienced, Anticipated, Structural"
,,,,,,,,,,7yib5a,meToo,dupi6tg,1519397708,2018-02-23 14:55:08,Group Interaction,"Experienced, Anticipated, Structural"
,,,,,,,,,,7yib5a,meToo,dupq24d,1519405208,2018-02-23 17:00:08,Group Interaction,"Experienced, Anticipated, Structural"
,,,,,,,,,,7yib5a,meToo,duu7pun,1519622206,2018-02-26 5:16:46,Information Support,"Experienced, Anticipated, Structural"
,,,,,,,,,,7wh0kq,meToo,du0h44b,1518222365,2018-02-10 0:26:05,Information Support,"Experienced, Internalized, Anticipated"
,,,,,,,,,,7uw7um,meToo,dtoskox,1517688041,2018-02-03 20:00:41,"Esteem Support, Group Interaction","Experienced, Internalized, Anticipated"
,,,,,,,,,,7toiqi,meToo,dte0kfq,1517186726,2018-01-29 0:45:26,Information Support,"Experienced, Internalized, Structural"
,,,,,,,,,,7toiqi,meToo,dtfb8vi,1517253160,2018-01-29 19:12:40,Information Support,"Experienced, Internalized, Structural"
,,,,,,,,,,7row7k,meToo,dtenn2p,1517224708,2018-01-29 11:18:28,,"Internalized, Anticipated"
,,,,,,,,,,7r75rx,meToo,dsxtw7f,1516397151,2018-01-19 21:25:51,,"Experienced, Internalized, Anticipated, Structural"
,,,,,,,,,,7r75rx,meToo,dsvp07v,1516301269,2018-01-18 18:47:49,"Information Support, Emotional Support, Esteem Support, Group Interaction","Experienced, Internalized, Anticipated, Structural"
,,,,,,,,,,7r75rx,meToo,dttev26,1517914390,2018-02-06 10:53:10,Esteem Support,"Experienced, Internalized, Anticipated, Structural"
,,,,,,,,,,7r75rx,meToo,dsvont6,1516300934,2018-01-18 18:42:14,"Emotional Support, Group Interaction","Experienced, Internalized, Anticipated, Structural"
,,,,,,,,,,7qhyct,meToo,dszz480,1516510470,2018-01-21 4:54:30,"Emotional Support, Esteem Support, Group Interaction",Internalized
,,,,,,,,,,7qhyct,meToo,dsw5boy,1516317194,2018-01-18 23:13:14,,Internalized
,,,,,,,,,,7qhyct,meToo,dsw5dm9,1516317252,2018-01-18 23:14:12,Group Interaction,Internalized
,,,,,,,,,,7qhyct,meToo,dsz7yxe,1516476560,2018-01-20 19:29:20,,Internalized
,,,,,,,,,,7qhyct,meToo,dszgbwt,1516486735,2018-01-20 22:18:55,Information Support,Internalized
,,,,,,,,,,7qhyct,meToo,dsy3juu,1516408028,2018-01-20 0:27:08,,Internalized
,,,,,,,,,,7m9ikt,meToo,drtk40j,1514389905,2017-12-27 15:51:45,Information Support,"Experienced, Anticipated"
,,,,,,,,,,7m9ikt,meToo,dszj2gm,1516489896,2018-01-20 23:11:36,"Information Support, Esteem Support","Experienced, Anticipated"
,,,,,,,,,,7m9ikt,meToo,dscwhps,1515398514,2018-01-08 8:01:54,Emotional Support,"Experienced, Anticipated"
,,,,,,,,,,7kqs5q,meToo,drhf5qk,1513709814,2017-12-19 18:56:54,"Information Support, Emotional Support, Esteem Support","Experienced, Internalized, Anticipated"
,,,,,,,,,,7kqs5q,meToo,drsb82f,1514315020,2017-12-26 19:03:40,"Information Support, Esteem Support, Group Interaction","Experienced, Internalized, Anticipated"
,,,,,,,,,,7klvhi,meToo,drhf85x,1513709881,2017-12-19 18:58:01,Emotional Support,Internalized
,,,,,,,,,,7klvhi,meToo,drjg950,1513805424,2017-12-20 21:30:24,"Esteem Support, Group Interaction",Internalized
,,,,,,,,,,7jhqne,meToo,drjgncd,1513805824,2017-12-20 21:37:04,,
,,,,,,,,,,7jbj4u,meToo,drbnspo,1513400501,2017-12-16 5:01:41,"Emotional Support, Tangible Assistance, Group Interaction","Internalized, Anticipated"
,,,,,,,,,,7jbj4u,meToo,drn6f3n,1513992468,2017-12-23 1:27:48,,"Internalized, Anticipated"
,,,,,,,,,,7h02oz,meToo,dr08izw,1512846358,2017-12-09 19:05:58,Information Support,"Experienced, Anticipated"
,,,,,,,,,,7h02oz,meToo,dqv2byu,1512585217,2017-12-06 18:33:37,Information Support,"Experienced, Anticipated"
,,,,,,,,,,7h02oz,meToo,dqz18oe,1512773240,2017-12-08 22:47:20,Information Support,"Experienced, Anticipated"
,,,,,,,,,,7gtioo,meToo,dqmje2g,1512159904,2017-12-01 20:25:04,Information Support,"Experienced, Anticipated, Structural"
,,,,,,,,,,7gdc0w,meToo,dr06vlj,1512844305,2017-12-09 18:31:45,,Experienced
,,,,,,,,,,7gdc0w,meToo,dr57mkh,1513100196,2017-12-12 17:36:36,,Experienced
,,,,,,,,,,7eqqpu,meToo,dqlifwv,1512107320,2017-12-01 5:48:40,"Emotional Support, Esteem Support","Experienced, Internalized, Anticipated"
,,,,,,,,,,7eqqpu,meToo,dqydsga,1512748458,2017-12-08 15:54:18,"Emotional Support, Tangible Assistance, Group Interaction","Experienced, Internalized, Anticipated"
,,,,,,,,,,7af0ow,meToo,dpasr3t,1509732288,2017-11-03 18:04:48,"Information Support, Emotional Support, Esteem Support, Group Interaction","Experienced, Internalized, Anticipated"
,,,,,,,,,,77feji,meToo,dold0w4,1508429364,2017-10-19 16:09:24,Group Interaction,
,,,,,,,,,,773p38,meToo,doqeb2o,1508699014,2017-10-22 19:03:34,"Information Support, Esteem Support","Experienced, Internalized, Anticipated"