post_id,comment_id,support_tags,created_utc
om798f,h5j5kk8,"Information Support, Esteem Support",1626540383
ol3l81,h5bz1on,Information Support,1626389826
ojmgbg,h52l5q5,"Information Support, Emotional Support",1626204661
ojmgbg,h5314q6,"Information Support, Tangible Assistance",1626211900
ojkjeq,h52fift,"Information Support, Esteem Support",1626202162
ojkjeq,h53mnmh,"Information Support, Esteem Support",1626222795
ojkjeq,h9m0pf8,"Information Support, Esteem Support",1629424783
ojkjeq,hauqmyu,Esteem Support,1630273289
o9i5c6,h3fyfyn,"Information Support, Esteem Support",1624977110
o93cwk,h39508u,Information Support,1624829338
o5htlf,h2pacip,"Information Support, Tangible Assistance",1624400012
o0h2kg,h1xwpnc,Information Support,1623825629
o06bi1,h1tupii,Emotional Support,1623747275
nz2idq,h1pkdk4,"Information Support, Esteem Support",1623658271
nxaylh,h1fr2jl,"Information Support, Esteem Support",1623439171
nxaylh,h1fems3,"Information Support, Emotional Support, Esteem Support",1623433659
nxaylh,h1ojp54,"Information Support, Esteem Support",1623632210
nxaylh,h1rcgz5,"Emotional Support, Esteem Support, Tangible Assistance",1623695762
nwxn0z,h1bwxil,Information Support,1623360994
nwxn0z,h1deeg9,"Information Support, Emotional Support",1623389837
nwxn0z,h1op5tx,Information Support,1623635332
nutews,h10qi1u,"Information Support, Esteem Support",1623154755
nrl9si,h0ifk2p,Emotional Support,1622769078
nrl9si,h0o4gvy,"Information Support, Emotional Support",1622886238
npkwwt,h0euvbu,Information Support,1622703817
nnms4b,gzv9lai,Information Support,1622293953
nnms4b,gzxz7up,Information Support,1622348269
nfv1lv,gyoi025,"Information Support, Esteem Support",1621420610
n9ulje,gxpuyvv,"Information Support, Esteem Support",1620733502
n8kldg,gxixu2f,"Information Support, Esteem Support",1620586936
n8kldg,gzhdwdq,"Information Support, Esteem Support",1622007901
n6p876,gzhza7c,"Information Support, Emotional Support, Esteem Support, Group Interaction",1622026161
n6nxe5,gx89jen,"Information Support, Esteem Support",1620354950
n6nxe5,gx8a8q0,"Information Support, Esteem Support",1620355327
n6nxe5,gx90tgf,"Information Support, Esteem Support",1620374241
n6egb7,gx794rz,"Information Support, Emotional Support",1620336975
n6egb7,gx7cc5g,Information Support,1620338376
n5atad,gx06h0r,"Information Support, Emotional Support, Esteem Support",1620203072
n5atad,gx3dhwg,"Information Support, Group Interaction",1620260417
n5atad,gycrfrc,"Information Support, Group Interaction",1621191293
n3qkds,gwrdvf4,Information Support,1620030976
n3qkds,gwrlule,"Information Support, Esteem Support",1620037842
n0kcy2,gw75buy,"Information Support, Esteem Support",1619632443
mys2w5,gvwt42w,Information Support,1619428216
mys2w5,gvwvn1x,"Information Support, Emotional Support, Group Interaction",1619430685
mvx4fe,gvev7v2,"Information Support, Emotional Support, Esteem Support, Tangible Assistance",1619068241
mvx4fe,gvewjlh,"Information Support, Emotional Support, Esteem Support",1619069252
mvx4fe,gvewjlk,"Information Support, Emotional Support, Esteem Support",1619069252
mvx4fe,gvj3h35,"Information Support, Esteem Support",1619150862
msmm6f,gutiqf3,Information Support,1618647096
msmm6f,guugo4i,"Information Support, Emotional Support, Esteem Support",1618665601
mllmyr,gtm5wqj,"Information Support, Esteem Support",1617743348
mllmyr,gtmmh97,Information Support,1617751468
mllmyr,gtt3jzm,Emotional Support,1617888518
ml2iun,gtjmocb,"Information Support, Emotional Support, Esteem Support",1617692785
ml2iun,gtjz8eg,Information Support,1617705169
mkrldi,gti2xc9,"Information Support, Emotional Support, Esteem Support",1617659782
mkrldi,gti7yuk,Information Support,1617662291
mitskx,gt6r3kl,"Information Support, Esteem Support",1617402267
mitskx,gug249a,"Information Support, Esteem Support",1618368311
mh8x3m,gszoqmi,,1617247117
mh8x3m,gtn6dp3,,1617761663
mh8x3m,gvmflto,"Information Support, Esteem Support",1619219225
mff2og,gsnauv2,"Information Support, Esteem Support",1616985738
mff2og,gsnc4hr,"Information Support, Esteem Support",1616986517
mf4hr2,gsmr2jw,"Information Support, Esteem Support",1616974334
m6v34u,gr81sfk,Information Support,1615977190
m6v34u,gr89i32,"Information Support, Esteem Support",1615983466
m6p2c4,gr79a4s,,1615952250
m6p2c4,gr79gga,"Emotional Support, Esteem Support",1615952360
m6p2c4,gr7fcn1,"Information Support, Esteem Support",1615956197
m5xkat,gr2swok,Information Support,1615859112
m4eu2u,gquijvk,Esteem Support,1615678481
m407ck,gqrw38d,,1615614642
m407ck,gqrw8sn,,1615614766
m407ck,gqrxejl,"Information Support, Emotional Support, Esteem Support",1615615711
m3npwy,gqq0r6o,"Information Support, Emotional Support, Esteem Support",1615576974
m36zmi,gqnzvsj,Information Support,1615531919
m36zmi,gqncgzh,"Information Support, Emotional Support, Tangible Assistance",1615516935
m2qn2s,gqkqnzr,"Information Support, Esteem Support, Group Interaction",1615473136
m2qn2s,gqledwb,,1615483802
m2qn2s,grsbij1,Information Support,1616395517
m1xqf4,gqg4xiz,"Information Support, Esteem Support",1615386318
lwzmuf,gpq0gg9,"Emotional Support, Group Interaction",1614906807
lwn471,gpin5og,Information Support,1614763769
lwn471,gpiwp7j,Information Support,1614772659
lwn471,gsnl7bn,Information Support,1616992568
lwjyc4,gpiye18,"Information Support, Emotional Support",1614773958
lwjyc4,gpur6dg,"Information Support, Group Interaction",1614998984
lw6bs4,gpg8yr9,,1614714708
ls0wgs,gop0nd5,"Information Support, Esteem Support",1614252593
lppm9w,godc1j2,Information Support,1614020045
lmhdq0,gnvg37h,Information Support,1613645131
lmhdq0,gnwv894,Esteem Support,1613672326
lbh0xv,gluh7oa,Information Support,1612347163
lam4md,glpec8l,"Information Support, Esteem Support",1612249806
l8gex7,gld39i9,"Information Support, Esteem Support",1612011333
l8gex7,gleaonn,Information Support,1612034033
l6xo1j,gl4g478,Information Support,1611856336
l6xo1j,gl6cga9,Information Support,1611883782
l6xo1j,glg0pom,Information Support,1612065260
l6xo1j,gn1rh92,Information Support,1613129599
l4jdu3,gkozxjk,Information Support,1611569974
l46aqb,gkpwghr,"Tangible Assistance, Group Interaction",1611590730
l46aqb,gkp0hjb,Information Support,1611570514
l3w7gc,gkish3l,,1611479814
l3w7gc,gkisx2x,,1611479993
l3w7gc,gkk5jvc,Information Support,1611494523
l3w7gc,gky80pl,"Information Support, Esteem Support, Group Interaction",1611757664
l1ogmn,gk0wzln,Information Support,1611200767
l10r7v,gjxzmqf,Information Support,1611150833
l0nxhq,gjulcd6,"Information Support, Esteem Support",1611077015
kvezzq,giyp19g,"Information Support, Emotional Support",1610422822
krgfa3,gibmi9u,Information Support,1609953894
krgfa3,gimpq7h,"Information Support, Emotional Support",1610171811
kr0kqw,gi6ufbu,Information Support,1609862270
kr0kqw,gi7uztn,Information Support,1609877893
kkotja,gh5ajzm,Information Support,1609048558
khyqlk,ggof7p7,Information Support,1608629506
khyqlk,ggq6k66,Information Support,1608669550
khyqlk,ghsdwh0,,1609555240
kfiggg,gg9kbur,,1608309588
kfiggg,gg9pytd,Information Support,1608311975
ke5l30,ggmqclo,"Information Support, Esteem Support",1608589600
ke5l30,gg4rbcl,,1608203777
ke3syk,gg09juy,,1608099549
ke3syk,ggmrxhr,"Information Support, Emotional Support, Esteem Support, Group Interaction",1608590433
kdu8b0,gfz4a7s,"Information Support, Esteem Support",1608074753
kdu8b0,gg07pk4,"Information Support, Emotional Support, Esteem Support",1608098116
kascud,ggzju10,Information Support,1608903849
kakax3,gfb8sqp,Information Support,1607627505
kaelme,gfalm1n,Information Support,1607617100
kaelme,gfz237q,"Information Support, Emotional Support, Group Interaction",1608073582
k3zn32,ge6hh7x,"Information Support, Tangible Assistance",1606765615
k0nlbk,gdj9lnj,"Information Support, Esteem Support",1606290759
jy4iu6,gd315oe,"Information Support, Esteem Support",1605981133
jy4iu6,gd5blx3,Information Support,1606011555
jy2kd7,gd5gesa,"Information Support, Esteem Support",1606013345
jx0127,gd7s9mt,"Information Support, Esteem Support",1606052391
jwvkr1,gd0lk9l,"Information Support, Emotional Support, Esteem Support",1605932824
jwvkr1,gda1jgk,"Information Support, Emotional Support, Esteem Support",1606089778
jwot26,gcsmou3,"Information Support, Esteem Support",1605757462
jwot26,gd9wzxs,Information Support,1606087694
jwot26,gfyopqp,"Information Support, Emotional Support, Esteem Support, Group Interaction",1608067052
juz5zk,gchhk9r,"Information Support, Esteem Support",1605525134
juz5zk,gchrff5,Information Support,1605533526
jtmykv,gc9bedg,Information Support,1605367521
jpm8qx,gbgbdna,"Information Support, Esteem Support",1604757467
jn1p9u,gays8mo,Information Support,1604371498
jhzuxf,ga3t1cg,Information Support,1603662389
jgub86,g9tzb3y,"Information Support, Emotional Support, Esteem Support",1603502708
jgogzi,g9s3x12,Information Support,1603475763
jdaeyl,g97gy4d,"Information Support, Esteem Support",1603019347
jdaeyl,g98emoc,Group Interaction,1603037768
jdaeyl,g96svfc,"Information Support, Emotional Support, Esteem Support, Tangible Assistance",1603001837
jcyqrr,g95ogs5,Information Support,1602978921
jcij3a,g91rqfc,"Information Support, Esteem Support, Group Interaction",1602887317
ja8wus,g8pqxae,"Information Support, Emotional Support",1602612496
j9n33k,g8l6xnk,Information Support,1602508852
j9n33k,g9lnb0g,"Esteem Support, Tangible Assistance",1603327698
j9jmpg,g8ln5hj,"Information Support, Tangible Assistance",1602518073
j9jmpg,g8l8uxj,Information Support,1602510119
j9jmpg,g8lvoz2,Information Support,1602522386
j9jmpg,g8oma0y,"Information Support, Tangible Assistance",1602589150
j8vmjh,g8ge5l0,"Information Support, Emotional Support",1602404511
j8vmjh,g9i51om,"Information Support, Esteem Support",1603247969
j8cgwq,g8a3dzg,"Information Support, Esteem Support",1602297887
j82m6u,g89ef2r,Information Support,1602282548
j82m6u,g9jm9gv,Information Support,1603291272
j71epv,g825xmc,"Information Support, Esteem Support",1602116669
j71epv,g8244dl,"Information Support, Esteem Support",1602115641
j71epv,g9jq3r5,"Information Support, Esteem Support",1603293210
j71epv,g9jqacx,Information Support,1603293299
j71epv,g9jql7g,Esteem Support,1603293447
j71epv,gb8gf32,Group Interaction,1604589507
j6tch2,g82z6u1,"Information Support, Emotional Support, Esteem Support",1602134030
j6tch2,g9jinla,Information Support,1603289361
j54v69,g7q2ysb,"Information Support, Esteem Support",1601846351
j4fgs8,g7jo8m7,"Information Support, Esteem Support",1601754240
j4fgs8,g7kxq35,"Information Support, Esteem Support",1601769949
j4bsfy,g7hupeu,Information Support,1601711800
j4bsfy,g7huzi6,"Information Support, Emotional Support, Esteem Support, Tangible Assistance",1601712054
j45ovg,g7gvnu4,"Information Support, Emotional Support",1601686664
j45ovg,g8621rg,"Information Support, Emotional Support",1602202778
j3r7md,g7ez7wk,Information Support,1601656260
j0nffm,g6u71lb,Information Support,1601208695
izv07b,g6m5me0,Information Support,1601092608
izv07b,g6nyog9,Information Support,1601120281
izv07b,g7cablf,"Information Support, Emotional Support, Esteem Support",1601593168
izv07b,g9ju60b,"Information Support, Tangible Assistance",1603295202
isuomc,g5atigi,"Information Support, Emotional Support, Tangible Assistance",1600125950
iscgie,g58c45d,"Information Support, Esteem Support, Group Interaction",1600092665
iscgie,g58j04m,Information Support,1600095503
irois8,g517v4n,Information Support,1599967657
irgv7a,g5ha0sf,Information Support,1600270441
iqiqea,g4spll9,"Information Support, Emotional Support, Esteem Support",1599801988
iq6sxw,g5h9mro,"Information Support, Tangible Assistance",1600270247
ipjtps,g4kodpk,Information Support,1599678046
ipjtps,g5g0lgv,Tangible Assistance,1600233758
io1a11,g4pfpgv,"Information Support, Emotional Support, Esteem Support",1599756017
iloi7w,g3tjlvj,Information Support,1599118778
ik5e8d,g3jgkf6,"Information Support, Esteem Support",1598923714
ihgwr9,g3745e0,Information Support,1598663929
idhm1n,g29aqh5,"Emotional Support, Esteem Support, Group Interaction",1597958093
icvihm,g25eerw,"Information Support, Esteem Support, Group Interaction",1597874526
ialdfq,g1ppqox,"Information Support, Emotional Support, Esteem Support",1597559817
ialdfq,g1xlts2,"Emotional Support, Esteem Support",1597712343
i7risx,g13mur8,Information Support,1597153292
i7risx,g1bndoy,"Information Support, Esteem Support",1597323568
i7risx,g1xm839,"Information Support, Esteem Support",1597712568
i7dasp,g3tg9qg,,1599115477
i7dasp,g1xmlgr,"Information Support, Emotional Support",1597712777
i6hbl3,g0w16i9,"Information Support, Emotional Support",1596979370
i547vu,g0n6wdm,Information Support,1596775617
hzbpw6,g2kftap,"Information Support, Esteem Support",1598173997
hxet1d,fz75el4,"Information Support, Emotional Support, Esteem Support",1595687017
hxet1d,fzmi0ro,,1596033413
hwt189,fz1qfal,Information Support,1595556639
hwc288,fz1q4lf,"Information Support, Esteem Support",1595556470
hwc288,fz76d6s,"Emotional Support, Esteem Support, Tangible Assistance",1595687626
hwc288,fzfe332,Information Support,1595873006
hv427j,fyr64r8,"Information Support, Emotional Support, Esteem Support",1595329258
hv427j,g2jy78b,Information Support,1598157378
huz1j9,fz1rkoa,Information Support,1595557303
huz1j9,fyqsh7k,"Information Support, Group Interaction",1595315394
huz1j9,fzaid84,"Information Support, Esteem Support",1595761524
htd4mb,fz1ryyv,Information Support,1595557533
hsma5h,fycfsrt,"Information Support, Esteem Support",1594979959
hsiouf,fyealmz,"Information Support, Emotional Support, Esteem Support",1595017963
hsiouf,fz1s7ur,"Information Support, Esteem Support",1595557677
hqitaa,fxzvuw0,"Information Support, Esteem Support",1594693346
hma6cz,fx6kis0,"Information Support, Emotional Support",1594104361
hlnvee,fx0xp1p,"Information Support, Esteem Support",1593976980
hktv71,fwv381o,Information Support,1593826966
hjs7yx,fwp77su,Emotional Support,1593700156
hjs7yx,fwp8dvi,Information Support,1593700683
his41u,fwlgcpx,,1593619935
his41u,fwwr3vz,Information Support,1593875906
hhxqpm,fwkznzb,"Information Support, Emotional Support, Esteem Support",1593611312
hhxqpm,fwowpuy,"Information Support, Emotional Support",1593695044
hhme3t,fwkidic,Information Support,1593597930
hhag32,fwa040m,"Information Support, Esteem Support",1593361492
hh3g81,fw86ni6,"Information Support, Esteem Support",1593310353
hh3g81,fw8xthq,"Information Support, Esteem Support",1593331419
hh0n5x,fxbd13q,"Information Support, Emotional Support, Esteem Support",1594218225
hgpfd7,fw5whuz,"Information Support, Esteem Support",1593263611
hgpfd7,fw8ww42,"Information Support, Esteem Support",1593330496
hgpfd7,fwajp5i,,1593371728
hf8d9y,fw3e18o,Information Support,1593199648
hd28r5,fvjlfnz,"Information Support, Esteem Support",1592752626
hcctov,fvf1trc,"Information Support, Esteem Support",1592634493
hcctov,fvic0ft,"Information Support, Emotional Support",1592713534
h7yusq,fuoxm0x,"Information Support, Esteem Support",1592045276
h7yusq,fw6xa1r,Group Interaction,1593284497
h7a8ca,ftrsi1a,"Information Support, Emotional Support",1591935344
h0ueqx,fv3c01q,"Information Support, Emotional Support, Esteem Support",1592369292
h0ueqx,fv3lqut,,1592377075
gwmarz,fswjqyh,Group Interaction,1591305573
gwku0t,fsvsxoq,"Esteem Support, Group Interaction",1591293173
gwku0t,fswhfgf,"Information Support, Esteem Support",1591304462
gudwr4,fshz9r5,"Emotional Support, Esteem Support",1590989497
gu1avu,fsfoygy,"Emotional Support, Esteem Support",1590943317
gu1avu,fsiwufp,Information Support,1591018631
gu1avu,fsg3b7e,Information Support,1590950669
gu1avu,ft8idv2,"Information Support, Esteem Support",1591501935
gqkcoe,frtybl8,Information Support,1590460518
gntwej,ftq747x,"Information Support, Emotional Support, Tangible Assistance",1591903765
gnfckv,fr9i3yv,"Information Support, Emotional Support, Esteem Support",1589997988
a7jyu9,efpmtnd,"Information Support, Emotional Support, Esteem Support",1549263994
a7jyu9,ed3w4hk,Information Support,1546467500
a7jyu9,ehy85af,"Information Support, Esteem Support",1551910787
a7jyu9,eimbt02,"Information Support, Esteem Support",1552686075
9nz5k5,e7uw89o,"Information Support, Emotional Support, Esteem Support",1539674963
9lkuh5,e7930n4,Information Support,1538791355
9lkuh5,e79kp2k,Information Support,1538818467
9frh3b,e5z8bxk,,1536947943
9eu3ik,e5ym5jh,Emotional Support,1536927643
98i75e,e4h9uhg,,1534710191
978f2k,e468qw4,Information Support,1534255521
978f2k,e4fe9mh,"Information Support, Emotional Support",1534623998
978f2k,e5ymr1v,"Information Support, Emotional Support",1536928379
978f2k,e7q4g4j,Information Support,1539481506
7rmgbr,dsywz8f,Information Support,1516461934
7bvoe6,dqhcaif,"Information Support, Esteem Support, Group Interaction",1511913945
6c6kb6,divfphl,"Information Support, Esteem Support, Group Interaction",1497404549
4ugz3k,d8xifuj,Information Support,1476812908
omdn0h,h5k8wzb,Information Support,1626560077
omdn0h,h5k90rg,"Information Support, Esteem Support",1626560133
oma2mi,h5m2lyb,"Emotional Support, Tangible Assistance",1626600255
om9mfg,h5jhqr6,Information Support,1626546238
om481d,h5ikfny,"Information Support, Esteem Support, Tangible Assistance",1626529816
om481d,h5ipj1k,"Information Support, Tangible Assistance",1626532574
om1u01,h5i61m6,"Information Support, Emotional Support, Esteem Support",1626519745
om1u01,h5ikt2t,"Information Support, Emotional Support, Esteem Support, Group Interaction",1626530021
om0s03,h5hydan,,1626512632
olyjgk,h5iaviu,Information Support,1626523634
olyjgk,h5hqaip,Information Support,1626505398
oly68y,h5hput0,Emotional Support,1626505032
olvjav,h5ifx6t,"Information Support, Emotional Support, Esteem Support",1626527098
oltjqj,h5h4emm,"Information Support, Emotional Support, Esteem Support",1626490453
olnd0f,h5folus,"Information Support, Group Interaction",1626464916
olmsdd,h5g8vut,Emotional Support,1626474135
olmsdd,h5h2n4g,Information Support,1626489453
olgxb0,h5ej9q4,"Emotional Support, Esteem Support",1626447300
olgaq1,h5elosm,Information Support,1626448355
olg7x7,h5e6f67,Emotional Support,1626441149
oleqjk,h5fmbss,"Information Support, Esteem Support, Group Interaction",1626463965
olajgm,h5dt8d2,"Information Support, Emotional Support",1626432800
ola3vt,h5e06od,Emotional Support,1626437604
ola3vt,h5e22w8,"Information Support, Emotional Support, Esteem Support, Tangible Assistance",1626438731
ola3vt,h5d3x4j,Information Support,1626412109
ol8xyf,h5d0ktb,"Esteem Support, Group Interaction",1626409966
ol7jqm,h5d5yu3,"Information Support, Emotional Support, Esteem Support, Group Interaction",1626413501
ol7jqm,h5d9n69,"Emotional Support, Esteem Support",1626416207
ol7jqm,h5dlcel,"Emotional Support, Esteem Support",1626426066
ol7jqm,h5dqnh9,"Information Support, Emotional Support, Esteem Support, Tangible Assistance, Group Interaction",1626430727
ol7jqm,i25gpd7,"Emotional Support, Group Interaction",1648264578
ol3xl6,h5cihyi,"Information Support, Tangible Assistance",1626399851
ol1ws0,h5bztic,Information Support,1626390209
ol1ws0,h5c1fg7,"Information Support, Emotional Support, Tangible Assistance, Group Interaction",1626391018
ol0h7a,h5d7o1r,"Emotional Support, Esteem Support",1626414717
oky1m4,h5bxsx6,"Emotional Support, Group Interaction",1626389216
okuvow,h5cbiy1,"Information Support, Emotional Support, Esteem Support",1626396216
okl51q,h58tcra,"Information Support, Esteem Support",1626328160
okkbj0,h58fpiv,"Information Support, Emotional Support",1626319587
okkbj0,h5c62ft,"Information Support, Emotional Support",1626393381
okif71,h5860vh,"Information Support, Esteem Support",1626314538
okclsw,h575o4p,"Information Support, Tangible Assistance",1626296341
ok7gaw,h57myin,Group Interaction,1626304646
ok7gaw,h58qpvd,Group Interaction,1626326269
ok7e85,h5d54j2,"Emotional Support, Esteem Support",1626412917
ok5yx7,h56vvb4,"Information Support, Esteem Support, Group Interaction",1626292022
ok5y40,h5659kn,"Information Support, Esteem Support, Group Interaction",1626280241
ok5y40,h57mjz1,Information Support,1626304436
ok4tch,h55oayq,Group Interaction,1626272750
ok4tch,h55r033,"Information Support, Emotional Support, Esteem Support, Tangible Assistance",1626273999
ok4tch,h565sp5,"Information Support, Group Interaction",1626280470
ok288m,h558iyn,"Information Support, Emotional Support",1626264090
ok288m,h5lykcv,"Information Support, Emotional Support",1626596826
ojystt,h54xyp9,Information Support,1626255606
ojxy0c,h54vpy9,"Information Support, Emotional Support, Esteem Support, Group Interaction",1626253498
ojviyr,h544kz1,"Information Support, Esteem Support",1626232469
ojv4t9,h54ey86,Information Support,1626239157
ojqe12,h537by0,"Information Support, Emotional Support, Esteem Support",1626214865
ojqe12,h53f54p,"Information Support, Esteem Support",1626218830
ojqe12,h53og13,"Information Support, Esteem Support",1626223724
ojq55a,h57aclm,Information Support,1626298483
ojnf47,h52vgcj,"Emotional Support, Group Interaction",1626209265
ojnf47,h574x68,"Information Support, Emotional Support, Esteem Support, Group Interaction",1626296008
ojih2x,h51t5lx,"Emotional Support, Group Interaction",1626192319
ojih2x,h53kfup,"Emotional Support, Esteem Support, Group Interaction",1626221636
ojeoju,h53q78f,"Information Support, Esteem Support",1626224631
oje574,h52e1w0,"Information Support, Esteem Support",1626201509
oje574,h52e8mg,Esteem Support,1626201592
oje574,h52qd5f,"Tangible Assistance, Group Interaction",1626206990
ojcwu5,h51jtl6,Information Support,1626188157
oj8423,h50arfo,"Information Support, Emotional Support, Esteem Support",1626155278
oj7nro,h50o849,Information Support,1626167328
oj7cqu,h50i6z0,Emotional Support,1626161557
oj6hec,h50i5pb,"Information Support, Esteem Support, Group Interaction",1626161524
oj3t14,h4zdao6,,1626135475
oiln78,h4wkfa6,"Information Support, Esteem Support",1626084120
oij6uz,h4vyli4,"Information Support, Esteem Support",1626064933
oij60r,h4xtbpe,"Information Support, Emotional Support, Esteem Support, Group Interaction",1626108838
oiistv,h4vqgtr,Information Support,1626059653
oiistv,h4w3ig0,"Information Support, Esteem Support",1626068658
oiistv,h4wjlmz,"Information Support, Esteem Support",1626083361
oigmqf,h4vd4nu,"Emotional Support, Esteem Support",1626052188
oigmqf,h4vreef,Emotional Support,1626060222
oigj17,h4vbzom,Group Interaction,1626051575
oicib5,h4v8x70,"Information Support, Emotional Support, Esteem Support, Tangible Assistance, Group Interaction",1626049948
oi60gi,h4tlroc,"Information Support, Emotional Support, Esteem Support",1626021027
oi60gi,h4uoc4g,Information Support,1626039985
oi60gi,h4v8oso,"Information Support, Emotional Support, Tangible Assistance",1626049824
ohxu5c,h4s3ijn,"Information Support, Esteem Support",1625980755
ohxu5c,h4trbry,Group Interaction,1626023824
ohxpn7,h4s0alp,"Information Support, Group Interaction",1625978596
ohxpn7,h4t9wxc,Information Support,1626014971
ohx5nz,h4ruzu4,Information Support,1625975214
ohx5nz,h4shya8,"Information Support, Esteem Support",1625993457
ohwm7s,h4rtynk,"Information Support, Group Interaction",1625974552
ohvn08,h4v5gv1,"Information Support, Esteem Support",1626048082
ohsint,h4rh72k,"Information Support, Emotional Support, Tangible Assistance",1625967211
ohsint,h4rorhb,"Information Support, Emotional Support, Esteem Support, Tangible Assistance, Group Interaction",1625971456
ohsint,h4skq5n,Emotional Support,1625996245
oheurn,h4qdc35,"Emotional Support, Esteem Support",1625945262
oheurn,h4osef7,Information Support,1625912498
ohdmo3,h4oinbf,"Information Support, Esteem Support",1625902920
ohaudy,h4qa0ve,Information Support,1625943497
ohaudy,h4ny55e,,1625887387
oh49na,h4mssnt,"Information Support, Emotional Support",1625864049
oh49na,h4oamzp,"Information Support, Tangible Assistance",1625896069
oh49na,h4ogw4g,"Information Support, Emotional Support, Esteem Support, Group Interaction",1625901327
oh0hai,h4rwvhx,"Information Support, Emotional Support, Group Interaction",1625976408
ogt5e4,h4kyv9g,"Information Support, Esteem Support, Group Interaction",1625832059
ogrlfm,h4wla1a,"Information Support, Emotional Support",1626084900
ogrcd9,h4kocpa,Esteem Support,1625823444
ogokl5,h4l7dli,Emotional Support,1625837204
ogokl5,h4lpkpn,,1625845846
ogjqby,h4jzpmq,"Information Support, Esteem Support",1625803289
ogjqby,h4koiu6,"Information Support, Esteem Support",1625823606
ogjqby,h4jyy0e,,1625802820
oggonv,h4j24jr,"Information Support, Emotional Support",1625785205
ogfk2q,h4ir9st,"Information Support, Esteem Support",1625779951
ogeogu,h4kiaju,"Information Support, Group Interaction",1625817696
og9yen,h4j2lf1,"Information Support, Emotional Support, Tangible Assistance",1625785443
ofz5jj,h4fqx8v,"Information Support, Esteem Support",1625716888
ofwql3,hd9ugxg,"Information Support, Emotional Support, Esteem Support",1631924042
ofvw1t,h4g2cdo,"Emotional Support, Esteem Support",1625725031
ofvw1t,h4im0bk,Group Interaction,1625777485
ofu17c,h4f0x87,"Information Support, Emotional Support, Esteem Support",1625702934
ofr4go,h4ej4r4,"Information Support, Emotional Support, Esteem Support",1625694434
ofr4go,h4kvgx1,"Information Support, Emotional Support",1625829573
ofr4go,h4f5pqr,Group Interaction,1625705378
ofr4go,h4eysiy,Emotional Support,1625701847
ofr4go,h4ecvil,"Information Support, Esteem Support",1625691775
ofo17b,h4dvjv2,Information Support,1625684180
ofmbg7,h4daluv,Information Support,1625674988
ofmbg7,h4fs234,"Emotional Support, Esteem Support, Group Interaction",1625717605
ofe9yp,h4c5gwh,"Information Support, Emotional Support, Esteem Support",1625650894
ofe9yp,h4cxnls,"Information Support, Emotional Support, Group Interaction",1625669252
ofe9yp,h4nzglc,Information Support,1625888209
ofa39x,h4bbmzt,"Information Support, Emotional Support",1625627379
of661s,h4ann34,"Information Support, Emotional Support, Esteem Support",1625614685
of0ui0,h49k233,"Information Support, Esteem Support",1625596194
oey5uu,h49dyk3,"Information Support, Emotional Support, Esteem Support, Tangible Assistance",1625593456
oey0aj,h49tgzw,Emotional Support,1625600461
oewri6,h4axa6f,"Emotional Support, Group Interaction",1625619824
oeu37z,h49cygn,"Information Support, Esteem Support",1625593010
oempa3,h47rzw3,"Information Support, Emotional Support, Esteem Support",1625558005
oek71y,h470f3m,"Information Support, Emotional Support, Esteem Support",1625538142
oec1xx,h479j07,"Emotional Support, Esteem Support",1625543548
oebhzr,h45emxf,Information Support,1625507528
oe9v0s,h452e5n,"Emotional Support, Esteem Support",1625501339
oe7hef,h44lkg8,"Information Support, Emotional Support, Esteem Support",1625492308
oe2ee5,h43zge1,Esteem Support,1625474105
odx84c,h436ek5,Information Support,1625451849
ods9mw,h427ipy,Tangible Assistance,1625431455
odkx3q,h4191oy,"Information Support, Esteem Support, Tangible Assistance, Group Interaction",1625414370
odccs3,h3zkitl,Information Support,1625369349
od6nku,h3ylyv4,"Information Support, Emotional Support",1625348396
od3xro,h3z9bps,"Information Support, Emotional Support, Esteem Support",1625362292
od3xro,h3y4jrs,"Information Support, Esteem Support",1625339131
ocyobd,h3y3wzx,"Information Support, Emotional Support, Esteem Support",1625338800
ocyobd,h3xan2z,,1625323507
ocyobd,h3y15ff,"Information Support, Esteem Support",1625337370
ocrsb7,h45dldm,Information Support,1625506999
ocqjkh,h3w1g7a,"Information Support, Emotional Support, Esteem Support",1625287471
ocp7ka,h3vp7a8,Information Support,1625279513
ocmlgh,h7iq7qr,"Emotional Support, Tangible Assistance",1627967930
oclz8t,h3v6z1k,"Emotional Support, Group Interaction",1625269200
ochnl3,h3uojcd,"Information Support, Emotional Support",1625260023
ochnl3,h3up42q,"Information Support, Emotional Support, Esteem Support",1625260291
ochnl3,h3uhf98,"Information Support, Emotional Support, Esteem Support, Tangible Assistance",1625256845
ocggzx,h3un1fj,"Information Support, Emotional Support",1625259353
oc8law,h3sotcc,"Information Support, Esteem Support",1625228503
oc8law,h3spz5y,"Information Support, Emotional Support, Esteem Support",1625229213
oc8law,h3sqmtn,"Information Support, Esteem Support",1625229590
oc56aq,h3v212b,"Information Support, Emotional Support",1625266602
oc38ju,h3sj86v,"Information Support, Emotional Support, Esteem Support, Tangible Assistance",1625224742
oc2qov,h3vxoci,,1625284841
oc215p,h3shzfs,"Information Support, Emotional Support, Esteem Support, Group Interaction",1625223806
oc215p,h4o0kyd,"Information Support, Esteem Support",1625888913
oc0zvz,h3rhbgl,"Information Support, Emotional Support, Esteem Support",1625196268
oc0zvz,h3rpidx,"Emotional Support, Tangible Assistance",1625201217
obydah,h3qtobj,,1625183709
obej4d,h3nl45h,"Information Support, Emotional Support, Esteem Support, Tangible Assistance",1625120879
oban4v,h3n4r6q,"Information Support, Emotional Support, Esteem Support, Group Interaction",1625110296
oban4v,h3n5w5x,"Emotional Support, Group Interaction",1625110855
obab2u,h3mrpst,"Information Support, Emotional Support, Tangible Assistance",1625103666
ob5spb,h3lu171,"Emotional Support, Esteem Support",1625087029
ob5spb,h3lusn3,"Emotional Support, Esteem Support",1625087374
ob5spb,h3mjxd3,"Emotional Support, Esteem Support, Group Interaction",1625099661
ob5spb,h3m4mwn,"Information Support, Emotional Support, Esteem Support, Group Interaction",1625091983
ob5spb,h3mqpan,"Information Support, Emotional Support, Tangible Assistance, Group Interaction",1625103156
ob51by,h3m6ac4,"Information Support, Emotional Support, Esteem Support",1625092792
ob51by,h3lkfuh,Tangible Assistance,1625082889
ob51by,h3ls92l,"Information Support, Tangible Assistance",1625086245
oawn00,h3mvbsc,,1625105454
oawn00,h3v2pio,"Information Support, Emotional Support, Esteem Support",1625266949
oawn00,h3jz9oo,Emotional Support,1625057382
oatfrm,h3k4r9f,"Emotional Support, Esteem Support",1625060302
oalioo,h3i7a67,"Information Support, Tangible Assistance",1625013399
oai7iv,h3i4aoz,"Information Support, Emotional Support, Esteem Support",1625011898
oagqm9,h3hu0kz,"Information Support, Emotional Support, Esteem Support, Group Interaction",1625006792
oagqm9,h3hebn4,"Emotional Support, Esteem Support, Group Interaction",1624999667
oagqm9,h3i2ux5,"Information Support, Emotional Support, Esteem Support, Group Interaction",1625011165
oaf8ii,h3hjmsh,"Information Support, Emotional Support, Esteem Support",1625001970
oabz3a,h3gjc33,"Information Support, Esteem Support",1624986235
oabz3a,h3mr7tc,"Emotional Support, Esteem Support, Tangible Assistance, Group Interaction",1625103416
oa5i6u,h3fbujg,Information Support,1624963264
oa4m29,h3f6dlx,,1624958127
oa4m29,h3f6p50,"Information Support, Esteem Support",1624958443
oa4m29,h3fmkmb,"Information Support, Emotional Support, Esteem Support",1624970964
oa4m29,h3g3bnd,"Information Support, Emotional Support, Group Interaction",1624979340
oa4ext,h3f88w2,"Information Support, Emotional Support, Esteem Support, Group Interaction",1624959958
o9y1s8,h3e2el3,Esteem Support,1624930160
o9y1s8,h3ezl2s,"Information Support, Esteem Support",1624951595
o9y1s8,h65d3rz,Emotional Support,1626974331
o9w59m,h3dqhcb,"Information Support, Emotional Support, Esteem Support",1624923949
o9urtz,h3dsaqq,"Information Support, Emotional Support, Esteem Support",1624924888
o9pft9,h3ci9ba,"Information Support, Emotional Support, Esteem Support",1624903974
o9o2r9,h45f5ju,"Information Support, Tangible Assistance",1625507789
o9o2bf,h3e4sl4,Information Support,1624931402
o9n249,h3cfsca,Information Support,1624902913
o9n249,h3c86vd,Information Support,1624899606
o9mrp5,h3e7yb2,"Information Support, Emotional Support, Esteem Support",1624933058
o9lm95,h3btkjg,,1624893133
o9fk07,h3asyj0,"Information Support, Esteem Support",1624867716
o9cvro,h3agx8j,"Information Support, Emotional Support, Tangible Assistance, Group Interaction",1624857299
o98umr,h39mkfm,"Information Support, Tangible Assistance",1624838872
o953tv,h3al84v,"Information Support, Emotional Support, Tangible Assistance",1624860722
o94ldm,h38z9bf,Information Support,1624826490
o94ldm,h3afurz,"Information Support, Emotional Support, Esteem Support, Tangible Assistance",1624856500
o90ydd,h3e4r5e,Information Support,1624931382
o8z57p,h37xahu,"Information Support, Esteem Support",1624807704
o8vivr,h3934nk,"Emotional Support, Esteem Support",1624828401
o8pz6f,h36k7dc,"Information Support, Emotional Support, Esteem Support",1624769780
o8oddl,h37byf2,"Emotional Support, Esteem Support",1624794626
o8l6kp,h36tv4b,Information Support,1624777606
o8l6kp,h3alnb0,"Information Support, Emotional Support, Tangible Assistance",1624861077
o8hs7q,h35pzhs,"Information Support, Emotional Support, Esteem Support",1624751105
o8bnv6,h33zp02,"Information Support, Emotional Support, Esteem Support",1624718707
o86bws,h338por,"Information Support, Emotional Support, Esteem Support",1624698149
o86bws,h339eai,"Information Support, Emotional Support, Esteem Support, Tangible Assistance",1624698844
o86bws,h34iwkx,"Information Support, Emotional Support, Tangible Assistance",1624728485
o86bws,h35e9x3,"Information Support, Esteem Support",1624744562
o8635s,h339l86,"Information Support, Esteem Support",1624699038
o85hvf,h3339ft,"Information Support, Emotional Support, Esteem Support",1624692802
o83aqs,h32zc5i,"Information Support, Emotional Support",1624689261
o83aqs,h32ne7s,Information Support,1624680207
o80ixr,h32i6o0,"Information Support, Emotional Support, Esteem Support",1624676854
o80ixr,h32iskz,"Emotional Support, Tangible Assistance",1624677232
o7yynv,mps8u7h,"Information Support, Esteem Support",1745985336
o7wnte,h31vqrv,"Information Support, Esteem Support",1624663967
o7wnte,h325x6y,"Emotional Support, Esteem Support",1624669745
o7wg0j,h32o2in,Information Support,1624680658
o7sbo5,h30nmmb,Information Support,1624642518
o7sbo5,h30tf6m,"Information Support, Emotional Support, Esteem Support",1624645183
o7sbo5,h31ud2f,"Information Support, Esteem Support",1624663205
o7p4l9,h305deg,"Information Support, Tangible Assistance",1624634364
o7iids,h30qn7q,"Information Support, Esteem Support",1624643892
o7i3pc,h37gpj9,"Information Support, Esteem Support, Group Interaction",1624798224
o7hh0a,h2yshi7,Information Support,1624599915
o7b966,h2xsl25,"Information Support, Emotional Support",1624579025
o72uuj,h2wvz38,"Information Support, Esteem Support",1624559160
o711xd,h2wa5ad,"Information Support, Emotional Support, Tangible Assistance",1624549580
o70al1,h2vtwt9,"Information Support, Emotional Support, Esteem Support, Group Interaction",1624542069
o70al1,h2z5c5x,"Information Support, Emotional Support, Esteem Support, Group Interaction",1624611075
o6yw9t,h4fitks,"Emotional Support, Esteem Support, Tangible Assistance",1625712245
o6xldr,h2vaur0,"Emotional Support, Esteem Support",1624528975
o6sgvu,h2ugz5e,,1624504812
o6pnk2,h2u6h8h,"Information Support, Emotional Support, Tangible Assistance",1624499276
o6pnk2,h2u7yjf,"Emotional Support, Esteem Support",1624500052
o6pddy,h2u2m8s,"Emotional Support, Esteem Support",1624497206
o6nyoi,h2tsqzg,"Information Support, Emotional Support, Esteem Support, Group Interaction",1624491969
o6ljra,h2tf1f2,"Information Support, Emotional Support, Esteem Support, Group Interaction",1624484923
o6ljra,h2tp8vt,"Information Support, Emotional Support, Esteem Support",1624490079
o6jdeq,h2t40ej,"Information Support, Emotional Support",1624479912
o6cy04,h2s3g1o,"Information Support, Emotional Support, Esteem Support, Tangible Assistance, Group Interaction",1624463793
o6cy04,h2sbrms,"Information Support, Group Interaction",1624467294
o6cy04,h2u5asa,"Emotional Support, Group Interaction",1624498638
o6bqsk,h2smbsm,"Information Support, Esteem Support",1624471929
o6bqsk,h2ryqoe,,1624461702
o6bqsk,h2sh3z2,Information Support,1624469554
o69u80,h2r9i3j,"Emotional Support, Esteem Support",1624447980
o69le0,h2rakrx,Information Support,1624448781
o65vu2,h2qwijt,"Esteem Support, Group Interaction",1624436085
o65vu2,h2qxbea,Esteem Support,1624436862
o65vu2,h2qxmv2,"Esteem Support, Group Interaction",1624437178
o63uw0,h2qou7a,"Emotional Support, Esteem Support",1624429138
o5zyqp,h2pt1t1,"Emotional Support, Esteem Support",1624410003
o5z01z,h2s6199,"Information Support, Esteem Support, Group Interaction",1624464932
o5xg7b,h2r0gvp,"Information Support, Emotional Support, Esteem Support, Group Interaction",1624440027
o5x5op,h2p4kl1,Information Support,1624397162
o5ultw,h2os8y6,"Information Support, Esteem Support, Group Interaction",1624391531
o5ultw,h2ootlb,"Information Support, Esteem Support",1624390010
o5ultw,h2op8i0,"Information Support, Esteem Support",1624390195
o5ultw,h2p49uq,"Information Support, Emotional Support, Tangible Assistance, Group Interaction",1624397018
o5snis,h2qpql7,"Emotional Support, Esteem Support, Group Interaction",1624429890
o5rev1,h3s5xb8,"Emotional Support, Esteem Support, Tangible Assistance",1625213574
o5nj77,h2r16mv,"Information Support, Emotional Support, Group Interaction",1624440732
o5nj77,h2nikao,,1624370835
o5lyuv,h2pp066,,1624407863
o5gvja,h2mlcvb,Information Support,1624345536
o5gvja,h2n4f6g,Information Support,1624362767
o5gnvk,h2ob2vb,"Information Support, Emotional Support, Esteem Support",1624383868
o5ci5r,h2m9sjp,"Emotional Support, Esteem Support",1624336375
o5bako,h2ltdob,,1624326509
o58s76,h2lnkrn,Information Support,1624323313
o58s76,h2lqob1,"Information Support, Emotional Support",1624325011
o58s76,h2lrr8h,Information Support,1624325615
o58s76,h2lx8oh,Information Support,1624328650
o58s76,h2lxcby,Information Support,1624328708
o58s76,h2m9e24,Information Support,1624336093
o58s76,h2mghhx,"Information Support, Emotional Support",1624341348
o58s76,h2mq0yg,Information Support,1624349989
o58s76,h2olmkb,Information Support,1624388579
o56k0f,h2l4d2x,"Information Support, Group Interaction",1624313148
o56k0f,h2lde8o,Tangible Assistance,1624317819
o54kcd,h2tz871,"Emotional Support, Esteem Support, Group Interaction",1624495387
o4ofs3,h2j9dv7,"Information Support, Emotional Support, Esteem Support",1624282306
o4ofs3,h2ivwbn,Information Support,1624272886
o4ocmz,h2idao7,Information Support,1624254994
o4ocmz,h2im3g9,Information Support,1624263191
o4ocmz,h2ivnk4,Information Support,1624272671
o4mk1x,h2ikgf6,"Esteem Support, Group Interaction",1624261547
o4mk1x,h2j4zsn,"Information Support, Emotional Support",1624279681
o4mk1x,h2jgqm7,Emotional Support,1624285956
o4kvff,h2i1zhb,Information Support,1624246813
o4kvff,h2iwcis,Information Support,1624273286
o4k1ax,h2j9u4r,"Information Support, Emotional Support, Esteem Support",1624282558
o4dnod,h2h7cfm,"Information Support, Emotional Support, Esteem Support",1624229573
o4dhnv,h2ja0l5,Emotional Support,1624282654
o4dhnv,h2mi5hm,"Information Support, Emotional Support, Group Interaction",1624342735
o48n2g,h2hv67v,"Information Support, Esteem Support",1624242967
o48n2g,h2i1ehl,"Information Support, Emotional Support, Esteem Support",1624246461
o48n2g,h2g4a7f,"Emotional Support, Esteem Support",1624209809
o47ia0,h2mni30,"Esteem Support, Group Interaction",1624347509
o46p9s,h2fij57,,1624198778
o43xsz,h2fg8j3,"Information Support, Esteem Support",1624197503
o40j0d,h2eqfp0,Information Support,1624176626
o40j0d,h2f3gau,"Information Support, Emotional Support, Esteem Support",1624189074
o4080c,h2f94ti,"Emotional Support, Esteem Support",1624193433
o3uwvt,h2ephgt,Information Support,1624175716
o3rdq6,h2db9nt,"Information Support, Esteem Support",1624142162
o3qkuk,h2dpj5f,"Information Support, Esteem Support, Tangible Assistance, Group Interaction",1624150434
o3qkuk,h2e8vmi,"Information Support, Emotional Support, Esteem Support, Tangible Assistance",1624162068
o3qkuk,h2fpxuc,"Information Support, Emotional Support, Esteem Support",1624202668
o3ie4p,h2c0on7,Information Support,1624117708
o3ie4p,h2de75r,Information Support,1624143842
o3d0j1,h2bytv7,"Emotional Support, Esteem Support",1624116742
o3cwrk,h2c0v1v,"Information Support, Group Interaction",1624117800
o39gq8,h2auto3,"Information Support, Group Interaction",1624086331
o39gq8,h2aszgn,Information Support,1624084690
o39gq8,h5lswra,"Information Support, Esteem Support",1626592088
o37fse,h2avasl,"Information Support, Esteem Support",1624086768
o37fse,h2apjiq,Information Support,1624081842
o37fse,h2axsos,Information Support,1624089143
o37fse,h2cahfg,,1624122699
o37fse,h2mkn4o,,1624344890
o2tvd1,h28bsqb,Information Support,1624036746
o2tlpe,h2a8u18,"Emotional Support, Esteem Support, Group Interaction",1624071352
o2t1jl,h292b3c,Emotional Support,1624048733
o2sixr,h28sjzq,"Information Support, Esteem Support",1624044327
o2h920,h27tkka,"Information Support, Emotional Support, Esteem Support",1624028641
o2h920,h2ceklq,"Emotional Support, Esteem Support, Tangible Assistance",1624124748
o2h920,h294yx1,"Information Support, Emotional Support, Esteem Support, Group Interaction",1624049939
o2fiii,h2677ya,"Information Support, Group Interaction",1623988074
o2fiii,h26s5l6,"Emotional Support, Esteem Support",1624004179
o2aloh,h25nqwu,"Information Support, Emotional Support",1623977361
o2aloh,hs2oeec,"Information Support, Tangible Assistance",1641829230
o2a8hv,h25daqk,Information Support,1623971795
o2a8hv,h25otxe,"Information Support, Esteem Support",1623977946
o2a8hv,h25wv39,"Information Support, Emotional Support, Esteem Support",1623982252
o2a8hv,h2605zv,"Emotional Support, Esteem Support",1623984031
o27y7t,h25cssw,"Information Support, Emotional Support, Esteem Support",1623971537
o27y7t,h259p44,"Information Support, Tangible Assistance",1623969963
o27y7t,h25hly7,"Information Support, Emotional Support, Esteem Support, Tangible Assistance",1623974058
o27y7t,h25np2d,"Emotional Support, Tangible Assistance",1623977334
o27y7t,h26akr7,"Information Support, Group Interaction",1623990201
o27y7t,h25y5gi,"Information Support, Emotional Support, Esteem Support",1623982946
o27y7t,h266875,"Information Support, Emotional Support",1623987474
o27y7t,h263e6h,"Information Support, Emotional Support, Esteem Support, Tangible Assistance",1623985799
o27y7t,h28anir,Information Support,1624036231
o27y7t,h28xiwa,"Information Support, Emotional Support, Esteem Support, Tangible Assistance, Group Interaction",1624046548
o265vp,h250zi1,Information Support,1623965756
o25bdw,h251pt7,"Information Support, Esteem Support",1623966095
o25bdw,h280oy8,"Information Support, Esteem Support",1624031818
o1xqnw,h238k8o,"Information Support, Esteem Support",1623938263
o1qi79,h22y2f8,"Information Support, Emotional Support",1623932665
o1qi79,h256bol,Information Support,1623968292
o1opys,h221k9i,"Information Support, Esteem Support, Group Interaction",1623906876
o1opys,h221m3c,"Information Support, Emotional Support, Esteem Support",1623906912
o1kscz,h21cohz,Group Interaction,1623892737
o1krhv,h21eocv,Information Support,1623893835
o1htf9,h21dqbi,"Information Support, Emotional Support",1623893315
o1htf9,h210xae,Information Support,1623886483
o1dt8o,h219l7n,"Emotional Support, Esteem Support",1623891078
o1dt8o,h20m4tf,"Information Support, Emotional Support, Group Interaction",1623879035
o1dt8o,h220b5s,"Information Support, Emotional Support, Esteem Support",1623906037
o1dt8o,h20ijlk,Emotional Support,1623877379
o1dt8o,h20tvct,"Information Support, Esteem Support",1623882805
o17t0u,h74p86h,"Information Support, Emotional Support, Esteem Support",1627679370
o1631i,h1zeor0,"Information Support, Esteem Support",1623860170
o145t2,h1z2dmo,Information Support,1623854989
o145t2,h1z7yfk,"Information Support, Emotional Support, Esteem Support, Group Interaction",1623857370
o0ubw7,h1xe0iz,Information Support,1623812966
o0twt1,h1xav0l,Group Interaction,1623811358
o0njwm,h1w55c2,"Information Support, Emotional Support",1623790401
o0kmf4,h1vkvur,"Information Support, Emotional Support, Tangible Assistance",1623781558
o0b9o8,h1u2e6h,"Information Support, Emotional Support",1623754474
o0b9o8,h1u3ksv,Emotional Support,1623755439
o0b9o8,h20izbk,"Emotional Support, Esteem Support",1623877576
o08gv0,h1zm5tk,"Information Support, Emotional Support, Esteem Support",1623863378
o064p3,i5exlgj,,1650412494
o04rwh,h1tgws2,,1623735038
o04rwh,h1trjok,"Emotional Support, Esteem Support",1623744165
o04rwh,h1tz898,"Information Support, Emotional Support, Esteem Support",1623751672
o04dqn,h1t6qlb,"Information Support, Esteem Support",1623728162
o04dqn,h1tssdy,"Information Support, Emotional Support, Esteem Support, Tangible Assistance, Group Interaction",1623745381
o04dqn,h1u4xxe,"Information Support, Esteem Support",1623756497
o04dqn,h1toox7,"Information Support, Emotional Support, Tangible Assistance, Group Interaction",1623741446
nzxy59,h1tit10,"Information Support, Esteem Support, Group Interaction",1623736496
nzow94,h1qp8uc,"Information Support, Esteem Support, Tangible Assistance, Group Interaction",1623685417
nzow94,h1tx9z4,"Information Support, Emotional Support, Esteem Support",1623749809
nzi2c9,h1ppnic,"Information Support, Tangible Assistance",1623663605
nzi2c9,h1q67ts,"Information Support, Esteem Support",1623676123
nzi2c9,h1rchnf,"Information Support, Emotional Support",1623695770
nzfxws,h1pdry9,"Information Support, Emotional Support, Esteem Support, Group Interaction",1623652214
nzekzt,h1ph0w4,"Information Support, Emotional Support, Esteem Support",1623655072
nzekzt,h1qd322,"Information Support, Emotional Support, Esteem Support, Group Interaction",1623679738
nzekzt,h20ks8n,"Emotional Support, Esteem Support",1623878405
nzecvb,h20kxwm,Information Support,1623878479
nzcoxe,h1p54a0,"Information Support, Emotional Support",1623645375
nzcoxe,h1p5bil,Emotional Support,1623645520
nzamuq,h1om0gs,"Information Support, Emotional Support, Esteem Support",1623633547
nzamuq,h1p9dge,Emotional Support,1623648585
nz883l,h1oha7t,"Information Support, Emotional Support, Esteem Support",1623630819
nz6n0q,h1o7ixa,"Information Support, Emotional Support, Esteem Support",1623625295
nytjz3,h1m2vju,"Information Support, Esteem Support",1623584848
nytjz3,h21avcu,"Information Support, Esteem Support",1623891756
nyq72o,h1ljo28,Information Support,1623567485
nyq72o,h1ljypu,Information Support,1623567753
nyq72o,h22rzgi,Information Support,1623928500
nyofbu,h1m3ndr,Information Support,1623585384
nyofbu,h1pevu7,Information Support,1623653185
nylt8w,h1kv2vf,Group Interaction,1623550582
nylt8w,h1kxz0p,Information Support,1623552353
nylt8w,h1m80dq,Information Support,1623588331
nyk1px,h1kohps,Esteem Support,1623546542
nyk1px,h1m2hth,"Information Support, Esteem Support",1623584598
nyfrmz,h1k09b7,"Information Support, Emotional Support, Esteem Support",1623532595
nyfrmz,h1k4b0l,Group Interaction,1623534789
nyfrmz,h1kq2el,"Emotional Support, Esteem Support",1623547509
nyfrmz,h1kxtaf,"Information Support, Esteem Support",1623552249
nyfrmz,h1p5kjo,"Information Support, Emotional Support, Esteem Support",1623645704
nyfrmz,h22siuz,Esteem Support,1623928907
nyc6ec,h1jevk5,Emotional Support,1623521486
nyc6ec,h1jib7w,Emotional Support,1623523203
nyc6ec,h1k0tex,"Information Support, Emotional Support, Esteem Support, Group Interaction",1623532897
nyb6en,h1jn8ic,"Emotional Support, Tangible Assistance, Group Interaction",1623525763
nyaq6m,h1zvvf2,"Information Support, Esteem Support",1623867556
nyajc0,h22suc1,"Information Support, Esteem Support",1623929146
ny1fsm,h1huwuw,"Information Support, Emotional Support, Group Interaction",1623484574
ny1fsm,h1huj0z,,1623484212
nxytn2,h1hqo05,"Information Support, Emotional Support, Esteem Support, Group Interaction",1623480645
nxytn2,h1hqirs,Emotional Support,1623480520
nxytn2,h1hzsvv,"Information Support, Tangible Assistance",1623489384
nxytn2,h1img2c,"Emotional Support, Esteem Support, Group Interaction",1623506976
nxytn2,h1jfqdx,"Information Support, Esteem Support, Group Interaction",1623521921
nxvyf7,h1h44xs,"Emotional Support, Esteem Support",1623464663
nxsbb1,h1ghqpz,"Information Support, Emotional Support, Esteem Support",1623451700
nxogz3,h1fvjpv,,1623441135
nxng18,h1gg4qi,"Esteem Support, Group Interaction",1623450856
nxmyoq,h1fv0kz,"Information Support, Tangible Assistance",1623440913
nxmyoq,h1grr5k,Information Support,1623457534
nxjcjl,h1ghhg3,Information Support,1623451561
nxjcjl,h1ic6op,"Esteem Support, Group Interaction",1623500396
nxf9ua,h1etmik,"Information Support, Emotional Support, Esteem Support, Tangible Assistance, Group Interaction",1623424534
nxf9ua,h1em9mg,"Information Support, Emotional Support, Esteem Support",1623421265
nxcxf9,h1zws4l,"Information Support, Tangible Assistance",1623867946
nxane1,h3ake6z,"Emotional Support, Esteem Support, Group Interaction",1624860040
nxane1,h7lgh6l,"Esteem Support, Group Interaction",1628022633
nx92i3,h1dsyyr,"Information Support, Emotional Support, Esteem Support",1623402229
nx92i3,h1lb7f5,"Emotional Support, Esteem Support",1623560741
nx75hj,h1ebt4o,"Information Support, Emotional Support, Esteem Support, Tangible Assistance, Group Interaction",1623416109
nx3bns,h1dfzq9,"Information Support, Emotional Support, Esteem Support",1623391016
nwxs4s,h1bzb9c,"Emotional Support, Esteem Support",1623362048
nwxs4s,h1ciue6,Emotional Support,1623371889
nwq9m2,h1alfus,"Information Support, Emotional Support, Esteem Support, Tangible Assistance",1623340961
nwq9m2,h1anhw2,"Emotional Support, Esteem Support, Tangible Assistance",1623341793
nwq9m2,h1b0g86,"Emotional Support, Esteem Support",1623347074
nwotyc,h1a90p2,"Information Support, Esteem Support",1623335827
nwm4oy,h1a3nx4,"Information Support, Emotional Support, Tangible Assistance, Group Interaction",1623333462
nwm4oy,h1a44cq,"Information Support, Emotional Support, Esteem Support",1623333666
nwm4oy,h1ciw9e,,1623371916
nwe0p4,h18wg0l,"Emotional Support, Esteem Support",1623302150
nwe0p4,h1bn4fs,"Information Support, Emotional Support, Esteem Support",1623356613
nwdbqm,h18jeo0,"Information Support, Esteem Support, Tangible Assistance",1623294207
nw8s5d,h1880rp,"Emotional Support, Tangible Assistance",1623288511
nw8s5d,h17s5he,"Information Support, Emotional Support, Esteem Support, Tangible Assistance",1623280694
nw6lpc,h180gsp,"Information Support, Emotional Support, Esteem Support, Tangible Assistance, Group Interaction",1623284811
nw6lpc,h18gp5d,"Information Support, Esteem Support",1623292810
nvznti,h16o43a,"Information Support, Emotional Support, Esteem Support",1623263755
nvznti,h17f64o,"Emotional Support, Esteem Support",1623274735
nvznti,h19flwf,"Emotional Support, Esteem Support",1623318532
nvnvji,h14bcg4,"Emotional Support, Esteem Support",1623216005
nvn3j6,h14aloa,Information Support,1623215495
nvhbvh,h139v0u,"Emotional Support, Esteem Support, Group Interaction",1623195679
nvhbvh,h13xjcs,"Esteem Support, Group Interaction",1623207780
nvhbvh,h141l3i,"Emotional Support, Esteem Support, Group Interaction",1623209962
nvhbvh,h13ti7v,"Information Support, Esteem Support, Tangible Assistance",1623205670
nve75t,h12ycjj,"Tangible Assistance, Group Interaction",1623190039
nv80qt,h12ih24,"Information Support, Emotional Support, Esteem Support",1623182932
nuxffi,h10ez9e,Information Support,1623142685
nuxffi,h10i1io,"Information Support, Tangible Assistance",1623145621
nuvp6h,h10f6go,"Information Support, Emotional Support",1623142882
nuuype,h0zx3ut,"Information Support, Emotional Support, Esteem Support",1623127598
nuuype,h10fgni,,1623143160
nuuype,h10pjzk,"Information Support, Esteem Support",1623154175
nutiud,h0zjbni,"Information Support, Esteem Support",1623119616
nutdgz,h0ze8cb,,1623116931
nutdgz,h0zeky8,Group Interaction,1623117108
nutdgz,h0zrdto,Information Support,1623124062
nuoxu2,h0z0apq,Esteem Support,1623110076
nuoxu2,h0zpo2u,Group Interaction,1623123087
nuoxu2,h10fjpq,"Information Support, Esteem Support, Group Interaction",1623143243
nunm7i,h0ykhxo,Information Support,1623102490
nunm7i,k558c9o,"Information Support, Esteem Support",1697478857
nue0xv,h0xlz1n,"Information Support, Emotional Support, Group Interaction",1623087708
nue0xv,h0z2qxx,"Information Support, Emotional Support, Group Interaction",1623111273
nue0xv,h0yzvke,Information Support,1623109870
nu6cyi,h0war1v,"Information Support, Emotional Support, Esteem Support",1623064531
nu4v48,h0von0j,"Information Support, Emotional Support, Esteem Support",1623044584
nu4v48,h14chbx,,1623216799
nu33su,h10l8fy,"Information Support, Esteem Support",1623151317
nu0ftv,h0uxl65,,1623028431
nu0ftv,h0vusdj,"Information Support, Emotional Support, Esteem Support, Tangible Assistance, Group Interaction",1623049675
ntz39c,h0vc542,"Information Support, Esteem Support",1623036408
ntyrqd,h0uxlt7,"Information Support, Emotional Support",1623028440
ntyrqd,h0ww6gr,"Emotional Support, Esteem Support, Group Interaction",1623076792
nty0oh,h0uiv2t,Information Support,1623020578
nty0oh,h0umgtq,"Emotional Support, Group Interaction",1623022439
nty0oh,h0um97b,Information Support,1623022325
nty0oh,h0unxxs,"Information Support, Group Interaction",1623023208
nty0oh,h0xay1h,Information Support,1623083120
ntuvf8,h0u2jll,"Emotional Support, Esteem Support, Group Interaction",1623012713
ntuvf8,h0uhspu,"Information Support, Esteem Support, Tangible Assistance",1623020027
ntopnb,h0tbf9y,"Information Support, Esteem Support",1623000067
ntmah0,h0unsp9,"Information Support, Emotional Support",1623023131
ntln3n,h0sp1si,"Information Support, Emotional Support, Tangible Assistance, Group Interaction",1622988982
ntln3n,h0szriz,"Information Support, Tangible Assistance",1622994457
ntjncp,h0sb8qr,"Information Support, Emotional Support, Esteem Support, Tangible Assistance",1622980433
nticsu,h0sr2eu,"Information Support, Emotional Support, Tangible Assistance",1622990008
nti421,h0sbj6r,Information Support,1622980660
nti421,h0sf5sp,Information Support,1622983284
nti421,h0wlb4i,"Information Support, Esteem Support",1623071462
ntb8xk,h0r9tpj,"Information Support, Esteem Support",1622949318
nt9bzq,h0quj7n,"Information Support, Esteem Support",1622940285
nt6i9t,h0qmq79,"Emotional Support, Esteem Support",1622935958
nt6i9t,h0qpgt7,"Information Support, Emotional Support, Esteem Support, Group Interaction",1622937470
nt44du,h0qb4a9,Information Support,1622929743
nt0dgb,h0pp9le,"Information Support, Emotional Support, Esteem Support, Group Interaction",1622918644
nt0dgb,h0qv57p,"Information Support, Emotional Support, Esteem Support",1622940627
nso8fu,h12d6so,Emotional Support,1623180686
nsmh41,h0obcm0,"Information Support, Emotional Support, Esteem Support",1622892054
nsgz0r,h0su7nd,"Information Support, Emotional Support, Esteem Support, Tangible Assistance",1622991626
nsgm43,h0mae14,Information Support,1622843841
nsgm43,h0njdrp,"Information Support, Emotional Support, Esteem Support",1622868384
nsdm42,h0p540q,Information Support,1622908657
ns5mqq,h0svwkc,"Information Support, Esteem Support",1622992501
ns3t7m,h0likjp,"Information Support, Emotional Support, Esteem Support",1622831500
ns3t7m,h0mcw2c,,1622845035
ns3t7m,h0n8spn,"Information Support, Group Interaction",1622861990
ns0gar,h0krrj9,"Information Support, Emotional Support, Esteem Support",1622820103
nryp9m,h0jt9c6,Emotional Support,1622801350
nrxvqc,h0narpl,"Information Support, Esteem Support",1622863110
nrxvqc,h1sqa62,"Information Support, Emotional Support, Esteem Support",1623719316
nrtfk3,h0jcpzc,"Information Support, Emotional Support, Group Interaction",1622787281
nrsger,h0mq3u5,Information Support,1622851771
nrqxfd,h0i3oz4,Information Support,1622763342
nrqxfd,h0kjzlh,"Information Support, Emotional Support, Esteem Support, Group Interaction",1622816713
nrf3tu,h0g1xer,"Information Support, Tangible Assistance, Group Interaction",1622731766
nr9qbj,h0fxdr2,"Information Support, Emotional Support",1622729840
nr9qbj,h0gilzz,"Information Support, Emotional Support, Esteem Support",1622738665
nr86z7,h0h2tph,"Information Support, Emotional Support, Esteem Support, Group Interaction",1622747029
nr6ynk,h0h3wtz,"Information Support, Emotional Support, Esteem Support",1622747497
nr4o4m,h0emhzl,"Emotional Support, Esteem Support",1622697455
nr4o4m,h0h4q11,"Emotional Support, Esteem Support",1622747843
nr4fvn,h0ege4h,"Information Support, Emotional Support, Esteem Support",1622693692
nr3h9h,h0ewu3q,"Information Support, Emotional Support, Esteem Support",1622705497
nr3h9h,h0h1r9z,"Information Support, Emotional Support, Esteem Support",1622746574
nqzjrp,h0doquy,"Information Support, Emotional Support, Esteem Support",1622679316
nqq3b0,h0c5r97,"Information Support, Tangible Assistance",1622655075
nqq3b0,h0dq936,"Information Support, Esteem Support",1622680057
nqo8su,h0ds7tf,"Information Support, Emotional Support, Esteem Support",1622681030
nqgfl3,h0an0qt,"Information Support, Esteem Support, Group Interaction",1622626225
nqgfl3,h0b1wrz,,1622637430
nqgfl3,h2dirlh,,1624146492
nqgfl3,h0bz6wv,"Information Support, Emotional Support, Esteem Support",1622652461
nq7qoj,h09bbxo,Information Support,1622594726
nq7qoj,h0am4yr,"Information Support, Emotional Support, Esteem Support",1622625417
nq3c7o,h09cvkd,"Emotional Support, Esteem Support",1622595532
nq3c7o,h09wi98,"Information Support, Esteem Support, Group Interaction",1622605811
nq3c7o,h0ahpy1,"Information Support, Group Interaction",1622621307
nq29cu,h0dxihj,"Emotional Support, Esteem Support, Group Interaction",1622683684
npzu8y,h0ailsu,Group Interaction,1622622134
npzo8k,h0t0t8a,"Information Support, Esteem Support",1622994977
npzeuz,h08puyl,"Information Support, Esteem Support",1622583965
npz32x,h085biz,Information Support,1622574496
npz32x,h07ubdv,Information Support,1622569675
npz32x,h083emr,Information Support,1622573647
npq78k,h0t1nha,"Information Support, Emotional Support, Esteem Support",1622995392
nplidu,h05uffh,"Information Support, Esteem Support",1622524548
npldix,h05y7zy,"Information Support, Esteem Support",1622527488
npldix,h072mm1,"Information Support, Esteem Support",1622557436
npe0bf,h04j3h1,"Information Support, Emotional Support, Esteem Support",1622497491
np6gou,h03m93a,"Information Support, Esteem Support",1622481079
np6gou,h04edqm,"Information Support, Emotional Support, Esteem Support, Tangible Assistance",1622495057
np4m13,h03hg13,"Emotional Support, Tangible Assistance",1622478737
notmw8,h03el4a,"Emotional Support, Esteem Support",1622477322
nokdbs,h00lbsh,"Information Support, Esteem Support",1622410413
nokdbs,h023f4h,"Information Support, Esteem Support",1622443532
nokdbs,h02r4wt,"Information Support, Esteem Support",1622464562
nokdbs,h02rbin,Information Support,1622464681
nokdbs,h05u4yq,Esteem Support,1622524334
nogvdx,h000srg,"Information Support, Emotional Support",1622400020
noev9x,h00i77x,"Emotional Support, Esteem Support, Tangible Assistance, Group Interaction",1622408808
noev9x,gzzt49i,"Information Support, Esteem Support, Group Interaction",1622396197
noeuse,gzzsu8i,"Information Support, Emotional Support, Esteem Support",1622396057
no8vxu,gzzn9la,"Emotional Support, Esteem Support",1622393261
nnvw3h,gzwqiex,"Information Support, Emotional Support, Esteem Support, Group Interaction",1622321853
nnrnvk,gzw0o37,Information Support,1622308765
nnrnvk,gzx6eop,"Information Support, Tangible Assistance",1622330477
nnrnit,gzxlpaf,"Information Support, Esteem Support",1622339595
nnlv8j,gzwma72,"Emotional Support, Esteem Support, Group Interaction",1622319664
nnlv8j,gzxg95m,Information Support,1622336315
nnlu48,gzvuqe8,"Information Support, Emotional Support, Tangible Assistance",1622305743
nnlu48,h02rllo,"Information Support, Emotional Support",1622464870
nnhnrc,gzunjyd,"Information Support, Emotional Support, Esteem Support",1622274257
nngkqo,gzuojwr,"Information Support, Group Interaction",1622275228
nngkqo,gzvjmh5,Group Interaction,1622299916
nnekgp,gzu4o2o,"Information Support, Emotional Support, Esteem Support",1622259567
nndgc3,gzu11z5,Information Support,1622257413
nnag1r,gztiq9z,"Information Support, Emotional Support, Esteem Support",1622246909
nn4wwk,gzsybcy,Information Support,1622236042
nn0xac,gzrtxdm,"Information Support, Esteem Support",1622217895
nn0xac,gzs8kb0,"Information Support, Esteem Support",1622224179
nn0xac,gzrston,,1622217426
nn0xac,gzsgv64,"Information Support, Esteem Support, Tangible Assistance",1622227832
nn0xac,gzsssh5,Emotional Support,1622233362
nn0wc0,gzshqj1,"Information Support, Emotional Support, Esteem Support",1622228224
nmq3v9,gzqeoz0,"Information Support, Esteem Support",1622185927
nmq3v9,gzq3lcs,Information Support,1622177618
nmq3v9,gzq9fk1,"Information Support, Emotional Support, Esteem Support",1622181710
nmq3v9,gzr8z3m,"Information Support, Emotional Support",1622208600
nmq3v9,gzra3b2,"Information Support, Esteem Support",1622209143
nmq3v9,gzsa45o,"Information Support, Emotional Support, Esteem Support",1622224876
nmq3v9,gzsa8z9,"Information Support, Emotional Support, Esteem Support",1622224937
nmq3v9,gzsqoan,Group Interaction,1622232359
nmnilu,gzpvs0s,"Information Support, Emotional Support, Esteem Support",1622173036
nmlw9w,gzpkcld,"Information Support, Emotional Support, Esteem Support, Tangible Assistance, Group Interaction",1622166819
nmkq7y,gzr2zcp,"Information Support, Esteem Support, Tangible Assistance",1622205467
nmkq7y,gzzotxb,"Information Support, Emotional Support, Esteem Support, Group Interaction",1622394058
nmk42d,gzp25wy,Information Support,1622157335
nmk42d,h024hi9,"Information Support, Group Interaction",1622444435
nmgvs7,gzosff5,"Information Support, Emotional Support, Esteem Support, Tangible Assistance",1622152541
nmgvs7,gzoi8xz,"Emotional Support, Tangible Assistance",1622147955
nmac28,gznix0f,"Information Support, Esteem Support",1622132947
nm9kqw,gzn9d02,Emotional Support,1622128890
nm9kqw,gzoudt4,Esteem Support,1622153456
nm6grh,gzou0f0,"Information Support, Emotional Support, Esteem Support, Group Interaction",1622153279
nm35mv,gzotl1k,"Information Support, Emotional Support",1622153079
nlxt6l,gzoup7e,"Information Support, Emotional Support, Esteem Support",1622153611
nlt39b,gzm5n30,"Emotional Support, Group Interaction",1622104373
nlrn1e,gzkdteq,Information Support,1622065796
nlrn1e,gzkae71,"Information Support, Emotional Support",1622064007
nlrn1e,h026khv,,1622446259
nlrn1e,gzlkkoz,,1622087833
nlrn1e,gzlsbtr,"Information Support, Emotional Support",1622093048
nlraki,gzkh3nu,Information Support,1622067245
nlpgvm,gzjxwwg,"Information Support, Esteem Support",1622058686
nlpgvm,gzk9uu8,"Information Support, Emotional Support",1622063772
nlpgvm,gzm5kox,Information Support,1622104308
nljbbc,gzla3nf,"Information Support, Esteem Support",1622081829
nle6ob,gzi214z,Emotional Support,1622028202
nl8tcf,h030tpd,"Emotional Support, Group Interaction",1622470335
nl4wgk,gzgtapk,,1621995587
nl0vo0,gzxn73s,"Information Support, Emotional Support, Esteem Support",1622340498
nl0vo0,gzh9a2f,"Information Support, Emotional Support, Esteem Support",1622004765
nkzzfu,gzftcjo,"Information Support, Emotional Support, Esteem Support, Group Interaction",1621977723
nkzzfu,gzfzsaj,,1621980748
nkzzfu,gzgiz67,"Emotional Support, Esteem Support, Group Interaction",1621990326
nkzzfu,gzgxhx1,"Emotional Support, Esteem Support, Group Interaction",1621997822
nkzzfu,gzhafst,"Information Support, Emotional Support, Esteem Support, Group Interaction",1622005515
nkuv89,gzex179,"Information Support, Emotional Support, Esteem Support, Group Interaction",1621963640
nkq3by,gzes0dl,Information Support,1621961476
nkl08z,gzdg1fd,"Information Support, Esteem Support",1621934959
nkkxsv,gzdlu0i,"Information Support, Esteem Support, Group Interaction",1621940101
nkjxje,gze6qb5,"Information Support, Esteem Support",1621952162
nkfbxj,gze0lv2,"Information Support, Emotional Support, Esteem Support",1621949237
nkej79,gzcfw6d,"Information Support, Esteem Support",1621908534
nkdgp1,gzcc00o,"Information Support, Group Interaction",1621906503
nk72qb,gzc2xmo,"Information Support, Emotional Support, Esteem Support",1621901826
nk5986,gzbhzob,"Information Support, Emotional Support",1621891280
nk288w,gzaiu04,"Information Support, Esteem Support",1621875776
njw6rq,gz9nvcr,Tangible Assistance,1621861239
njw6rq,gz9wry3,Information Support,1621865863
njnlq6,gz8dewj,"Emotional Support, Esteem Support, Tangible Assistance, Group Interaction",1621824183
njn84a,gz8o1a7,Information Support,1621831051
njl7tp,gz8u7l2,"Information Support, Emotional Support, Esteem Support, Group Interaction",1621836000
njl7tp,gzcm7o6,"Information Support, Group Interaction",1621911949
njl2is,gz7z5t0,"Information Support, Emotional Support, Esteem Support, Group Interaction",1621816208
njf4p7,gz76jg1,"Information Support, Esteem Support",1621801659
njf05f,gz7autn,"Information Support, Emotional Support",1621803704
njf05f,gz7iuu5,"Information Support, Emotional Support",1621807531
njf05f,j99x5tp,"Esteem Support, Group Interaction",1676890860
njdm1g,gz6vgbl,"Information Support, Emotional Support, Esteem Support",1621796369
njaaf3,gz76xah,"Information Support, Esteem Support",1621801840
nj802g,gz6vuzs,Esteem Support,1621796566
nj4rqn,gz5g6l8,"Information Support, Emotional Support, Esteem Support",1621769355
nj4rqn,gz5erlm,"Information Support, Esteem Support, Tangible Assistance",1621768093
nj4rqn,gz5nita,"Information Support, Esteem Support, Group Interaction",1621774781
nj4rqn,gz5v2vk,"Information Support, Esteem Support",1621779147
nj4rqn,gz5yxs9,"Information Support, Emotional Support, Esteem Support, Tangible Assistance",1621781169
nj4rqn,gz61fs5,"Emotional Support, Esteem Support",1621782422
nj4rqn,gz78axx,"Information Support, Emotional Support, Esteem Support",1621802501
nj4rqn,gz6bd6t,"Emotional Support, Esteem Support, Group Interaction",1621787042
nj4rqn,h1d7jxw,,1623385322
nj4rqn,h57mdq9,"Information Support, Esteem Support",1626304346
nj4rqn,ihrzdkl,"Emotional Support, Group Interaction",1658875039
nj0qci,h03571w,Group Interaction,1622472622
nizf83,gz77ih8,"Information Support, Esteem Support",1621802121
nivl0j,gz4pnvs,Information Support,1621745108
nivl0j,gz4l1xm,"Information Support, Emotional Support",1621741756
nij03s,gz21mbr,Emotional Support,1621692431
nij03s,gz2bfbg,"Information Support, Emotional Support, Esteem Support",1621697642
nidhtl,gz1cqw9,Information Support,1621672401
nid0em,gz193yh,"Information Support, Emotional Support, Group Interaction",1621668792
nid0em,gz1kuv4,"Information Support, Emotional Support, Tangible Assistance, Group Interaction",1621680359
nid0em,gz1p0pc,"Information Support, Emotional Support, Esteem Support, Tangible Assistance, Group Interaction",1621684037
nid0em,gz223yj,Emotional Support,1621692696
ni9iag,gz19pg4,Group Interaction,1621669368
ni9iag,gz2zpha,"Information Support, Tangible Assistance",1621709716
ni0om4,gz11syp,Information Support,1621662310
nhz5qr,gyzi1lw,"Emotional Support, Group Interaction",1621630407
nhz5qr,gz15r3l,"Emotional Support, Group Interaction",1621665678
nhutyf,gz0jgpz,"Information Support, Esteem Support",1621650289
nhsee7,gyz2rbf,"Information Support, Esteem Support",1621623135
nhsee7,gz0k7ye,Esteem Support,1621650726
nhl4ke,gyx25p6,"Information Support, Esteem Support",1621580611
nhl4ke,gyxgnf1,Emotional Support,1621593890
nhgr67,gywffy7,"Information Support, Tangible Assistance, Group Interaction",1621564900
nhdz2o,gz17yde,Information Support,1621667685
nhdvls,gywl4x4,,1621568123
nha5lc,gyvk0pa,"Emotional Support, Esteem Support, Group Interaction",1621548605
nha5lc,gyvloof,Group Interaction,1621549409
nha5lc,gyvmg4g,"Emotional Support, Esteem Support",1621549778
nha5lc,gyw5gf8,Esteem Support,1621559567
nh4j95,gyua04a,"Information Support, Esteem Support",1621528860
nh4j95,gyvg2am,"Information Support, Esteem Support",1621546767
ngtwvw,gysx7r9,"Information Support, Emotional Support, Esteem Support, Group Interaction",1621502888
ngsjws,gysmn55,"Information Support, Esteem Support",1621493203
ngrite,gyu7q9d,"Information Support, Emotional Support",1621527902
ngoysk,gyskf47,"Information Support, Tangible Assistance",1621491416
ngka38,gyrec8r,Information Support,1621467979
ngka38,gyrswus,"Information Support, Emotional Support",1621475325
ngka38,gys6cih,Information Support,1621482299
ngka38,gys8onu,"Information Support, Esteem Support, Group Interaction",1621483666
nghx0t,gyrv5ub,"Information Support, Esteem Support",1621476469
nged2x,gyrvppi,"Information Support, Emotional Support, Esteem Support",1621476749
ngafxr,gyq6wzd,"Information Support, Emotional Support, Esteem Support",1621448850
ng8guc,h0mezki,Information Support,1622846049
ng1aej,gyor5ka,"Emotional Support, Group Interaction",1621426674
nfvgyp,gyo0ug8,Information Support,1621405544
nfvgyp,gyo7h1z,Information Support,1621411155
nfuvz8,gyo1jzs,Information Support,1621406091
nfjxiw,gym073c,"Information Support, Emotional Support, Esteem Support",1621368402
nfj4c4,gylz1p1,"Information Support, Emotional Support, Esteem Support, Group Interaction",1621367946
nfj4c4,gyo31oh,"Information Support, Emotional Support, Esteem Support",1621407261
nfiha3,gylqjt7,"Information Support, Group Interaction",1621364493
nfiha3,gymz28s,"Information Support, Group Interaction",1621384295
nffov2,gyl71im,Information Support,1621356619
nffov2,gym0zuy,"Information Support, Emotional Support, Esteem Support",1621368726
nffov2,gym59kj,"Information Support, Emotional Support, Esteem Support, Group Interaction",1621370465
nfewcc,h3c2fhj,"Information Support, Emotional Support, Esteem Support",1624897114
nf3q8h,gyk5ejw,Emotional Support,1621339705
nf3q8h,gykmmb8,"Information Support, Esteem Support",1621348208
nf3q8h,gynp5s6,"Information Support, Tangible Assistance",1621397621
nf0del,gyqfr2q,Information Support,1621452609
nezk6g,gyjjco9,"Information Support, Esteem Support",1621321437
nezhb8,gyj2xz9,"Information Support, Group Interaction",1621309731
neyab6,gyirar0,Esteem Support,1621303467
neyab6,gyisnke,Group Interaction,1621304160
ney8c3,gyjedag,"Information Support, Emotional Support, Esteem Support, Group Interaction",1621317449
netllp,gyit2oa,"Information Support, Group Interaction",1621304378
neqsmo,gyhndc4,"Information Support, Emotional Support, Group Interaction",1621284173
neqk1a,gyhv9iu,"Information Support, Emotional Support, Esteem Support",1621287742
neih6v,gygukuu,"Information Support, Emotional Support, Group Interaction",1621272087
nei94n,gygcc34,"Information Support, Emotional Support",1621264550
nei94n,gygnsu5,"Emotional Support, Tangible Assistance",1621269313
nei94n,gyl9ifu,"Emotional Support, Group Interaction",1621357616
nehpfp,gyg7pa7,Information Support,1621262576
nehpfp,gyj1akr,"Emotional Support, Esteem Support, Tangible Assistance, Group Interaction",1621308778
nehpfp,gyhl87w,"Information Support, Esteem Support, Group Interaction",1621283249
negijg,gygwl09,"Information Support, Emotional Support",1621272897
neflrl,gyh8t8v,"Information Support, Emotional Support, Esteem Support",1621277966
nea6e5,gyffpg2,Emotional Support,1621246171
ne6kgh,gyf8oyw,Emotional Support,1621239911
ne0ztp,gyg2ena,"Information Support, Emotional Support, Esteem Support",1621260232
ne0ztp,h0h4w02,"Information Support, Emotional Support, Esteem Support",1622747914
ne0xo1,gyg0vuy,"Information Support, Emotional Support, Esteem Support, Group Interaction",1621259527
ne0xo1,gyhsran,"Emotional Support, Esteem Support, Group Interaction",1621286573
ne02yv,gydmuip,"Information Support, Esteem Support",1621205784
ne02yv,gye0cg8,Information Support,1621212669
ndz74q,gyhteuu,"Information Support, Emotional Support, Esteem Support, Group Interaction",1621286894
ndz74q,gyg10cj,"Information Support, Emotional Support, Esteem Support",1621259584
ndyqiw,gydjcro,"Information Support, Emotional Support, Esteem Support",1621204049
ndq2df,gyc0rxh,"Information Support, Emotional Support, Esteem Support, Group Interaction",1621179259
ndew40,gyai3le,"Emotional Support, Esteem Support",1621139446
ndew40,gybhay2,"Information Support, Esteem Support",1621168701
nd3dnd,gy96vxw,"Information Support, Esteem Support, Group Interaction",1621112621
nd2yio,gy8fusb,Emotional Support,1621099221
nd2yio,gy8wxp6,"Emotional Support, Esteem Support",1621107536
nd2yio,gy8pcqz,"Information Support, Emotional Support",1621103762
nd2yio,gy8m0g2,"Information Support, Emotional Support, Tangible Assistance",1621102161
ncmchw,gy5z54h,"Information Support, Emotional Support, Esteem Support",1621039672
ncis4b,gy6cxhw,Information Support,1621047751
nci68u,gy5oe74,"Information Support, Emotional Support, Group Interaction",1621033841
nci68u,gy5qf8l,"Information Support, Group Interaction",1621034902
nci68u,gy6rjr7,Group Interaction,1621058059
ncd7df,gy6fwgj,Group Interaction,1621049628
ncb3or,gy427yp,"Information Support, Emotional Support, Esteem Support",1621007573
nc3syo,gy2ufjf,"Information Support, Emotional Support",1620982160
nc3syo,gy41loq,Information Support,1621007311
nc2sgt,gy2t6cq,"Information Support, Esteem Support, Tangible Assistance, Group Interaction",1620980955
nbzkj7,gy2anx1,Information Support,1620966108
nbzkj7,gy47bj0,,1621009750
nbzkj7,gy4n69z,Information Support,1621016564
nbzkj7,gy67v55,Group Interaction,1621044684
nbyaww,gy2lxjs,Emotional Support,1620974514
nbyaww,gy633bj,"Esteem Support, Group Interaction",1621041921
nbu1h1,gy2d6lw,"Information Support, Emotional Support, Esteem Support, Tangible Assistance, Group Interaction",1620967775
nbsq3j,gy186w7,,1620945300
nbsq3j,gy2zrxd,Esteem Support,1620987122
nbsq3j,gy46ivk,,1621009411
nbsq3j,gy2e26r,,1620968397
nbm29f,gy0lgvt,Emotional Support,1620935011
nbm29f,gy0jvqr,Information Support,1620934364
nbl490,gy0eiqo,"Emotional Support, Group Interaction",1620932175
nbl490,gy059ac,"Emotional Support, Esteem Support, Group Interaction",1620928383
nbl490,gy10hha,"Emotional Support, Esteem Support, Group Interaction",1620941515
nbl490,gy08uev,,1620929828
nbf2e5,gxzeyv1,Information Support,1620917257
nbdjyy,gxyplah,"Emotional Support, Esteem Support, Tangible Assistance",1620903388
nbdjyy,gxz9nm4,"Information Support, Emotional Support, Esteem Support, Tangible Assistance",1620914887
nbb9rr,gxyi456,"Information Support, Emotional Support, Esteem Support, Group Interaction",1620896756
nb4xjn,gxyam4i,Group Interaction,1620889676
nb4xjn,gy2tzql,"Emotional Support, Esteem Support",1620981734
nb4129,gxyu5n6,"Emotional Support, Esteem Support, Group Interaction",1620906621
nakrw3,gxuhvpb,"Information Support, Emotional Support, Esteem Support",1620823403
nakrw3,gxvz6vy,Emotional Support,1620846303
najuom,gxu01rd,"Information Support, Emotional Support, Esteem Support, Tangible Assistance",1620809865
nafzmz,gxtlaw8,"Information Support, Emotional Support, Esteem Support",1620797100
nafzmz,gxxrnjq,Emotional Support,1620876018
naeftp,gxu2zib,"Information Support, Emotional Support, Esteem Support, Tangible Assistance",1620812727
naeftp,gxt8suj,"Information Support, Esteem Support",1620789291
nacmg1,gxswrx3,"Information Support, Emotional Support, Esteem Support, Group Interaction",1620783040
naaw0h,gxsowjt,Information Support,1620779047
naaw0h,gxu0qg2,"Information Support, Esteem Support",1620810543
naaw0h,gxu5r8g,"Information Support, Esteem Support",1620815199
na84l2,gxs92fn,"Information Support, Emotional Support, Esteem Support, Group Interaction",1620771374
na7ndr,gxsaf9s,Emotional Support,1620771993
na7m0m,gxsaid9,"Information Support, Esteem Support",1620772033
na7m0m,gxsal7m,,1620772070
na5od9,gxtn9b1,,1620798559
na5od9,gxu6ey6,"Information Support, Esteem Support",1620815748
n9yq32,gxqm7b9,Information Support,1620746844
n9xe80,gxqaj5h,"Information Support, Emotional Support, Esteem Support, Tangible Assistance, Group Interaction",1620741805
n9ow8y,gxpp8gz,"Information Support, Emotional Support, Esteem Support",1620729162
n9l6nu,gxoeywf,,1620695478
n9ixcl,gxopts6,"Information Support, Emotional Support, Esteem Support",1620701197
n9fkt9,gxo14uy,Emotional Support,1620688450
n9fkt9,gxnqwbv,"Information Support, Emotional Support, Esteem Support, Group Interaction",1620683499
n9fkt9,gxob6gr,"Information Support, Emotional Support, Group Interaction",1620693503
n9fkt9,gxocajp,Emotional Support,1620694086
n9dyqo,gxnmkkt,"Information Support, Emotional Support, Esteem Support, Group Interaction",1620681547
n9dvvs,gxt6zi5,"Information Support, Emotional Support, Esteem Support",1620788287
n9caam,gxnlwt9,Information Support,1620681253
n9bu4k,gxni10j,"Information Support, Esteem Support",1620679546
n9bu4k,hflm2rf,Group Interaction,1633525988
n9bu4k,gxoljh2,"Information Support, Esteem Support",1620698886
n93bco,gxmkwt7,"Information Support, Emotional Support, Esteem Support",1620665557
n93bco,gxmufgc,"Information Support, Esteem Support",1620669572
n8zwt5,gxmu0pk,"Information Support, Emotional Support, Esteem Support, Tangible Assistance",1620669400
n8w3mm,gxkp7e5,Information Support,1620621729
n8w3mm,gxmwf2e,"Information Support, Emotional Support, Tangible Assistance",1620670409
n8v7mt,gxmz9k4,"Information Support, Esteem Support",1620671601
n8uoq0,gxmxb3l,"Information Support, Emotional Support, Esteem Support",1620670783
n8tc5i,gxn0k5n,"Information Support, Tangible Assistance",1620672144
n8svvf,gxmylpc,"Information Support, Emotional Support, Esteem Support",1620671322
n8rqx2,gxk398u,"Information Support, Emotional Support, Esteem Support",1620608352
n8rf7k,gxk8l74,Information Support,1620611428
n8rf7k,gxjzo9g,"Information Support, Group Interaction",1620606318
n8qlg4,gxke1cx,Information Support,1620614614
n8ngt4,gxmzk65,"Information Support, Emotional Support, Esteem Support",1620671723
n8mhrb,gxjbxqf,Information Support,1620593712
n8mhrb,gxjdysp,"Information Support, Emotional Support",1620594696
n8mhrb,gxn0tye,Information Support,1620672259
n8av2r,gxhfrud,"Information Support, Emotional Support, Esteem Support",1620555591
n8av2r,gxi5fni,"Information Support, Esteem Support",1620572971
n8av2r,gxjcjjs,"Information Support, Group Interaction",1620594005
n89ben,gxi61ee,"Emotional Support, Esteem Support",1620573278
n89ben,gxj4w5a,Group Interaction,1620590343
n89ben,gxi78a5,Information Support,1620573868
n8354v,gxga0ka,"Emotional Support, Esteem Support",1620524851
n8354v,gxncw8q,Esteem Support,1620677354
n7zcap,gxfyzqb,"Emotional Support, Esteem Support",1620518847
n7zcap,gxh3cjj,"Information Support, Emotional Support, Esteem Support, Group Interaction",1620543782
n7w1pn,gxfh6ku,"Emotional Support, Group Interaction",1620509528
n7vysz,gxjcjst,"Information Support, Emotional Support",1620594009
n7vysz,gxneh0x,"Information Support, Emotional Support",1620678019
n7vdsy,gxgmtow,"Information Support, Tangible Assistance",1620532261
n7snqu,gxeoish,"Information Support, Emotional Support",1620495178
n7snqu,gxfabw3,"Information Support, Emotional Support, Esteem Support",1620506028
n7snqu,gxewkxf,"Emotional Support, Esteem Support, Group Interaction",1620499083
n7smex,gxgnmhd,"Information Support, Group Interaction",1620532723
n7smex,gxekws4,Emotional Support,1620493446
n7smex,gxeffvp,,1620490749
n7kwbd,gxejitb,Group Interaction,1620492768
n732ag,gxctlx5,"Esteem Support, Group Interaction",1620448245
n732ag,gxqpywu,"Information Support, Esteem Support",1620748416
n6t4kg,gx95pbn,Information Support,1620378848
n6so08,gx94zze,,1620378173
n6p0sg,gx8ptls,"Information Support, Esteem Support",1620365090
n6p0sg,gx8xsqb,"Emotional Support, Group Interaction",1620371516
n6owvl,gx97wt9,"Information Support, Emotional Support",1620380907
n6nqgv,gx8ijur,"Information Support, Esteem Support, Group Interaction",1620360107
n6mtvs,gx9zrak,Group Interaction,1620397850
n6mtvs,gxa2586,"Emotional Support, Tangible Assistance, Group Interaction",1620398892
n6iost,gxk14bm,,1620607131
n6gc85,gxnfvwi,"Information Support, Emotional Support, Tangible Assistance",1620678624
n6dkbl,gx6lb1f,"Information Support, Esteem Support",1620327118
n6dkbl,gx9z8df,"Information Support, Emotional Support",1620397616
n6dkbl,h0me9hf,Information Support,1622845695
n6bqls,gx63g5v,"Information Support, Tangible Assistance",1620319736
n68bb4,gx5rntv,Information Support,1620314786
n68bb4,gx5u28t,Group Interaction,1620315803
n68bb4,gx8i2cv,"Emotional Support, Group Interaction",1620359799
n68bb4,gx8kjsz,"Emotional Support, Esteem Support, Group Interaction",1620361388
n68bb4,gxdsykh,Emotional Support,1620478707
n663l2,gx6iepu,"Information Support, Emotional Support, Esteem Support, Group Interaction",1620325896
n5twmp,gx3f9et,"Information Support, Emotional Support, Esteem Support, Group Interaction",1620261268
n5twmp,gx3pxo8,"Information Support, Esteem Support",1620266529
n5tk18,gx36kv7,,1620257066
n5tk18,gx3gb82,"Information Support, Emotional Support, Esteem Support, Tangible Assistance",1620261781
n5lfya,gx1wxel,"Information Support, Tangible Assistance",1620237289
n5lfya,gx1z5di,"Information Support, Emotional Support, Esteem Support, Group Interaction",1620238240
n5c4ri,gx0g7et,Information Support,1620212089
n579qx,gwzp0g2,,1620189398
n54g3g,gwz9tgk,"Information Support, Esteem Support",1620180994
n5116b,gwzirbc,"Information Support, Esteem Support",1620185682
n4xu5u,gwyrzn4,"Information Support, Emotional Support",1620172486
n4xu5u,gwzrwdj,"Information Support, Emotional Support, Group Interaction",1620191301
n4srtz,gwzsnmp,"Emotional Support, Esteem Support, Group Interaction",1620191828
n4s82b,gwzcuuq,"Information Support, Esteem Support, Tangible Assistance",1620182528
n4obrp,gwwo9ct,"Information Support, Esteem Support",1620136759
n4kxtv,gwwgy4a,"Information Support, Emotional Support, Esteem Support, Group Interaction",1620133254
n4jq0e,gwwjh7f,Group Interaction,1620134542
n4jq0e,gwxf1u8,"Information Support, Emotional Support, Esteem Support",1620147713
n4jq0e,gwzkj02,"Emotional Support, Esteem Support, Group Interaction",1620186687
n4jjv8,gwvwyqp,,1620118983
n4ivxt,gx38836,"Information Support, Emotional Support, Esteem Support",1620257856
n4guvg,gwvyufj,"Emotional Support, Esteem Support",1620120720
n4guvg,gww4rxz,"Information Support, Emotional Support, Group Interaction",1620125696
n4ftav,gzld0q1,"Information Support, Esteem Support, Group Interaction",1622083408
n4fmgd,gwvd9fe,"Information Support, Esteem Support, Group Interaction",1620102717
n4c4iy,gwvkbxz,"Information Support, Emotional Support",1620107772
n4c4iy,gwvb2d0,"Information Support, Emotional Support",1620101325
n4c4iy,gwvca8l,"Information Support, Emotional Support, Esteem Support",1620102090
n4c4iy,h0iky2b,"Information Support, Emotional Support, Esteem Support",1622771820
n4c4iy,gww57zg,Emotional Support,1620126038
n4bnpr,gwuni2b,"Information Support, Esteem Support",1620089006
n4bhbg,gwuwv96,"Esteem Support, Group Interaction",1620093556
n48c5q,h0cxg6p,"Information Support, Emotional Support, Esteem Support",1622666553
n47n77,gwtycfq,"Information Support, Emotional Support, Esteem Support, Group Interaction",1620077161
n47k2w,gwtzbl9,"Information Support, Esteem Support, Tangible Assistance",1620077593
n47k2w,gwv7ewy,Information Support,1620099140
n44bei,gwtjwpf,Group Interaction,1620070833
n44bei,gwu2hpb,Information Support,1620079010
n44bei,gwuh9x5,"Information Support, Emotional Support, Esteem Support",1620085996
n44bei,gwukrep,"Information Support, Emotional Support, Esteem Support",1620087670
n44bei,gwup6je,"Information Support, Esteem Support",1620089826
n44bei,gwutabc,"Emotional Support, Group Interaction",1620091821
n43t5r,gwtehof,Esteem Support,1620068501
n43t5r,gwtedkb,,1620068452
n43t5r,gwu23wa,,1620078837
n43t5r,gwu746n,Emotional Support,1620081193
n43t5r,gwudard,"Emotional Support, Esteem Support, Tangible Assistance, Group Interaction",1620084094
n43t5r,gww43mi,"Emotional Support, Esteem Support",1620125177
n42da0,gwt8bsn,"Information Support, Emotional Support",1620065911
n41sgh,gwvagfm,Information Support,1620100950
n3uymw,gws2lbd,"Emotional Support, Esteem Support",1620047867
n3uymw,gwsczj5,Information Support,1620052677
n3uymw,gwt9wsi,Esteem Support,1620066574
n3q7w2,gwrfgrz,"Information Support, Emotional Support",1620032514
n3kamo,gwqr57o,"Information Support, Emotional Support, Esteem Support",1620012604
n3ilqa,gwu5ly3,"Information Support, Emotional Support, Group Interaction",1620080477
n3g2h5,gwqeege,"Information Support, Emotional Support, Group Interaction",1620005332
n3g2h5,gwqqksm,"Emotional Support, Esteem Support, Group Interaction",1620012244
n3esre,gwq7iod,"Information Support, Group Interaction",1620001544
n31nae,gwn5j8f,"Information Support, Emotional Support, Esteem Support, Tangible Assistance",1619950779
n2ygox,gwmwtz1,"Information Support, Emotional Support, Esteem Support",1619942254
n2yecg,gwmfdfn,"Emotional Support, Esteem Support, Group Interaction",1619928137
n2y4xh,gxlbtaa,"Information Support, Emotional Support",1620641679
n2xvlp,gwn7xyu,"Information Support, Emotional Support, Group Interaction",1619952435
n2v8wn,gwlziox,,1619918636
n2uwrf,gwm2zcs,"Information Support, Tangible Assistance",1619920587
n2uwrf,gwm3uyx,"Information Support, Emotional Support",1619921102
n2tj82,gwm1frs,Esteem Support,1619919721
n2t7ez,gwmaax1,"Information Support, Esteem Support",1619924947
n2t7ez,gwltfmr,,1619915252
n2slq9,gwld95m,"Information Support, Esteem Support",1619906756
n2sgpy,gwlhiv8,Group Interaction,1619908768
n2hul1,gwl4gt0,"Emotional Support, Esteem Support, Group Interaction",1619903224
n2efyc,gwjvpqo,Information Support,1619884021
n2efyc,gwj3d7h,"Information Support, Esteem Support",1619868052
n2bjyu,gwj4pep,Information Support,1619869160
n28im2,gwj53bv,"Information Support, Emotional Support, Esteem Support",1619869477
n23pgq,h0mdarn,"Esteem Support, Group Interaction",1622845232
n1u0pq,gwgtu5c,"Information Support, Emotional Support, Group Interaction",1619814659
n1u0pq,gwj4tk2,Information Support,1619869255
n1qjhi,gwj5ies,Information Support,1619869815
n1ph7k,gwj5dbo,Information Support,1619869704
n1o7lj,gweo6o2,"Information Support, Emotional Support, Esteem Support",1619776269
n1o7lj,gwj5r03,"Information Support, Esteem Support",1619870008
n1m4ap,gwg3uwt,"Information Support, Esteem Support, Group Interaction",1619802946
n1i0pd,gwd7dp7,"Emotional Support, Esteem Support",1619742704
n1i0pd,gwdt8ca,,1619753196
n1i0pd,gwe0frf,"Emotional Support, Esteem Support",1619757502
n1i0pd,gwe4vdd,"Emotional Support, Group Interaction",1619760702
n1i0pd,gweeu5q,"Emotional Support, Esteem Support, Group Interaction",1619768918
n1i0pd,gweo41l,"Information Support, Emotional Support, Esteem Support",1619776219
n1i0pd,gweok62,"Emotional Support, Esteem Support, Group Interaction",1619776541
n1h5z2,gwdhfsb,"Information Support, Emotional Support, Esteem Support, Tangible Assistance, Group Interaction",1619747362
n1h5z2,gwe24p8,Information Support,1619758676
n1bfnk,gwc03ji,Information Support,1619723714
n1bfnk,gwc3248,"Esteem Support, Group Interaction",1619724872
n1bfnk,gwcqgiy,"Emotional Support, Esteem Support, Group Interaction",1619734613
n1bfnk,gwcdvnd,"Information Support, Emotional Support, Esteem Support, Group Interaction",1619729200
n14r5a,lwp1i16,"Emotional Support, Esteem Support, Group Interaction",1731382589
n11oo4,gwapv7a,"Information Support, Esteem Support",1619705186
n10ayb,gwas662,,1619706224
n10avh,gwa0fjh,"Information Support, Emotional Support, Esteem Support",1619688950
n10avh,gxl05co,"Information Support, Emotional Support, Esteem Support, Tangible Assistance",1620630529
n10avh,gytth38,"Information Support, Esteem Support",1621521884
n10afs,gwa07pp,"Information Support, Emotional Support, Esteem Support",1619688750
n10afs,gw9y071,Emotional Support,1619686633
n10afs,gw9z2iw,"Information Support, Emotional Support, Esteem Support, Tangible Assistance, Group Interaction",1619687651
n0z2em,gwa54wc,Information Support,1619693102
n0yelm,gwa4307,"Information Support, Emotional Support, Esteem Support, Tangible Assistance",1619692243
n0x3s9,gw9gq4s,,1619672216
n0x3s9,gw9l4ha,Information Support,1619675484
n0wc2y,gw9re2p,"Information Support, Esteem Support",1619680530
n0volw,gw9cyf8,Information Support,1619669706
n0rakj,gw9d77h,"Information Support, Esteem Support",1619669859
n0qnn1,gw8xf94,"Information Support, Emotional Support, Tangible Assistance",1619661286
n0qnn1,gw96nb5,"Information Support, Emotional Support, Esteem Support, Tangible Assistance",1619666006
n0hilb,gw7s130,"Emotional Support, Esteem Support, Group Interaction",1619641980
n0cota,gwarcqp,,1619705867
n0cgh0,gw5qr0l,Information Support,1619608392
n0bxty,j1wzwxi,Information Support,1672188452
n08tc6,gw69ksb,"Information Support, Emotional Support, Esteem Support",1619619091
n06vna,gw5dt8u,"Information Support, Esteem Support",1619596479
n06vna,gw5pkdw,"Information Support, Esteem Support, Group Interaction",1619607454
n03gbw,gw4h6k5,"Information Support, Tangible Assistance",1619574407
n03gbw,gw4njks,"Information Support, Tangible Assistance",1619577710
n03gbw,gw4nlok,Esteem Support,1619577741
n02g9e,gw4mr3x,"Emotional Support, Esteem Support",1619577288
n02g9e,gw4enri,"Information Support, Emotional Support, Esteem Support",1619573151
n02g9e,h1r3dq4,"Information Support, Emotional Support, Esteem Support",1623691685
n01bsr,gw41kkv,"Information Support, Esteem Support, Group Interaction",1619566600
n01bsr,gw41lqu,"Information Support, Emotional Support, Esteem Support",1619566615
n01bsr,gw4l8xl,"Emotional Support, Esteem Support",1619576485
n00mql,gw4ozoc,"Information Support, Emotional Support, Esteem Support, Group Interaction",1619578503
mzz4zw,gw45hou,"Emotional Support, Esteem Support",1619568566
mzmk9s,gw1uf9i,"Information Support, Emotional Support, Esteem Support",1619532027
mzhk13,gw10j5a,"Information Support, Emotional Support, Esteem Support",1619510754
mzhk13,gw277vc,Information Support,1619537621
mzgm4w,gw3wtdy,"Information Support, Emotional Support, Esteem Support",1619564216
mzgm4w,gw0qdqd,"Information Support, Tangible Assistance",1619502067
mzgm4w,gwft607,"Information Support, Emotional Support",1619798426
mzfnyo,gw1pv4f,"Information Support, Tangible Assistance, Group Interaction",1619529801
mzfnyo,gw16okp,"Emotional Support, Group Interaction",1619516577
mzfnyo,gw1j5zg,Esteem Support,1619526103
mzfnyo,gw0qr69,"Emotional Support, Group Interaction",1619502363
mzfnyo,gw1vviu,"Emotional Support, Esteem Support, Group Interaction",1619532706
mzelzk,gw0q0bf,"Information Support, Emotional Support, Esteem Support",1619501777
mzdxzi,gw06v1u,"Information Support, Emotional Support",1619489644
mzdxzi,gw1cx0h,"Information Support, Emotional Support, Esteem Support",1619521917
mzdxzi,gw3uskb,"Information Support, Tangible Assistance",1619563227
mz2y7v,gvzmnpx,"Information Support, Emotional Support, Esteem Support",1619479363
mz0l6f,gvyo74p,,1619463803
myvi9z,gvxy5pz,"Information Support, Esteem Support, Tangible Assistance, Group Interaction",1619452847
myvi9z,gvy9q64,"Information Support, Emotional Support",1619457693
mysh4y,gvx1jjt,"Information Support, Emotional Support",1619435873
myrw4h,gvxi0hr,"Information Support, Esteem Support",1619445699
myrw4h,gvxyo93,"Emotional Support, Tangible Assistance",1619453066
myrw4h,gvwnpfy,Emotional Support,1619422988
myrw4h,gvyzsqe,"Information Support, Emotional Support, Esteem Support, Tangible Assistance",1619468799
myralp,gvwxlzr,"Information Support, Esteem Support",1619432536
myra3k,gw9somo,"Emotional Support, Esteem Support, Group Interaction",1619681669
myqk1a,gvwmfd8,"Emotional Support, Esteem Support",1619421784
myn0hs,gvvygmc,"Information Support, Emotional Support, Esteem Support",1619404588
myi077,gvwml9i,"Information Support, Emotional Support",1619421936
myf1nd,gvwmyh6,Information Support,1619422273
myd8hv,gvuib5p,"Information Support, Emotional Support, Esteem Support",1619377471
my31ir,gvthgr3,"Information Support, Emotional Support, Esteem Support",1619359586
my2uob,gvvodg9,"Information Support, Esteem Support",1619398891
my2c4a,gvt9jdu,"Information Support, Esteem Support, Group Interaction",1619354439
mxye6y,gvstb9c,"Information Support, Esteem Support",1619339907
mxye6y,gvufkwf,,1619376249
mxq16d,gvrx4uo,"Information Support, Emotional Support, Esteem Support",1619316121
mxg6vt,hn9qf76,"Emotional Support, Group Interaction",1638668813
mxf44z,gvs9x0a,"Information Support, Emotional Support, Group Interaction",1619323708
mx4dre,gvm4e59,Emotional Support,1619213623
mx4dre,gvm7a70,"Information Support, Emotional Support",1619215032
mx4dre,gvmano3,"Information Support, Emotional Support, Esteem Support",1619216694
mx4dre,gvmgcka,"Information Support, Emotional Support, Esteem Support",1619219613
mx4dre,gvmdqat,"Information Support, Esteem Support, Tangible Assistance",1619218261
mx40b4,gvlyste,"Information Support, Emotional Support, Esteem Support, Group Interaction",1619210992
mwzg3b,gvnv4s4,"Information Support, Group Interaction",1619254094
mwy7ac,gvkv7jr,Emotional Support,1619193477
mwv8d1,gvkgqua,"Emotional Support, Esteem Support",1619187153
mwptt4,gvk88cj,"Information Support, Emotional Support",1619182887
mwbuhd,gvhvqrz,"Emotional Support, Esteem Support",1619128556
mwbuhd,gvhvrrm,"Emotional Support, Esteem Support",1619128569
mwb0yj,gvh13oc,Information Support,1619115380
mwb0yj,gvjzzl1,"Information Support, Emotional Support, Esteem Support",1619177764
mw702d,gvghe1x,Esteem Support,1619107220
mw702d,gvgxlk7,Esteem Support,1619113931
mw0u8f,gvfc1jx,,1619083203
mw0u8f,gvft6iu,Information Support,1619096200
mw0u8f,gvfvqao,Information Support,1619097567
mvymu1,gvghs92,"Information Support, Emotional Support, Tangible Assistance",1619107387
mvycg6,gvgff97,"Information Support, Esteem Support, Tangible Assistance",1619106400
mvv5nc,gvgje9y,Information Support,1619108067
mvswh7,gve6vai,"Information Support, Emotional Support, Esteem Support",1619054089
mvsdd8,gve7c7q,"Information Support, Esteem Support",1619054322
mvsdd8,gvfgio1,"Information Support, Emotional Support, Esteem Support",1619087466
mvsdd8,ijlpsl5,"Information Support, Esteem Support, Group Interaction",1660064728
mvo4c8,gvd7s9w,"Information Support, Emotional Support",1619037387
mvo4c8,gvdgl2q,"Information Support, Emotional Support, Esteem Support",1619041223
mvo4c8,gvddt5v,"Information Support, Emotional Support, Esteem Support",1619039978
mvo4c8,gvedo1f,"Information Support, Emotional Support, Esteem Support",1619057560
mvo4c8,gvfb7yt,Information Support,1619082391
mvo4c8,llso2mc,Emotional Support,1725631219
mvl885,gvcq42e,"Information Support, Emotional Support, Esteem Support, Group Interaction",1619029831
mvl885,gvcsbc9,"Information Support, Emotional Support, Esteem Support, Tangible Assistance",1619030761
mvdenn,gvc9fap,"Emotional Support, Esteem Support",1619022821
mvb10v,gxldysp,"Information Support, Emotional Support, Esteem Support, Group Interaction",1620643570
mva94b,gvaw981,Emotional Support,1618993241
mva94b,gvbif9q,Emotional Support,1619010553
mva94b,gz4s7xl,"Information Support, Emotional Support",1621747074
mva6y1,gvaufhp,"Tangible Assistance, Group Interaction",1618991450
mva6y1,gvb7rxw,"Information Support, Esteem Support",1619003752
mva6y1,gvb806y,Emotional Support,1619003932
mv8e26,gvd8yh7,Information Support,1619037879
mv57ub,gv9xbzk,"Emotional Support, Esteem Support, Group Interaction",1618968858
mv57ub,gv9z1za,"Information Support, Emotional Support, Tangible Assistance",1618969746
mv57ub,gva3fnx,"Information Support, Tangible Assistance",1618972088
mv57ub,gva3zl3,"Information Support, Tangible Assistance, Group Interaction",1618972394
muzdav,gv8xc8q,"Information Support, Esteem Support",1618951849
muzcs6,gv95230,"Emotional Support, Esteem Support",1618955091
muzcs6,gva2tet,"Emotional Support, Esteem Support, Tangible Assistance",1618971748
muzcs6,gvajaoi,"Information Support, Esteem Support, Group Interaction",1618981982
muxphm,gva7zdq,Information Support,1618974617
muxphm,gv8s85d,Information Support,1618949725
muu50h,gv8swcn,"Information Support, Emotional Support, Esteem Support",1618950007
muu50h,gvrdtfw,"Information Support, Esteem Support",1619305541
mutrrk,gv7wyb2,"Information Support, Group Interaction",1618936832
muro8w,gv7hcq7,Emotional Support,1618930296
muro8w,gv7l47r,"Information Support, Emotional Support, Esteem Support",1618931893
mult0w,gv6ydx2,Group Interaction,1618920731
mult0w,gv6z9jv,"Emotional Support, Esteem Support",1618921279
mul2gc,gv70mgi,Emotional Support,1618922104
mui2od,gv6a9mx,"Emotional Support, Esteem Support",1618899567
mui2od,gv6ph2c,"Emotional Support, Esteem Support",1618913951
mui2od,gv6zeo5,"Esteem Support, Group Interaction",1618921368
mufvlq,gvegx9z,"Information Support, Emotional Support, Esteem Support",1619059313
muewjm,gv5q2vg,"Information Support, Esteem Support",1618886115
muewjm,gv5thr5,"Information Support, Esteem Support",1618888000
muelaf,gv5hylh,"Information Support, Emotional Support, Esteem Support",1618881906
mucuen,gv5cbf6,"Information Support, Group Interaction",1618878990
mucuen,gvavtdo,"Information Support, Esteem Support",1618992805
mub1pm,gv584fo,"Emotional Support, Group Interaction",1618876855
mu2u4y,gv51ym0,"Information Support, Emotional Support, Esteem Support",1618873750
mu2u4y,gv5avo1,"Information Support, Emotional Support, Esteem Support, Tangible Assistance",1618878255
mu2u4y,gv3amdw,"Information Support, Emotional Support, Tangible Assistance",1618846134
mu184f,gv35fc7,Information Support,1618843880
mu12o6,gvehtia,Information Support,1619059808
mu12o6,gv3anl2,Information Support,1618846148
mtx29d,gv3gt3e,"Information Support, Emotional Support, Esteem Support",1618848743
mtufjm,gveim0u,"Information Support, Emotional Support, Esteem Support, Tangible Assistance",1619060244
mttgg4,gv230fh,"Information Support, Emotional Support, Esteem Support",1618817711
mttgg4,gv578su,"Information Support, Emotional Support, Esteem Support, Tangible Assistance",1618876405
mttgg4,gv5d96y,"Information Support, Emotional Support, Esteem Support",1618879466
mtspi4,gvei5ob,"Information Support, Emotional Support",1619059991
mtsbpb,gv3grg6,Information Support,1618848723
mtrhjq,gv1t5vi,Information Support,1618809566
mtqmzr,gv1bvvc,Information Support,1618798350
mtqmzr,gv1kv32,"Information Support, Emotional Support, Esteem Support",1618803795
mtqf49,gv22iku,"Information Support, Emotional Support",1618817268
mtqf49,gv24xzb,"Emotional Support, Group Interaction",1618819460
mtpfxj,gv12mux,Emotional Support,1618793193
mtpfxj,gv1hssx,Emotional Support,1618801873
mtngzn,gv0wpdy,"Information Support, Esteem Support",1618790004
mtngzn,gv13wae,"Information Support, Emotional Support, Esteem Support",1618793873
mtexuh,guzflzq,Information Support,1618764092
mtexuh,gv0zoow,"Information Support, Emotional Support, Esteem Support",1618791610
mt9ksp,guylo1f,"Information Support, Emotional Support, Tangible Assistance, Group Interaction",1618747509
mt9ksp,guzi9nr,"Information Support, Emotional Support, Esteem Support",1618765362
mt522k,guxqefu,"Information Support, Esteem Support",1618719699
mt522k,guxnxro,Esteem Support,1618718077
mt522k,guzk8ze,"Information Support, Emotional Support, Esteem Support",1618766320
mt4yk9,guxl5cr,Information Support,1618716282
mszfhs,guygeei,"Information Support, Emotional Support, Esteem Support",1618742912
msxdhr,guw89wv,Emotional Support,1618690323
msxdhr,guwmayn,"Emotional Support, Esteem Support, Group Interaction",1618696622
msxdhr,guziqtp,"Emotional Support, Esteem Support",1618765589
msx41r,guyh8a0,"Information Support, Esteem Support",1618743699
msvaix,guwmgai,"Emotional Support, Esteem Support",1618696702
msudc1,guyfx3a,Information Support,1618742444
msrpyy,guyhods,"Information Support, Esteem Support",1618744120
msp8qo,guu4w1p,Information Support,1618659959
msp8qo,guusksd,"Information Support, Emotional Support, Esteem Support, Tangible Assistance",1618670118
msn7zs,guyieau,"Information Support, Emotional Support, Esteem Support, Group Interaction",1618744778
mslb6u,guyjieu,"Information Support, Emotional Support, Esteem Support",1618745735
msij0p,gut5cr4,Information Support,1618635735
msii4i,gusv46o,"Information Support, Emotional Support, Esteem Support",1618629091
msdee6,gusc7xi,"Information Support, Group Interaction",1618618582
msdee6,gurvhwo,Information Support,1618609865
msbr03,gurobkg,Information Support,1618606423
msb3m4,gurlxuw,Information Support,1618605356
msb3m4,gushxy6,"Information Support, Emotional Support, Esteem Support",1618621690
ms9f04,guupvir,"Information Support, Esteem Support",1618669201
ms9f04,guvxjxr,"Information Support, Esteem Support",1618686230
ms4wda,guykf8r,"Information Support, Emotional Support, Esteem Support",1618746492
ms2ur5,guyjyz1,"Information Support, Emotional Support, Esteem Support",1618746120
ms16kh,gupnonx,Information Support,1618572528
mryi5w,gupj10m,"Information Support, Emotional Support, Esteem Support, Tangible Assistance, Group Interaction",1618568937
mrv1zx,gupadkj,"Information Support, Emotional Support, Esteem Support",1618560774
mrubpi,guop5vp,"Information Support, Emotional Support",1618544281
mrubpi,guozb47,Information Support,1618551174
mrubpi,gupcdr8,Information Support,1618562696
mrubpi,gur3nat,"Information Support, Emotional Support",1618597104
mrrpy4,guojwlb,,1618541273
mrrpy4,gupa89p,"Information Support, Esteem Support",1618560637
mroadc,gungp5u,"Information Support, Emotional Support",1618521393
mroadc,gunsfpe,Emotional Support,1618526971
mrfglm,gumxhvq,"Information Support, Tangible Assistance, Group Interaction",1618513065
mrfglm,gun91uv,"Information Support, Esteem Support",1618518047
mr1fwz,gukiq3x,Information Support,1618459317
mqs5mo,gupfl9t,Tangible Assistance,1618565836
mqs5mo,gukz3cs,"Information Support, Emotional Support, Esteem Support, Tangible Assistance",1618472505
mqlkce,gugvqrl,"Information Support, Emotional Support, Esteem Support, Group Interaction",1618391309
mqlkce,guhn2ov,"Esteem Support, Group Interaction",1618409849
mqkrqn,gugxy7z,"Information Support, Emotional Support, Esteem Support, Group Interaction",1618393499
mnm54f,gtycgyo,Esteem Support,1617989683
mnm54f,gtye78p,"Information Support, Emotional Support, Esteem Support, Group Interaction",1617990443
mnm54f,gtywtoi,"Information Support, Group Interaction",1617998887
mnm54f,guphij9,Tangible Assistance,1618567628
mnhsl2,gtxyqir,"Information Support, Esteem Support",1617983712
mnhsl2,gtyr2vb,"Information Support, Emotional Support, Esteem Support",1617996235
mnajlf,gtwgelz,"Emotional Support, Esteem Support, Tangible Assistance, Group Interaction",1617947526
mn9a9c,gtxim3q,"Information Support, Esteem Support",1617976455
mn9a9c,gtzb753,,1618005845
mn8i25,gtw63iy,Emotional Support,1617940302
mn8bjj,gtwpcz0,Information Support,1617955383
mn82eh,gtw0u5o,"Information Support, Group Interaction",1617937161
mmxmof,gtxuiw1,"Information Support, Esteem Support, Group Interaction",1617981881
mmxmof,gtv6s1e,Group Interaction,1617921525
mmxmof,guphst3,Tangible Assistance,1618567882
mmu8op,gtuc1bu,"Emotional Support, Esteem Support",1617907905
mmj6er,gtrs913,"Information Support, Esteem Support",1617854289
mmj6er,gtu2605,"Esteem Support, Group Interaction",1617903661
mmj6er,gzldkwe,"Information Support, Esteem Support, Group Interaction",1622083723
mmhr07,gttgd1v,"Information Support, Esteem Support",1617894448
mmg1eb,gtr6zh8,Esteem Support,1617842995
mmg1eb,gtroli1,"Emotional Support, Esteem Support, Group Interaction",1617852129
mmbo78,gtqepqf,"Emotional Support, Esteem Support",1617829077
mmaxng,gtqabuw,"Information Support, Emotional Support",1617827148
mmaxng,gtqh4ee,"Information Support, Esteem Support",1617830155
mma7yu,gtqeyru,"Emotional Support, Esteem Support, Group Interaction",1617829188
mma7yu,gtrwr2f,"Emotional Support, Group Interaction",1617857230
mma7yu,gx0cx5b,"Emotional Support, Esteem Support, Tangible Assistance",1620209242
mm13fu,gttgw8t,Information Support,1617894680
mlvxdc,gto0wk5,"Information Support, Emotional Support",1617784209
mlvxdc,gto0xh0,"Information Support, Emotional Support, Esteem Support",1617784234
mlvxdc,gtppmhg,Information Support,1617818287
mlvnf6,gtphnf1,Esteem Support,1617814859
mlvnf6,gtnrpg4,Group Interaction,1617775677
mlr4t0,gtnb2pv,"Information Support, Tangible Assistance",1617764225
mlhc5x,gtnhlrk,"Information Support, Emotional Support, Esteem Support, Tangible Assistance",1617768171
mlhc5x,gyfud7i,"Information Support, Emotional Support, Esteem Support, Group Interaction",1621256216
ml7gy7,gtjx5yd,"Information Support, Emotional Support, Esteem Support, Group Interaction",1617703293
ml796g,gtkjzw0,"Emotional Support, Esteem Support, Group Interaction",1617717926
ml4l2y,gtjxpdb,"Information Support, Emotional Support, Esteem Support",1617703792
ml2v2x,gtjcpu8,"Information Support, Esteem Support, Tangible Assistance, Group Interaction",1617684384
ml13dl,gtj7pqq,"Information Support, Esteem Support, Group Interaction",1617681069
ml13dl,gtj8t77,"Information Support, Esteem Support, Group Interaction",1617681746
ml0kma,gtj7b20,"Emotional Support, Esteem Support",1617680825
ml088g,gtit3zp,Information Support,1617673100
mkwntm,gti9mnl,Information Support,1617663132
mkwntm,gtiel8n,Information Support,1617665658
mkwntm,gtin0ls,"Information Support, Esteem Support",1617669978
mkw5zt,gti93ok,"Information Support, Esteem Support, Tangible Assistance",1617662869
mkw5zt,gtik2q3,"Emotional Support, Tangible Assistance",1617668491
mkw5zt,gtim4bl,"Information Support, Emotional Support, Esteem Support, Tangible Assistance, Group Interaction",1617669510
mkvgjq,gtistma,"Emotional Support, Esteem Support, Group Interaction",1617672950
mkveg7,gtj3pt8,"Information Support, Emotional Support, Group Interaction",1617678744
mkvcbc,gti53xt,"Information Support, Emotional Support, Esteem Support, Group Interaction",1617660858
mku287,gths6dj,Information Support,1617654734
mku287,gthtcml,Information Support,1617655278
mknyij,gthhqev,Emotional Support,1617649973
mknyij,gthx12l,Emotional Support,1617656967
mknyij,gthi379,"Emotional Support, Esteem Support, Group Interaction",1617650137
mkhh9m,gtg966k,Esteem Support,1617629133
mkg6zw,gtg9lu0,,1617629368
mkg6zw,gtgrsps,"Emotional Support, Esteem Support, Group Interaction",1617638212
mkdorf,gtfcbh6,,1617602089
mkaix0,gtf12ro,"Emotional Support, Esteem Support, Tangible Assistance, Group Interaction",1617593858
mkafvl,gteztbu,"Emotional Support, Esteem Support, Group Interaction",1617593052
mkafvl,gtgfm61,"Esteem Support, Group Interaction",1617632517
mk8gxb,gths69e,"Emotional Support, Tangible Assistance, Group Interaction",1617654733
mk5cdd,gtexjvg,,1617591645
mk2n1w,gtdv2cu,Information Support,1617570105
mjzqz8,gtd5tga,"Information Support, Emotional Support, Esteem Support",1617557010
mjzqz8,gte0cd2,Information Support,1617572901
mjzqz8,gte4w12,Information Support,1617575320
mjzqz8,gtejus7,"Information Support, Esteem Support",1617583719
mjwesb,gtdf27f,Information Support,1617561754
mjv6uf,gtd0k5y,"Information Support, Group Interaction",1617554333
mjq257,gtdi4tl,"Information Support, Emotional Support",1617563352
mjq257,gtfg1ry,"Esteem Support, Group Interaction",1617605365
mjq257,gtbmse6,"Information Support, Emotional Support, Esteem Support",1617516434
mjq257,gtc4x1m,"Emotional Support, Esteem Support",1617534404
mjpnag,gtbp18w,"Information Support, Emotional Support",1617518493
mjo55u,gtbi6br,"Information Support, Emotional Support, Esteem Support, Group Interaction",1617512543
mjmrm0,gtb2zkz,"Information Support, Esteem Support",1617502386
mjmrm0,gtb82qy,"Information Support, Emotional Support, Esteem Support, Tangible Assistance",1617505513
mjdf47,gxlicl5,"Information Support, Esteem Support, Group Interaction",1620646931
mjde8e,gt9wt9o,"Emotional Support, Group Interaction",1617478321
mj80gq,gt8pj0t,Emotional Support,1617455038
mj80gq,gt8q8b7,"Information Support, Esteem Support, Group Interaction",1617455512
mj80gq,gt8r8sz,Group Interaction,1617456187
mj80gq,gt8ytdq,Emotional Support,1617460763
mj80gq,gta4ae3,"Information Support, Emotional Support, Esteem Support",1617482201
mj80gq,gtabcec,"Emotional Support, Group Interaction",1617486048
mj7zer,gt8p79t,"Information Support, Emotional Support, Esteem Support",1617454820
mj0mjl,gt7tzxg,"Information Support, Emotional Support, Esteem Support",1617425808
mj0mjl,gt8rces,"Information Support, Emotional Support, Esteem Support, Group Interaction",1617456252
mj0dta,h4c3pzk,"Information Support, Emotional Support, Esteem Support",1625649118
mizns3,gt82g5m,"Information Support, Esteem Support",1617433100
mizns3,i2y6oxc,Information Support,1648791450
mixmay,gt76cso,"Emotional Support, Esteem Support, Tangible Assistance",1617410895
mitxhw,gt7dltz,"Information Support, Esteem Support",1617415159
mitxhw,gt7lhvc,Information Support,1617419956
mitxhw,gt6nkjl,Information Support,1617400378
mitxhw,gt7dh7f,Esteem Support,1617415083
mink45,gt5t57y,"Information Support, Esteem Support",1617384959
mink45,gt6fbr4,"Information Support, Emotional Support, Esteem Support",1617396076
mih04n,gt4oh90,"Information Support, Emotional Support, Esteem Support, Tangible Assistance",1617361356
mih04n,gt4t3vp,"Information Support, Emotional Support",1617365272
mih04n,gt4rpjg,"Information Support, Tangible Assistance",1617364178
mih04n,gt4vfhr,"Information Support, Tangible Assistance",1617366974
mih04n,gt5p6jc,"Information Support, Esteem Support",1617383001
mifi47,gt65emj,"Information Support, Emotional Support, Esteem Support, Group Interaction",1617391101
mifi47,gt68ppm,"Information Support, Emotional Support, Esteem Support, Tangible Assistance, Group Interaction",1617392737
mid61z,gt5n5ut,"Emotional Support, Esteem Support, Group Interaction",1617382017
mi9jnm,gt48ml6,Information Support,1617344887
mi9jnm,gt6a74t,Information Support,1617393483
mi7fsv,gt3csx7,"Information Support, Group Interaction",1617323638
mi7fsv,gt3x59k,"Information Support, Esteem Support",1617335905
mi7fsv,gt368ug,"Emotional Support, Esteem Support, Group Interaction",1617319976
mi7fsv,gtau6y9,"Information Support, Esteem Support, Tangible Assistance",1617497046
mi7fsv,gt68ogx,"Information Support, Group Interaction",1617392719
mi5yo0,gt4d77j,Information Support,1617349412
mi45kn,gt6bqt9,"Information Support, Emotional Support, Esteem Support",1617394268
mhzl1r,gt1y4g4,"Information Support, Emotional Support",1617298769
mhyz7g,gt1zfcx,"Esteem Support, Group Interaction",1617299319
mhvdds,gt1vybc,Information Support,1617297860
mhvdds,gt2cwyx,"Information Support, Emotional Support, Group Interaction",1617305594
mhsfc3,gt0rdi0,"Information Support, Esteem Support",1617276965
mhsfc3,gt10120,"Information Support, Emotional Support, Esteem Support",1617282748
mhsfc3,gt110c8,"Information Support, Emotional Support, Esteem Support",1617283308
mhoijt,gt08x92,"Information Support, Emotional Support, Esteem Support, Tangible Assistance, Group Interaction",1617262528
mhoijt,gt0e27b,"Information Support, Esteem Support, Tangible Assistance",1617267207
mhm5en,gt02tgt,"Information Support, Esteem Support",1617256951
mhm5en,gt072ho,Information Support,1617260743
mhjd1a,gszuh6w,"Information Support, Emotional Support, Esteem Support, Group Interaction",1617250670
mhiqya,gtc3vro,Information Support,1617533402
mhhy3i,gszm4di,Emotional Support,1617245582
mheqhu,gsyzcul,"Information Support, Emotional Support, Esteem Support, Group Interaction",1617233403
mgz3k4,gswh7ox,"Information Support, Emotional Support, Esteem Support, Group Interaction",1617187559
mgxore,gswi74a,"Information Support, Emotional Support, Esteem Support",1617188443
mgxore,guiryb0,Information Support,1618427780
mgsmdu,gsvec3s,"Information Support, Emotional Support, Esteem Support, Tangible Assistance",1617157026
mgsmdu,gsuy9gy,"Emotional Support, Esteem Support, Group Interaction",1617148296
mgsmdu,h83t0ck,"Emotional Support, Esteem Support",1628375465
mgse5q,gsv42h3,"Esteem Support, Group Interaction",1617151420
mgse5q,gsv6p2g,"Emotional Support, Group Interaction",1617152865
mgse5q,gsvd4ji,Information Support,1617156350
mgse5q,gsvhtx9,Information Support,1617159020
mgse5q,gsvm4ii,Information Support,1617161601
mgse5q,gsvs8rr,Information Support,1617165658
mgse5q,gsw1wb1,"Information Support, Group Interaction",1617172896
mgr4uj,gsv4h92,"Emotional Support, Esteem Support",1617151644
mgjyay,gsv0eez,"Information Support, Emotional Support, Esteem Support",1617149438
mgiwpy,gst91sx,"Information Support, Emotional Support",1617119567
mgisgj,gst7ifv,Emotional Support,1617118889
mg9wem,gssay5h,"Emotional Support, Esteem Support, Group Interaction",1617099903
mg9wem,gt015la,"Information Support, Esteem Support",1617255591
mg5rvh,gsrhkbe,Information Support,1617074364
mg5rvh,gsrjvxe,"Emotional Support, Group Interaction",1617075783
mg5rvh,gssqz30,Information Support,1617111014
mg5ehx,gsssdj5,"Information Support, Emotional Support, Esteem Support, Tangible Assistance",1617111745
mg4v05,h1r2b6c,"Emotional Support, Group Interaction",1623691210
mfr8cr,gss6hcj,"Information Support, Emotional Support, Esteem Support, Tangible Assistance",1617095333
mfoc2n,gsp9l5r,"Esteem Support, Group Interaction",1617034771
mfkwe0,gsoioux,"Information Support, Emotional Support, Esteem Support, Tangible Assistance, Group Interaction",1617021254
mfkwe0,gsoez9v,"Information Support, Esteem Support",1617018789
mfkwe0,gss6z3c,"Information Support, Esteem Support",1617095859
mfkwe0,gsxaqy3,"Information Support, Emotional Support, Esteem Support",1617204933
mfj1f5,gsomc3m,"Information Support, Emotional Support, Esteem Support, Group Interaction",1617023394
mfiat9,gsnt4dv,"Emotional Support, Group Interaction",1616998853
mfiat9,gss777q,"Emotional Support, Esteem Support",1617096102
mfg261,gsoef2b,"Emotional Support, Esteem Support",1617018387
mfc61y,gsmrhxr,"Emotional Support, Esteem Support",1616974580
mfc61y,gsnlzrd,"Information Support, Emotional Support, Esteem Support, Tangible Assistance",1616993162
mfc61y,gsqlvlo,"Emotional Support, Esteem Support",1617057164
mfbd6i,gsmqnxw,"Information Support, Esteem Support",1616974108
mf9p3o,gsmoag4,Information Support,1616972784
mf7b3o,gsmn6n6,"Information Support, Emotional Support, Group Interaction",1616972185
mf7b3o,gslyku2,"Information Support, Esteem Support",1616959513
mf699v,gsm2jah,"Information Support, Esteem Support",1616961487
mf5qcx,gslunrp,"Esteem Support, Group Interaction",1616957583
mf40s4,gslcib5,"Information Support, Emotional Support, Esteem Support, Group Interaction",1616949112
mf40s4,gslzvsi,"Emotional Support, Esteem Support, Group Interaction",1616960160
mf2jde,gsntefe,"Information Support, Esteem Support",1616999097
mf1ddu,gsl75c2,"Information Support, Emotional Support, Esteem Support",1616946617
mf1ddu,gsmhvng,Information Support,1616969342
mf01bs,gslwa7q,"Information Support, Esteem Support",1616958373
meta6d,gsjyojv,"Esteem Support, Group Interaction",1616908821
meta6d,gsmanya,"Information Support, Esteem Support",1616965598
men4gi,gsmxyee,"Information Support, Emotional Support, Esteem Support",1616978248
m73hoy,gra68ec,"Information Support, Emotional Support",1616015903
m73hoy,graqnbr,"Information Support, Emotional Support, Esteem Support, Group Interaction",1616026138
m6w7wu,gr7yba2,"Information Support, Emotional Support, Esteem Support, Tangible Assistance, Group Interaction",1615973659
m6w7wu,gr7wvfi,,1615972108
m6w7wu,gr8j6h5,"Emotional Support, Esteem Support",1615989119
m6w7wu,gr8wjvj,"Information Support, Emotional Support, Esteem Support",1615995555
m6w7wu,gra5q3c,"Information Support, Emotional Support, Group Interaction",1616015665
m6w7wu,graj1zv,"Emotional Support, Group Interaction",1616022176
m6uens,gr7r7y4,"Information Support, Emotional Support, Group Interaction",1615966235
m6ucw2,gr82kve,"Information Support, Emotional Support, Esteem Support",1615977949
m6tkyq,gr8i5sd,Emotional Support,1615988594
m6s7tj,gr7jw95,Information Support,1615959673
m6rmia,gr7c8oc,,1615954108
m6qtpj,gr79j72,"Information Support, Esteem Support",1615952406
m6ow7y,gr779rm,"Emotional Support, Esteem Support, Group Interaction",1615951045
m6ow7y,gr7cz0z,"Information Support, Emotional Support, Esteem Support, Group Interaction",1615954587
m6ez35,if9spik,"Information Support, Esteem Support",1657235351
m6ez35,if9svj9,"Information Support, Tangible Assistance",1657235423
m6ez35,if9tyyk,"Information Support, Emotional Support",1657235892
m6b8bb,gr4teyx,"Information Support, Emotional Support",1615909600
m69inr,gr5a8bt,"Information Support, Esteem Support",1615917001
m6819g,gr8bvy5,,1615985018
m67fcp,gr4616x,"Information Support, Emotional Support, Esteem Support",1615897877
m67fcp,gr4ze1u,"Information Support, Emotional Support, Esteem Support, Tangible Assistance, Group Interaction",1615912247
m67fcp,gr59ero,"Emotional Support, Tangible Assistance, Group Interaction",1615916638
m65udc,gr48j4v,"Information Support, Esteem Support",1615899395
m65udc,gr5n6xk,Esteem Support,1615922809
m65udc,grakrum,Information Support,1616023058
m63nej,gr3nzse,"Information Support, Emotional Support",1615881448
m63nej,gr3s8gc,"Information Support, Esteem Support, Group Interaction",1615885961
m5zawp,grdr2k7,"Emotional Support, Group Interaction",1616086205
m5z5ts,gr303pt,"Information Support, Emotional Support, Esteem Support",1615862997
m5z5ts,gr3dcub,"Information Support, Emotional Support, Esteem Support",1615871533
m5z5ts,gr3l6xa,"Information Support, Emotional Support, Esteem Support, Group Interaction",1615878634
m5yrsa,gr60ifw,,1615928929
m5yrsa,gr5g208,"Information Support, Esteem Support",1615919592
m5wcwt,gr2k887,Tangible Assistance,1615854533
m5wcwt,gr3eduw,"Emotional Support, Esteem Support, Tangible Assistance, Group Interaction",1615872356
m5uqsi,gr4rt8g,Information Support,1615908877
m5syyj,gr1vzh0,"Information Support, Esteem Support",1615839891
m5qzg3,gr1vah7,"Information Support, Emotional Support, Esteem Support",1615839583
m57ktc,gqymc7z,"Information Support, Emotional Support",1615766852
m57ktc,gqzhv4b,,1615787091
m577si,gqykzqb,"Emotional Support, Esteem Support, Tangible Assistance",1615766093
m55zqs,gqykgtn,"Information Support, Emotional Support, Esteem Support, Tangible Assistance",1615765798
m54bnp,gqyaa4s,"Information Support, Emotional Support, Esteem Support",1615760326
m4t4pu,gqymp32,"Information Support, Emotional Support, Esteem Support, Group Interaction",1615767053
m4t4pu,gqz9i2x,"Information Support, Emotional Support, Group Interaction",1615780656
m4lub5,gqv9srf,Esteem Support,1615694900
m4juri,gwuygfz,,1620094368
m4306j,gqsckqx,"Emotional Support, Esteem Support",1615630734
m4306j,gqu89pu,Information Support,1615672630
m3xfc3,gqt4xhi,"Information Support, Esteem Support",1615651734
m3vnea,gqroowc,"Information Support, Emotional Support, Esteem Support",1615609297
m3vnea,gqroqg9,,1615609325
m3vnea,gsly6dk,Information Support,1616959316
m3u6fd,gqroqiy,,1615609326
m3th4p,gqt9dlp,"Information Support, Esteem Support, Tangible Assistance",1615654095
m2ufzh,gql9r64,"Information Support, Esteem Support",1615481803
m2qjh0,gqmmdx6,"Information Support, Esteem Support, Group Interaction",1615503306
m2ohds,gqkv3q3,"Information Support, Esteem Support",1615475242
m2ohds,gqkbgjf,,1615463744
m2ohds,gql39r0,"Emotional Support, Esteem Support",1615478946
m2ohds,gql5n30,"Emotional Support, Esteem Support",1615480006
m2ohds,gqmvqj4,"Esteem Support, Group Interaction",1615508132
m2ohds,gqptg66,"Emotional Support, Esteem Support, Group Interaction",1615573647
m2imyy,gqk5jcj,"Information Support, Emotional Support, Esteem Support, Tangible Assistance",1615459618
m2imyy,gqkbnbi,"Emotional Support, Group Interaction",1615463895
m2ihz4,gqk2i5j,"Emotional Support, Esteem Support",1615457450
m2ihz4,gqnv3uv,"Emotional Support, Esteem Support",1615528208
m2i7qe,gqkfcag,,1615466639
m2i7qe,gqjl2nb,"Emotional Support, Group Interaction",1615445070
m2i7qe,gqm3m7s,Emotional Support,1615494729
m2i7qe,gqkl1qo,Group Interaction,1615470200
m2hutg,gqjaicr,Group Interaction,1615438852
m2hutg,hkeeyeh,Emotional Support,1636763330
m2ha3d,gqjqsbr,"Information Support, Emotional Support, Esteem Support, Tangible Assistance",1615448821
m2ghag,gqj81vl,"Information Support, Emotional Support, Esteem Support",1615437225
m2ghag,gqj9dlj,Information Support,1615438067
m2df63,gqiyh2d,"Information Support, Emotional Support, Esteem Support",1615431543
m201w0,gqgfjjo,"Information Support, Emotional Support, Esteem Support",1615391135
m201w0,gqgvmwq,"Information Support, Esteem Support",1615397428
m201w0,gqha1ao,"Information Support, Emotional Support, Esteem Support",1615402717
m201w0,gqi8e3l,"Information Support, Emotional Support, Esteem Support, Group Interaction",1615417866
m201w0,gqiyd1d,"Information Support, Emotional Support, Esteem Support",1615431482
m201w0,gqj81pr,"Information Support, Esteem Support, Group Interaction",1615437222
m201w0,gqko0is,"Esteem Support, Group Interaction",1615471806
m1mgai,gqhpi7c,,1615409262
m1mgai,gqhfith,"Emotional Support, Esteem Support, Tangible Assistance",1615405004
m1lxdy,gqfb9os,"Information Support, Emotional Support, Esteem Support, Tangible Assistance",1615363129
m1khsg,gqfcjto,"Information Support, Emotional Support, Esteem Support, Tangible Assistance, Group Interaction",1615364373
m1jv6v,gqem9fs,"Information Support, Tangible Assistance",1615345174
m1iiz8,gqewtja,,1615351512
m1du25,gqd6zbs,"Information Support, Esteem Support",1615319855
m1c444,gqcugtt,"Information Support, Emotional Support, Esteem Support, Group Interaction",1615314063
m1c444,gqfabme,"Emotional Support, Esteem Support",1615362242
m1bcq4,gqcrhlr,"Emotional Support, Esteem Support, Group Interaction",1615312731
m1bcq4,gqcx565,Esteem Support,1615315363
m15qf8,gqcg4dd,"Information Support, Emotional Support, Esteem Support",1615308032
m11zrh,gqb2qzf,Information Support,1615277429
m11zrh,gqcrx5x,"Information Support, Emotional Support, Esteem Support",1615312921
m0zg2o,gqb6pn6,"Information Support, Emotional Support, Esteem Support, Group Interaction",1615281362
m0yope,gqc1lk3,"Information Support, Emotional Support, Esteem Support, Group Interaction",1615302453
m0yope,gqe2exv,"Information Support, Esteem Support, Group Interaction",1615334558
m0ycuw,gqhlewx,"Information Support, Emotional Support, Esteem Support, Tangible Assistance",1615407526
m0vtor,gqa5ceb,,1615254791
m0ra3x,gq9zqt9,"Information Support, Emotional Support, Esteem Support",1615251728
m0qlbh,gq9ed3o,"Information Support, Emotional Support, Esteem Support",1615240706
m0qlbh,gq9gxgl,"Information Support, Esteem Support",1615241900
lztv96,gq42q1z,"Information Support, Emotional Support, Esteem Support",1615137025
lztv96,gq42qq4,"Information Support, Esteem Support",1615137034
ly8ix7,gprck71,"Information Support, Esteem Support",1614939914
ly8ix7,gprgqrm,"Information Support, Esteem Support",1614943700
ly67h3,gpr1cj6,"Information Support, Emotional Support, Esteem Support",1614929730
ly67h3,gqalrin,"Information Support, Emotional Support, Esteem Support, Group Interaction",1615264088
ly4wee,gpqrlnr,,1614922087
ly1qi6,gpqbwrx,Information Support,1614912779
ly1qi6,gpr18cj,"Information Support, Emotional Support",1614929629
ly0439,gpt87n6,"Information Support, Esteem Support",1614975176
lxysha,gpqkch4,"Emotional Support, Group Interaction",1614917491
lxysha,gq7smo2,"Information Support, Emotional Support, Esteem Support, Group Interaction",1615215834
lxrp7w,gpowbq7,"Information Support, Emotional Support, Esteem Support",1614888081
lxokad,gpo6to4,"Information Support, Emotional Support, Esteem Support, Group Interaction",1614877396
lxokad,gpp9g4a,"Emotional Support, Esteem Support, Group Interaction",1614893653
lxdo7h,gpmkjqz,"Information Support, Emotional Support, Group Interaction",1614838762
lxbosv,gppn3fa,"Information Support, Group Interaction",1614899983
lxb73o,gpm8t01,"Emotional Support, Esteem Support, Group Interaction",1614831047
lxb73o,gpmi8rq,"Emotional Support, Esteem Support",1614837028
lxb73o,gpmhgrw,"Emotional Support, Esteem Support",1614836473
lxb73o,gpnuxq0,"Emotional Support, Group Interaction",1614872240
lxb73o,lq8i2so,Group Interaction,1728006336
lxb73o,gpmuj0j,"Emotional Support, Esteem Support",1614847449
lxb73o,gpntme4,"Emotional Support, Esteem Support, Group Interaction",1614871657
lxaqxi,gpqscon,Information Support,1614922606
lx4at4,gplhu85,"Information Support, Emotional Support, Esteem Support, Tangible Assistance",1614816694
lwtw4x,gpj4v9y,Information Support,1614778206
lwqrrz,gpj15qc,"Information Support, Emotional Support, Esteem Support",1614775906
lwqrrz,gpiz5bn,Esteem Support,1614774511
lwqrrz,gpj4m7a,"Information Support, Esteem Support, Group Interaction",1614778060
lwqrrz,gpjvo4w,"Information Support, Emotional Support, Esteem Support, Tangible Assistance",1614790693
lwqrrz,gpkdbeb,"Information Support, Emotional Support, Esteem Support, Tangible Assistance",1614798258
lwqrrz,gpixica,,1614773296
lwqrrz,gpli6uj,"Information Support, Emotional Support, Esteem Support",1614816877
lwpn1d,gpmj34s,"Information Support, Esteem Support, Group Interaction",1614837651
lwnkz2,gpiz9kz,"Information Support, Esteem Support",1614774596
lwnkz2,gpjfcge,"Information Support, Esteem Support",1614783551
lwnkz2,gpjpahq,Group Interaction,1614787977
lwnkz2,gpljz33,"Information Support, Esteem Support",1614817825
lwigrk,gpiczg4,"Information Support, Emotional Support",1614754497
lu7mr4,gp4uvtf,Information Support,1614493538
lu7mr4,gqdyj5p,"Information Support, Emotional Support, Tangible Assistance, Group Interaction",1615332539
lu7mr4,gp9avlh,Esteem Support,1614566151
lu1qvk,gp3zghe,"Information Support, Esteem Support, Tangible Assistance",1614478430
ltq8vp,gp1y9v7,"Emotional Support, Esteem Support",1614451663
ltq8vp,gp1mdai,"Information Support, Emotional Support, Esteem Support, Group Interaction",1614448288
ltq8vp,gp1myhj,"Information Support, Emotional Support, Esteem Support, Tangible Assistance",1614448510
ltq8vp,gp4w4wv,"Emotional Support, Esteem Support",1614494083
ltiurx,goyis7p,"Emotional Support, Esteem Support, Group Interaction",1614411153
lthrgm,goyjgbo,"Information Support, Emotional Support, Group Interaction",1614411771
ltdgoc,goyihx1,"Information Support, Emotional Support, Tangible Assistance, Group Interaction",1614410897
ltdgoc,gpa8tg3,"Information Support, Emotional Support",1614591817
lt6ts8,gowlpf5,"Emotional Support, Esteem Support, Group Interaction",1614380809
lt4fci,govjv6u,Information Support,1614369492
lt4fci,gox0bg2,"Information Support, Esteem Support",1614385558
lsuzpc,gou883m,Information Support,1614354232
lsuzpc,gou9xoy,"Information Support, Group Interaction",1614354975
lsuzpc,gozst7t,"Information Support, Group Interaction",1614431350
lsq82k,goss0ac,"Emotional Support, Group Interaction",1614317015
lsq82k,gotoly8,"Information Support, Esteem Support",1614344277
lspwfv,got93uj,"Information Support, Emotional Support",1614331150
lsonq3,gosgmwt,"Information Support, Esteem Support",1614310218
ls3s19,gorgtrw,"Emotional Support, Esteem Support",1614292411
ls26jy,goosc1o,"Information Support, Emotional Support, Group Interaction",1614244933
ls26jy,gop2s7n,"Information Support, Emotional Support, Esteem Support",1614254350
lrup2i,gonozwy,"Information Support, Esteem Support",1614219192
lrup2i,ix4ntdk,Emotional Support,1668970401
lrup2i,gono5g5,Information Support,1614218795
lrrpr2,goncnmq,,1614213421
lrrhvr,gonehxc,"Information Support, Emotional Support, Esteem Support",1614214301
lre5gs,golkvc9,"Information Support, Emotional Support",1614185289
lre5gs,gomflqj,"Information Support, Emotional Support, Esteem Support",1614197343
lrd778,golj52q,Information Support,1614184553
lrd778,gomkpb4,Information Support,1614199424
lr7sbi,gokbmtj,"Information Support, Emotional Support, Esteem Support, Group Interaction",1614156540
lr7sbi,gokkj10,"Information Support, Esteem Support",1614165072
lr7sbi,gokmid9,"Information Support, Emotional Support",1614166803
lr7sbi,gol5vx4,,1614178666
lr7sbi,gom8oj7,"Information Support, Emotional Support, Esteem Support",1614194495
lr7sbi,gonra35,"Information Support, Emotional Support",1614220249
lr76c1,golx6hg,"Emotional Support, Esteem Support, Group Interaction",1614190186
lr0nsl,gonj9x6,Esteem Support,1614216547
lqub6m,gojtwiv,"Information Support, Tangible Assistance",1614142412
lqub6m,goiihfu,"Information Support, Esteem Support",1614118060
lqge9e,gogrck0,"Information Support, Emotional Support",1614092067
lqge9e,gohaffn,"Emotional Support, Group Interaction",1614099982
lqaxdo,gog9s6e,"Emotional Support, Esteem Support, Group Interaction",1614081647
lq7ieh,gof4iud,"Information Support, Emotional Support, Esteem Support",1614050469
lq5u8u,gof6p0m,"Information Support, Emotional Support, Esteem Support, Tangible Assistance",1614051613
lq5u8u,gof8nv0,"Information Support, Emotional Support, Tangible Assistance, Group Interaction",1614052658
lq2g0a,goeep3k,"Information Support, Emotional Support",1614037565
lq2ba5,goeflap,"Emotional Support, Esteem Support",1614038003
lpz1h6,gog2vp1,Emotional Support,1614075637
lpxfsn,goeietc,Information Support,1614039411
lpxfsn,gofb2ee,"Information Support, Emotional Support, Esteem Support",1614053977
lpxc9d,goe1hlt,"Information Support, Emotional Support, Esteem Support",1614031316
lpxc9d,godmhw3,"Information Support, Emotional Support, Esteem Support",1614024656
lpxc9d,goev67i,"Information Support, Esteem Support",1614045745
lpqgm1,goiwqpe,"Emotional Support, Tangible Assistance, Group Interaction",1614124968
lplxow,goc2ads,"Emotional Support, Esteem Support",1613997865
lpjqx9,gobv1ax,"Emotional Support, Tangible Assistance",1613992158
lpjqx9,goc0m1i,Information Support,1613996671
lpd2zb,gob1ogk,"Information Support, Emotional Support, Esteem Support",1613968143
lp9cbg,goa9geh,"Information Support, Emotional Support, Esteem Support",1613952963
lp9cbg,goa9o4t,"Emotional Support, Esteem Support, Group Interaction",1613953078
lp9cbg,goav1z9,"Emotional Support, Esteem Support",1613964283
lp83jq,gof381d,"Information Support, Esteem Support",1614049791
lp0n4b,go8uw5n,Information Support,1613929363
lp0ln2,gobhfdz,"Information Support, Emotional Support, Esteem Support",1613979558
lorlei,go7yqtd,"Information Support, Emotional Support, Esteem Support",1613910561
loq36k,gp3w13r,"Information Support, Emotional Support, Esteem Support, Tangible Assistance",1614476427
loo6qx,go7pjmr,"Emotional Support, Esteem Support",1613901545
lolc36,go6odfj,"Emotional Support, Group Interaction",1613874564
lohhls,go6emjz,"Information Support, Emotional Support, Esteem Support",1613869201
lo8mu7,go4o36y,,1613836912
lnwf7s,go2xe2s,"Information Support, Esteem Support",1613790523
lnwf7s,go2y7as,"Information Support, Esteem Support, Group Interaction",1613790967
lnuqvp,go5l9hq,"Emotional Support, Esteem Support, Group Interaction",1613853508
lnrziz,go209sm,,1613773344
lnef5p,go1bkqq,"Information Support, Emotional Support, Esteem Support, Group Interaction",1613761177
lndvlh,gnzz34a,"Emotional Support, Esteem Support, Group Interaction",1613737133
lndvlh,go0bhl7,"Emotional Support, Esteem Support",1613744821
lndvlh,go06a1e,"Information Support, Emotional Support, Esteem Support",1613741987
lndvlh,go0tva4,"Information Support, Emotional Support",1613753323
lndvlh,go1ym1n,"Information Support, Esteem Support",1613772510
lnc7bx,gnzzacf,Information Support,1613737287
lnc7bx,gnzv0kv,Emotional Support,1613733703
lnc7bx,go60qoo,"Emotional Support, Group Interaction",1613861638
ln5spt,gnyydqo,"Information Support, Emotional Support, Tangible Assistance",1613707658
ln5spt,gnzshlg,"Emotional Support, Esteem Support, Group Interaction",1613731350
ln2sn7,gnygmd4,"Information Support, Emotional Support, Esteem Support, Group Interaction",1613698171
lmkgux,gnvlhzf,"Information Support, Emotional Support, Esteem Support",1613649842
lmkgux,gnwdvh0,"Emotional Support, Esteem Support, Tangible Assistance",1613665212
lmkgux,gp4q14q,"Emotional Support, Esteem Support",1614491534
lmfyo7,gnv1shs,"Information Support, Esteem Support",1613632071
lmfyo7,gnvwns8,Esteem Support,1613657105
lmeexu,gnv1yuv,"Information Support, Esteem Support",1613632215
lmdn8w,gnv3m0k,"Information Support, Esteem Support",1613633583
lmdn8w,gnzu50u,"Information Support, Esteem Support, Tangible Assistance",1613732902
lmbrmb,gnuic9y,Information Support,1613619684
lmb1tt,gnu7elb,"Information Support, Esteem Support",1613614166
lmb1tt,gnu8g1d,"Information Support, Emotional Support, Esteem Support, Tangible Assistance",1613614685
lmb1tt,gnunzxy,"Emotional Support, Tangible Assistance",1613622777
lm9fdv,gnuoj0y,"Information Support, Emotional Support, Esteem Support, Group Interaction",1613623081
lm5jxz,gntz2pp,"Information Support, Emotional Support, Esteem Support, Tangible Assistance",1613610047
lm5jxz,gnu73c6,"Emotional Support, Esteem Support",1613614010
lm5jxz,gnv93dz,Group Interaction,1613638559
lm55kj,gnv1ew0,,1613631766
lm55kj,gnv1hn3,Tangible Assistance,1613631827
llfgkp,gnp78ux,"Information Support, Emotional Support, Esteem Support",1613515447
ll1yge,gnncbzc,"Information Support, Emotional Support, Esteem Support",1613485158
ll1yge,gnnmxob,"Information Support, Emotional Support, Esteem Support",1613490381
lkz99f,gnml00g,"Information Support, Emotional Support, Esteem Support",1613463288
lkt6ky,gnlv3q9,"Information Support, Emotional Support, Esteem Support",1613445339
lkt6ky,gnly9an,"Information Support, Esteem Support, Tangible Assistance",1613447086
lkt6ky,gnmfplm,"Information Support, Emotional Support, Esteem Support",1613458717
lksjtw,gnmoqhq,"Information Support, Emotional Support, Tangible Assistance",1613466773
lkrlsg,gnlgdqq,"Esteem Support, Group Interaction",1613437494
lkopwa,gnlizod,"Information Support, Emotional Support, Esteem Support",1613438876
lkf987,gnknabx,Information Support,1613422692
lkf987,gnkvt7o,"Information Support, Esteem Support, Group Interaction",1613426821
lk4enc,gnhzx57,"Information Support, Emotional Support, Esteem Support",1613361205
lk4enc,gnimbup,"Information Support, Esteem Support, Group Interaction",1613377770
lk1bhq,gnhfmqi,Information Support,1613349580
ljz5w6,gnhk2al,"Emotional Support, Esteem Support",1613352122
ljrc3g,gngetak,"Information Support, Esteem Support",1613329979
ljrc3g,gngm3rv,,1613333681
ljrc3g,gnh8j8f,"Information Support, Emotional Support, Esteem Support, Group Interaction",1613345539
ljkxtg,gndnbsp,Information Support,1613292580
ljkbxd,gnehfu3,Esteem Support,1613310620
lji9pb,gnczsed,"Information Support, Esteem Support",1613281631
ljg9ww,gndlbt8,"Emotional Support, Group Interaction",1613291421
lje78g,gndr5ij,"Information Support, Emotional Support, Esteem Support",1613295966
ljd3iw,gnc5ltw,"Emotional Support, Esteem Support",1613269284
ljct9b,gncrncv,"Information Support, Group Interaction",1613278661
ljc5wb,gnbfokq,Information Support,1613259270
lj7lbr,gncfmzd,"Emotional Support, Esteem Support",1613273979
lj0e7j,gn7ku13,"Information Support, Emotional Support, Esteem Support, Group Interaction",1613223139
liyjzx,gn6ulq9,Information Support,1613215296
lissf7,gn55jbj,"Emotional Support, Group Interaction",1613192885
lissf7,gn5c34p,"Information Support, Emotional Support, Group Interaction",1613197632
lipwrw,gpuejym,,1614994536
lipwrw,gn5d2q0,"Information Support, Emotional Support, Esteem Support",1613198434
linvxr,gn49b7r,"Information Support, Esteem Support",1613174398
lik3ep,gn3qun7,"Information Support, Emotional Support, Esteem Support",1613165217
lik3ep,gn5i55z,"Information Support, Emotional Support, Esteem Support, Tangible Assistance, Group Interaction",1613200663
lib4za,gn2700i,"Information Support, Emotional Support",1613139949
lib4za,gn2ed8n,"Information Support, Esteem Support",1613143539
li7njk,gn2p3wa,"Emotional Support, Esteem Support, Group Interaction",1613148423
li2l7o,gn26cx7,"Information Support, Emotional Support, Esteem Support",1613139619
li2ety,gn1cppd,"Emotional Support, Group Interaction",1613115873
lhtvoj,gmza68i,Information Support,1613075289
lhtvoj,gn1lmm4,"Information Support, Emotional Support, Esteem Support, Group Interaction",1613124109
lht4t7,gn0fms1,"Information Support, Emotional Support, Esteem Support, Group Interaction",1613095097
lht4t7,gnvltoj,Information Support,1613650102
lhjfe5,gmxnj6f,"Information Support, Esteem Support, Tangible Assistance",1613049569
lhj93d,gmxhw2z,Information Support,1613045767
lhj93d,lolwdjc,,1727134342
lhj93d,gmxqkzs,Emotional Support,1613051307
lhj93d,gmyf1bh,Emotional Support,1613062289
lhifjn,gmxjzfj,"Information Support, Emotional Support, Esteem Support",1613047284
lhifjn,gmxuloa,"Information Support, Esteem Support, Tangible Assistance",1613053365
lheqi9,gmxd0dq,"Information Support, Emotional Support",1613041704
lheqi9,gmwx902,"Information Support, Esteem Support",1613027242
lhakog,gmwt0r9,Information Support,1613023881
lha0a4,gmwj89k,"Information Support, Esteem Support",1613017493
lha0a4,gmwpvf6,"Information Support, Esteem Support",1613021655
lha0a4,gmwqcsh,"Information Support, Esteem Support",1613021977
lh8yed,gmx6kml,"Information Support, Emotional Support",1613035677
lh8oe7,gmwqssk,"Information Support, Emotional Support, Esteem Support",1613022277
lh7waz,gmygy6k,"Information Support, Emotional Support, Esteem Support, Group Interaction",1613063077
lh245w,gmuvbir,"Information Support, Emotional Support, Esteem Support",1612988584
lg938b,gmqc50c,"Information Support, Esteem Support, Tangible Assistance",1612898799
lg938b,gmqoyym,Information Support,1612904244
lg938b,gmqflpf,"Information Support, Emotional Support, Esteem Support, Group Interaction",1612900270
lg938b,gmqb6pr,"Information Support, Emotional Support",1612898396
lg1zn3,gmozyj8,"Information Support, Emotional Support, Esteem Support",1612876714
lfyttt,gmojp8y,,1612862823
lfyttt,gmom2yt,Emotional Support,1612865215
lfxz2j,gmojxae,Information Support,1612863046
lfxz2j,gmovqf5,Information Support,1612873814
lfxz2j,gmoympk,"Information Support, Emotional Support, Esteem Support, Group Interaction",1612875851
lfxz2j,gmpkeba,"Information Support, Esteem Support",1612886999
lfxz2j,gmppdfv,"Information Support, Esteem Support",1612889125
lfxz2j,gmph4rx,Information Support,1612885552
lfxz2j,gmpnbkq,Information Support,1612888256
lfxz2j,gmq0cdg,"Information Support, Esteem Support",1612893779
lfxz2j,gmpwjmc,,1612892178
lfshft,gmnxekn,"Information Support, Esteem Support",1612845056
lfshft,gmo6c4j,"Information Support, Emotional Support, Esteem Support",1612850993
lfshft,gmo6uvl,"Information Support, Emotional Support, Esteem Support, Group Interaction",1612851394
lfr76d,gmni7sw,Information Support,1612836806
lfo4px,gmmueng,Information Support,1612824590
lfo4px,gmmwbaa,"Information Support, Esteem Support, Tangible Assistance",1612825526
lfkw5e,gmmprhf,"Information Support, Emotional Support",1612822385
lfkw5e,gmmvun2,Emotional Support,1612825296
lfkw5e,gmodfpj,"Information Support, Esteem Support",1612856913
lf2rnd,gmlivth,"Information Support, Emotional Support",1612803163
lf1mki,gmjrfd4,"Information Support, Emotional Support",1612758142
lcsews,gm2n70b,"Information Support, Emotional Support, Esteem Support",1612494650
lcp512,gm23164,"Information Support, Emotional Support, Esteem Support",1612485076
lceigr,glzbk63,"Emotional Support, Esteem Support",1612441999
lcdalp,glz51xv,"Emotional Support, Group Interaction",1612436953
lc6hvq,gly3wpi,Information Support,1612409670
lbnpqm,glzefxt,Information Support,1612443900
lbkb3x,glxcs0l,"Information Support, Emotional Support, Esteem Support, Tangible Assistance, Group Interaction",1612396280
lbeqne,gltl72o,Information Support,1612323916
lbeqne,gltlc59,,1612323988
lbaopu,gnibtf6,Tangible Assistance,1613368965
lb8ctl,glspqh7,"Information Support, Emotional Support, Group Interaction",1612308613
lap43n,glpreq3,Information Support,1612261275
lan087,glpb0u8,"Information Support, Emotional Support, Group Interaction",1612247327
laf4qj,glo739a,"Information Support, Emotional Support, Group Interaction",1612225947
laf4qj,glntoyg,Emotional Support,1612219907
laf4qj,glnzmqk,"Esteem Support, Group Interaction",1612222489
laf4qj,glp99u1,"Esteem Support, Group Interaction",1612246068
la9f9v,glmw2jq,"Information Support, Emotional Support, Esteem Support",1612206594
la5ew3,gm9r13n,"Emotional Support, Esteem Support",1612644095
la2gzz,gmbeb90,"Information Support, Esteem Support",1612662118
l9t8au,glk87r7,"Information Support, Emotional Support, Esteem Support, Group Interaction",1612153056
l9r2w0,glln8dx,"Information Support, Esteem Support",1612189506
l9r2w0,gljof8w,Group Interaction,1612143267
l9r2w0,gljq467,Group Interaction,1612144082
l9odq5,gljm4jg,Information Support,1612142158
l9odq5,gloytx6,"Information Support, Esteem Support",1612239520
l9n8sv,glj8us0,"Information Support, Emotional Support, Esteem Support",1612135823
l9krl8,glxtg13,"Information Support, Emotional Support, Esteem Support",1612404471
l9krl8,h4ku7fv,"Information Support, Emotional Support, Esteem Support, Tangible Assistance",1625828562
l9iuxe,gli8n76,"Information Support, Esteem Support",1612118956
l9iuxe,glq0guq,"Information Support, Emotional Support, Tangible Assistance, Group Interaction",1612268614
l9e981,gli14n4,Esteem Support,1612115584
l9e981,gli4nfa,"Emotional Support, Esteem Support",1612117148
l9e981,gligps1,"Emotional Support, Esteem Support, Tangible Assistance",1612122658
l9ddol,glhurmj,"Information Support, Esteem Support",1612112651
l9ddol,glj2fl1,"Information Support, Esteem Support, Group Interaction",1612132739
l9ddol,glhp81e,"Information Support, Emotional Support",1612110002
l8msam,glehzpa,Information Support,1612037469
l8l6dq,glf405g,"Information Support, Esteem Support",1612048174
l8ij6b,glcs6pa,Information Support,1612001210
l8ij6b,gld8sdt,"Information Support, Esteem Support",1612015261
l8ij6b,gldb9f7,"Information Support, Esteem Support, Group Interaction",1612016793
l8ij6b,glenatt,"Information Support, Emotional Support, Esteem Support",1612040008
l8ij6b,glezej3,"Emotional Support, Esteem Support",1612045905
l8c50v,glbt6bm,"Information Support, Esteem Support",1611976300
l8a3i9,glbypt0,"Information Support, Esteem Support, Tangible Assistance",1611979058
l8a3i9,glchtvk,"Information Support, Emotional Support, Esteem Support",1611991479
l843eh,glbltz9,"Information Support, Emotional Support",1611972691
l7z9wr,gla655a,Emotional Support,1611950575
l7r475,glb2qid,Emotional Support,1611963421
l7kdpi,gl7vmuo,"Information Support, Emotional Support, Esteem Support, Tangible Assistance, Group Interaction",1611914683
l7g0ex,gl6k34y,"Emotional Support, Esteem Support, Group Interaction",1611887239
l7g0ex,gl83cpm,"Emotional Support, Esteem Support, Group Interaction",1611920732
l7g0ex,gl6rh6g,,1611890604
l7g0ex,gl7h8tp,"Information Support, Emotional Support, Group Interaction",1611904069
l7g0ex,gl85qq4,"Information Support, Emotional Support, Esteem Support",1611922403
l7g0ex,gl9epb8,"Information Support, Emotional Support, Group Interaction",1611940924
l7cdly,gl6cjaf,"Emotional Support, Group Interaction",1611883819
l7cdly,gla05e4,"Emotional Support, Esteem Support, Group Interaction",1611948501
l7bvmy,gl6s08p,"Information Support, Esteem Support",1611890834
l77et8,gl56pi2,"Emotional Support, Esteem Support, Tangible Assistance",1611866804
l77et8,gl5ttd5,"Emotional Support, Esteem Support, Group Interaction",1611875582
l77et8,gl6bu8t,"Information Support, Esteem Support",1611883510
l77et8,gl6g7jy,"Information Support, Emotional Support, Esteem Support, Group Interaction",1611885476
l6k2c1,gl2titi,"Information Support, Emotional Support, Esteem Support, Group Interaction",1611835741
l6k2c1,gl1hxfl,"Information Support, Emotional Support, Esteem Support",1611803253
l6j4we,gl1nc81,,1611805864
l6hrgp,gl4wnfa,"Information Support, Emotional Support, Esteem Support, Tangible Assistance",1611863199
l6f33q,gl22bp2,"Emotional Support, Esteem Support",1611814383
l6f33q,gl2c6v8,"Tangible Assistance, Group Interaction",1611821736
l6b74c,gkzw2x8,"Information Support, Emotional Support, Esteem Support, Tangible Assistance, Group Interaction",1611779944
l6b74c,gkzw3km,"Information Support, Emotional Support, Esteem Support, Tangible Assistance, Group Interaction",1611779951
l5gjs5,gkv51nv,"Information Support, Emotional Support, Esteem Support",1611692843
l5bzw1,gktaqai,,1611660419
l4vy7e,gkr25ht,"Information Support, Group Interaction",1611608879
l4vy7e,gkr5vej,,1611610575
l4vy7e,gkrz6oy,"Information Support, Emotional Support, Group Interaction",1611625440
l4vrsn,gkqu5d1,"Information Support, Emotional Support",1611605273
l4vrsn,gkr3wa9,"Information Support, Esteem Support, Group Interaction",1611609665
l4vrsn,gksky6q,"Information Support, Esteem Support",1611637509
l4i0zn,gkoq3s5,"Information Support, Emotional Support, Esteem Support, Group Interaction",1611560488
l4geof,gkop0u8,"Information Support, Group Interaction",1611559500
l4geof,gkog4bz,"Information Support, Esteem Support",1611552294
l4geof,gks0jro,"Information Support, Emotional Support",1611626156
l4f1l5,gkohjrb,Information Support,1611553340
l4f1l5,gks1m7h,Information Support,1611626718
l4dfpf,gknvlek,Information Support,1611540444
l4dfpf,gkxi03e,"Information Support, Emotional Support, Esteem Support, Tangible Assistance",1611739669
l4dfpf,gowy138,"Emotional Support, Esteem Support, Tangible Assistance",1614384785
l4cxvw,gko85kf,"Information Support, Emotional Support, Esteem Support, Group Interaction",1611547089
l4c9x9,gkny998,"Information Support, Emotional Support, Tangible Assistance, Group Interaction",1611541787
l4c9x9,gkod3nf,Esteem Support,1611550193
l4a1gq,gknjua2,"Information Support, Emotional Support, Esteem Support, Group Interaction",1611534495
l49tfu,gkn8nuc,"Information Support, Esteem Support",1611529243
l456im,gkn5w7s,Esteem Support,1611528026
l44jyk,gkm9r9j,"Information Support, Esteem Support",1611513097
l430rl,gkm4bbb,"Information Support, Group Interaction",1611511550
l3y65z,gkjj868,Information Support,1611489577
l3w3lo,gkiwbdd,"Information Support, Emotional Support, Esteem Support, Group Interaction",1611481353
l3w3lo,gkkc9eg,"Information Support, Emotional Support, Esteem Support",1611496053
l3w3lo,gkm4gcq,"Emotional Support, Esteem Support, Group Interaction",1611511592
l3tdgy,gkks0iw,"Information Support, Emotional Support",1611499531
l3q37s,gkhi0nq,"Emotional Support, Esteem Support",1611456633
l3lpv5,gkh3dxu,"Information Support, Emotional Support, Esteem Support",1611449875
l3jxg7,gkgbwjo,"Information Support, Emotional Support, Esteem Support, Group Interaction",1611439127
l3ahpx,gkdnutu,"Information Support, Esteem Support",1611412899
l3ahpx,gkcq8fa,"Information Support, Emotional Support, Esteem Support",1611403236
l397ag,jmpwhcx,,1685780475
l3922u,gkc3x3i,"Information Support, Emotional Support, Esteem Support",1611396387
l3922u,gkcxyjl,"Information Support, Esteem Support",1611405564
l3922u,gkfemd1,"Information Support, Esteem Support",1611428921
l3922u,gkft4ni,Information Support,1611433280
l37do3,gkba0i8,"Information Support, Emotional Support, Esteem Support",1611386216
l37do3,gkbenl4,"Information Support, Esteem Support",1611388675
l37avb,gkb9kdf,"Information Support, Emotional Support, Group Interaction",1611385812
l2q0kd,gk7jq7k,"Information Support, Esteem Support",1611337226
l2h9jx,gk5hkn9,"Information Support, Emotional Support, Esteem Support",1611297887
l2go4j,gk5avu1,Information Support,1611293052
l2eoak,gk4yaqw,"Emotional Support, Esteem Support, Group Interaction",1611285599
l2buv1,glp9fii,"Information Support, Emotional Support, Esteem Support, Group Interaction",1612246181
l2bqr4,gk4l8ll,"Information Support, Esteem Support",1611278502
l211tg,gk36mj0,"Information Support, Emotional Support, Esteem Support",1611254198
l1wb73,gk2o0tu,Information Support,1611245983
l1vtav,gk27vl1,"Information Support, Emotional Support",1611237990
l1vtav,gk2lnvm,"Information Support, Tangible Assistance",1611244897
l1vtav,gk2r3su,"Information Support, Emotional Support, Esteem Support",1611247350
l1vtav,gk59ne3,,1611292262
l1p1fp,gk13mtr,"Emotional Support, Group Interaction",1611204591
l1p1fp,gk1prnn,"Information Support, Emotional Support, Esteem Support, Tangible Assistance, Group Interaction",1611223453
l1oo4r,gk0tgij,"Information Support, Emotional Support, Esteem Support",1611198908
l1oo4r,gk155z7,"Information Support, Esteem Support",1611205552
l1oo4r,gk2pqrs,"Information Support, Emotional Support, Esteem Support, Tangible Assistance",1611246753
l1loej,gk0shq2,"Information Support, Emotional Support, Esteem Support, Tangible Assistance, Group Interaction",1611198414
l1loej,gk2miuw,"Information Support, Emotional Support, Tangible Assistance",1611245296
l1k35n,gk0qm28,"Information Support, Emotional Support, Esteem Support",1611197481
l1af0h,gjy9iod,"Information Support, Esteem Support",1611156070
l14nk2,gkch7hx,"Information Support, Esteem Support, Group Interaction",1611400311
l0zsey,gk6b8f4,"Information Support, Emotional Support, Group Interaction",1611323475
l0pyab,gjwm71k,"Information Support, Emotional Support, Esteem Support, Group Interaction",1611112296
l0opw4,gjynjoi,"Esteem Support, Group Interaction",1611162551
l0aao1,gjvfgkm,"Information Support, Esteem Support",1611090601
l07ni6,gmrtrb1,,1612924235
l077lb,gjth485,"Emotional Support, Esteem Support, Group Interaction",1611053250
l077lb,gk6d98h,"Information Support, Emotional Support, Group Interaction",1611324372
l034zn,gju6d5b,Group Interaction,1611070082
l034zn,gjrvuqc,"Information Support, Esteem Support, Group Interaction",1611014452
l034zn,gkk2heh,"Information Support, Emotional Support, Esteem Support, Group Interaction",1611493898
l034zn,gjtjocx,Esteem Support,1611055623
l022uz,gjrdv76,"Emotional Support, Esteem Support",1611005169
l01nn0,gjqz5fg,"Emotional Support, Esteem Support",1610997934
kztjrr,gjptlma,"Emotional Support, Tangible Assistance",1610975571
kzqm58,gjpbpmy,,1610958578
kzl48e,gjolgyj,Emotional Support,1610939753
kzk2th,gjoim4q,"Information Support, Emotional Support, Esteem Support",1610938207
kzk2th,gjqeb7i,Information Support,1610987824
kzaw5r,gjmfu50,Information Support,1610905283
kzaw5r,glpc07o,Group Interaction,1612248051
kyzk6l,gjk7wet,,1610875633
kyzk6l,gjk66jo,Information Support,1610873801
kyr2gx,gjiadem,"Information Support, Group Interaction",1610832768
kyr2gx,gjie2mm,"Information Support, Emotional Support, Group Interaction",1610834710
kyr2gx,gjjfr36,Information Support,1610854551
kymcyw,gjiwk55,"Emotional Support, Group Interaction",1610844239
kyksn8,gjh43tn,"Information Support, Emotional Support",1610815082
kyksn8,gjilgmn,"Information Support, Emotional Support",1610838454
kyksn8,gjh1o7a,Information Support,1610813995
kyksn8,gjhl5bo,"Information Support, Emotional Support",1610821738
kydz8g,gjfvd10,"Information Support, Emotional Support, Tangible Assistance, Group Interaction",1610791667
kydz8g,gjgi176,"Emotional Support, Esteem Support, Group Interaction",1610805129
kydz8g,gjh1w17,"Emotional Support, Group Interaction",1610814085
kydz8g,gjhnf7u,Group Interaction,1610822650
kycj9o,gjfh9b0,"Tangible Assistance, Group Interaction",1610777986
kyad7o,gjfqomg,"Emotional Support, Tangible Assistance",1610786734
ky9h5h,gjfqygg,"Emotional Support, Tangible Assistance",1610787017
ky9h5h,gjizjc6,"Information Support, Esteem Support",1610845875
ky9h5h,gjkjrz7,"Information Support, Emotional Support, Group Interaction",1610883321
ky4r4e,gjfs5c1,"Emotional Support, Tangible Assistance",1610788250
kxxkzi,gjdm14z,"Information Support, Esteem Support",1610740523
kxxkzi,gjcvtrg,"Information Support, Esteem Support",1610728461
kxxkzi,gjdp00j,"Information Support, Emotional Support, Esteem Support",1610741935
kxxkzi,gjdqoeq,"Information Support, Esteem Support",1610742731
kxxkzi,gjduyh7,"Information Support, Emotional Support, Esteem Support",1610744772
kxxkzi,gjed1up,"Information Support, Esteem Support, Group Interaction",1610753989
kxxkzi,hhhkx39,Information Support,1634822706
kxmti8,gjbg2ct,"Information Support, Emotional Support, Esteem Support, Group Interaction",1610690279
kxmti8,gjbg315,"Information Support, Emotional Support, Esteem Support, Group Interaction",1610690294
kxmcy9,gjcj7hf,"Information Support, Esteem Support, Tangible Assistance",1610722377
kxggd9,gja88j3,Information Support,1610665907
kxd67d,gj9jq7k,"Information Support, Emotional Support, Esteem Support, Tangible Assistance",1610655248
kxd67d,gj9x0zw,"Emotional Support, Esteem Support, Group Interaction",1610660510
kxd67d,gja9vd0,"Information Support, Emotional Support, Esteem Support, Group Interaction",1610666741
kxab8l,gj93uu0,"Information Support, Esteem Support",1610648033
kxab8l,gj9alme,"Information Support, Emotional Support",1610651070
kxab8l,gj9hkxy,"Information Support, Esteem Support",1610654258
kx3nqa,gj94svw,Information Support,1610648457
kx2q8y,gj7u45w,Information Support,1610622659
kx2q8y,gj7vq2v,"Emotional Support, Esteem Support",1610624171
kx2q8y,gj7skk4,"Emotional Support, Esteem Support, Group Interaction",1610621130
kw86dy,gj2u7i1,Information Support,1610510441
kw86dy,gj325y2,"Information Support, Esteem Support",1610515473
kw86dy,gj2w79l,,1610511618
kw6cda,gj2q4k2,"Information Support, Emotional Support, Esteem Support, Group Interaction",1610508108
kw6cda,gj2syzp,"Information Support, Esteem Support",1610509726
kw5mau,gj3inwd,"Emotional Support, Group Interaction",1610530055
kw5mau,gj3uzff,Emotional Support,1610541803
kw5eat,gj2i4et,"Information Support, Esteem Support, Group Interaction",1610503831
kw5eat,gj2j8vn,Information Support,1610504434
kw5eat,gj2p9rj,Information Support,1610507629
kw5eat,gj42i04,,1610546764
kw5eat,gj2jwz8,"Information Support, Group Interaction",1610504786
kw5eat,gj2yirb,"Information Support, Group Interaction",1610513036
kw5eat,gj4dl6r,"Information Support, Emotional Support, Group Interaction",1610552469
kw54j0,gj5dftp,"Information Support, Esteem Support",1610568495
kw33qu,gj2anta,"Information Support, Emotional Support, Esteem Support",1610499804
kw33qu,gj5d0w0,"Information Support, Esteem Support",1610568307
kw33qu,gjn8keo,Information Support,1610915680
kvtpg2,gj1lw45,"Information Support, Esteem Support",1610487387
kvtpg2,gj12cq6,Information Support,1610478486
kvs7r4,gj08dlw,Group Interaction,1610464471
kux99e,giuw61h,"Information Support, Esteem Support",1610354547
kux99e,givusjp,"Emotional Support, Esteem Support, Group Interaction",1610375778
kux751,giutksk,"Emotional Support, Esteem Support",1610352720
kux751,giuuj3k,"Information Support, Emotional Support, Esteem Support",1610353366
kuosa5,gitk49h,"Information Support, Emotional Support, Esteem Support, Tangible Assistance",1610326177
kuosa5,giuqbiq,"Information Support, Emotional Support, Esteem Support",1610350584
kul58d,gxhphbr,,1620563725
kukroi,gjj1a07,"Information Support, Emotional Support, Group Interaction",1610846814
kukroi,gisfbmq,Information Support,1610306401
kukroi,gisj3sr,,1610308291
kuhupv,git1cpt,"Emotional Support, Esteem Support, Tangible Assistance",1610317041
kubtml,gir4j2h,"Information Support, Emotional Support, Esteem Support",1610275614
kuadh3,giqzhit,"Emotional Support, Group Interaction",1610270457
ku5ros,giq7zrc,"Information Support, Emotional Support, Tangible Assistance",1610249891
ku5ros,giqe5p3,"Information Support, Emotional Support, Tangible Assistance",1610253343
ku0v8a,giq1elz,Information Support,1610246260
ku0v8a,giq2ckb,"Emotional Support, Esteem Support, Group Interaction",1610246769
ktxr7v,giouway,"Emotional Support, Esteem Support",1610224512
ktxr7v,gip7kdq,"Emotional Support, Esteem Support, Tangible Assistance",1610230692
ktxr7v,gir9jwd,"Information Support, Esteem Support",1610280676
ktudhb,giom3lz,"Information Support, Emotional Support, Esteem Support",1610220264
ktudhb,giph9d0,"Information Support, Group Interaction",1610235638
ktn3qn,gin2nuc,Emotional Support,1610183014
ktn3qn,gio53wq,"Emotional Support, Esteem Support, Tangible Assistance",1610211930
ktn3qn,giocmvh,"Information Support, Esteem Support",1610215735
ktlzmy,gipwkn2,"Information Support, Emotional Support",1610243677
kthvew,gimh5sk,"Information Support, Emotional Support, Esteem Support",1610166437
kthvew,gimvpoo,"Information Support, Emotional Support, Esteem Support",1610176440
kte6gk,gilt3f8,"Information Support, Emotional Support, Esteem Support, Group Interaction",1610153706
kte6gk,gim2g2d,"Information Support, Emotional Support, Esteem Support",1610158514
kt5p6i,gikvp8v,Information Support,1610137717
kt5p6i,gik334o,Information Support,1610125184
kt5p6i,gike9q1,,1610130092
kt5p6i,gikrpx2,"Information Support, Esteem Support",1610135964
kt5p6i,gikwgnr,"Information Support, Esteem Support",1610138051
kt5p6i,gijy8aj,"Information Support, Esteem Support",1610122976
kt5p6i,gilup1i,Esteem Support,1610154510
kt5p6i,gikhmt0,Esteem Support,1610131547
kt5p6i,gim1ck8,Information Support,1610157943
kt5p6i,gikxz6b,Esteem Support,1610138733
kt5p6i,gomfdev,,1614197242
kszyvm,gij7ol4,"Information Support, Emotional Support, Esteem Support",1610107420
kszyvm,gik121f,"Information Support, Emotional Support, Esteem Support",1610124268
ksyjcu,gij16a3,"Information Support, Esteem Support",1610101158
kssxva,gii80lu,"Information Support, Esteem Support",1610078408
kssxva,gii0ca6,"Information Support, Emotional Support, Esteem Support, Group Interaction",1610074285
kspprk,gij8fz8,"Information Support, Esteem Support, Tangible Assistance",1610108086
kspprk,gikwesv,"Information Support, Esteem Support",1610138028
kso6zt,giioj9g,"Information Support, Emotional Support, Esteem Support",1610089271
kso6zt,gihjumw,"Information Support, Emotional Support, Esteem Support, Group Interaction",1610065720
ksm0lu,gigxtjc,"Information Support, Esteem Support, Tangible Assistance",1610055090
ksm0lu,gii1mpq,Information Support,1610074964
ksbgad,gif2zhz,Emotional Support,1610022495
ksbgad,giglfna,"Information Support, Emotional Support, Esteem Support, Tangible Assistance",1610049498
ks92ns,gieo8g8,"Emotional Support, Esteem Support",1610008523
ks92ns,gierlzc,"Information Support, Emotional Support",1610011673
ks69ml,giefcf4,"Information Support, Emotional Support, Esteem Support",1610001243
ks69ml,gii1sfo,Group Interaction,1610075048
ks2c53,gieewg3,"Esteem Support, Group Interaction",1610000923
ks2c53,gif7zg7,,1610026104
ks11ik,gid85dh,"Information Support, Esteem Support",1609979192
ks11ik,gida956,Esteem Support,1609980175
krye31,gicrsht,"Information Support, Emotional Support, Esteem Support",1609971810
krye31,gicqn80,"Information Support, Esteem Support",1609971310
krxo8y,gicntno,Information Support,1609970090
krwwti,gich3xq,"Emotional Support, Esteem Support, Group Interaction",1609967283
krwwti,gid03y5,"Emotional Support, Esteem Support, Tangible Assistance",1609975497
krwwti,gidrh7o,"Information Support, Emotional Support, Esteem Support, Group Interaction",1609988094
krwwti,gifzn8o,"Information Support, Esteem Support",1610039963
krwwti,gieopgc,"Emotional Support, Esteem Support, Tangible Assistance, Group Interaction",1610008933
krwwti,gn1kcoy,,1613122881
kruyav,gic91mp,"Information Support, Emotional Support, Esteem Support",1609963864
kruyav,gicb6ha,"Information Support, Emotional Support, Esteem Support, Group Interaction",1609964811
krktd6,giafh2q,"Information Support, Emotional Support, Esteem Support",1609927019
kriql4,gibrnxt,"Information Support, Emotional Support, Esteem Support",1609956158
kri204,giatpd4,"Information Support, Emotional Support, Esteem Support",1609939359
krg25o,gia70qm,"Information Support, Emotional Support, Esteem Support, Tangible Assistance, Group Interaction",1609918995
krdzip,giaeo4y,Group Interaction,1609926219
kr6ujl,gi91c2j,"Emotional Support, Tangible Assistance",1609895240
kr6ujl,gi9huuk,"Emotional Support, Esteem Support, Tangible Assistance",1609903424
kr0hhw,gi7wdn3,"Information Support, Emotional Support, Esteem Support",1609878418
kr0hhw,gi6sxjq,"Emotional Support, Esteem Support",1609861548
kr0hhw,gi6y8xp,Emotional Support,1609864038
kr0hhw,gi8f9wa,"Information Support, Emotional Support, Esteem Support",1609885744
kr0hhw,gi90s5l,"Information Support, Emotional Support",1609894964
kr0hhw,gi91sf6,Information Support,1609895472
kqwhcv,gifue1d,"Information Support, Esteem Support",1610037623
kqvism,gi6mpas,"Information Support, Emotional Support, Esteem Support",1609858372
kqvism,gi6sb6e,"Emotional Support, Esteem Support",1609861245
kqrioy,gmdhr0b,Emotional Support,1612687003
kqnqp7,gi96394,"Information Support, Emotional Support, Esteem Support",1609897637
kqi2am,gi44of3,"Information Support, Emotional Support, Tangible Assistance",1609798441
kqi2am,gi4aojr,"Information Support, Esteem Support",1609801405
kqi2am,gi45n08,"Information Support, Emotional Support",1609798910
kqi2am,gi64prm,Emotional Support,1609845430
kqi2am,gi638vg,Information Support,1609843981
kqi2am,gi6fbvt,,1609854076
kqg0wp,gi439un,"Emotional Support, Group Interaction",1609797766
kqg0wp,gi4gn29,"Information Support, Emotional Support, Esteem Support",1609804411
kqbbcj,gmdgc81,Esteem Support,1612686712
kq939b,gi464d6,Information Support,1609799143
kq5pir,gi1z7oz,Information Support,1609754243
kq5pir,h1rectt,"Information Support, Tangible Assistance",1623696630
kq57wj,gmdfcyw,"Information Support, Emotional Support",1612686517
kq1dir,gi1es6a,"Information Support, Emotional Support, Esteem Support",1609736807
kq1dir,gi1h299,"Information Support, Esteem Support",1609738294
kq1dir,gi1mj39,"Information Support, Emotional Support, Esteem Support",1609742292
kpql06,ghzl7at,Emotional Support,1609704442
kpql06,gi0rlma,"Emotional Support, Esteem Support",1609724435
kpitd8,ghxsx0w,"Information Support, Esteem Support",1609673552
kpitd8,ghxpx0n,Information Support,1609671933
kpitd8,ghyfio2,"Information Support, Emotional Support, Esteem Support, Tangible Assistance",1609685134
kpi3km,ghzeofv,"Emotional Support, Group Interaction",1609701426
kpi3km,gidxd84,"Emotional Support, Esteem Support",1609990903
kphr5p,ghxp68x,Information Support,1609671539
kphpeo,ghxptdu,Information Support,1609671879
kphpeo,ghxy4fa,"Information Support, Emotional Support, Esteem Support, Group Interaction",1609676383
kphfor,ghxe7sa,Information Support,1609665759
kphfor,ghxqo4i,"Information Support, Esteem Support",1609672334
kpg6lj,ghx4law,"Information Support, Emotional Support",1609660970
kpg6lj,gi0saho,"Information Support, Esteem Support",1609724787
kp7gnh,ghvkjp1,"Information Support, Emotional Support, Esteem Support",1609630940
koq1sl,ghsvdp3,"Information Support, Emotional Support, Esteem Support",1609565470
kom5s3,ghtivmi,Group Interaction,1609587892
kom5s3,gi4hdk5,Information Support,1609804788
kokkcy,ghrxkwp,"Emotional Support, Group Interaction",1609546182
kokkcy,ghsvj2a,"Emotional Support, Group Interaction",1609565572
ko9a0l,ghs5pgo,"Esteem Support, Tangible Assistance",1609550774
ko6ywb,ghorli6,Emotional Support,1609488865
ko4hn1,ghpf0up,Group Interaction,1609504622
ko3f3q,gho2um8,Emotional Support,1609468956
ko3f3q,gield62,Emotional Support,1610005982
knwouc,ghnj1mt,Group Interaction,1609457097
knwiwv,ghoiq0p,"Information Support, Emotional Support, Esteem Support",1609480601
knwiwv,ghsjd83,"Information Support, Emotional Support, Group Interaction",1609558270
knrrs1,ghm3paa,Emotional Support,1609429407
knrrs1,ghm9ozl,"Information Support, Emotional Support",1609432640
knrrs1,ghmebld,"Emotional Support, Esteem Support",1609435024
knl6dg,gi4i72c,Esteem Support,1609805209
kndjyh,ghkdn45,"Emotional Support, Esteem Support, Tangible Assistance",1609381657
kncz58,ghsyx9n,"Information Support, Emotional Support, Esteem Support",1609568055
kncz58,ghlcb64,"Emotional Support, Esteem Support, Tangible Assistance",1609406784
knca67,ghjtb3r,"Emotional Support, Esteem Support, Group Interaction",1609371059
kn7iab,ghjga02,Esteem Support,1609364385
kn7iab,ghj921u,,1609360814
kn7iab,ghjyze0,"Information Support, Emotional Support, Esteem Support, Group Interaction",1609374000
kn533i,ghij66q,"Information Support, Emotional Support, Esteem Support, Group Interaction",1609348043
kn0kn9,ghjp0xr,"Information Support, Emotional Support, Esteem Support",1609368812
kn0job,ghhxgab,"Information Support, Emotional Support, Esteem Support",1609335642
kmzqrh,ghibyix,"Information Support, Emotional Support, Esteem Support, Group Interaction",1609344383
kmzqrh,ghnt13o,"Information Support, Emotional Support, Esteem Support",1609462888
kmyx0j,ghhij0u,"Information Support, Emotional Support, Group Interaction",1609321611
kmyx0j,ghhlqg7,"Information Support, Emotional Support, Esteem Support, Tangible Assistance",1609324957
kmyx0j,ghhu13v,"Information Support, Emotional Support, Esteem Support",1609332956
kmyx0j,ghhtr9h,"Information Support, Esteem Support",1609332726
kmygmc,gmd8b3u,Information Support,1612685010
kmo7wm,ghg1knb,"Information Support, Esteem Support",1609286172
kmo7wm,ghh52n7,"Information Support, Emotional Support, Esteem Support, Group Interaction",1609308976
kmo7wm,ghhdfhc,"Information Support, Esteem Support, Group Interaction",1609316389
kmbqy8,ghdtgr8,"Information Support, Emotional Support, Esteem Support",1609240496
kmav3p,ghejg71,"Information Support, Emotional Support, Group Interaction",1609259026
km84h2,ghd9ol4,Information Support,1609221299
km84h2,ghe1bl8,"Information Support, Esteem Support",1609247895
km84h2,ghdu9iq,"Information Support, Emotional Support, Esteem Support, Group Interaction",1609241333
km62lh,ghd2q6x,"Information Support, Emotional Support, Group Interaction",1609216546
klt7b2,ghc4lym,"Information Support, Emotional Support, Esteem Support, Tangible Assistance",1609197731
klt7b2,ghbrwg8,"Emotional Support, Esteem Support, Group Interaction",1609190940
klt7b2,ghcpv1r,"Information Support, Emotional Support, Esteem Support, Tangible Assistance",1609209278
klqk84,ghabkb5,"Information Support, Tangible Assistance",1609162150
klpjl2,ghbsolt,"Esteem Support, Group Interaction",1609191353
klfy66,gh8uoa0,Information Support,1609120144
kl3il8,gh6we4x,"Information Support, Emotional Support, Esteem Support",1609083111
kl3di2,gh6p4bg,"Information Support, Esteem Support",1609078109
kl3di2,gh779fp,"Information Support, Emotional Support, Esteem Support",1609089394
kkzt5e,gh5pi6y,"Information Support, Emotional Support, Group Interaction",1609056199
kkz8f9,gh5kb5y,Information Support,1609053378
kkytzv,jrluc2f,"Information Support, Emotional Support, Esteem Support",1689120980
kkytzv,ghn7a3r,Information Support,1609450347
kkxs9s,gh55ado,Information Support,1609045910
kkxs9s,gh55yin,Emotional Support,1609046223
kkxs9s,gh56n4k,"Information Support, Emotional Support, Esteem Support, Group Interaction",1609046565
kkxs9s,gh595mb,"Emotional Support, Esteem Support",1609047912
kkxs9s,gh5xn1z,Emotional Support,1609061457
kkwn80,gh51474,Esteem Support,1609043982
kkvj5t,gh4y4v4,"Information Support, Emotional Support",1609042617
kkuxxa,gh4lc0l,"Information Support, Esteem Support",1609034860
kkuxxa,gk64zso,"Information Support, Esteem Support",1611319572
kktu2w,gh4wz71,"Emotional Support, Tangible Assistance, Group Interaction",1609041918
kkpgxy,gh60knt,"Information Support, Emotional Support, Esteem Support",1609063409
kkpgxy,gk64ef1,"Information Support, Emotional Support, Esteem Support",1611319134
kkp8l4,gk643pv,"Information Support, Emotional Support, Esteem Support",1611318911
kkp7ss,gh4v6ah,"Emotional Support, Esteem Support, Group Interaction",1609040845
kko2pb,gh3zw5t,"Emotional Support, Esteem Support",1609022133
kko2pb,gh48005,"Information Support, Emotional Support",1609026882
kko2pb,gh4iece,"Information Support, Esteem Support, Group Interaction",1609033086
kkmux1,gh3s8u2,"Information Support, Emotional Support",1609017598
kkmux1,gh3elfg,"Information Support, Emotional Support",1609009719
kkjc4w,gh4sfyw,"Information Support, Esteem Support",1609039179
kkjc4w,gh4n8cx,Emotional Support,1609036007
kkhgd2,gk63ivw,"Information Support, Emotional Support, Esteem Support",1611318465
kkg4tr,gh2qpti,"Information Support, Emotional Support, Esteem Support",1608995409
kkaxrx,gk639xz,"Information Support, Emotional Support, Esteem Support",1611318270
kkat0l,gk482ad,"Information Support, Esteem Support",1611271445
kkaoyb,gh1jrds,"Emotional Support, Esteem Support, Group Interaction",1608952700
kk56u2,gh0s9ix,"Emotional Support, Group Interaction",1608934113
kk56u2,gh29u9s,Information Support,1608978179
kjy6yk,ggzgwzn,"Information Support, Esteem Support",1608900856
kjy6yk,ggzf6de,Information Support,1608898870
kjud61,ggyw8j5,Information Support,1608876989
kjtpxx,ggywnnq,"Information Support, Emotional Support, Esteem Support, Tangible Assistance, Group Interaction",1608877359
kjtmu7,ggyt28d,"Information Support, Emotional Support, Esteem Support",1608874369
kjddpx,ggwbqhi,"Information Support, Emotional Support, Esteem Support, Tangible Assistance",1608817605
kjddpx,ggwcbd1,"Emotional Support, Esteem Support",1608818053
kjddpx,ggwjxmc,"Emotional Support, Esteem Support, Group Interaction",1608823196
kjddpx,ggwr1pt,"Emotional Support, Tangible Assistance",1608827376
kjddpx,ggx0e50,Emotional Support,1608832624
kjddpx,ggytl82,"Information Support, Emotional Support, Esteem Support, Tangible Assistance",1608874795
kjddpx,gh6p5jh,"Emotional Support, Esteem Support",1609078129
kjdamn,ggw0632,Information Support,1608806216
kj41jg,ggupsis,"Information Support, Emotional Support",1608771389
kj41jg,gguso4k,"Emotional Support, Group Interaction",1608772951
kj41jg,gguy1ob,"Information Support, Emotional Support, Esteem Support, Group Interaction",1608775923
kj41jg,ggvdnbc,Emotional Support,1608785332
kj2b6s,gh12mng,"Information Support, Emotional Support, Esteem Support, Tangible Assistance",1608940843
kj2b6s,ggv9f02,"Emotional Support, Esteem Support",1608782586
kixcdk,ggu8sue,"Emotional Support, Group Interaction",1608762143
kixcdk,ggtqo0e,"Emotional Support, Esteem Support, Group Interaction",1608752359
kixcdk,ggubfgz,"Information Support, Esteem Support",1608763496
kixcdk,ggua1f8,"Information Support, Esteem Support, Group Interaction",1608762824
kixcdk,ggzcq69,Information Support,1608895801
kiwtzh,ggtglcy,"Information Support, Emotional Support, Esteem Support, Group Interaction",1608747104
kiwtzh,ggv9zf2,"Information Support, Emotional Support, Esteem Support",1608782949
kiq8ga,gi2zitn,"Information Support, Esteem Support",1609779198
kiq8ga,ggsdqgy,"Emotional Support, Esteem Support, Tangible Assistance, Group Interaction",1608722026
kiout0,ggsctv0,"Information Support, Esteem Support",1608721069
kiout0,ggtegw4,"Emotional Support, Esteem Support, Group Interaction",1608746000
kiout0,ghdq1kn,Emotional Support,1609236853
kio0qt,ggs1gkr,"Information Support, Emotional Support, Tangible Assistance",1608709088
kinjl5,ggsqlkw,"Information Support, Esteem Support",1608732827
kii9lr,ggshp98,"Information Support, Emotional Support, Group Interaction",1608725968
kifes5,ggqo6sn,"Information Support, Emotional Support, Esteem Support, Tangible Assistance",1608678276
kifes5,ggr1tnj,Information Support,1608685714
kifes5,ggr3rt9,Information Support,1608686780
kifes5,ggtm13k,"Emotional Support, Group Interaction",1608749925
kiez52,ggse6fz,"Information Support, Emotional Support, Tangible Assistance",1608722490
kiaev5,ggpz7yq,Emotional Support,1608665934
ki6sjy,ggp2w0v,"Information Support, Esteem Support",1608649228
ki61u1,ggozq82,"Information Support, Esteem Support",1608647354
ki61u1,ggqmg5u,"Information Support, Emotional Support",1608677336
ki0mci,gk2xprs,Information Support,1611250200
khznhz,ggoyeh0,"Information Support, Esteem Support",1608646542
khk4lz,gjfb6yg,"Information Support, Emotional Support",1610773553
khc9ui,gjfapg8,"Information Support, Esteem Support, Tangible Assistance",1610773221
khaine,ggk3npt,Esteem Support,1608526885
khaine,ggkoxbi,"Emotional Support, Esteem Support, Group Interaction",1608545992
khaine,ggkeyc3,"Emotional Support, Esteem Support",1608535914
khaine,ggkii5m,Esteem Support,1608539284
khaine,ggl3zn2,Emotional Support,1608559223
khaine,ggldw97,"Emotional Support, Esteem Support",1608565158
khaine,gglqfaq,Esteem Support,1608571617
kh8l8i,ggk1vuw,"Information Support, Emotional Support, Esteem Support",1608525684
kgxfwg,gjce6t0,,1610719659
kgxe28,gghspxc,"Information Support, Tangible Assistance",1608483133
kgxe28,gghtk1k,Emotional Support,1608483575
kgv5ib,ggi4uo0,Information Support,1608489225
kgv5ib,ggjsiyj,"Information Support, Emotional Support, Esteem Support, Tangible Assistance, Group Interaction",1608520002
kgu9tj,ggi5ge9,"Information Support, Esteem Support",1608489518
kgu9tj,gynf5qa,"Information Support, Emotional Support, Esteem Support",1621392304
kgs49b,gggu8b2,"Information Support, Emotional Support, Esteem Support",1608466715
kgs0xv,ggi55ht,"Information Support, Esteem Support",1608489371
kgs0xv,ggkhopr,"Information Support, Esteem Support",1608538498
kgqajz,gggdwnj,"Emotional Support, Group Interaction",1608451982
kgqajz,ggghg0w,Information Support,1608455755
kgqajz,ggje95x,"Emotional Support, Group Interaction",1608512133
kgqajz,ggvxb0p,Group Interaction,1608802938
kgqajz,gj7joh7,Information Support,1610612096
kgq4lq,ggi6cm2,"Information Support, Esteem Support",1608489952
kgo9c3,ggg5f54,"Information Support, Emotional Support, Esteem Support",1608444156
kgo9c3,ggi72cy,"Information Support, Emotional Support, Esteem Support",1608490296
kgmy5i,ggg89x7,"Information Support, Emotional Support, Tangible Assistance",1608446588
kgmy5i,gj7j8r5,Information Support,1610611670
kgje79,gj7iz3c,"Information Support, Tangible Assistance",1610611406
kgj2et,ggfj4lf,"Information Support, Emotional Support, Tangible Assistance",1608429922
kgj2et,ggfrz3b,"Information Support, Emotional Support",1608435188
kggeea,ggg0o82,"Information Support, Emotional Support, Esteem Support",1608440652
kggeea,ggg0knc,"Emotional Support, Group Interaction",1608440585
kgb0e3,ggeslcx,"Information Support, Emotional Support, Esteem Support, Group Interaction",1608417499
kg7bc7,ggdhltm,"Information Support, Emotional Support, Esteem Support, Group Interaction",1608396316
kg3jun,gj7ionm,"Information Support, Esteem Support",1610611131
kfzvhe,ggdk9nj,"Information Support, Emotional Support, Esteem Support",1608397401
kfzvhe,ggcj6nd,"Information Support, Emotional Support",1608372571
kfvi64,ggkj9qw,"Information Support, Esteem Support",1608540065
kfvi64,gj7hoqy,"Information Support, Esteem Support, Tangible Assistance",1610610183
kfsb9b,ggadihc,Information Support,1608321971
kfsb9b,ggatenl,"Information Support, Emotional Support",1608329302
kfj8kn,gj7gybg,Information Support,1610609506
kfeko8,gg8zf0q,"Information Support, Emotional Support, Esteem Support, Tangible Assistance",1608298644
kfeko8,gg8cpuh,"Information Support, Emotional Support, Esteem Support",1608277826
kfac8c,gg7my74,"Information Support, Emotional Support, Esteem Support",1608260357
kfac8c,gj7ef60,"Emotional Support, Esteem Support",1610607234
kf9u58,gg8ar5h,"Information Support, Emotional Support, Esteem Support",1608276045
kf6rjn,gg6rj4m,"Information Support, Emotional Support, Esteem Support, Group Interaction",1608243702
kf6rjn,gg6rl6o,"Information Support, Emotional Support",1608243732
kf109s,gg667qd,Esteem Support,1608233168
keyejt,gg5wtih,"Esteem Support, Group Interaction",1608228685
ketk3e,gg4h9tb,Information Support,1608193654
ketk3e,gj7dakf,"Information Support, Emotional Support, Esteem Support",1610606285
ker64u,gg4f2u1,"Emotional Support, Group Interaction",1608191633
ker64u,gg4ivao,"Emotional Support, Esteem Support",1608195210
ker64u,gg4kyy9,"Emotional Support, Group Interaction",1608197357
ker64u,gg506zc,"Information Support, Emotional Support, Esteem Support, Tangible Assistance",1608211428
ker1x0,gg4bbzt,"Information Support, Emotional Support, Esteem Support, Tangible Assistance, Group Interaction",1608188396
keps44,gg4abyn,"Information Support, Emotional Support, Esteem Support",1608187583
kemelg,gg3j3d5,"Information Support, Emotional Support, Esteem Support",1608170829
keguw2,gg2wbtp,"Information Support, Emotional Support, Esteem Support",1608158626
keguw2,gg39jvk,"Information Support, Esteem Support",1608165740
kegs9s,gg36pil,"Information Support, Emotional Support, Esteem Support",1608164167
ke7nff,gg0u1g0,"Information Support, Emotional Support, Esteem Support, Tangible Assistance",1608119155
ke44dz,gg1nbwd,"Information Support, Esteem Support",1608137292
ke3kzn,gj678sf,"Information Support, Tangible Assistance",1610582081
kdzlbf,gfzrtba,"Information Support, Emotional Support",1608087809
kdzlbf,gg00ah9,"Information Support, Esteem Support, Group Interaction",1608092932
kdpfxx,gfxrdwz,"Information Support, Esteem Support",1608051852
kdo4pu,gfxrhf4,"Information Support, Group Interaction",1608051900
kdo4pu,gfxm0ec,Information Support,1608049275
kdo4pu,gfxw6uh,Information Support,1608054104
kdjokc,gfyhlx7,"Information Support, Emotional Support, Group Interaction",1608063710
kdf4cq,gfwj3u5,"Tangible Assistance, Group Interaction",1608019430
kdf0kf,gfw8chd,"Information Support, Esteem Support",1608010415
kdew52,gfw5ftd,"Esteem Support, Group Interaction",1608008447
kdew52,gfwz7ll,"Information Support, Emotional Support, Esteem Support, Group Interaction",1608035723
kdew52,gfwkrcs,"Emotional Support, Esteem Support, Group Interaction",1608021039
kdew52,h0mdy4n,"Emotional Support, Esteem Support, Group Interaction",1622845543
kdeq5j,gfw23i9,Emotional Support,1608006490
kdeq5j,gfw7r07,"Information Support, Esteem Support",1608009993
kdbyc3,ggfdczb,"Information Support, Esteem Support",1608426599
kdbyc3,ggff10u,"Information Support, Esteem Support",1608427558
kdbyc3,ggffhdl,Information Support,1608427821
kdbyc3,gj059vp,"Information Support, Emotional Support",1610462897
kdbyc3,gfvrcmk,"Information Support, Emotional Support",1608000643
kdbyc3,ggfcpd2,Information Support,1608426228
kdaoix,gfvinkk,"Information Support, Emotional Support, Esteem Support, Tangible Assistance",1607996086
kda5mq,gfvbg9l,"Information Support, Emotional Support, Esteem Support, Group Interaction",1607992119
kda5mq,gfzj9nk,"Information Support, Emotional Support, Esteem Support",1608083027
kda5mq,gj04x0b,"Information Support, Emotional Support",1610462712
kd1zl6,gj03o2n,Information Support,1610462049
kd0vsu,gfu1f3q,Esteem Support,1607969465
kd0vsu,gftu8oe,Esteem Support,1607966067
kd0vsu,gfuomfd,"Information Support, Esteem Support",1607980425
kd0vsu,gfux3p8,Esteem Support,1607984540
kcueyg,gfsp50e,"Information Support, Tangible Assistance",1607937758
kcsqb4,gi2kbqe,"Emotional Support, Esteem Support, Group Interaction",1609771450
kcsqb4,gfu9vwe,"Information Support, Esteem Support",1607973440
kcofoc,gj021u2,"Information Support, Emotional Support, Esteem Support, Tangible Assistance",1610461160
kclpch,gj01n9g,"Information Support, Emotional Support",1610460934
kcl8p3,gfrds43,"Emotional Support, Esteem Support, Group Interaction",1607905405
kcl8p3,gfrqwad,"Information Support, Group Interaction",1607912587
kciwx3,gfqrrm2,"Information Support, Esteem Support",1607894431
kciwx3,gfrktvj,"Information Support, Esteem Support, Tangible Assistance",1607909265
kche8e,gftnovx,"Information Support, Esteem Support",1607962899
kche8e,gj00con,"Information Support, Esteem Support",1610460201
kchaxe,gfrt7un,"Emotional Support, Group Interaction",1607913848
kchaxe,gj0027a,"Information Support, Esteem Support, Group Interaction",1610460030
kcfby8,gfrgmod,"Emotional Support, Esteem Support, Tangible Assistance, Group Interaction",1607906919
kcfby8,gizzw3e,"Information Support, Emotional Support, Esteem Support",1610459933
kcdpil,gfpps4j,"Information Support, Emotional Support, Esteem Support",1607878517
kc554m,gizy657,"Information Support, Emotional Support, Esteem Support",1610458897
kc4mxk,gfsetww,Information Support,1607927834
kc4mxk,gizxny1,Information Support,1610458578
kbok7z,gfjav5i,"Information Support, Emotional Support, Esteem Support",1607785864
kbn2yp,gfl39ap,"Information Support, Esteem Support",1607807096
kbn2yp,gfihxy6,"Information Support, Esteem Support",1607773991
kbjy6h,gfjylxz,"Emotional Support, Group Interaction",1607793898
kbjy6h,gizwhef,"Information Support, Esteem Support",1610457815
kbilhj,gfhw8cw,"Emotional Support, Group Interaction",1607754692
kbilhj,gfhm2g2,"Emotional Support, Tangible Assistance",1607747038
kbilhj,gfi3jc7,"Emotional Support, Esteem Support, Group Interaction",1607761653
kbilhj,gfi43u8,"Information Support, Emotional Support, Tangible Assistance, Group Interaction",1607762253
kbilhj,gfi4si7,"Emotional Support, Esteem Support, Group Interaction",1607762968
kbilhj,gfio12n,"Information Support, Emotional Support, Esteem Support",1607776979
kbilhj,gfiyfzf,Tangible Assistance,1607781390
kbilfp,gfjyyun,"Information Support, Emotional Support",1607794015
kbilfp,gizve7k,"Information Support, Emotional Support",1610457073
kbfmgr,gfh82ck,"Information Support, Emotional Support, Esteem Support",1607738572
kbdpyb,gfgli4g,"Information Support, Group Interaction",1607730422
kbdpyb,gizuvoa,"Emotional Support, Esteem Support, Group Interaction",1610456705
kbc6hq,gfgtmha,Information Support,1607733738
kbb7xj,gfgj4zz,"Information Support, Emotional Support, Esteem Support, Tangible Assistance, Group Interaction",1607729413
kbb7xj,gfgf5md,"Emotional Support, Tangible Assistance",1607727948
kbayek,gfg1d16,"Information Support, Emotional Support, Group Interaction",1607721607
kbayek,gfg7hc8,"Information Support, Emotional Support, Group Interaction",1607724729
kbayek,gfgmu21,"Information Support, Group Interaction",1607730905
kbayek,gfhictn,Information Support,1607744677
kbayek,gfhmqnn,Information Support,1607747491
kb2kp8,gizu8lc,"Information Support, Emotional Support, Esteem Support",1610456237
kazlan,gfdqkio,"Information Support, Emotional Support, Esteem Support",1607684311
kazj7e,giztxm2,"Information Support, Emotional Support, Esteem Support",1610456013
kazj7e,gfdr6m9,"Information Support, Emotional Support, Esteem Support, Tangible Assistance",1607684938
kayaet,gfdj56v,"Information Support, Emotional Support",1607676627
kayaet,gfdsfpb,"Information Support, Emotional Support, Esteem Support",1607686179
kay66z,gizt6ug,"Information Support, Emotional Support, Esteem Support",1610455446
kau0o1,gfcp0hv,"Information Support, Emotional Support",1607655246
kau0o1,gfcu8y2,"Information Support, Esteem Support",1607658059
kau0o1,gfdm20z,"Information Support, Esteem Support",1607679565
kau0o1,gfdvkd7,"Information Support, Emotional Support",1607689102
katulv,gfdv7uq,"Emotional Support, Esteem Support",1607688800
kasqsr,gfcusy2,Esteem Support,1607658369
kasqsr,gfgn7zk,"Information Support, Esteem Support",1607731047
kasqsr,gfhzwn0,,1607758060
kaefny,gfam5qf,Information Support,1607617284
kaefny,gfbjw0f,"Information Support, Emotional Support, Esteem Support",1607632889
kaefny,giutqtd,"Information Support, Emotional Support, Esteem Support",1610352836
kaax3a,gius1dh,"Information Support, Emotional Support",1610351697
kaahl3,giurnuj,"Information Support, Emotional Support, Esteem Support",1610351457
kaaaie,gf9vlu8,"Information Support, Emotional Support, Esteem Support, Tangible Assistance",1607606307
kaaaie,gfbjkf3,"Information Support, Emotional Support, Esteem Support",1607632730
ka9og5,giurazv,"Emotional Support, Esteem Support",1610351216
ka0ikh,gf7kaow,"Information Support, Esteem Support",1607548693
k9tyj4,gf6kiqa,"Information Support, Emotional Support, Esteem Support, Group Interaction",1607532246
k9tyj4,giupe0x,"Information Support, Emotional Support",1610349931
k9s9t4,gf6qpja,"Information Support, Esteem Support",1607535062
k9s9t4,gf6czxq,"Information Support, Esteem Support, Group Interaction",1607528714
k9s9t4,gf7g0fm,"Information Support, Esteem Support, Group Interaction",1607546704
k9s9t4,gf6r6zr,"Information Support, Tangible Assistance",1607535281
k9od7p,gf5izn2,"Information Support, Emotional Support, Group Interaction",1607506371
k9od7p,gf8rihg,"Information Support, Esteem Support",1607571907
k9nu8k,gf5i71s,"Emotional Support, Esteem Support",1607505530
k9nu8k,gf6krao,"Information Support, Emotional Support, Esteem Support",1607532357
k9nu8k,gf6mqpe,"Information Support, Emotional Support, Esteem Support",1607533259
k9nu8k,gf74zj6,"Information Support, Emotional Support, Esteem Support, Tangible Assistance",1607541595
k9nq56,giuo2gm,"Information Support, Emotional Support",1610348861
k9l5y5,giunuxj,"Information Support, Emotional Support, Esteem Support",1610348691
k9juns,gf5nwjh,"Information Support, Emotional Support",1607511637
k9juns,giunc8d,"Information Support, Esteem Support",1610348275
k9gq2v,gf4iwu0,"Information Support, Emotional Support, Esteem Support, Group Interaction",1607480392
k9gq2v,gf6srly,"Information Support, Emotional Support, Esteem Support, Tangible Assistance",1607535990
k9c8e6,gf5arxs,Emotional Support,1607498397
k99xtd,giqh1uj,"Information Support, Tangible Assistance",1610255121
k99xtd,gf33xo1,"Information Support, Emotional Support, Esteem Support",1607456683
k96gmx,gf2bn66,"Information Support, Emotional Support, Group Interaction",1607443683
k90yzu,gf1f6f2,"Information Support, Emotional Support, Esteem Support",1607419781
k90yzu,gf5blgy,"Information Support, Esteem Support",1607499113
k8wau2,gf1yuh9,Information Support,1607436999
k8wau2,gf1yye9,Esteem Support,1607437064
k8wau2,gf5kuq9,"Information Support, Esteem Support",1607508407
k8w7ml,giqg4ae,"Information Support, Emotional Support, Esteem Support",1610254533
k8w7ml,gf1qkwq,"Information Support, Emotional Support, Esteem Support",1607431244
k8szmj,gf0d9y8,Information Support,1607392474
k8szmj,gf0m5kd,Information Support,1607397356
k8szmj,gf11ysi,"Information Support, Esteem Support, Group Interaction",1607407334
k8szmj,gf16hlb,"Information Support, Group Interaction",1607411142
k8phlc,gf0ev62,"Emotional Support, Esteem Support",1607393328
k8nh7e,gf1zpow,"Information Support, Esteem Support",1607437508
k8ly9j,geyvqe0,"Emotional Support, Esteem Support",1607366321
k8ly9j,gezeer1,"Information Support, Emotional Support, Esteem Support, Tangible Assistance",1607374144
k8k497,geywdzr,Information Support,1607366578
k8k497,gfgaupt,"Emotional Support, Esteem Support, Tangible Assistance, Group Interaction",1607726395
k8h4oj,gexx3gx,"Information Support, Esteem Support",1607349975
k8h4oj,geylgei,Information Support,1607362298
k8h4oj,gey74wi,Information Support,1607355691
k8h4oj,gey6r02,Information Support,1607355493
k841p6,gewburj,"Emotional Support, Esteem Support, Group Interaction",1607304696
k841p6,gewelkr,"Information Support, Emotional Support",1607306246
k841p6,gewr2pg,"Emotional Support, Esteem Support",1607313405
k7z0o3,gev9wjp,"Information Support, Emotional Support, Esteem Support",1607285371
k7z0o3,jtrdgo1,Information Support,1690516720
k7z0o3,jtrz7br,"Information Support, Group Interaction",1690531116
k7z0o3,jtufi09,"Information Support, Emotional Support, Esteem Support",1690572259
k7nhox,gesevqg,Information Support,1607236385
k7mza4,gijdxwx,"Information Support, Emotional Support",1610112232
k7mza4,gesl2n2,Information Support,1607239810
k7ksq8,gijdn70,"Information Support, Emotional Support",1610112033
k7ksq8,gerx7ih,"Information Support, Emotional Support, Esteem Support",1607226862
k79u2m,gijcy0j,Information Support,1610111555
k795f3,gepftvz,"Information Support, Esteem Support",1607183124
k72blz,gijbgg3,"Information Support, Emotional Support",1610110484
k72blz,gesn6wb,"Emotional Support, Group Interaction",1607240796
k6yx1u,geo3tmf,Information Support,1607141492
k6y9yx,gentgix,"Information Support, Emotional Support, Esteem Support, Group Interaction",1607134891
k6wfad,genxo09,"Information Support, Emotional Support, Esteem Support, Group Interaction",1607137514
k6wfad,gentt3l,"Information Support, Emotional Support, Esteem Support",1607135104
k6wfad,geno6kz,"Esteem Support, Tangible Assistance, Group Interaction",1607131730
k6t560,gennqpi,"Emotional Support, Group Interaction",1607131469
k6t560,geo0w6n,"Emotional Support, Esteem Support, Tangible Assistance",1607139591
k6d9ie,gij9hyn,"Information Support, Emotional Support",1610108972
k6d9ie,gekzrkw,Information Support,1607078832
k6090c,gelrgmb,"Information Support, Emotional Support, Esteem Support",1607096526
k606om,gij8s5g,"Information Support, Esteem Support",1610108375
k5t08l,gegvehj,"Emotional Support, Esteem Support",1606982935
k5scuz,gegwa3t,"Information Support, Emotional Support, Esteem Support",1606983799
k5scuz,gehnipf,"Information Support, Esteem Support",1607007190
k5rip4,gi185xr,"Information Support, Emotional Support, Esteem Support",1609733028
k5rip4,gehaa5m,"Information Support, Emotional Support, Esteem Support, Tangible Assistance",1606998427
k5rip4,gehsooc,"Information Support, Emotional Support, Esteem Support, Tangible Assistance, Group Interaction",1607009899
k5rip4,gelqis0,"Information Support, Emotional Support, Esteem Support",1607096050
k5rip4,geoc2gj,"Information Support, Emotional Support, Esteem Support",1607147333
k5qqvl,gi17rym,"Information Support, Emotional Support, Group Interaction",1609732826
k5qqvl,geocobf,"Emotional Support, Tangible Assistance",1607147822
k5n0xy,gi16y9x,"Information Support, Emotional Support",1609732403
k5n0xy,gefu8tt,"Information Support, Emotional Support, Esteem Support",1606958172
k5imc6,gi15hsx,"Information Support, Esteem Support",1609731663
k5g5vx,gi12vas,"Information Support, Esteem Support",1609730256
k5ei46,gi12hmn,"Information Support, Emotional Support, Esteem Support",1609730051
k5ei46,gel1l92,Information Support,1607080339
k5ei46,gjycpiv,Information Support,1611157625
k57w6c,gi11orx,"Information Support, Emotional Support, Esteem Support",1609729626
k57w6c,geeuemc,,1606941384
k57w6c,gel24jd,,1607080750
k51rri,gi1109h,"Information Support, Esteem Support",1609729256
k4vgme,gebjbv9,"Emotional Support, Esteem Support",1606870855
k4vgme,gecfyfu,"Information Support, Emotional Support, Esteem Support",1606891119
k4vgme,gech22m,"Information Support, Esteem Support, Group Interaction",1606892050
k4ooyx,geafkwy,"Information Support, Emotional Support, Esteem Support, Tangible Assistance, Group Interaction",1606851053
k4ooyx,geatn0g,,1606857609
k4cotm,ge865xn,,1606795505
k4cotm,ge8anrq,"Information Support, Esteem Support",1606798224
k4cotm,ge91ygk,Information Support,1606823735
k4cotm,geapoa7,"Information Support, Group Interaction",1606855729
k4cotm,ghnpnhf,Information Support,1609460921
k4agzv,ge92o22,"Information Support, Esteem Support, Tangible Assistance",1606824416
k4agzv,ghnnhba,"Emotional Support, Esteem Support",1609459661
k49pwl,ge7xmzt,Information Support,1606790722
k49pwl,ge7yros,"Information Support, Emotional Support",1606791341
k49pwl,ge862yy,"Emotional Support, Esteem Support, Group Interaction",1606795460
k49pwl,ge895hv,Emotional Support,1606797259
k47wum,ge7bvh0,"Esteem Support, Group Interaction",1606779521
k47wum,ge7mrds,"Emotional Support, Esteem Support",1606784940
k47wum,ghnmwon,"Emotional Support, Esteem Support, Group Interaction",1609459322
k46tlb,ge76nof,"Information Support, Emotional Support",1606777278
k4319e,ge6fusp,"Emotional Support, Esteem Support",1606764862
k4319e,ge6ll2p,"Information Support, Emotional Support, Esteem Support, Tangible Assistance",1606767533
k4319e,ge6w7xb,"Information Support, Emotional Support, Esteem Support",1606772601
k4319e,ge7eyzi,Information Support,1606780866
k3zuj6,ghhtr9a,"Information Support, Esteem Support",1609332725
k3zuj6,ge6oj0m,Group Interaction,1606768911
k3xw33,ghhthqs,Information Support,1609332503
k3t4w2,ge4wtd1,,1606730875
k3p1li,ge4zhsc,"Esteem Support, Group Interaction",1606733835
k3p1li,ge5ddy1,"Information Support, Emotional Support, Esteem Support",1606745608
k3m2hu,ge4c8yn,"Information Support, Emotional Support, Esteem Support, Tangible Assistance",1606712237
k3fnig,ge3fqcj,"Information Support, Esteem Support",1606693355
k3fnig,ge419yf,"Information Support, Esteem Support",1606705418
k399vk,ge1n51o,"Emotional Support, Esteem Support",1606664661
k399vk,ge1ehyq,"Information Support, Emotional Support, Esteem Support, Tangible Assistance",1606661566
k35lsj,ge16hor,"Emotional Support, Esteem Support, Group Interaction",1606658402
k33v8i,gdzivzw,"Information Support, Emotional Support, Esteem Support",1606630782
k32sbc,gdz6mcz,"Information Support, Esteem Support",1606624308
k326zk,gh1qwqj,"Information Support, Emotional Support, Esteem Support",1608958066
k326zk,gdz45u1,"Emotional Support, Esteem Support, Group Interaction",1606622735
k321pd,gh1qc9p,"Information Support, Esteem Support",1608957619
k321pd,gefkr6w,"Information Support, Emotional Support, Esteem Support",1606953474
k2njs8,gh1oisk,"Information Support, Emotional Support, Tangible Assistance, Group Interaction",1608956220
k2njs8,gdvj2mz,"Information Support, Emotional Support, Esteem Support",1606574383
k2njs8,gdvt5xu,"Information Support, Esteem Support, Tangible Assistance",1606578731
k2njs8,gdwexh7,"Emotional Support, Esteem Support, Tangible Assistance, Group Interaction",1606586930
k2hy1w,gdug8ec,"Information Support, Esteem Support, Group Interaction",1606547956
k2e9ze,gdtqby5,Group Interaction,1606529010
k2e9ze,gdtx84y,Esteem Support,1606533425
k2930u,gefld7q,"Information Support, Emotional Support, Esteem Support",1606953800
k27k39,gdt4jbv,"Information Support, Emotional Support, Esteem Support",1606516009
k27k39,gekvvgi,Information Support,1607074756
k22jtb,gdsohz5,Information Support,1606507087
k22jtb,gdy5eg2,"Information Support, Emotional Support, Group Interaction",1606608195
k1yl50,gds1kam,Information Support,1606495880
k1yl50,gdt69z1,,1606516998
k1yl50,gdslnyj,"Information Support, Emotional Support, Esteem Support",1606505518
k1tln0,gdqkzjz,"Tangible Assistance, Group Interaction",1606454043
k1tln0,gdqhsvc,"Information Support, Emotional Support",1606451724
k1tln0,gdtv8eg,"Information Support, Tangible Assistance, Group Interaction",1606532114
k1f7d4,gdo4hjs,"Emotional Support, Esteem Support",1606404367
k1f7d4,gdns089,Information Support,1606397242
k1bp4e,gduh1ib,"Information Support, Emotional Support, Tangible Assistance",1606548738
k1bebg,hi9nwx0,"Information Support, Emotional Support, Esteem Support, Group Interaction",1635354004
k1b0hn,ge02vmd,Emotional Support,1606639844
k17odn,gdmljqm,"Information Support, Emotional Support, Esteem Support, Tangible Assistance",1606365054
k13tra,gdmmmgo,"Information Support, Esteem Support",1606365798
k12eyw,gdlodvl,Esteem Support,1606344901
k0p35w,gdkp1bj,"Information Support, Group Interaction",1606326902
k0mp8s,gdl7sdu,Group Interaction,1606336236
k0mp8s,gdlo8jf,Group Interaction,1606344820
k0mp8s,gdzo2pl,"Emotional Support, Group Interaction",1606633144
k04yqi,gdg48en,"Information Support, Emotional Support, Esteem Support, Group Interaction",1606229519
k04yqi,gdg47l6,"Information Support, Esteem Support",1606229506
k04yqi,gdlpien,"Information Support, Emotional Support, Esteem Support",1606345524
k015xr,gdg4syb,"Information Support, Emotional Support, Esteem Support",1606229826
jzyx95,gdeyy01,"Information Support, Emotional Support, Esteem Support",1606198224
jzy5ig,gdmms0s,"Information Support, Emotional Support",1606365907
jzwnpy,gdlpl4y,Information Support,1606345566
jzvr61,gdebld4,"Information Support, Emotional Support, Esteem Support, Group Interaction",1606184014
jzvr61,gdegu4a,"Information Support, Emotional Support, Esteem Support",1606186799
jzvr61,gdflm33,"Information Support, Esteem Support",1606219606
jzs780,gde1km8,"Information Support, Emotional Support, Esteem Support, Group Interaction",1606178629
jzesg7,gdf0n42,"Emotional Support, Esteem Support, Group Interaction",1606199586
jzdfin,gdbs37t,"Information Support, Esteem Support",1606136382
jz9yko,gdonmef,"Information Support, Emotional Support, Esteem Support",1606414108
jz7awk,gdbacwu,"Information Support, Emotional Support, Esteem Support, Group Interaction",1606118326
jz4dmn,gda4rqa,"Information Support, Emotional Support, Esteem Support, Tangible Assistance",1606091237
jz4dmn,gdaucr8,"Information Support, Emotional Support, Tangible Assistance",1606105443
jz44ex,gd9lqlb,"Information Support, Emotional Support, Esteem Support",1606082255
jz23cw,gdgkupd,"Emotional Support, Esteem Support, Group Interaction",1606237441
jypp16,gd8e7sj,"Information Support, Esteem Support",1606063530
jypbb1,gd9lp7o,"Information Support, Emotional Support, Esteem Support, Group Interaction",1606082236
jymuvs,gd5jkej,"Information Support, Esteem Support",1606015291
jymuvs,gd9rbpz,"Information Support, Esteem Support",1606085127
jyiow0,gd45d2w,"Tangible Assistance, Group Interaction",1605994622
jyhphb,gd4sbmw,"Information Support, Emotional Support, Esteem Support",1606003290
jyhphb,gda6dfg,"Information Support, Emotional Support, Tangible Assistance",1606091958
jyfxyp,gdaqngb,"Information Support, Esteem Support, Group Interaction",1606103159
jyburv,gd2e4ue,Information Support,1605971921
jyburv,gd2f16z,Information Support,1605972372
jyburv,gd4ttau,"Information Support, Emotional Support, Esteem Support, Group Interaction",1606004129
jy13ep,gd12rrc,Information Support,1605947261
jxyk4r,gczo5bp,"Information Support, Esteem Support",1605913177
jxye3d,gczpkk2,"Information Support, Emotional Support, Esteem Support, Tangible Assistance, Group Interaction",1605913921
jxxnts,gd0omh1,Information Support,1605934951
jxwkdu,gczgrwy,"Information Support, Emotional Support, Esteem Support, Tangible Assistance, Group Interaction",1605909348
jxtltv,gcypcca,"Information Support, Esteem Support, Group Interaction",1605895798
jxmboj,gcxs6xx,Emotional Support,1605878388
jxmboj,gcy3vss,"Emotional Support, Esteem Support",1605885353
jxmboj,gcyxl77,"Information Support, Esteem Support, Group Interaction",1605899755
jxmboj,gczfcmd,"Information Support, Emotional Support, Group Interaction",1605908603
jxjtgt,gcxly1u,"Information Support, Emotional Support, Tangible Assistance, Group Interaction",1605873233
jxamzc,gcwat7g,Information Support,1605836285
jxamzc,gcwz9hf,"Emotional Support, Group Interaction",1605850805
jxa9ap,gcx0i1h,"Information Support, Emotional Support, Esteem Support, Tangible Assistance, Group Interaction",1605851776
jx6q68,gcuvgvt,"Emotional Support, Esteem Support",1605812498
jx6q68,gcv69sj,"Esteem Support, Group Interaction",1605817643
jx6q68,gcvvztj,"Emotional Support, Esteem Support, Group Interaction",1605828345
jx6gos,gcuggh0,"Emotional Support, Esteem Support",1605805562
jx5yiy,gcvjdod,"Information Support, Emotional Support, Esteem Support, Group Interaction",1605823025
jx3e2p,gcu7og2,"Information Support, Emotional Support, Esteem Support",1605801377
jx0y3x,gcto9qu,Information Support,1605790032
jx0y3x,gcu01o3,,1605797437
jx0y3x,gcxtrpe,"Information Support, Group Interaction",1605879478
jx0y3x,gctz72y,"Information Support, Tangible Assistance",1605796972
jx0y3x,gcusel0,Information Support,1605811074
jwyyrl,gct99wg,"Information Support, Esteem Support",1605775134
jwyyrl,gct9h6g,"Information Support, Esteem Support",1605775339
jwyyrl,gct9e4y,"Esteem Support, Group Interaction",1605775253
jwyyrl,gdb3c0h,Information Support,1606111956
jwybd8,gct4xaj,Information Support,1605770924
jwybd8,gcucdra,"Information Support, Emotional Support",1605803648
jwwpnh,gct8pif,"Emotional Support, Esteem Support",1605774553
jwt1v5,gcvgrir,"Information Support, Esteem Support",1605821992
jwrdgy,gcsd6nz,"Information Support, Emotional Support, Esteem Support",1605752149
jwrdgy,gcrx0ps,,1605743317
jwi8v0,gcrp89g,,1605739860
jwhqn5,gcq6tk8,"Information Support, Esteem Support",1605714119
jwhqn5,gcrjdlg,"Emotional Support, Esteem Support",1605737116
jw9xjp,gcpksbv,"Information Support, Group Interaction",1605699813
jw9xjp,gcozft6,"Information Support, Emotional Support",1605678717
jw9xjp,gd5hyye,"Information Support, Emotional Support",1606014321
jw9ud3,gcozylt,"Emotional Support, Esteem Support",1605679140
jw3prk,gco4fro,"Information Support, Esteem Support",1605659731
jvt67d,gcmd2ii,"Information Support, Esteem Support",1605629287
jvt67d,gcn9xls,"Information Support, Emotional Support, Esteem Support",1605644385
jvot4y,gcnba6z,"Information Support, Group Interaction",1605644998
jvl0o6,gcmzoin,"Information Support, Esteem Support, Group Interaction",1605639671
jvcnuc,gcivdnc,"Emotional Support, Esteem Support, Group Interaction",1605553834
jvcnuc,gcj5889,Emotional Support,1605558063
jvcnuc,gcizv3e,Group Interaction,1605555676
jvcnuc,gcj1t1m,"Information Support, Esteem Support",1605556488
jvcnuc,gcizvyl,"Information Support, Emotional Support, Esteem Support",1605555685
jvcnuc,gcj5yes,"Emotional Support, Esteem Support, Group Interaction",1605558403
jvcnuc,gckbe6k,"Information Support, Emotional Support, Esteem Support, Group Interaction",1605576306
jvcnuc,gcjc2ag,Esteem Support,1605560765
jvcnuc,gcjaout,"Esteem Support, Group Interaction",1605560232
jvcnuc,gcju4y7,"Emotional Support, Esteem Support, Group Interaction",1605567991
jvcnuc,gck329c,"Emotional Support, Esteem Support, Group Interaction",1605571773
jvcnuc,gck46qp,"Information Support, Esteem Support",1605572372
jvcnuc,gckl4ym,Esteem Support,1605581498
jvcnuc,gcl3aas,Group Interaction,1605593034
jvcnuc,gcnajg0,Group Interaction,1605644659
jvcnuc,gcpdknh,"Information Support, Emotional Support, Esteem Support",1605692157
jvcnuc,gd0d4pd,"Emotional Support, Group Interaction",1605927517
jvcnuc,gdd2f76,"Emotional Support, Group Interaction",1606161044
jvcnuc,gfwuc9y,"Emotional Support, Esteem Support, Group Interaction",1608031157
jvbta1,gcjbsst,"Information Support, Emotional Support, Esteem Support",1605560664
jvbg63,gcjc8yj,Information Support,1605560836
jv8nvx,gci3yz7,Information Support,1605540763
jv5xjy,gci8zyu,Information Support,1605543298
jv5xjy,gclc1a9,"Information Support, Esteem Support",1605600727
juyzi6,gcgo039,Information Support,1605499386
juvajd,gcg89v1,"Information Support, Emotional Support, Esteem Support",1605490932
jutea0,gcfk06f,"Information Support, Emotional Support, Esteem Support",1605478330
juqgvt,gcexhqc,Emotional Support,1605466874
juqgvt,gcg7ne7,"Emotional Support, Esteem Support, Group Interaction",1605490612
juqgvt,gceyx47,"Emotional Support, Group Interaction",1605467613
juqgvt,gcexu58,"Emotional Support, Group Interaction",1605467048
jupr0g,gceobvo,"Information Support, Esteem Support, Group Interaction",1605462060
jujrcz,gce10n9,"Information Support, Emotional Support, Esteem Support, Tangible Assistance",1605447696
jugr1v,gccir3q,"Information Support, Emotional Support, Esteem Support",1605418982
jugr1v,gcjxszt,"Information Support, Emotional Support, Esteem Support, Tangible Assistance",1605569526
jug7mj,gccdazn,"Information Support, Esteem Support, Group Interaction",1605416762
jug4i0,gcd39rf,"Information Support, Emotional Support, Esteem Support",1605429347
ju41kk,gc9edba,Information Support,1605369340
ju41kk,gc9nkcj,"Information Support, Esteem Support",1605374647
ju0jei,gc9kxj3,"Information Support, Group Interaction",1605373159
jtq55s,gc7lgii,"Information Support, Emotional Support, Esteem Support",1605315886
jtq55s,gcjw1qk,"Information Support, Esteem Support",1605568787
jt73t5,gc47hfy,"Information Support, Group Interaction",1605236516
jt73t5,gc4umoc,"Information Support, Emotional Support, Tangible Assistance, Group Interaction",1605253277
jt73t5,gc71ajt,"Information Support, Esteem Support",1605304561
jt4z8k,gc3l497,"Information Support, Emotional Support, Esteem Support",1605223674
jt4z8k,gc3fs1z,,1605220848
jsqelt,gc1c0yx,"Information Support, Emotional Support, Esteem Support, Tangible Assistance",1605181791
jsqelt,gc2j0g2,Information Support,1605205381
jsqelt,gc0wdnp,"Information Support, Emotional Support, Esteem Support",1605168417
jsqelt,gcnv9dd,Information Support,1605654666
jsklaj,gc0m7g8,Information Support,1605161461
jsh0xm,gbzpgcn,Group Interaction,1605142668
jsh0xm,gc0kfom,"Emotional Support, Group Interaction",1605160371
jsh0xm,gc0lugj,"Information Support, Esteem Support, Group Interaction",1605161243
jsgh2r,gbz06ce,,1605127797
js3jcf,gbzgajh,Information Support,1605137781
jryevm,gc5r7yd,,1605281780
jrtuir,gbvcpiv,"Information Support, Esteem Support",1605044061
jrones,gbumzbx,Information Support,1605031867
jrones,gc0ky4j,Information Support,1605160693
jrndwf,gbuxf6w,"Information Support, Emotional Support",1605036704
jrmrsw,gbvmc0n,"Emotional Support, Group Interaction",1605048983
jrmrsw,gbvhdov,Information Support,1605046418
jri0i3,gbtclp6,"Emotional Support, Esteem Support, Group Interaction",1605003110
jri0i3,gbtkfwf,"Esteem Support, Group Interaction",1605011089
jrhsop,gbu387d,"Information Support, Emotional Support, Esteem Support, Group Interaction",1605022586
jrhsop,gbtl2vm,Information Support,1605011622
jrhsop,gbu5fh1,Information Support,1605023664
jrhsop,gbugh3q,"Information Support, Emotional Support",1605028855
jrbbxz,gbtqgfd,"Information Support, Emotional Support, Esteem Support",1605015507
jranbu,gbs7h76,"Information Support, Esteem Support",1604972015
jranbu,gc0gpce,,1605158134
jr32t5,gbqxrm7,"Information Support, Emotional Support",1604949815
jr32t5,gbruz4z,,1604965813
jr32t5,gc0jttm,Information Support,1605159991
jqwibd,gbqao3h,"Information Support, Esteem Support",1604938653
jqwibd,gbqypn8,"Information Support, Emotional Support, Esteem Support",1604950279
jquhxt,gbpnt4e,Esteem Support,1604924819
jquhxt,gbppw6b,"Information Support, Esteem Support",1604926487
jquhxt,gbq6byv,"Information Support, Esteem Support",1604936445
jquhxt,gbq7c9j,"Information Support, Esteem Support",1604936963
jqch8k,gecb9nk,Group Interaction,1606887431
jq5ovt,gbkchj5,"Information Support, Esteem Support",1604814801
jq3z7f,gbjgxnq,,1604803508
jpyljd,gbi4ofp,"Information Support, Emotional Support, Esteem Support, Group Interaction",1604786924
jplsso,gbfthui,"Information Support, Emotional Support, Esteem Support",1604741108
jpk2tm,gbrj4o4,"Information Support, Emotional Support, Esteem Support",1604960265
jpk2tm,gny84p2,"Emotional Support, Esteem Support",1613693827
jpjcjn,gbwvy7c,,1605076724
jpeq23,gbghsdt,"Information Support, Emotional Support, Esteem Support",1604761505
jo3gyo,gb6ecgm,"Information Support, Emotional Support, Esteem Support",1604537093
jo3gyo,gb5imw6,"Information Support, Emotional Support, Esteem Support",1604521408
jo09b9,gb50fd3,Information Support,1604512906
jo09b9,gb5bp52,Information Support,1604518168
jo09b9,gb691g4,"Information Support, Emotional Support, Esteem Support",1604534293
jnshvw,gb46weo,"Information Support, Emotional Support, Esteem Support, Group Interaction",1604498437
jnorg3,gb2vblr,"Information Support, Emotional Support, Esteem Support",1604461540
jnorg3,gb2w8z1,"Information Support, Esteem Support",1604462057
jnorg3,gb2sge0,Information Support,1604459958
jnorg3,gb3pe6i,Information Support,1604484224
jniemp,gb4nsaa,"Information Support, Emotional Support",1604507012
jniemp,gb9ghqj,"Emotional Support, Esteem Support",1604606040
jnfy33,gb1chgg,"Information Support, Emotional Support, Esteem Support",1604432782
jnfy33,gb1ajpn,"Emotional Support, Group Interaction",1604431859
jnd8el,gb140b9,"Information Support, Group Interaction",1604428715
jnd48o,gb0vjjs,Emotional Support,1604424728
jnd48o,gb0xjni,"Emotional Support, Esteem Support",1604425667
jn5rl3,gb0ybpu,Group Interaction,1604426030
jn4zcm,gb9iwsl,"Emotional Support, Group Interaction",1604607158
jn3p2f,gazacln,"Information Support, Emotional Support, Esteem Support",1604383176
jn2ysz,gaz6h4k,Information Support,1604380230
jn2ysz,gazcw12,Information Support,1604385317
jmzq6v,gazcia0,"Information Support, Emotional Support",1604384983
jmzq6v,gb2o830,"Information Support, Emotional Support",1604457604
jmzq6v,gb2pdz3,Information Support,1604458251
jmy2rg,gayjvi1,"Emotional Support, Esteem Support",1604366883
jmv09c,gaxkpct,Esteem Support,1604348648
jmv09c,gaxju4z,,1604348243
jmv09c,gaxlwov,Information Support,1604349223
jmv09c,gaxrzsq,"Information Support, Emotional Support, Group Interaction",1604352151
jmv09c,gaxkhff,Information Support,1604348543
jmv09c,gayhkhj,"Information Support, Emotional Support, Group Interaction",1604365596
jmv09c,gcx99vu,"Information Support, Emotional Support",1605859598
jmkjxj,gaxb7og,"Information Support, Emotional Support, Esteem Support",1604344125
jmjos1,gavxyjn,Esteem Support,1604316508
jmibrg,gawze21,"Information Support, Emotional Support",1604338590
jm23yf,gatihtf,"Emotional Support, Esteem Support, Group Interaction",1604258120
jm23yf,gatv43o,"Information Support, Emotional Support",1604264154
jm23yf,gauv073,"Emotional Support, Esteem Support, Group Interaction",1604283215
jltb4p,gar0lf5,"Information Support, Esteem Support",1604192337
jlta8f,gar1290,"Emotional Support, Esteem Support",1604192643
jlta8f,gasl41g,"Information Support, Emotional Support, Esteem Support, Tangible Assistance",1604240034
jlta8f,garchvw,"Emotional Support, Esteem Support, Group Interaction",1604200505
jlta8f,garvbgw,"Information Support, Esteem Support, Group Interaction",1604218355
jln2uj,gaqdyim,"Information Support, Emotional Support, Esteem Support",1604178123
jln2uj,gaqnvku,"Information Support, Esteem Support",1604184202
jln2uj,gaqhad7,"Information Support, Emotional Support, Tangible Assistance",1604180148
jkz6yv,gam8t2i,"Emotional Support, Esteem Support, Group Interaction",1604077681
jkz6yv,gam003x,,1604073379
jkz6yv,gam0ilu,"Information Support, Emotional Support, Esteem Support, Group Interaction",1604073631
jkz6yv,gamfwqe,"Information Support, Emotional Support, Group Interaction",1604081152
jktqba,gama3vn,"Emotional Support, Esteem Support, Group Interaction",1604078320
jkqg7u,gam6k7c,"Information Support, Emotional Support, Esteem Support, Group Interaction",1604076584
jkpgvn,gakph6j,Emotional Support,1604036619
jkpgvn,gakl2vb,"Information Support, Emotional Support, Esteem Support",1604032947
jkpgvn,gakzgcm,"Information Support, Emotional Support, Esteem Support, Group Interaction",1604047105
jkpgvn,gamuwmm,"Information Support, Emotional Support, Esteem Support",1604088770
jkl2xv,gakek14,"Information Support, Emotional Support, Tangible Assistance",1604028366
jkkvjk,gak8d6w,"Information Support, Esteem Support",1604024774
jkgd3r,gajtmoo,Emotional Support,1604016621
jkgd3r,gal1nx7,"Emotional Support, Esteem Support",1604049637
jkgd3r,gaix2e6,Emotional Support,1604000077
jju0ed,gagi0o3,"Information Support, Emotional Support, Esteem Support, Group Interaction",1603943523
jjqmja,gaf1ml4,"Information Support, Esteem Support",1603916265
jjqmja,gagjqqd,"Information Support, Esteem Support",1603944740
jjhraq,gaczg0a,"Information Support, Emotional Support",1603870513
jjbq2a,gabuqhm,"Information Support, Group Interaction",1603843161
jjbmny,gac238a,"Information Support, Tangible Assistance",1603847119
jjbmny,gadtlfa,"Information Support, Esteem Support",1603895542
jj9zwk,gablrbo,"Information Support, Emotional Support, Esteem Support",1603838332
jj9zwk,gabtf5c,"Esteem Support, Tangible Assistance, Group Interaction",1603842446
jj1pur,gcq0cgl,Information Support,1605710764
jj12xf,gaa3pqf,"Information Support, Esteem Support",1603812340
jj12xf,gaacq48,"Information Support, Emotional Support, Esteem Support, Group Interaction",1603816630
jiy226,gacraje,,1603862521
jiy226,ga9ljhd,"Information Support, Emotional Support, Esteem Support",1603802143
jiy226,gaa1yk3,"Information Support, Emotional Support, Esteem Support",1603811483
jit3a4,ga8mh1d,"Information Support, Emotional Support, Esteem Support",1603769455
jis5bd,gaba1uh,"Information Support, Emotional Support",1603832355
jinr4g,ga7khew,Information Support,1603748708
jinmfb,ga7n1zc,"Information Support, Emotional Support, Esteem Support",1603750076
jinmfb,gafgmpz,"Information Support, Emotional Support",1603923456
jinmfb,ga7xep0,Emotional Support,1603755769
jinmfb,ga86dwv,"Emotional Support, Esteem Support",1603760654
jinmfb,ga88qoe,"Information Support, Group Interaction",1603761899
jikmgj,ga73rc5,"Information Support, Esteem Support",1603740305
jikmgj,ga8g0u0,"Information Support, Emotional Support, Esteem Support, Group Interaction",1603765751
jiexmv,ga636v2,"Information Support, Esteem Support",1603722165
jiexmv,ga63l6v,"Information Support, Esteem Support",1603722389
jibncn,ga5n05h,"Information Support, Emotional Support",1603710777
jibncn,ga5rpvd,Information Support,1603714867
jial98,ga5cp6c,Information Support,1603699206
ji81kx,ga8hqcu,,1603766683
ji7j70,ga5lu2o,"Information Support, Emotional Support, Group Interaction",1603709600
ji7j70,ga5ts34,"Information Support, Esteem Support",1603716385
ji7j70,ga5yo0l,"Information Support, Emotional Support, Esteem Support, Group Interaction",1603719544
ji6dzj,ga4rwr4,"Information Support, Emotional Support, Esteem Support",1603681636
ji2tdz,ga43syn,"Emotional Support, Esteem Support",1603667725
ji2tdz,ga4pvsb,"Information Support, Emotional Support",1603680392
jhzuzk,ga3lx11,"Information Support, Emotional Support, Esteem Support, Group Interaction",1603658816
jhws5e,ga2oyjh,"Information Support, Esteem Support",1603645913
jhws5e,ga2rkg1,"Information Support, Esteem Support",1603647205
jhp8d0,ga19tsn,"Information Support, Esteem Support",1603618480
jhn0wt,ga05k30,Information Support,1603598563
jhmbdr,ga08p03,"Information Support, Emotional Support, Tangible Assistance",1603599785
jhmbdr,ga08ktn,Group Interaction,1603599739
jhemkt,ga4tf63,"Information Support, Emotional Support",1603682551
jhe1bo,g9xss9a,"Information Support, Emotional Support",1603565729
jhe1bo,g9yzkea,"Information Support, Emotional Support, Esteem Support, Group Interaction",1603582799
jhe1bo,g9z9og3,"Emotional Support, Esteem Support",1603586497
jh6x8o,g9wgxbw,"Emotional Support, Esteem Support",1603542833
jh6x8o,g9xjain,"Esteem Support, Group Interaction",1603560816
jh6x8o,g9xmcu5,"Emotional Support, Esteem Support",1603562397
jh59p8,g9vmhj6,"Information Support, Emotional Support",1603528524
jgzux8,g9ukpy1,"Information Support, Emotional Support, Esteem Support, Tangible Assistance",1603512128
jgqn7x,g9s74l6,"Emotional Support, Esteem Support, Tangible Assistance, Group Interaction",1603477373
jgqn7x,g9s7nx9,"Emotional Support, Esteem Support, Tangible Assistance, Group Interaction",1603477640
jghr8c,g9qprlu,"Emotional Support, Group Interaction",1603443344
jgg76k,g9say9d,"Information Support, Esteem Support, Group Interaction",1603479284
jgg76k,ga558fc,"Information Support, Emotional Support, Esteem Support",1603691349
jgdf4e,g9q2yuq,Information Support,1603423541
jgdf4e,g9psthe,"Information Support, Esteem Support",1603418462
jg84me,g9pg8t8,"Information Support, Emotional Support, Esteem Support",1603411844
jg78up,g9oy2ud,Emotional Support,1603402108
jg78up,g9qcluz,"Information Support, Emotional Support",1603430108
jg32an,g9o2m9c,Emotional Support,1603388505
jg32an,g9nu58w,Information Support,1603384451
jg32an,g9ofn43,"Emotional Support, Tangible Assistance",1603394372
jg32an,g9q59xs,Emotional Support,1603424871
jg18yr,g9nmp3u,Information Support,1603380816
jg18yr,g9nmrnz,Information Support,1603380851
jg18yr,ge8v47q,,1606816450
jfx2ax,g9mulds,,1603362565
jfx2ax,g9mv3hm,"Esteem Support, Group Interaction",1603363081
jfx2ax,g9muy3s,"Esteem Support, Group Interaction",1603362928
jfwbq7,g9qbk3j,Emotional Support,1603429267
jfsoqu,g9mntr8,"Information Support, Emotional Support, Esteem Support, Tangible Assistance",1603354921
jfpnyj,g9lor7z,Information Support,1603328533
jfpnyj,g9lq3f3,"Information Support, Group Interaction",1603329312
jfp4vu,g9lli2w,"Information Support, Esteem Support",1603326664
jfp4vu,g9lld2d,"Information Support, Emotional Support, Esteem Support",1603326587
jfp4vu,g9mo8nj,"Information Support, Esteem Support",1603355391
jfp4vu,g9ngll4,"Information Support, Emotional Support, Tangible Assistance",1603377772
jfp2xr,g9lm8fn,"Information Support, Esteem Support",1603327082
jfoota,g9ljx18,Information Support,1603325767
jfoota,gaawvgq,Emotional Support,1603826041
jfnv4c,g9li72c,Esteem Support,1603324772
jfnv4c,g9mtp8n,Information Support,1603361618
jfnv4c,g9mtwyp,Information Support,1603361848
jfnv4c,g9mudkm,,1603362340
jfmo5b,g9liy2g,"Information Support, Esteem Support",1603325207
jfmo5b,g9pis9z,Emotional Support,1603413279
jfl269,g9kzpt1,Esteem Support,1603315167
jfl269,g9l1i3u,Information Support,1603316000
jfj3va,g9la1h1,Emotional Support,1603320121
jfhz62,g9l1ddh,"Information Support, Emotional Support, Esteem Support",1603315942
jfhp59,g9khzzn,"Information Support, Group Interaction",1603306588
jfhp59,g9k975a,"Emotional Support, Esteem Support",1603302435
jfhp59,g9k9iwb,"Information Support, Emotional Support, Esteem Support, Group Interaction",1603302589
jfhp59,g9ks7em,"Information Support, Esteem Support",1603311495
jfdhtj,g9jyizc,"Information Support, Emotional Support, Esteem Support",1603297338
jfczn4,g9k79k5,"Information Support, Emotional Support, Esteem Support, Group Interaction",1603301526
jf7nay,g9ivjcd,"Information Support, Emotional Support",1603270535
jf4wsj,g9i85tk,"Information Support, Emotional Support, Esteem Support",1603249916
jf4wsj,g9ievq3,Information Support,1603254589
jf4wsj,g9j6d4o,Information Support,1603281522
jf3i72,g9i204o,Information Support,1603246130
jez87a,g9hoo1r,,1603238499
jez87a,g9i5fln,"Information Support, Esteem Support, Tangible Assistance",1603248211
jez87a,g9hkjhw,Information Support,1603236127
jez7no,g9hzel7,"Information Support, Emotional Support, Esteem Support",1603244614
jey99s,g9haj90,"Information Support, Emotional Support",1603230878
jey99s,g9hh9jf,Information Support,1603234264
jey99s,g9hnikd,"Emotional Support, Esteem Support, Group Interaction",1603237840
jey99s,gh87y08,Information Support,1609108149
jexk5h,g9gz055,Information Support,1603226086
jexk5h,g9hfdam,"Information Support, Esteem Support",1603233214
jewis2,g9gsyyv,"Information Support, Esteem Support, Tangible Assistance",1603223631
jewis2,g9guhmy,"Information Support, Emotional Support",1603224273
jettws,g9hghcq,Information Support,1603233830
jesujp,g9g4em6,"Information Support, Emotional Support, Tangible Assistance, Group Interaction",1603211822
jesujp,g9gp7bx,"Information Support, Emotional Support, Esteem Support",1603221867
jesujp,g9gs5y4,"Information Support, Tangible Assistance",1603223259
jesujp,g9gxdhw,"Information Support, Esteem Support",1603225426
jesujp,g9hofkw,"Information Support, Emotional Support, Esteem Support",1603238364
jes6du,g9gse68,"Emotional Support, Esteem Support, Group Interaction",1603223366
jes6du,g9fzv98,"Information Support, Esteem Support, Tangible Assistance, Group Interaction",1603209625
jes6du,g9g3a8g,"Information Support, Emotional Support, Esteem Support, Tangible Assistance, Group Interaction",1603211281
jes171,g9gyj23,"Information Support, Emotional Support",1603225889
jes171,g9jn700,Information Support,1603291755
jeo9a0,g9fmzjk,"Information Support, Tangible Assistance",1603203073
jeo9a0,g9fkxzs,"Information Support, Group Interaction",1603201928
jdxnyg,g9beufz,"Information Support, Emotional Support",1603110032
jdxnyg,g9begih,"Information Support, Emotional Support, Tangible Assistance",1603109805
jdvh6t,g9azs6p,"Information Support, Emotional Support, Esteem Support",1603094699
jdv44t,g9bfsre,"Information Support, Emotional Support, Esteem Support",1603110603
jdtqnl,g9amux1,"Emotional Support, Esteem Support, Group Interaction",1603082209
jdtqnl,g9azb0b,"Information Support, Emotional Support, Esteem Support, Group Interaction",1603094149
jdq215,g99om1x,,1603061192
jdmwi8,g999235,"Emotional Support, Esteem Support",1603052864
jdfuul,g992fr5,,1603049831
jdfuul,g9965hb,"Information Support, Emotional Support",1603051529
jdf1ny,g97lxnw,"Emotional Support, Esteem Support",1603022112
jd6jz5,g99ap1z,"Information Support, Emotional Support",1603053664
jd28b4,g94wsxe,Information Support,1602965637
jd1oas,g97tgct,"Information Support, Esteem Support, Group Interaction",1603026121
jcz39q,g964f67,"Information Support, Emotional Support, Esteem Support",1602987121
jcxqjz,g95mfqx,"Information Support, Emotional Support, Esteem Support",1602977934
jcxqjz,g943y3p,Information Support,1602950602
jcvwn2,g93vski,"Information Support, Emotional Support",1602946358
jcvwn2,g963e9o,"Information Support, Emotional Support, Esteem Support, Group Interaction",1602986564
jcm8cd,g936s30,"Information Support, Esteem Support",1602926355
jck96z,g9258e5,"Information Support, Emotional Support, Esteem Support, Tangible Assistance",1602895513
jck96z,g91w9r5,"Information Support, Esteem Support",1602890005
jck96z,g93rdnn,"Information Support, Emotional Support",1602943840
jchizt,g91ldg0,Information Support,1602883621
jchizt,g91rfvx,"Information Support, Emotional Support, Tangible Assistance",1602887147
jchizt,g91geii,"Information Support, Emotional Support",1602881373
jchizt,g91gatk,"Information Support, Emotional Support",1602881343
jchizt,g91gbw0,"Information Support, Emotional Support",1602881352
jchizt,g91gfvy,"Information Support, Emotional Support",1602881384
jchizt,g91ghxa,"Information Support, Emotional Support",1602881401
jchizt,g92b2vx,Information Support,1602899304
jcc3ce,g90rjrr,"Information Support, Emotional Support, Tangible Assistance",1602868980
jcc3ce,g9125td,"Information Support, Emotional Support, Esteem Support",1602874314
jc3xf6,g8zenyw,"Esteem Support, Group Interaction",1602834992
jc2p8h,g8yxzsq,,1602820264
jc2p8h,g8yynoq,"Information Support, Emotional Support",1602820716
jc2p8h,g8zdc4c,"Emotional Support, Group Interaction",1602833528
jc139b,g8yu8a4,"Information Support, Emotional Support, Esteem Support, Group Interaction",1602817823
jbw5bf,g8ywgoe,"Information Support, Emotional Support",1602819246
jbvzlb,g8y0o00,Emotional Support,1602800654
jbvzlb,g8yniqt,Esteem Support,1602813715
jbuws1,g8yv7q3,"Information Support, Emotional Support, Esteem Support, Group Interaction",1602818443
9h0gg9,e68aoia,"Information Support, Emotional Support, Esteem Support, Group Interaction",1537320223
9grw9s,e66r03d,"Information Support, Emotional Support, Esteem Support",1537269888
9grw9s,ehzaveb,"Information Support, Emotional Support, Esteem Support",1551943970
9grw9s,ei0v6h3,"Emotional Support, Esteem Support, Group Interaction",1551993804
9gj5gq,e65bp95,"Emotional Support, Esteem Support",1537210262
9g2dq5,e6143r4,"Emotional Support, Esteem Support, Tangible Assistance, Group Interaction",1537033260
9fyodr,e61ln1y,"Emotional Support, Esteem Support, Group Interaction",1537050608
9fxa97,e5zx623,"Information Support, Group Interaction",1536972293
9fxa97,e5zyunc,"Information Support, Esteem Support",1536974288
9fxa97,e60qoar,"Information Support, Esteem Support",1537019871
9feh7s,e5w6kko,"Information Support, Emotional Support",1536825036
9f17pj,e5vvlyl,,1536808585
9eroxs,e5r0wlq,Information Support,1536618543
9ehbmx,e5ozhci,"Information Support, Esteem Support",1536536285
9ehbmx,e5yay3e,"Information Support, Emotional Support, Esteem Support",1536906546
9edyp2,e5tu2fl,"Information Support, Esteem Support",1536728505
9ebcse,e5o125u,"Information Support, Esteem Support, Tangible Assistance",1536505930
9ebcse,e5vw71c,"Information Support, Esteem Support, Group Interaction",1536809219
9e54le,e5m9pkn,"Information Support, Emotional Support, Group Interaction",1536425496
9e54le,e5tw0t3,"Information Support, Emotional Support, Esteem Support, Group Interaction",1536731521
9djx5k,e5iapy2,"Information Support, Esteem Support",1536257190
9dahpm,e5genbz,"Information Support, Esteem Support",1536179193
9cl78m,e5brefu,Information Support,1535992333
9cl78m,e5d4qbg,Information Support,1536044962
9cl78m,e5bjrfp,Information Support,1535984852
9c5use,e58jjz4,"Information Support, Emotional Support, Group Interaction",1535841914
9bh02t,e54x64y,"Information Support, Emotional Support, Esteem Support, Tangible Assistance",1535685997
9b69oc,e511m0w,Esteem Support,1535541248
9at5yn,e4xxf7t,"Information Support, Esteem Support",1535408068
9at5yn,e4xwv9w,Information Support,1535407509
99yi99,e4rbiij,Information Support,1535125534
99jm0b,e4oekmc,"Information Support, Esteem Support, Group Interaction",1535001097
993o3f,e4kww04,Group Interaction,1534870953
993o3f,e4mb1w7,"Information Support, Emotional Support, Esteem Support",1534921005
993o3f,e4orr6e,"Information Support, Group Interaction",1535025060
990eb7,e4li2ck,Information Support,1534888749
990eb7,e4l8z72,Esteem Support,1534881067
98y86n,e4jz9qu,Information Support,1534826180
98vhjw,e4j4urs,"Emotional Support, Esteem Support, Group Interaction",1534790002
98rv16,e4ja199,,1534794406
98rv16,e4idj1q,"Information Support, Esteem Support",1534762041
98pgoj,e4hygpo,"Information Support, Emotional Support, Esteem Support, Group Interaction",1534735386
98eln9,e4k2tfq,Esteem Support,1534831256
98eln9,e4k7u8r,"Information Support, Emotional Support, Esteem Support, Tangible Assistance",1534840885
989hcw,e4eqaf3,Information Support,1534599766
989hcw,e4hxs9j,"Emotional Support, Esteem Support",1534734600
96vtir,e4edsj7,"Information Support, Emotional Support",1534575678
96jxn2,e410krg,Esteem Support,1534023589
964rky,e3xzepo,Emotional Support,1533900556
961wll,e401zeg,"Information Support, Esteem Support",1533981968
949vnn,e3zxgxi,"Emotional Support, Group Interaction",1533972172
93vacv,e43ezkp,"Information Support, Emotional Support, Esteem Support, Tangible Assistance",1534130561
93l36d,e3ee5gi,"Information Support, Esteem Support",1533106538
93l36d,e3he038,"Information Support, Esteem Support",1533228373
92x2wi,e39iw7g,"Emotional Support, Esteem Support, Group Interaction",1532910247
92x2wi,e395xgi,Esteem Support,1532896603
92x2wi,e39qs1i,"Information Support, Emotional Support, Esteem Support, Group Interaction",1532919037
92x2wi,e395tpp,,1532896497
92jpjq,e36o64b,"Information Support, Emotional Support",1532785381
92jpjq,e3fevqj,Information Support,1533148541
91zb93,e31yif3,,1532583943
91zb93,e31z2sz,Information Support,1532584820
91cavq,e2xrmg1,"Information Support, Emotional Support",1532429111
915jon,e2wltdp,"Information Support, Emotional Support, Esteem Support, Group Interaction",1532377832
915jon,e30lmiq,"Emotional Support, Group Interaction",1532537802
90ldzi,e2rm5le,Information Support,1532147667
8zsqzq,e2wmuym,"Information Support, Emotional Support, Tangible Assistance",1532378721
8zsqzq,e2zijmo,"Emotional Support, Group Interaction",1532488438
8zdoy3,e2i87jh,"Information Support, Emotional Support, Esteem Support",1531777341
8zdoy3,e3l1391,"Information Support, Emotional Support, Esteem Support",1533367787
8z8teo,e2h3nw1,"Information Support, Esteem Support",1531738276
8z8teo,e2huql8,"Esteem Support, Group Interaction",1531765928
8z8teo,e31cvdd,Information Support,1532560532
8z8teo,e493k81,"Information Support, Emotional Support",1534364110
8yxsyf,e2fiqq1,"Emotional Support, Esteem Support",1531668771
8y8pb9,e28zfsm,"Information Support, Emotional Support, Esteem Support",1531395545
8y7j31,e2wnymc,"Emotional Support, Esteem Support",1532379676
8y5r69,e28jejy,"Information Support, Emotional Support, Esteem Support, Group Interaction",1531368773
8y5r69,e28n2wn,"Information Support, Esteem Support, Group Interaction",1531373578
8y5r69,e2surjr,Information Support,1532209592
8xvzh9,e26w9gn,Information Support,1531317564
8x2cyw,e20jgpi,"Information Support, Emotional Support, Esteem Support",1531075028
8wzyww,e207yng,,1531063578
8wzyww,e3gn241,Group Interaction,1533196398
8wtpyl,e1zgq3i,Emotional Support,1531019099
8wrais,e3kxn6x,Group Interaction,1533361704
8wgmul,e1wk4y8,"Information Support, Emotional Support, Esteem Support",1530899967
8v6ahe,e1l2ayb,Information Support,1530414920
8uo1c1,e1gt7ag,,1530225431
8uo1c1,e1jecp3,"Information Support, Group Interaction",1530333763
8uo1c1,e1hpbls,,1530269744
8uo1c1,e1iahns,Group Interaction,1530292095
8uo1c1,e1l8e84,"Information Support, Emotional Support, Group Interaction",1530422470
8tzeuk,e1eoif9,Information Support,1530139062
8tzeuk,e1gfnx6,Information Support,1530213509
8tnwxl,e191r31,"Information Support, Emotional Support",1529911516
8tf7eb,e17fqrg,"Information Support, Emotional Support, Esteem Support",1529840435
8s69og,e1j51pq,"Information Support, Emotional Support, Esteem Support",1530322032
8rwzqx,e0vc9og,"Information Support, Esteem Support",1529330310
8rwzqx,e0v47qo,"Information Support, Emotional Support, Tangible Assistance",1529318784
8rwzqx,e10o3qo,Information Support,1529535669
8rwfdu,e0uqv1p,"Information Support, Esteem Support",1529293454
8rs49e,e0u96d3,"Information Support, Emotional Support, Tangible Assistance",1529273327
8rs49e,e10o98h,"Information Support, Esteem Support",1529535822
8rs49e,e0uqb8w,,1529292754
8rs49e,e0uqybl,"Information Support, Esteem Support",1529293575
8rs49e,e111i3e,"Information Support, Group Interaction",1529549959
8rpqpn,e0tbx6j,"Emotional Support, Esteem Support",1529233772
8rpqpn,e0tconc,Group Interaction,1529235403
8rpqpn,e41w8am,,1534065580
8rn1ca,e0szu4l,Information Support,1529209003
8res69,e0r0al6,"Emotional Support, Esteem Support",1529111463
8res69,e1gtnb0,,1530225875
8res69,e0qsl9e,,1529102626
8rc6fn,e0qk8hg,"Information Support, Esteem Support",1529094359
8rc6fn,e0qgj0l,Information Support,1529091129
8r8vp8,e0q2ur7,"Information Support, Emotional Support",1529079580
8r8vp8,e0q021z,"Information Support, Esteem Support",1529077181
8r8vp8,e128a26,Emotional Support,1529604268
8r8vp8,e1ihdab,"Information Support, Emotional Support, Esteem Support",1530298039
8r7hni,e0p5urn,"Information Support, Esteem Support",1529033717
8qo572,e0n44xu,Information Support,1528947518
8qo572,e1iiuan,"Information Support, Emotional Support, Esteem Support",1530299351
8qo572,e0krf47,"Information Support, Emotional Support, Esteem Support",1528852109
8qo572,e0l5tnv,Information Support,1528869824
8qkz8f,e0l8mlj,"Information Support, Esteem Support",1528874867
8q9l58,e0hz9x5,"Information Support, Emotional Support, Esteem Support",1528744339
8q8tjp,e0j7nij,"Information Support, Emotional Support, Esteem Support",1528795830
8q8tjp,e0n3agh,"Information Support, Emotional Support, Esteem Support",1528946517
8q8tjp,e0hz8fl,"Information Support, Esteem Support",1528744303
8ptvaq,e0gxdy6,"Information Support, Emotional Support, Esteem Support, Tangible Assistance, Group Interaction",1528692359
8ptvaq,e0gbnvg,"Information Support, Emotional Support, Esteem Support",1528667859
8pnigh,e0cspme,Information Support,1528499230
8pnigh,e0d66l3,"Information Support, Esteem Support",1528514676
8pi5vz,e0gxn4v,"Information Support, Emotional Support, Esteem Support",1528692797
8pi5vz,e0d67gx,"Information Support, Esteem Support, Group Interaction",1528514701
8p35sr,e082zop,"Information Support, Emotional Support, Group Interaction",1528311574
8p35sr,e0ac06q,"Information Support, Esteem Support",1528401137
8nxf7q,e0afrsy,"Information Support, Esteem Support, Group Interaction",1528404382
8n3g1a,dzxr93d,"Information Support, Esteem Support",1527857816
8n3g1a,dzskjqa,"Information Support, Emotional Support, Esteem Support",1527637344
8n34bu,e0agae7,"Information Support, Emotional Support, Esteem Support",1528404836
8n34bu,dzyvnrr,Information Support,1527895892
8n34bu,dzv2fmk,Information Support,1527738485
8n0e5l,dzwd16b,"Emotional Support, Esteem Support",1527796164
8n0e5l,dzwfwv5,Group Interaction,1527798703
8n0e5l,e0aghzp,"Information Support, Esteem Support",1528405019
8mwjzu,dzrs8vr,"Information Support, Emotional Support, Esteem Support, Tangible Assistance",1527611843
8mwjzu,e0aglse,"Information Support, Esteem Support",1528405112
8lq44v,dzhkn4l,Information Support,1527138439
8lq44v,dzidhg9,Information Support,1527179713
8lpyhg,dzjpdy0,Information Support,1527232055
8lkcup,dzg9smk,"Information Support, Group Interaction",1527093369
8lkcup,dzh1too,"Information Support, Emotional Support, Esteem Support, Group Interaction",1527118570
8lkcup,dzh2t3j,Information Support,1527119618
8lkcup,dzh4t2d,"Emotional Support, Esteem Support",1527121686
8lkcup,e0agsnd,"Information Support, Emotional Support, Esteem Support",1528405281
8lgym6,dzfpn9n,,1527070538
8lgym6,dzfi0dl,Group Interaction,1527054472
8lgym6,e0ah1up,"Information Support, Esteem Support, Group Interaction",1528405513
8l89d7,dzeaorm,,1527009881
8l89d7,dzjpgde,Information Support,1527232190
8l89d7,dzjpn01,Information Support,1527232565
8l89d7,e1bccvn,"Information Support, Esteem Support",1530015266
8l88e4,dzealwy,Tangible Assistance,1527009812
8l0h1r,dzbwfpu,"Information Support, Emotional Support, Esteem Support, Tangible Assistance",1526908433
8l0h1r,dzhh9lb,"Information Support, Emotional Support, Esteem Support",1527133853
8l0h1r,dzdepqc,Information Support,1526964708
8l0h1r,e04sza5,"Information Support, Emotional Support",1528172075
8l0h1r,e0ai5nv,"Information Support, Esteem Support",1528406532
8kjbtz,e0ajwo2,"Information Support, Esteem Support",1528408161
8k8d54,dzblplj,"Emotional Support, Esteem Support",1526887275
8k8d54,e0du0u7,"Information Support, Esteem Support",1528555737
8jq7jy,e0aj766,"Information Support, Esteem Support",1528407502
8jpf67,dz21s83,"Information Support, Emotional Support, Esteem Support, Tangible Assistance",1526443782
8jpf67,e04shu4,"Information Support, Emotional Support, Esteem Support",1528171451
8jpf67,e0ahiv7,"Information Support, Emotional Support, Esteem Support",1528405950
8jojtf,dz1m9um,"Information Support, Emotional Support, Esteem Support",1526427995
8iqgtp,e0ajz8k,"Information Support, Esteem Support, Group Interaction",1528408228
8ilern,dysuig3,"Information Support, Emotional Support, Esteem Support",1526028275
8hkl1o,dylx0th,"Emotional Support, Esteem Support, Tangible Assistance, Group Interaction",1525730115
8hkl1o,dzbl5hr,"Information Support, Group Interaction",1526886089
8hkl1o,e0ahuqm,"Information Support, Esteem Support",1528406252
8fx32u,dy93x6y,"Information Support, Emotional Support, Esteem Support",1525149499
8ffl2n,e0du8q3,"Information Support, Esteem Support",1528555991
8fajqe,e0gcfys,"Information Support, Emotional Support, Esteem Support",1528668632
8erhcu,dxxpmg8,"Information Support, Emotional Support, Esteem Support",1524654152
8erhcu,dy11hgo,"Information Support, Emotional Support, Group Interaction",1524783272
8dn2o2,dxp8j4g,"Information Support, Emotional Support, Esteem Support, Group Interaction",1524256631
8dn2o2,dyzkpn0,"Information Support, Esteem Support",1526341568
8d9dbm,dxlxq52,"Emotional Support, Esteem Support",1524110731
8d9dbm,dxlzc8d,"Information Support, Emotional Support, Esteem Support",1524112782
8cusgg,dyzkwhb,"Information Support, Emotional Support, Esteem Support",1526341785
8cusgg,e0gct4k,"Information Support, Emotional Support, Esteem Support",1528669005
8c04fx,dxbu4vw,Information Support,1523663368
8c04fx,e0gcw93,"Information Support, Esteem Support",1528669094
8at5hr,dx3ul24,"Information Support, Emotional Support",1523327250
8at5hr,e0dw9j6,"Information Support, Emotional Support, Esteem Support",1528558267
8afvwk,dwzj1qu,"Emotional Support, Esteem Support",1523138185
8afvwk,e0dwnxs,"Information Support, Emotional Support, Esteem Support",1528558717
8a1h5i,dwzas32,"Information Support, Emotional Support, Esteem Support",1523129014
8a1h5i,e0aiwpw,"Information Support, Esteem Support, Group Interaction",1528407230
88nu9r,dwmlpg8,Information Support,1522592460
88nu9r,dwnh1rm,"Information Support, Esteem Support, Group Interaction",1522628143
88k0et,e0dwsv8,"Information Support, Emotional Support, Esteem Support",1528558868
88k0et,dwminba,"Information Support, Emotional Support, Esteem Support",1522588024
8872hf,dwj8amp,,1522423775
886ebp,dwpedhi,"Information Support, Emotional Support, Esteem Support, Tangible Assistance",1522719823
886ebp,e0gd07s,"Information Support, Esteem Support, Group Interaction",1528669201
86tqno,dw7r63n,"Emotional Support, Tangible Assistance",1521906417
86ow4k,e0gdcuj,"Information Support, Emotional Support, Esteem Support",1528669560
86bqeq,dwel6ng,"Information Support, Esteem Support",1522213674
85iuit,dw3wyd9,"Emotional Support, Group Interaction",1521732530
85iuit,e0dx7jf,"Information Support, Esteem Support",1528559315
85i0jk,dwlcji8,"Information Support, Emotional Support, Esteem Support",1522524747
85i0jk,e0b3csy,"Information Support, Esteem Support",1528428289
84zni4,dvtm1xu,"Information Support, Emotional Support, Esteem Support, Tangible Assistance, Group Interaction",1521242134
84hed0,dvqlqhn,"Information Support, Emotional Support, Esteem Support, Group Interaction",1521120899
83vrto,dvshhfg,,1521200309
83l2j5,dw3x58y,"Information Support, Emotional Support, Esteem Support",1521732709
83l2j5,e0dxdkn,"Information Support, Esteem Support",1528559498
83hqh0,e0dxh6l,"Information Support, Esteem Support",1528559608
839r2w,dvl13fx,"Information Support, Emotional Support",1520875043
839r2w,dw5clxl,"Information Support, Emotional Support, Esteem Support",1521785841
839r2w,e0b3aiv,"Information Support, Emotional Support, Esteem Support",1528428221
82vobx,e0e1kml,"Information Support, Esteem Support",1528564020
81sdjx,dv4xuij,"Information Support, Emotional Support",1520112582
81sdjx,dvd5e1g,"Information Support, Emotional Support",1520491815
81sdjx,e0e1s5o,"Information Support, Emotional Support, Esteem Support",1528564242
81o0gn,dv4qw1z,Information Support,1520104520
7zmcx2,e0e2is5,"Information Support, Esteem Support",1528565032
7wz66f,du604vo,Group Interaction,1518497716
7wkbm3,du1lf70,"Information Support, Esteem Support",1518286590
7wkbm3,du9pkfk,Information Support,1518664927
7wc4rh,dtzlhlf,"Information Support, Emotional Support, Esteem Support, Group Interaction",1518190752
7wc4rh,du3h1iw,Information Support,1518383017
7w2ix7,dtx5sre,"Information Support, Emotional Support, Esteem Support, Group Interaction",1518074306
7w2ix7,du3l5s8,"Information Support, Group Interaction",1518387539
7w2ix7,e0e30dg,Information Support,1528565541
7vsqop,e0gdkdk,"Information Support, Esteem Support",1528669774
7ub6ts,dtlf73h,"Information Support, Esteem Support",1517522923
7ub6ts,dttus0n,,1517936064
7ub6ts,du8hh59,"Information Support, Emotional Support, Tangible Assistance, Group Interaction",1518620202
7ub6ts,e0e390b,"Information Support, Esteem Support",1528565799
7u21k3,dtlf1po,"Information Support, Esteem Support",1517522776
7u21k3,dtyrbhk,"Information Support, Emotional Support, Esteem Support",1518142721
7u21k3,dvd79zm,"Information Support, Emotional Support, Esteem Support",1520495612
7u21k3,dtirp9d,"Information Support, Esteem Support, Tangible Assistance",1517411708
7u21k3,e0e3b6i,"Information Support, Esteem Support, Group Interaction",1528565863
7srcq5,dt72s2o,"Information Support, Emotional Support, Esteem Support",1516842298
7s9yg1,e0gdq1m,"Information Support, Esteem Support, Group Interaction",1528669936
7qov0g,dsr3qon,Emotional Support,1516082414
7qov0g,dsrr9h2,"Information Support, Esteem Support",1516121891
7qov0g,dswcpg8,Esteem Support,1516325371
7qov0g,dsxm115,"Information Support, Esteem Support, Group Interaction",1516389318
7qov0g,e0ahbud,"Information Support, Esteem Support",1528405770
7qhrj3,dsungsh,"Emotional Support, Esteem Support, Tangible Assistance",1516245648
7pqtod,dstypft,"Information Support, Emotional Support, Esteem Support",1516219584
7pqtod,dstyqq1,"Information Support, Emotional Support, Esteem Support",1516219616
7pqtod,e0e3z2y,"Information Support, Emotional Support, Esteem Support",1528566562
7p6rpi,e0e417y,"Information Support, Emotional Support, Esteem Support",1528566625
7p4xfl,dsnfzq5,"Information Support, Esteem Support",1515901574
7p4xfl,e0b3j4o,"Information Support, Emotional Support, Esteem Support, Group Interaction",1528428480
7ott20,dsngjck,"Information Support, Esteem Support, Group Interaction",1515902267
7ott20,dscmn8e,Information Support,1515381777
7ott20,e0b3kbx,"Information Support, Emotional Support, Esteem Support",1528428516
7nla8l,dsdo8qa,"Information Support, Emotional Support, Tangible Assistance, Group Interaction",1515440221
7nla8l,e0e44ot,"Information Support, Esteem Support, Group Interaction",1528566728
7mmdvb,ds60qew,"Information Support, Esteem Support",1515046353
7mmdvb,drv9vj0,"Information Support, Emotional Support, Esteem Support",1514480588
7mmdvb,drveovk,"Information Support, Emotional Support, Tangible Assistance",1514485801
7mlmem,druypjk,"Information Support, Emotional Support, Esteem Support",1514464721
7mlmem,dtf4q7g,"Information Support, Esteem Support",1517247202
7lhl59,drva7so,"Information Support, Group Interaction",1514480969
7l7jet,drvajxj,"Emotional Support, Tangible Assistance",1514481336
7l7jet,e0e49qd,"Information Support, Esteem Support",1528566875
7krks6,e0e4bjf,"Information Support, Esteem Support",1528566927
7jycwd,drblb9t,"Esteem Support, Tangible Assistance, Group Interaction",1513396457
7i81qz,dqwrumd,Emotional Support,1512668277
7hvkh0,drdzykr,"Information Support, Emotional Support, Esteem Support, Tangible Assistance, Group Interaction",1513541385
7gsvgt,dqn25qj,Information Support,1512181305
7gsvgt,dqlyutx,"Information Support, Esteem Support",1512140255
7g4o8d,dqhkgr0,Information Support,1511923193
7fgdwk,drgzdu7,"Information Support, Group Interaction",1513692824
7f6gnb,g8vdrw9,Information Support,1602737916
7f6gnb,dq9usre,Information Support,1511525396
7etlry,dq87emq,"Emotional Support, Tangible Assistance",1511421477
7edpi3,dq5v8ck,"Information Support, Emotional Support",1511303260
7edpi3,dqvp4ev,"Information Support, Emotional Support, Esteem Support, Group Interaction",1512610277
7dpzpp,dqvpbxy,"Information Support, Esteem Support",1512610525
7dj2oo,dqh1p8v,Information Support,1511903029
7dj2oo,dqvtb01,"Information Support, Esteem Support",1512615135
7ctjlf,dptvsfj,"Information Support, Emotional Support, Esteem Support",1510701060
7ctjlf,dpsmnt3,,1510642190
7csr72,dptwc6w,"Information Support, Emotional Support, Esteem Support",1510701666
7csr72,dqh35xu,Information Support,1511904387
7ci70f,dpq5m24,"Esteem Support, Group Interaction",1510525459
7ci70f,dqh44lb,Information Support,1511905294
7cg4ks,drev1sf,Information Support,1513578876
790bca,dp53os7,"Information Support, Group Interaction",1509457324
784pzq,dor5gzu,"Information Support, Esteem Support",1508728892
784pzq,dqh667t,Information Support,1511907267
782amq,dpdfbfz,"Information Support, Esteem Support",1509877704
773hq6,dqh6wl0,Information Support,1511908008
76w8uw,doh6hzi,"Information Support, Emotional Support",1508214802
75ufs5,dohzijl,"Information Support, Emotional Support, Esteem Support",1508262801
74v619,dodyks9,"Emotional Support, Tangible Assistance, Group Interaction",1508043778
73qgve,dnsy66z,"Information Support, Emotional Support, Esteem Support, Tangible Assistance",1506958471
73ji6e,do0ndb6,"Information Support, Esteem Support, Tangible Assistance, Group Interaction",1507337734
6yh5jz,dob8h76,"Information Support, Emotional Support",1507901429
6lo1l1,dkfn6qm,"Information Support, Emotional Support, Esteem Support, Tangible Assistance",1500482535
6ln4x4,dkfnq4i,"Information Support, Emotional Support, Esteem Support, Tangible Assistance, Group Interaction",1500483072
6iog3r,djcjzil,"Information Support, Emotional Support, Esteem Support, Group Interaction",1498326784
6iog3r,djexuva,Information Support,1498480814
6hxikk,dj1ws61,"Information Support, Esteem Support, Group Interaction",1497756492
5tvh33,de8vnb2,"Information Support, Emotional Support, Esteem Support",1488138989
5qxk2s,dhm3usv,Information Support,1494904780
5irtrb,dbakhbs,"Information Support, Emotional Support, Tangible Assistance, Group Interaction",1481939973
5irtrb,dbam4g2,"Information Support, Emotional Support, Esteem Support",1481942753
5gcsqs,dar73wt,Information Support,1480812337
5a0bfw,d9dgyz0,Tangible Assistance,1477792495
5a0bfw,d9jc30j,"Information Support, Tangible Assistance",1478138819
4jtexv,d8wd66j,Emotional Support,1476742363
4jtexv,d9cokrn,Information Support,1477745979
olzhm4,h5ic5yq,"Emotional Support, Group Interaction",1626524554
olzhm4,h5hqtpf,,1626505849
olf2wo,h5f01s6,"Information Support, Emotional Support, Esteem Support",1626454446
olf2wo,h7t35r8,Information Support,1628172614
olf2wo,h7t37ax,Information Support,1628172623
olf2wo,h5dwn6w,,1626435280
okedph,h57b77m,,1626298875
okedph,h5be9ul,"Information Support, Emotional Support, Esteem Support, Group Interaction",1626380271
oj36yu,h4za1n3,Emotional Support,1626133738
oj36yu,h5033fe,"Information Support, Emotional Support, Tangible Assistance, Group Interaction",1626149782
oj36yu,h4z7kn8,,1626132424
og7vl6,h4h3gv6,,1625753106
oekvn3,h49ouc5,"Information Support, Emotional Support, Esteem Support, Tangible Assistance",1625598376
oefin7,h4nveaw,,1625885714
oefin7,h45wge9,,1625516571
od6b2t,h3yhs8n,,1625346123
od6b2t,h3ytms3,,1625352730
octlpy,h3whpb9,Group Interaction,1625301393
octlpy,h3wexhj,Tangible Assistance,1625298737
o7vrih,h319kz3,Tangible Assistance,1624652644
o7pe13,h31gd92,"Information Support, Emotional Support, Esteem Support",1624655926
o7pe13,h302on8,,1624633148
o69jy5,h2sc11l,"Emotional Support, Esteem Support",1624467392
o69jy5,h2sccxn,"Information Support, Tangible Assistance",1624467519
o69jy5,h2r1wp3,,1624441434
o5tbaa,h2rka4o,Information Support,1624454714
o5tbaa,h2tk87r,"Information Support, Emotional Support, Esteem Support",1624487490
o5tbaa,h2oe999,,1624385279
o56a22,h2l0we5,,1624311488
o56a22,h2tkvos,Information Support,1624487823
o4nhs7,h2i90sr,,1624251546
o397ik,h2b2f1n,"Information Support, Emotional Support, Esteem Support",1624093685
o397ik,h2aouab,,1624081295
o397ik,h2chpqq,Esteem Support,1624126274
o2b7om,h25ik0q,"Information Support, Esteem Support",1623974568
o2b7om,h25tkti,"Information Support, Emotional Support",1623980502
o2b7om,h26t3mj,"Information Support, Esteem Support, Tangible Assistance, Group Interaction",1624005066
o2b7om,h27h213,Information Support,1624022781
o2b7om,h25g0vn,,1623973220
o2b7om,h29ct1w,"Emotional Support, Esteem Support",1624053790
o1tbbz,h2332pk,"Information Support, Esteem Support, Tangible Assistance",1623935516
o1tbbz,h251i47,"Information Support, Emotional Support",1623965995
o1tbbz,h22l2u7,,1623923019
nzydjb,h1s4hob,,1623708401
nzydjb,h1sgwal,"Information Support, Esteem Support",1623714391
nxszmc,h1gktsv,Tangible Assistance,1623453550
nwzeog,h1by3bn,Tangible Assistance,1623361501
nwzeog,h1e5gvd,"Information Support, Tangible Assistance",1623412339
nw3qag,h17kr35,"Information Support, Emotional Support, Esteem Support",1623277193
nw3qag,h16tb2p,,1623265839
nw3qag,h3yjkrw,Information Support,1625347095
ns4u4v,h0lrzmb,"Information Support, Emotional Support, Esteem Support",1622835541
ns4u4v,h0kb1uz,Tangible Assistance,1622812444
nruo17,h0ixq1p,"Emotional Support, Esteem Support",1622778088
nruo17,h0jttx3,Information Support,1622801836
nruo17,h0iqj7k,,1622774433
nq53gt,h09hpjn,Emotional Support,1622598041
nq53gt,h08nf5q,Tangible Assistance,1622582821
nq53gt,jqft9r6,Emotional Support,1688339090
nk9ybm,gzc359c,"Information Support, Emotional Support, Esteem Support, Group Interaction",1621901932
nk9ybm,gzbovqp,,1621894610
nk9ybm,gzbr6pc,Emotional Support,1621895749
nk9ybm,gzccvt0,"Information Support, Esteem Support",1621906963
nk24ud,gzbnvz1,,1621894121
nk24ud,gzaevj8,,1621874175
nfm0ju,gyty1xa,"Information Support, Emotional Support",1621523837
nfm0ju,gymfxtn,Information Support,1621374994
nfavdc,gykf7wr,Tangible Assistance,1621344888
n9p1wk,gxpkabd,"Information Support, Esteem Support",1620724621
n9p1wk,gxp1g78,,1620708314
n9p1wk,gxpxrwl,"Information Support, Esteem Support",1620735264
n8umeo,gxkhi4o,Tangible Assistance,1620616707
n8umeo,gxklpp5,"Information Support, Emotional Support, Group Interaction",1620619383
n7knfi,gxdf25m,Information Support,1620467316
n7knfi,gxd9y7q,,1620462204
n4zg5g,gwz2bu6,"Information Support, Emotional Support, Esteem Support, Group Interaction",1620177413
n4zg5g,gwycpl7,,1620165341
n0suo0,gw9od6k,"Esteem Support, Group Interaction",1619678021
n0suo0,gwajolx,,1619702224
n0suo0,gwakk5f,Information Support,1619702667
n0suo0,gwbl9p3,,1619717776
n0suo0,gwfd3t3,"Emotional Support, Esteem Support",1619791434
n0suo0,gw8n3fc,,1619656339
n0suo0,gwbggwc,,1619716177
mz16u5,gvxz9w4,,1619453322
myrjzv,gvx1vwp,Information Support,1619436139
myphgu,gvw904n,,1619411112
mwpdap,gvjmkwz,"Emotional Support, Esteem Support, Tangible Assistance",1619165820
mwpdap,gvmtzxc,"Emotional Support, Esteem Support, Group Interaction",1619226977
mwpdap,gvjgp99,,1619160585
mn703c,gtvtqbd,,1617933306
mjfp7x,gtaacry,,1617485496
m2ajy9,gqi1y74,,1615414748
m2ajy9,groe9xz,"Emotional Support, Esteem Support",1616308818
lokq8t,go6b30v,,1613867238
lhf3c4,gmx7fud,"Information Support, Group Interaction",1613036487
lhf3c4,gmwwerw,,1613026543
lcjydq,gm20e4t,,1612483829
lcjydq,gm07vjg,,1612457322
lbz86k,glzjn32,"Information Support, Emotional Support, Group Interaction",1612446923
l809zo,gl9rbq3,,1611945421
l6zoeh,gr33up7,Information Support,1615865112
l6zoeh,laxcbhx,,1719715985
l6zoeh,gl6lwsy,"Information Support, Group Interaction",1611888078
l6zoeh,gqvyixf,,1615716821
l6jua8,glts7if,Information Support,1612327695
l57qel,gltv22s,"Information Support, Esteem Support, Group Interaction",1612329358
l57qel,gksq5vj,,1611641187
l4gyy4,gksqimt,Emotional Support,1611641461
l4gyy4,gkogtt4,Tangible Assistance,1611552808
l45tsi,gkmm58k,"Information Support, Esteem Support",1611518752
l45tsi,gkmqb0k,"Information Support, Group Interaction",1611520824
l45tsi,gkmhx34,,1611516591
l2ixpw,gk6mrq8,Emotional Support,1611327427
l2ixpw,gk5lzto,,1611301721
l101e3,gjww1l1,"Information Support, Emotional Support",1611118070
l101e3,gjzqujk,"Information Support, Esteem Support",1611179623
l101e3,gjwxvaz,"Information Support, Emotional Support, Esteem Support",1611119254
l101e3,gjxsp4b,"Information Support, Esteem Support",1611146254
l101e3,gjzvsb8,"Information Support, Emotional Support, Esteem Support",1611181907
l101e3,gjx5s7r,Esteem Support,1611125159
l101e3,gjwk75r,,1611111191
l101e3,gjyrhrb,,1611164206
kzivyr,gjo2kks,Tangible Assistance,1610929797
kx650k,gj87cd6,,1610632803
kw937w,gj595bq,Information Support,1610566593
kw937w,gj2xs7h,,1610512578
kvspia,gj03cjh,Tangible Assistance,1610461871
kv6vvd,gixxacp,,1610408729
kv6vvd,gjnq54s,"Emotional Support, Group Interaction",1610923520
kv6vvd,giwh17u,,1610384802
kuq5bn,gity4vz,Information Support,1610332989
kuq5bn,gitii0b,Information Support,1610325389
kuacnj,gir0v8u,"Information Support, Emotional Support, Esteem Support",1610271853
kuacnj,gir7p4v,"Information Support, Esteem Support",1610278816
kuacnj,gir7m17,"Information Support, Emotional Support, Esteem Support",1610278727
kuacnj,gis4pej,"Information Support, Esteem Support, Group Interaction",1610300673
ksy1iz,giisigh,,1610092682
ks7ivj,gif2ztm,"Esteem Support, Group Interaction",1610022502
ks7ivj,gif5fem,"Emotional Support, Esteem Support",1610024349
ks7ivj,giepse2,Emotional Support,1610009913
ks7ivj,gift56c,"Emotional Support, Esteem Support, Group Interaction",1610037063
ks7ivj,giefa44,Tangible Assistance,1610001198
ks7ivj,gij0lpo,,1610100570
kr6hjg,gi7t2g1,,1609877155
kr6hjg,giegoqy,"Information Support, Emotional Support, Esteem Support",1610002229
kfo4tn,gg9s8rj,"Information Support, Tangible Assistance",1608312913
kfo4tn,gg9hdph,Tangible Assistance,1608308348
kfo4tn,ggcjydh,"Information Support, Emotional Support, Esteem Support, Group Interaction",1608373440
kfo4tn,gg9pd10,"Information Support, Emotional Support, Esteem Support, Group Interaction",1608311720
k8ov7s,gezco2e,,1607373296
k7mpky,gesbadi,,1607233897
k7mpky,gett5fe,Emotional Support,1607261749
k7mpky,gf0aj4o,"Information Support, Emotional Support, Esteem Support",1607391048
jyj6bg,gd4aorm,Information Support,1605996957
jyj6bg,gd4sdjs,"Emotional Support, Esteem Support",1606003312
jyj6bg,gd466o3,,1605994883
jyj6bg,gd4aetv,Esteem Support,1605996821
jyj6bg,gd4bz0z,"Information Support, Group Interaction",1605997453
jyj6bg,gd4dxbf,,1605998157
jxrd44,gd126jb,"Information Support, Emotional Support, Esteem Support, Group Interaction",1605946659
jxrd44,gcy7ctj,,1605887148
jwvzsv,gcssydv,Information Support,1605761360
jwvzsv,gcsqqam,,1605759913
jvje9v,gck9075,,1605575001
jvje9v,gd12m4x,"Information Support, Esteem Support",1605947098
jvg2r4,gd12r5s,Information Support,1605947245
jvg2r4,gcjj3s1,,1605563583
jv1vs9,gcgz8d3,,1605507241
jukwap,gceq2gh,"Information Support, Emotional Support, Tangible Assistance",1605462990
jukwap,gcf57vm,"Emotional Support, Group Interaction",1605470846
jukwap,gcga72y,"Emotional Support, Esteem Support",1605491929
jukwap,gcggsf5,"Information Support, Group Interaction",1605495348
jukwap,gcdr2oh,,1605441939
jtdf5h,gc4wpm3,,1605255311
jtau8o,gc4m6ag,"Emotional Support, Esteem Support, Tangible Assistance, Group Interaction",1605245936
jtau8o,gc5p844,Emotional Support,1605280715
jtau8o,gc6xob3,"Information Support, Emotional Support, Esteem Support",1605302742
jtau8o,gc4ht17,,1605242745
jtau8o,gdwuegk,"Information Support, Esteem Support",1606592335
jpex0i,gbe7nkt,,1604701648
jpex0i,gd13qiq,Information Support,1605948129
jo8amz,gb6rt0x,"Information Support, Emotional Support, Group Interaction",1604544212
jisgrk,gber5rb,"Emotional Support, Esteem Support",1604712358
jisgrk,ga8cutm,Tangible Assistance,1603764069
jisgrk,gf3watm,,1607470158
jfnylr,g9ld6nh,,1603321899
jf6x1m,g9jam5e,"Esteem Support, Group Interaction",1603284596
jf6x1m,g9ij57u,,1603258005
jf6x1m,g9mfuj9,"Information Support, Esteem Support, Tangible Assistance, Group Interaction",1603346939
jbqcvz,g8x6m85,Information Support,1602785153
jbqcvz,g8wrkr3,Tangible Assistance,1602777718
jbethi,g8vhtpt,"Information Support, Emotional Support",1602741428
jbethi,g8uz6tw,Tangible Assistance,1602727861
jb62co,g8uxxc5,Information Support,1602727122
jb62co,g8thp74,,1602698958
j9tm45,g8lyjzo,Emotional Support,1602523825
j9tm45,g8mj35e,"Emotional Support, Tangible Assistance",1602534322
j9tm45,g8mkvxt,"Emotional Support, Esteem Support",1602535228
j9tm45,g8lo2w9,Tangible Assistance,1602518540
j9tm45,g8n9yxv,Emotional Support,1602549338
j72ybw,g82oa6q,Information Support,1602126454
j72ybw,g82wcin,"Information Support, Esteem Support",1602131791
j72ybw,g826o26,Tangible Assistance,1602117092
j3lqox,g7csa4v,Tangible Assistance,1601602834
j3kj0e,g7ciz04,Tangible Assistance,1601597896
j2zoxz,g78t7i9,,1601517885
j2zoxz,g79in6t,"Information Support, Emotional Support, Group Interaction",1601535471
j1gwuw,g6z3rgm,,1601315399
j1gwuw,g82xucx,"Information Support, Emotional Support, Esteem Support",1602132925
izzhxf,g6mb72b,,1601095410
iys4s2,g6ecey3,,1600930553
iys4s2,g6ehcze,"Information Support, Tangible Assistance",1600934425
ivkuuu,g5sqzum,"Information Support, Emotional Support, Tangible Assistance",1600506329
iuty60,g5oguxb,"Information Support, Esteem Support, Tangible Assistance",1600410955
iuty60,g5n5bz6,,1600381877
iuty60,g7kg7c0,,1601763863
irzlc0,g54983z,Tangible Assistance,1600008726
ioneay,g4ezaud,,1599543193
ioneay,g4ew2n4,,1599540514
ioneay,g4ig1rl,"Information Support, Tangible Assistance",1599621334
io91wc,g4cmohj,"Information Support, Emotional Support, Esteem Support, Tangible Assistance, Group Interaction",1599497874
io91wc,g4cl1bu,"Information Support, Esteem Support, Tangible Assistance, Group Interaction",1599497105
io91wc,g4c6ok9,,1599491147
in0tp6,g44az8m,,1599311304
in0tp6,g47fjih,Esteem Support,1599369976
ilqijj,g3unwfm,"Esteem Support, Group Interaction",1599144125
ikc9x9,g3kfshl,Emotional Support,1598949758
ikc9x9,g3jpgl1,,1598928433
iihio7,g36xc23,"Information Support, Emotional Support",1598659900
iihio7,g36pjnk,Tangible Assistance,1598655519
ig15po,g2r3ewz,"Information Support, Esteem Support",1598316778
ig15po,g2rr583,"Information Support, Emotional Support, Esteem Support",1598330838
ig15po,g2r4hzr,Information Support,1598317383
ig15po,g2qybfx,,1598313960
ifbiqv,g2nndhe,"Information Support, Esteem Support, Group Interaction",1598239905
ifbiqv,g2n3qsg,"Information Support, Esteem Support",1598228430
ifbiqv,g2mj6u7,Tangible Assistance,1598217484
id1he8,g264yhl,Tangible Assistance,1597888800
id1he8,g28wwb8,"Emotional Support, Group Interaction",1597952423
id1he8,g2rkiw1,"Information Support, Emotional Support, Esteem Support, Tangible Assistance",1598326304
id1he8,g2tbden,"Emotional Support, Esteem Support",1598371946
icgjz3,g22g2is,,1597809547
ic50ka,g20x3s2,Group Interaction,1597780756
ic50ka,g206p6o,,1597770337
iacpjo,g1nfoei,Esteem Support,1597524251
iacpjo,g1ppp3u,Esteem Support,1597559774
iacpjo,g1mrbib,Tangible Assistance,1597516399
i9fi4f,g1er8fv,,1597379705
i8xhmm,g1bbk82,Tangible Assistance,1597314567
i8xhmm,g1ftixa,"Information Support, Tangible Assistance",1597411594
i8r5ic,g1anyzc,"Emotional Support, Esteem Support",1597293450
i8r5ic,g1a7rax,Tangible Assistance,1597283759
i7qjg9,g13ywkn,Information Support,1597160136
i7qjg9,g14xyki,"Information Support, Esteem Support",1597176433
i7qjg9,g13dwyy,,1597147331
i7qjg9,g5mk2cj,"Information Support, Esteem Support",1600373338
i76vvc,g10bsfu,"Information Support, Esteem Support",1597078010
i76vvc,g1116zo,Information Support,1597090236
i76vvc,g1192mx,"Information Support, Emotional Support, Tangible Assistance, Group Interaction",1597094030
i76vvc,g108wkp,Information Support,1597076600
i76vvc,g1020x4,,1597073148
i5ydyc,g0s86xu,,1596890110
i5ydyc,g0siiiz,Information Support,1596897105
i5ydyc,g2tz89p,Information Support,1598383032
i5ydyc,g0sunk3,Information Support,1596904013
i539dh,g0n6lf1,"Emotional Support, Tangible Assistance, Group Interaction",1596775406
i539dh,g0nda7l,"Information Support, Emotional Support, Esteem Support",1596780434
i333fr,g08rlnf,Information Support,1596481040
i27zc1,g0381kl,"Emotional Support, Esteem Support",1596371966
i27zc1,g02cmmu,,1596351908
i1tlnb,fzzwkhw,"Information Support, Emotional Support, Esteem Support, Group Interaction",1596299214
i1tlnb,fzzow8v,Esteem Support,1596295407
i1tlnb,fzzmlhu,,1596294211
i0qwh4,fzs0st1,Information Support,1596140944
i0qwh4,fzr5fv0,,1596132336
hztkge,fzl5cac,,1595994462
hztkge,fzlb5fw,,1595998352
hxzadc,fza02tj,"Information Support, Esteem Support, Group Interaction",1595743187
hxcjlb,fz5nvfm,"Information Support, Emotional Support, Esteem Support, Tangible Assistance",1595642868
hxcjlb,fz5c8yf,"Emotional Support, Esteem Support",1595636093
hxcjlb,fz58ejw,,1595633921
hwudd4,fz1yeav,,1595561298
hwudd4,fz1zx2d,"Information Support, Emotional Support, Tangible Assistance",1595562213
hvy4pl,fywaqhh,Information Support,1595441901
hvy4pl,fz15bmv,"Information Support, Emotional Support, Tangible Assistance",1595544976
hvy4pl,fz16197,"Information Support, Tangible Assistance",1595545348
hvy4pl,fyw500n,Information Support,1595439262
hvy4pl,fywsqos,Information Support,1595450234
hvy4pl,fywxkpl,,1595452497
huiire,fyt032r,"Information Support, Emotional Support, Esteem Support, Tangible Assistance",1595365213
hu6zfo,fylhcfn,"Information Support, Emotional Support, Esteem Support, Tangible Assistance",1595194040
hu6zfo,fyl7q69,,1595188778
hu6zfo,fymb70a,"Information Support, Emotional Support, Esteem Support, Group Interaction",1595211370
hu6zfo,fzchb09,Emotional Support,1595802611
hu24m7,fykywmg,Information Support,1595184073
hu24m7,fykc5qe,,1595171951
htzwwy,fyk3jv8,Emotional Support,1595166701
htzwwy,fyjxz6e,,1595162618
htzwwy,fykmy8e,"Information Support, Emotional Support, Esteem Support",1595177816
hr67n1,fy395l0,Information Support,1594769381
hr67n1,fy7vlj8,"Information Support, Group Interaction",1594871023
hr1uni,fy23rne,"Information Support, Emotional Support, Esteem Support",1594749052
hr1uni,fy2ije2,"Information Support, Emotional Support, Esteem Support",1594756031
howw5l,fxktn8u,"Information Support, Tangible Assistance",1594420172
howw5l,fxklrg3,Information Support,1594415996
howw5l,fxki4kw,,1594414112
hokufl,fxie2n8,Information Support,1594367247
hokufl,fxim6z6,Emotional Support,1594375497
hokufl,fxjj1nc,"Emotional Support, Esteem Support",1594396920
hokufl,fxkewxy,"Information Support, Emotional Support, Esteem Support",1594412476
hokufl,fxmarkq,,1594449590
ho2lio,fxhphqf,Information Support,1594348724
ho2lio,fxi2hky,Group Interaction,1594357274
hnxnnl,fxehu8y,Information Support,1594281297
hnxnnl,fxe95ro,,1594273512
hlfgc9,fx0ir03,"Information Support, Esteem Support",1593969094
hlfgc9,fx1yc60,"Information Support, Esteem Support",1593997313
hlfgc9,fwzpruw,"Information Support, Esteem Support",1593951028
hkb8d6,fwrnks3,"Information Support, Esteem Support",1593745244
hkb8d6,fwrp51z,"Information Support, Emotional Support, Esteem Support, Group Interaction",1593746243
hkb8d6,fwryqwv,"Information Support, Emotional Support, Esteem Support, Group Interaction",1593752889
hjy5mr,fwp9030,Information Support,1593700963
hjy5mr,fwp944s,"Information Support, Emotional Support",1593701012
hjy5mr,fws7bs0,Emotional Support,1593759935
hjs43b,fwoj3m7,"Information Support, Emotional Support, Esteem Support, Tangible Assistance",1593685207
hjs43b,fwo7fba,Esteem Support,1593673855
hjs43b,fwpe2wg,Esteem Support,1593703191
hjcq6f,fwlvanw,"Emotional Support, Group Interaction",1593626853
hj82c8,fwo0s22,"Information Support, Emotional Support",1593668234
hj82c8,fwo2byn,"Information Support, Emotional Support, Tangible Assistance",1593669476
hiciu5,fwg8g91,"Information Support, Esteem Support, Group Interaction",1593498344
hi91nr,fwexkpm,"Information Support, Esteem Support",1593469203
hi91nr,fwfdoh3,Tangible Assistance,1593477947
hi91nr,fwf1g3p,"Information Support, Emotional Support, Esteem Support",1593471214
hevlqm,fvu41a8,"Information Support, Esteem Support",1592991215
hevlqm,fvunqaq,"Information Support, Emotional Support",1593006823
hdnwhp,fvu8lwc,"Emotional Support, Group Interaction",1592995792
hcuqh1,fvhey5a,"Information Support, Emotional Support, Esteem Support, Tangible Assistance",1592692976
hc01lp,fvcqjuq,"Information Support, Tangible Assistance",1592585508
h90lar,in46c6l,,1662332816
h8xytk,futsczw,Information Support,1592162538
h8muhy,fusroqk,"Information Support, Emotional Support, Tangible Assistance, Group Interaction",1592141457
h15zw3,fuksdpi,Information Support,1591948085
h0dzxc,ftlrxpt,"Information Support, Esteem Support",1591810357
h0dzxc,ftlkshu,Esteem Support,1591807028
h0dzxc,ftlpa6z,,1591809164
h0dzxc,ftmbm8w,"Information Support, Emotional Support, Esteem Support",1591819516
gzu3wb,ftiqxju,"Information Support, Emotional Support, Esteem Support",1591738855
gzu3wb,ftj0j3o,"Information Support, Emotional Support, Esteem Support",1591743804
gzu3wb,ftjxf8e,"Emotional Support, Esteem Support, Tangible Assistance, Group Interaction",1591763210
gytxjz,ftcmnsb,"Information Support, Emotional Support, Esteem Support",1591603673
gxu9ja,ft62ce3,"Information Support, Emotional Support, Esteem Support",1591471006
gwnb4k,fsw9005,"Information Support, Esteem Support",1591300577
gwnb4k,fsw422p,"Information Support, Esteem Support",1591298290
gwnb4k,fsytgxs,Esteem Support,1591360726
gwnb4k,fszlvo7,Group Interaction,1591375637
gtpe60,fsdksff,Information Support,1590887726
gtpe60,fsgfy3m,"Information Support, Emotional Support",1590957227
gtpe60,fsgy1rv,,1590966788
gtpe60,fsje9bp,"Information Support, Emotional Support",1591028269
gt43su,fs9igii,"Information Support, Esteem Support, Tangible Assistance",1590802746
gswly7,fs8j2d4,"Information Support, Esteem Support",1590783423
gsuhyc,fsgzr7n,"Emotional Support, Group Interaction",1590967719
gsuhyc,fs8y180,Group Interaction,1590791069
gmeq08,fr3os1f,Esteem Support,1589862300
gmeq08,fuwzkcj,Emotional Support,1592238820
glg7gx,fqx5i56,"Information Support, Emotional Support",1589726259
gl1xvp,fqv3yti,"Information Support, Emotional Support, Esteem Support",1589669400
gl1xvp,frew9ch,"Information Support, Emotional Support, Esteem Support",1590118164
gkq14f,fqt26t2,"Emotional Support, Group Interaction",1589627425
gkq14f,fqtp4m1,"Esteem Support, Group Interaction",1589643343
gj79ie,fqrr6mh,"Information Support, Tangible Assistance",1589590164
gj79ie,fqiyjk3,Information Support,1589402627
gj1vya,fqhxsn6,"Information Support, Esteem Support, Group Interaction",1589386452
gj1vya,fqi6d8e,"Information Support, Group Interaction",1589391102
gj1vya,fqoql57,"Information Support, Esteem Support",1589521990
givf9z,fqh0w7i,"Information Support, Esteem Support",1589363984
givf9z,fqh0q6n,"Information Support, Emotional Support",1589363818
gfcxg2,fpsus05,Esteem Support,1588879967
gfcxg2,fpsvfjs,Emotional Support,1588880284
gfcxg2,fpti4qz,"Information Support, Esteem Support, Tangible Assistance",1588891679
gezms3,fpqrva7,"Information Support, Emotional Support, Esteem Support",1588830434
gezms3,fpqnep4,"Information Support, Esteem Support, Group Interaction",1588826990
gezms3,fpr59r1,"Information Support, Emotional Support, Esteem Support",1588842889
gezms3,fprbcq3,,1588849078
gef0wy,fpn4rrq,"Information Support, Emotional Support, Esteem Support",1588750234
gef0wy,fpnd8bq,Information Support,1588758790
gbwoj0,fp8aa9v,"Information Support, Emotional Support, Esteem Support",1588387384
gbwoj0,fp893aa,"Emotional Support, Group Interaction",1588386583
gbwoj0,fpqvqjn,"Information Support, Esteem Support, Group Interaction",1588833674
gats5n,fp3fdnn,"Information Support, Emotional Support, Esteem Support, Group Interaction",1588278340
g7f2cy,foimxhq,Group Interaction,1587790834
g7f2cy,fohdzjg,"Information Support, Emotional Support, Esteem Support",1587764358
g7012o,foe71og,Emotional Support,1587697324
g45v1x,fnwq0ak,Information Support,1587323175
g21v51,fnjfr7i,"Information Support, Emotional Support, Esteem Support, Tangible Assistance",1586998066
g21v51,fnkp79k,"Information Support, Emotional Support, Esteem Support",1587035610
g21v51,fnkhqhv,Information Support,1587027499
frt6qo,fmkmfkt,"Information Support, Esteem Support, Tangible Assistance, Group Interaction",1586160117
frt6qo,fqt8950,,1589632905
frlfz9,fo9c8b2,"Esteem Support, Group Interaction",1587615639
frau2g,fluq4f3,,1585507697
frau2g,flurnc0,,1585508597
frau2g,fluu0vr,Information Support,1585510023
frau2g,flv25lt,Information Support,1585514819
fowfi5,flhs00e,"Emotional Support, Esteem Support",1585168403
fowfi5,fnbf7gu,Group Interaction,1586814470
fowfi5,fljqurx,"Emotional Support, Group Interaction",1585223666
fowfi5,fllszs4,"Esteem Support, Group Interaction",1585267117
fh1nwx,fkbl58a,,1584035016
ffox2g,fjztih5,"Information Support, Esteem Support, Group Interaction",1583728893
ffox2g,fk0c47y,"Emotional Support, Esteem Support",1583751711
fdl0p2,fjjxg88,"Emotional Support, Tangible Assistance",1583414966
fcz197,fjg23w5,Information Support,1583308133
fcz197,fjg5ht0,Information Support,1583312412
fcs6mv,fjgtauh,Information Support,1583335051
fa2h24,fivzezx,"Emotional Support, Esteem Support, Group Interaction",1582771532
f9vw7h,fiuagcc,Emotional Support,1582737871
f8dmrj,fim5zgj,"Emotional Support, Group Interaction",1582519132
f8dmrj,firhesb,"Emotional Support, Group Interaction",1582664445
f7zask,fiil9ba,"Information Support, Tangible Assistance",1582422848
f7zask,fjt2799,Information Support,1583602739
f4yre3,fhvae3v,"Information Support, Emotional Support",1581895096
f4yre3,fhw2pzu,"Esteem Support, Group Interaction",1581905174
f4yre3,fhw3vf9,Information Support,1581905718
f4epeb,fhpy8ub,,1581796799
f4epeb,fhrequq,"Emotional Support, Tangible Assistance",1581824364
f3ey7b,fhir4xn,"Information Support, Emotional Support, Esteem Support, Group Interaction",1581630189
f38bd4,fiooyyf,"Information Support, Emotional Support, Esteem Support",1582587639
f38bd4,fiy1tbp,Emotional Support,1582830816
f322w3,fhhn4ns,"Information Support, Esteem Support",1581607813
f322w3,fhiq3b4,"Information Support, Emotional Support, Esteem Support",1581629613
f322w3,finzul1,Information Support,1582573526
f2labw,fhea2s6,"Emotional Support, Group Interaction",1581517696
f2labw,fhdaaqu,Information Support,1581480874
f1e8rl,fh4o0e2,"Information Support, Group Interaction",1581280481
f0v23x,fgynnmf,Information Support,1581185117
eyn7dq,fgkkj2f,Emotional Support,1580867693
eyn7dq,fgrn4te,"Emotional Support, Esteem Support, Group Interaction",1581051251
ey5nxe,fgflgb8,"Information Support, Emotional Support, Esteem Support",1580741899
exhia9,fg8sbjz,"Information Support, Tangible Assistance",1580628877
exhia9,fh02o5z,"Information Support, Emotional Support",1581199896
ewz4nq,fg5udem,"Information Support, Esteem Support",1580539252
euz1ur,ffshkij,"Information Support, Esteem Support",1580181872
euz1ur,ffshilb,"Information Support, Esteem Support",1580181837
euz1ur,fggqi1g,"Information Support, Emotional Support, Esteem Support",1580767322
eurds0,ffrei75,"Information Support, Emotional Support, Tangible Assistance",1580156452
eurds0,ffqzm2w,,1580147205
eurds0,ffr14w9,"Information Support, Esteem Support",1580148167
eurds0,ffsl13n,Information Support,1580184337
eurds0,ffw29xv,Esteem Support,1580281253
eurds0,fg54lsa,"Information Support, Esteem Support",1580518134
eurds0,fg3jhyn,"Emotional Support, Esteem Support",1580483026
eurds0,ffx9v9j,"Information Support, Tangible Assistance",1580320770
etsimd,ffikhr4,"Information Support, Esteem Support",1579976039
etsimd,ffi9eqz,,1579968465
etpoy2,ffhst1j,"Emotional Support, Tangible Assistance, Group Interaction",1579952079
etpoy2,ffifwag,"Emotional Support, Esteem Support",1579972903
esgmdp,ffa4jzl,"Information Support, Emotional Support, Esteem Support",1579727748
esgmdp,ffa5229,"Information Support, Emotional Support, Esteem Support",1579728030
esgmdp,ffbedj2,"Information Support, Emotional Support, Esteem Support, Tangible Assistance, Group Interaction",1579761704
es6z6k,ff8cjkk,"Information Support, Esteem Support",1579672946
eq3jfp,fenkuje,"Emotional Support, Esteem Support",1579286843
epjs06,fek1p83,"Information Support, Emotional Support, Tangible Assistance",1579190722
epjs06,feo5728,"Emotional Support, Esteem Support, Group Interaction",1579295290
ene28s,fdypdj3,"Information Support, Emotional Support",1578782189
ene28s,fe0r19c,,1578817683
ene28s,fe0ektp,Information Support,1578811951
emwj69,fdrtdoo,Information Support,1578689499
emwj69,fds3wcc,,1578693849
emwj69,fdsg27n,"Information Support, Emotional Support",1578701978
ek2sew,fd5okbq,,1578179711
ek2sew,fdkrp2m,Esteem Support,1578509753
ek2sew,fdkqa1b,"Information Support, Emotional Support, Esteem Support, Group Interaction",1578508912
ej79lc,fcvzgpb,"Information Support, Group Interaction",1578013631
ej79lc,fdks5yf,"Tangible Assistance, Group Interaction",1578510033
eiipd8,fcqslin,,1577891565
ehnweu,fclcz6h,"Information Support, Emotional Support, Esteem Support, Tangible Assistance",1577744945
ehnweu,fclfz3o,"Emotional Support, Esteem Support",1577746898
eewql5,fbxaxsx,"Emotional Support, Tangible Assistance, Group Interaction",1577177686
eeg0js,fbthuwq,Esteem Support,1577079428
eeg0js,fbtqrth,"Emotional Support, Esteem Support, Group Interaction",1577090837
eeg0js,fbvo2f7,"Emotional Support, Esteem Support",1577133595
ee0zvj,fbtiell,Esteem Support,1577080002
ee0zvj,flhsyr3,"Emotional Support, Group Interaction",1585168917
eb87ta,fb36tdt,"Information Support, Esteem Support",1576465613
eb87ta,fb9bi8y,"Information Support, Emotional Support, Esteem Support",1576634305
eb87ta,fb3as8q,"Information Support, Emotional Support, Tangible Assistance",1576468267
e5b2u1,f9j4vqa,"Information Support, Tangible Assistance",1575356241
e5b2u1,f9ob6sm,"Esteem Support, Group Interaction",1575500441
e2ptz4,f8x4un8,"Information Support, Emotional Support",1574908268
e2ptz4,f91k741,"Emotional Support, Group Interaction",1574992535
e2ptz4,f8wwban,"Information Support, Group Interaction",1574901678
e2ptz4,f8wwho1,Information Support,1574901816
e2ptz4,f8x5mis,Group Interaction,1574908871
e2ptz4,f8x5p1a,Emotional Support,1574908925
e2ptz4,f8x5yi4,,1574909133
e2ptz4,f8xlzno,,1574923433
e2ptz4,f91t8xs,Esteem Support,1575000527
e28ikj,f8u8ika,"Information Support, Group Interaction",1574822152
e28ikj,f8u9l3x,Information Support,1574822990
e28ikj,f8vblyn,Information Support,1574865368
e28ikj,f8v37sg,Information Support,1574857745
e26dup,f8u2zcd,"Emotional Support, Tangible Assistance",1574817849
e26dup,f8u9uq6,"Information Support, Esteem Support",1574823202
e26dup,fbbhi21,"Emotional Support, Group Interaction",1576700576
dxo1z9,f7y2tmi,"Information Support, Esteem Support",1574084823
dxo1z9,f7ush6k,"Information Support, Esteem Support",1574017584
dxo1z9,f7vg3ii,"Information Support, Emotional Support, Esteem Support, Tangible Assistance",1574023432
dxo1z9,f8afr0p,"Information Support, Esteem Support",1574396051
dvk9pr,fdwp9qg,"Information Support, Emotional Support, Esteem Support",1578761038
dvarky,f7cbbui,"Information Support, Emotional Support, Esteem Support",1573588511
dvarky,f7djfuz,"Information Support, Emotional Support, Esteem Support, Tangible Assistance",1573618555
dvarky,fdwm9s5,"Emotional Support, Esteem Support, Group Interaction",1578760158
du16u2,f71gtx8,Emotional Support,1573341508
du16u2,f7dld62,"Information Support, Emotional Support, Esteem Support",1573620251
dru3oe,f6l64bj,Emotional Support,1572930221
dpon6k,f5z6atz,"Emotional Support, Tangible Assistance",1572568339
dpf6mx,f5v2ba5,Information Support,1572482675
dmprrn,f54aip0,"Information Support, Emotional Support, Esteem Support",1571975804
di1kma,f3ssf9e,"Information Support, Tangible Assistance",1571108325
di1kma,f3tz8t8,Information Support,1571149547
di1kma,f3uh44v,,1571160248
d8h6ne,f1axs2e,"Information Support, Emotional Support, Esteem Support",1569313052
d8h6ne,f1dbn8h,"Emotional Support, Esteem Support, Group Interaction",1569379141
d7tpad,f15rp1h,Esteem Support,1569195055
d7tpad,f1ah04m,"Emotional Support, Group Interaction",1569293760
d587vt,f0kcbhc,Group Interaction,1568675903
d18mpe,ezmulb1,"Emotional Support, Esteem Support, Group Interaction",1567997180
d109nq,f0aue27,Group Interaction,1568518990
cz7kev,ez0vk03,Information Support,1567642513
cxziv8,eyolgm0,Information Support,1567279035
cwdo1f,eyaf8uw,Information Support,1566962520
cwdo1f,f0ke00u,"Information Support, Emotional Support",1568677222
cvvubw,ey6sykd,"Information Support, Emotional Support, Esteem Support, Group Interaction",1566863309
cvvubw,ey96z9p,Group Interaction,1566936634
cvvubw,ey9784i,"Emotional Support, Group Interaction",1566936792
cv1vqu,ey3adlk,"Emotional Support, Esteem Support",1566759418
ctnryb,exokzrl,"Information Support, Esteem Support, Tangible Assistance",1566478132
ctnryb,expp40g,"Information Support, Emotional Support",1566492777
cssgz6,f5s9mg1,"Esteem Support, Group Interaction",1572418123
crnvnt,ex7ueeu,"Information Support, Emotional Support",1566064943
cqhri9,ewx48o7,Emotional Support,1565843818
cokp6z,ewiurze,,1565457085
cokp6z,ewpydeu,Information Support,1565652285
cokp6z,ewq0lyf,Information Support,1565653867
cokp6z,ewrzuby,,1565717291
clrjro,ewhy3c2,Emotional Support,1565428604
clrjro,evxjb14,Information Support,1564894427
clrjro,evy6h22,"Information Support, Emotional Support, Esteem Support",1564924095
clrads,evxa6ly,"Information Support, Emotional Support",1564886269
clrads,evxyfd2,"Information Support, Emotional Support, Esteem Support",1564914289
clrads,evzkp8g,"Information Support, Emotional Support, Esteem Support",1564960117
cl4grd,evt1w02,"Information Support, Esteem Support",1564761054
cl4grd,evt05i0,"Information Support, Esteem Support",1564759992
cjyfiq,evhngcq,"Esteem Support, Group Interaction",1564529170
cjk3h9,evdxqf9,Information Support,1564450183
cjk3h9,eve10yd,"Information Support, Esteem Support, Tangible Assistance, Group Interaction",1564452619
cjk3h9,eve8yrq,"Information Support, Emotional Support, Esteem Support",1564459150
cjk3h9,evek0gr,Information Support,1564469118
cjk3h9,eveux8z,"Information Support, Esteem Support, Group Interaction",1564479842
cj3a0d,evavt5x,"Information Support, Emotional Support",1564358631
ciq4z8,evewcxc,"Information Support, Esteem Support",1564481259
cfjnl1,euc8uaa,Information Support,1563668265
cfjnl1,eucy9nh,,1563691864
cfjnl1,eufkjgd,,1563778264
cep6fy,eu4fw6q,Emotional Support,1563452592
cdsfy2,f18flti,Information Support,1569257015
cdsfy2,etx5nzt,Information Support,1563292077
cdsfy2,etw3d01,Information Support,1563252522
cc5u1i,etksg6c,"Esteem Support, Group Interaction",1562907094
cagd7k,et8rv51,Information Support,1562567338
cagd7k,et8wc5n,"Information Support, Group Interaction",1562573479
cagd7k,et90dqj,"Emotional Support, Esteem Support, Tangible Assistance",1562579779
cagd7k,etdr4im,"Emotional Support, Tangible Assistance, Group Interaction",1562713161
cagd7k,euebr0j,,1563740395
cae5lb,etj8uwe,"Emotional Support, Group Interaction",1562868530
ca9zpc,et7a3ft,"Information Support, Esteem Support",1562527671
ca9zpc,et7zkwq,"Information Support, Emotional Support, Esteem Support",1562542394
ca2rwf,et5vnhs,Emotional Support,1562492436
c87sog,esm6ds0,Group Interaction,1562099171
c87sog,eswmu0i,,1562317401
c87sog,et5ynkg,,1562497223
c87sog,eudvp60,,1563728712
c87sog,esklxh0,,1562068252
c7orff,esgrjij,"Esteem Support, Group Interaction",1561963489
c7orff,esm9bnq,Esteem Support,1562100775
c54a4i,evre7kz,"Emotional Support, Esteem Support, Group Interaction",1564706459
c44nom,esbnplu,,1561802344
c3xai7,ertwg8j,Information Support,1561255366
c3xai7,eruvydp,Information Support,1561299101
c3xai7,erxfaw4,"Information Support, Esteem Support",1561383159
c3xai7,esmab5k,"Information Support, Esteem Support",1562101310
c2oexy,erlj1w1,"Information Support, Tangible Assistance",1560988501
c2oexy,erlyrpy,"Information Support, Emotional Support, Esteem Support, Tangible Assistance",1561000628
c1i0dh,erdoja7,"Information Support, Emotional Support, Esteem Support, Group Interaction",1560749813
c1i0dh,erebz2m,Information Support,1560780084
c1i0dh,et8wzj5,"Information Support, Esteem Support",1562574485
c19m8m,erbvn8d,"Information Support, Emotional Support, Esteem Support",1560695404
c18fd7,erc6g3q,"Information Support, Emotional Support, Esteem Support",1560703999
c10n3t,er9zglx,"Information Support, Emotional Support, Tangible Assistance",1560632975
c10n3t,erahwdm,Information Support,1560644474
bzw0ka,eqy9myf,"Emotional Support, Esteem Support",1560379680
bzw0ka,eraqw6u,Information Support,1560650738
bzjsq4,eqtd56s,Information Support,1560308965
bzjsq4,eqvh6mv,,1560345208
bzbm7m,eqracrb,Information Support,1560254942
bydgi9,eqgv5nl,"Information Support, Emotional Support, Esteem Support, Group Interaction",1560043296
by3f0d,eqoriq7,"Information Support, Emotional Support, Esteem Support, Group Interaction",1560191809
by3f0d,eqcbq7m,"Information Support, Emotional Support, Esteem Support",1559965919
bx9wxm,eq4p64d,"Information Support, Esteem Support",1559782107
bx9wxm,eq6hgo5,"Information Support, Esteem Support, Group Interaction",1559829220
bx9wxm,eq9d61e,"Information Support, Esteem Support, Tangible Assistance, Group Interaction",1559900854
bwr16x,eq0lfdv,"Information Support, Emotional Support, Esteem Support, Group Interaction",1559687632
bwr16x,eq1aojx,"Information Support, Esteem Support, Group Interaction",1559704803
bwhqkq,epxpdw0,"Information Support, Emotional Support",1559607151
bwhqkq,epxr476,"Emotional Support, Esteem Support, Group Interaction",1559608520
buz6qi,epjrw6c,"Emotional Support, Esteem Support, Group Interaction",1559258944
bup391,epi5yje,"Information Support, Esteem Support, Group Interaction",1559235007
bup391,episqx4,"Information Support, Emotional Support, Esteem Support, Tangible Assistance, Group Interaction",1559242822
bulfi7,epe8cwr,"Information Support, Group Interaction",1559179698
bulfi7,epp5wzw,"Information Support, Esteem Support",1559365242
bulfi7,epf7ntn,Information Support,1559192236
btqodk,ep29hc1,Emotional Support,1559004587
btqodk,ep53akt,"Information Support, Emotional Support, Esteem Support",1559049907
btqodk,ep5vryr,Emotional Support,1559061475
btqodk,ep5lo9p,,1559057744
btphh4,ep1gxld,Emotional Support,1558989038
bt6571,eoueuyq,Esteem Support,1558864292
bt6571,epk27p0,Esteem Support,1559265968
bt6571,epp66j0,"Information Support, Emotional Support, Esteem Support, Group Interaction",1559365551
bsxohh,eotks1g,"Information Support, Emotional Support, Esteem Support, Tangible Assistance, Group Interaction",1558842990
bsxohh,epvabb4,,1559528326
bsxohh,eq50s0u,,1559790415
bsxohh,f8109ee,Information Support,1574144376
bsxohh,eostfgn,,1558828961
bss5ne,eowzj8j,"Information Support, Esteem Support",1558917028
bsnw6q,eoolphw,"Information Support, Esteem Support",1558741693
bsnw6q,eooo5v4,"Information Support, Emotional Support",1558743511
bsnw6q,eprt7h3,"Information Support, Emotional Support",1559430627
brvppn,eoh6jge,"Information Support, Esteem Support, Group Interaction",1558574069
brvppn,eohnft0,"Emotional Support, Esteem Support, Group Interaction",1558586413
brvppn,eoigz58,"Information Support, Emotional Support, Esteem Support",1558619477
brmbyg,eoffnl6,"Information Support, Emotional Support, Esteem Support",1558533164
bqssh7,eo7raru,Esteem Support,1558346058
bp8ce3,enswzvg,"Information Support, Emotional Support",1558034536
bp8ce3,entvkys,"Emotional Support, Group Interaction",1558048320
bp8ce3,epliebk,"Information Support, Emotional Support, Esteem Support, Group Interaction",1559296463
bp7qd4,enqt08d,Information Support,1558003685
bp7qd4,enral6x,,1558011398
bo61zp,endijn5,"Information Support, Group Interaction",1557783198
bmudhy,en034cw,Information Support,1557479451
bmudhy,en0luyr,Information Support,1557495270
bmudhy,en1ezpu,Information Support,1557510541
bl6gqj,emm45xj,"Information Support, Tangible Assistance",1557112697
bl6gqj,emnd16w,"Information Support, Tangible Assistance",1557152994
bkxm4w,emlkal3,"Information Support, Esteem Support",1557099739
bkxm4w,emmwpnk,"Information Support, Emotional Support",1557140597
bkxm4w,emomh7k,"Information Support, Esteem Support",1557179979
bkxm4w,eqahlds,,1559933082
bkxm4w,eqb0uyr,"Information Support, Esteem Support",1559943265
bkf1ub,emjjdff,Emotional Support,1557032359
bkf1ub,emjs8ed,"Information Support, Emotional Support, Esteem Support",1557045293
bkf1ub,eo9a8r8,Group Interaction,1558386289
bk0crl,emd8q35,Emotional Support,1556843904
bk0crl,emdcm9q,"Information Support, Group Interaction",1556846448
bk0crl,emeljj2,,1556887550
bk0crl,emjk8de,Emotional Support,1557033390
bk0crl,emsvd9u,"Emotional Support, Group Interaction",1557288571
bjvw7q,emc94bn,"Information Support, Tangible Assistance",1556822959
bjvw7q,emffbpj,,1556907279
bjvw7q,emffo5n,"Emotional Support, Tangible Assistance",1556907516
bjv0oz,embl505,"Emotional Support, Esteem Support, Group Interaction",1556808863
bjv0oz,emcwxex,Group Interaction,1556836332
bjlafw,em925x8,Information Support,1556739116
bjlafw,em95ik1,"Information Support, Esteem Support, Tangible Assistance",1556741032
bjbayv,em72ttm,"Information Support, Emotional Support, Esteem Support",1556680086
bjbayv,emaxqxq,"Information Support, Esteem Support",1556791677
bi60bh,elydq2e,"Emotional Support, Esteem Support, Group Interaction",1556417592
bi60bh,em1smjl,"Emotional Support, Group Interaction",1556535608
bi60bh,elyg6ry,"Emotional Support, Esteem Support",1556419783
bi60bh,elyi7p3,"Information Support, Emotional Support",1556421636
bi60bh,elzs465,"Emotional Support, Tangible Assistance",1556471306
bhps9t,elwwrfk,"Information Support, Emotional Support, Esteem Support",1556376520
bgw54y,em3sp7u,"Information Support, Group Interaction",1556587004
bgutnu,elopoxa,Esteem Support,1556137044
bgutnu,gduzadk,,1606563686
bgqg4q,elnngwn,,1556114315
be72p3,el3jduj,Information Support,1555506386
be72p3,el3qrv1,Information Support,1555511240
be72p3,el497vk,Information Support,1555522421
be72p3,el64shb,Information Support,1555571333
be72p3,el3hfvd,Information Support,1555504842
be72p3,el3wmx0,,1555514746
bdcl1q,ekxiae0,"Information Support, Group Interaction",1555322441
bd7pmn,el6zgrp,"Information Support, Emotional Support, Esteem Support, Group Interaction",1555602432
bbrc0m,em43ryp,"Emotional Support, Group Interaction",1556595366
bbaf2m,ekhva41,"Information Support, Esteem Support",1554840762
bb918h,ekhp3w5,"Information Support, Group Interaction",1554836699
ba2pfm,ek8nwgf,"Information Support, Esteem Support",1554548259
ba2pfm,ek8v99a,"Information Support, Emotional Support, Esteem Support",1554557848
ba2pfm,ek8vcjz,"Information Support, Emotional Support, Esteem Support",1554557942
ba2pfm,ek8x4ua,"Information Support, Esteem Support",1554559699
ba2pfm,ek9p0kv,"Information Support, Emotional Support, Esteem Support, Tangible Assistance",1554581522
ba2pfm,ekjuemr,"Information Support, Esteem Support, Tangible Assistance",1554908030
ba2pfm,elnjj1w,"Information Support, Esteem Support",1556111670
b9juld,ek6mrc4,Emotional Support,1554479802
b6o87f,ejlz3pq,"Information Support, Esteem Support, Group Interaction",1553809240
b6cykf,ekjzgyo,"Information Support, Group Interaction",1554911497
b65pkp,ejifj7s,Esteem Support,1553710663
b65pkp,ejia6fd,Emotional Support,1553707321
b65pkp,elq0zz5,"Emotional Support, Esteem Support, Group Interaction",1556169916
b4udsg,ej9ig62,"Information Support, Emotional Support, Esteem Support",1553434166
b4udsg,ej9r8ef,"Emotional Support, Esteem Support",1553441205
b4udsg,ejbgpsy,Emotional Support,1553488255
b4udsg,ejh480g,"Information Support, Tangible Assistance, Group Interaction",1553661799
b4ob5d,ej83bzw,"Information Support, Emotional Support, Esteem Support",1553377210
b4ob5d,ej8ri4k,Emotional Support,1553397586
b4ob5d,ejh45ty,"Information Support, Emotional Support, Tangible Assistance, Group Interaction",1553661733
b4ob5d,ekatw8c,"Esteem Support, Group Interaction",1554620504
b4ltrr,ej8ae14,Information Support,1553382696
b4fghz,ej6m1zp,"Emotional Support, Esteem Support",1553331973
b4fghz,ejco2gb,"Information Support, Esteem Support, Tangible Assistance",1553534149
b4fghz,ek5dlxx,"Information Support, Emotional Support, Esteem Support, Tangible Assistance, Group Interaction",1554430796
b4fghz,ekmj4ae,"Emotional Support, Esteem Support, Group Interaction",1554986081
b2tkd7,eiv2opd,"Emotional Support, Esteem Support",1552981302
b2so7c,eivi4cy,"Information Support, Group Interaction",1553000695
b2so7c,ejh4k8f,"Information Support, Tangible Assistance, Group Interaction",1553662167
b2so7c,eix0z38,Information Support,1553036574
b2eqb2,eisobp0,"Emotional Support, Esteem Support, Group Interaction",1552910430
b20kz8,eipsur7,,1552805084
ayy71h,ei4hcss,Information Support,1552111166
axt30s,ehw021n,Information Support,1551839070
axl3tf,ehuyako,"Emotional Support, Esteem Support",1551812362
axl3tf,ehxgj58,Information Support,1551892924
axgz7z,ei2tn41,"Information Support, Esteem Support",1552062290
awrbyd,ehorkcq,"Information Support, Esteem Support",1551599779
awrbyd,ehovqap,"Information Support, Esteem Support",1551606637
awrbyd,ehy6jo5,Information Support,1551909792
awrbyd,ei2uhkl,"Information Support, Emotional Support, Tangible Assistance, Group Interaction",1552062888
awrbyd,eijwm67,,1552608986
aut9aw,ehafokx,"Information Support, Esteem Support",1551145275
aut9aw,ehas6gm,Information Support,1551154736
aun3hx,eh9h6ud,"Information Support, Emotional Support, Group Interaction",1551121112
aun3hx,eha0zuh,"Information Support, Emotional Support, Group Interaction",1551133962
aun3hx,ehqgwpg,Information Support,1551659626
atd16e,eh1qmjd,Information Support,1550861367
atd16e,eh57gma,Information Support,1550973557
atd16e,eh8ic9o,Information Support,1551088897
asq5de,egw6z7c,"Emotional Support, Esteem Support",1550686936
armw4a,egoa58t,,1550426953
armw4a,egotjur,Esteem Support,1550442389
armw4a,ehm2tp7,,1551509827
aqt125,egjc1oj,"Information Support, Emotional Support",1550247202
aqt125,ehqhgqm,Information Support,1551660097
aqt125,egifl8b,"Information Support, Emotional Support, Esteem Support, Tangible Assistance",1550207755
aqqubq,eghxz5b,"Information Support, Esteem Support",1550191921
aqqubq,eghywjn,Information Support,1550192701
aqqubq,egi9j4s,Information Support,1550201850
aq0ncn,egckiu5,Emotional Support,1550019743
aq0ncn,egcu3qe,"Esteem Support, Group Interaction",1550026923
aq0ncn,egkjd1m,"Emotional Support, Esteem Support, Group Interaction",1550279578
aoaz7h,efzjn2g,"Emotional Support, Esteem Support, Group Interaction",1549588256
aoaz7h,efzl6su,"Emotional Support, Esteem Support, Group Interaction",1549589505
aoaz7h,efzla2s,"Emotional Support, Esteem Support",1549589576
aoaz7h,efzyb8e,"Esteem Support, Group Interaction",1549600209
aoaz7h,eg01pra,Esteem Support,1549603716
aoaz7h,eg04brl,Esteem Support,1549606809
an8uxd,efrpb3v,"Information Support, Emotional Support, Group Interaction",1549333765
amghv7,eflvft2,"Information Support, Esteem Support, Group Interaction",1549133664
amghv7,efux6md,Group Interaction,1549441996
akjlnv,ef5i897,"Emotional Support, Esteem Support, Group Interaction",1548651841
akjlnv,ef66j37,"Information Support, Emotional Support, Group Interaction",1548681803
akjlnv,efn1xrb,"Information Support, Emotional Support, Esteem Support",1549170120
aim7ky,eeopmro,Esteem Support,1548159618
aim7ky,eepvbzj,"Information Support, Group Interaction",1548190548
ai83ss,eewqfwa,Information Support,1548400563
ai1ccb,eek6jrg,"Information Support, Emotional Support, Esteem Support, Tangible Assistance",1548013798
ai1ccb,eek58d7,Emotional Support,1548012973
ai1ccb,eel2jsl,"Emotional Support, Esteem Support",1548033277
ai1ccb,eelcn7t,"Emotional Support, Esteem Support",1548040614
ahihu5,eeeuosf,Esteem Support,1547870709
agtkp6,eeaswb3,"Information Support, Group Interaction",1547757349
agtkp6,ee93raw,,1547700953
aecuyf,efn4s64,Information Support,1549173168
aebx0o,edo1ht9,,1547072042
aebx0o,edoslw4,"Esteem Support, Group Interaction",1547093844
aebx0o,ee186j8,"Information Support, Group Interaction",1547448384
aebx0o,edranb6,"Information Support, Emotional Support",1547163669
ae79lv,ednl2ne,Group Interaction,1547061344
ae79lv,efn4vb9,"Emotional Support, Group Interaction",1549173268
ae0kgn,edli7ys,"Information Support, Tangible Assistance",1546991624
ae0kgn,efn5ej6,"Emotional Support, Esteem Support",1549173887
ae0kgn,eez70k1,Esteem Support,1548464250
adoa08,ediw0oc,Information Support,1546908701
adoa08,edj0w25,,1546912079
aczjvs,edi8v3b,"Esteem Support, Group Interaction",1546895178
aawskh,ecwm5dt,"Information Support, Group Interaction",1546211595
aategv,ecuu65u,,1546150022
aategv,ecuvpnt,,1546151793
aategv,ecuyu4a,,1546155981
aategv,ecv1i9d,"Information Support, Group Interaction",1546160124
aarg3c,ecuysjr,,1546155917
aaos0r,ectyf07,"Information Support, Esteem Support",1546123433
a8uel9,eck81v8,"Information Support, Group Interaction",1545791490
a8dtna,ec9wzkm,"Emotional Support, Esteem Support, Group Interaction",1545425228
a8dtna,ecarm0d,"Emotional Support, Group Interaction",1545452948
a7yb0y,ec7t07k,"Information Support, Group Interaction",1545350524
a702wv,ec3b56c,"Information Support, Emotional Support, Esteem Support",1545192024
a702wv,ecg2ee0,Information Support,1545638054
a55zvp,ebk89ro,Information Support,1544535954
a55zvp,ebpu5hx,"Information Support, Emotional Support, Esteem Support, Group Interaction",1544729518
a55zvp,ed2vtmb,"Information Support, Emotional Support, Esteem Support",1546440496
a46h37,ebc24xm,Emotional Support,1544239676
a46h37,ebcmq0g,"Information Support, Emotional Support",1544269427
a46h37,ebmjbl0,Information Support,1544616377
a43kxv,ebbbdkb,Information Support,1544216452
a39khg,eb5s63h,Information Support,1544038687
a2st47,eb0x9bc,"Emotional Support, Esteem Support",1543871099
a2st47,eb0y6oj,"Information Support, Emotional Support, Esteem Support",1543871742
a2st47,eb120ey,"Information Support, Emotional Support, Esteem Support, Tangible Assistance",1543874418
a2st47,eb1z2ad,,1543904751
a2st47,eb10oiw,"Information Support, Esteem Support, Tangible Assistance",1543873472
a1znf8,eau48sp,"Information Support, Emotional Support, Esteem Support",1543640056
a1znf8,eaucryu,"Emotional Support, Esteem Support, Group Interaction",1543651972
a1znf8,eaua9n0,"Information Support, Emotional Support, Esteem Support",1543647576
a1mce5,earff87,Information Support,1543546514
a1mce5,earczqg,,1543544424
a1m8bt,earhks2,"Information Support, Emotional Support, Esteem Support",1543548363
a1m8bt,eas417s,"Information Support, Emotional Support, Esteem Support, Group Interaction",1543576411
a1m8bt,hj1ziw5,"Information Support, Group Interaction",1635883939
a1bej5,eaomvbf,"Information Support, Emotional Support, Esteem Support, Group Interaction",1543454946
a146s8,eamscvy,"Information Support, Emotional Support, Esteem Support, Group Interaction",1543403853
a146s8,eaokqvl,Emotional Support,1543453266
a11ss3,eam6k66,Information Support,1543373625
a11ss3,eanq5vt,Information Support,1543430839
a0a6py,eag31pm,"Emotional Support, Esteem Support",1543168357
a0a6py,eag8dvr,"Emotional Support, Esteem Support",1543171979
a0a6py,ean0iw6,,1543413592
9z74b6,ea73k9f,"Information Support, Esteem Support",1542841709
9z74b6,ea6v8dk,,1542834526
9yf24z,ea0vzt1,Information Support,1542617466
9vhqa3,e9e5jgc,"Emotional Support, Esteem Support, Group Interaction",1541809283
9vhqa3,e9dw3mc,"Information Support, Esteem Support",1541800612
9vhqa3,e9dgk8a,"Information Support, Esteem Support, Group Interaction",1541788471
9vhqa3,e9p3ves,"Emotional Support, Group Interaction",1542221793
9vbq8z,e9bbdd4,Information Support,1541709464
9v5rqk,e99m0o9,"Information Support, Esteem Support, Group Interaction",1541642545
9v5rqk,e9ahy88,"Information Support, Tangible Assistance",1541686029
9v5rqk,e9j2zbu,"Emotional Support, Esteem Support, Tangible Assistance, Group Interaction",1541989816
9v1agw,e9k726j,Information Support,1542040495
9v1agw,ea2otw8,"Information Support, Emotional Support, Esteem Support",1542679234
9v1agw,e995b37,,1541627817
9rkjq6,e8i2ep7,Emotional Support,1540575838
9rgyh2,e8gvjbc,"Emotional Support, Esteem Support, Group Interaction",1540523712
9rgyh2,e8h5hs9,"Emotional Support, Esteem Support, Tangible Assistance, Group Interaction",1540536687
9rgyh2,e8hvpmx,"Information Support, Emotional Support, Esteem Support, Group Interaction",1540570379
9ql5ba,e8ahkh6,"Emotional Support, Esteem Support",1540294634
9ql5ba,e9qc1tt,Emotional Support,1542261141
9ql5ba,ecxm33v,,1546243491
9ql5ba,eegf1um,"Information Support, Esteem Support",1547920607
9q3p0k,e86v5rs,"Information Support, Group Interaction",1540147097
9q3ban,e86ss1w,,1540145203
9q3ban,e86egl4,"Information Support, Emotional Support, Esteem Support",1540132305
9q3ban,e89kcwe,"Information Support, Esteem Support",1540249994
9pzt3u,e85x25p,Information Support,1540103674
9p6fbr,e7zficn,,1539841490
9oowai,e7vnqxf,"Information Support, Emotional Support, Group Interaction",1539708626
9oowai,e7wrhdy,"Information Support, Emotional Support, Esteem Support, Group Interaction",1539741284
9oowai,e7xzo2s,Information Support,1539794302
9oowai,e88ns4u,Group Interaction,1540222807
9olmlz,e7vojrt,"Information Support, Emotional Support, Esteem Support",1539709243
9olmlz,e7v0jhx,Information Support,1539684212
9n4ozv,e7v1dwm,"Esteem Support, Group Interaction",1539685910
9n0b75,e7jdyra,Emotional Support,1539207203
9n0b75,e7v1oad,Information Support,1539686445
9mlogq,e7fylnl,"Emotional Support, Group Interaction",1539078729
9mlogq,e7gna7v,"Emotional Support, Group Interaction",1539105717
9mdxg0,e7fjutz,"Information Support, Group Interaction",1539054483
9m85hb,e7cn3gb,Group Interaction,1538942124
9m85hb,e7gpd7p,Information Support,1539107442
9m85hb,e7cnkkx,,1538942499
9m2a7a,e7clg9z,,1538940875
9kirys,e6zhd4n,"Information Support, Esteem Support",1538421987
9khq1i,e6zsbad,"Information Support, Emotional Support, Esteem Support",1538431013
9khq1i,e70lc7z,"Emotional Support, Group Interaction",1538463357
9k7i5e,e6xezyc,"Information Support, Emotional Support, Esteem Support, Group Interaction",1538338563
9k7i5e,e70jcbw,,1538459747
9k2cv9,e6wqryx,Group Interaction,1538317662
9k2cv9,e6vxmlu,Information Support,1538273049
9jzocq,e6wp5bg,,1538315772
9jzocq,e763zqw,Information Support,1538679896
9jzocq,e6vgsqy,Emotional Support,1538255566
9jzocq,e6vt40b,Esteem Support,1538268104
9jzocq,e6vid1o,Group Interaction,1538257108
9jzocq,e6vmgy0,"Information Support, Emotional Support, Esteem Support",1538261140
9jzocq,e8en2b0,Group Interaction,1540438677
9jzocq,e6vv9fw,"Emotional Support, Esteem Support, Group Interaction",1538270408
9jy3lj,e6uybpe,"Emotional Support, Tangible Assistance",1538238311
9jy3lj,e6uznua,"Information Support, Emotional Support, Esteem Support",1538239577
9jsjqa,e71s77u,,1538511280
9jsjqa,eajd5gv,Group Interaction,1543277008
9jga48,e6r9zc4,Information Support,1538081820
9jf7yi,e6t7nqo,"Esteem Support, Group Interaction",1538158959
9jf7yi,e6vzr44,Information Support,1538275371
9jf7yi,e6ty4l9,"Information Support, Esteem Support",1538184538
9jf7yi,e6s9y6v,,1538120552
9iy2w6,e6nb54w,"Information Support, Esteem Support",1537926234
9hvetb,e6l7ss4,Information Support,1537843440
9hvetb,e6n9y07,Group Interaction,1537925053
9g62x4,e65b8hj,Information Support,1537209874
9fziev,e60v9p7,"Information Support, Emotional Support, Esteem Support",1537024778
9fodpn,e5y4m5h,"Emotional Support, Esteem Support, Group Interaction",1536897397
9fodpn,e5yd8gh,"Information Support, Emotional Support, Tangible Assistance",1536910827
9fodpn,e5ylyit,Information Support,1536927394
9cs6dr,e5dml77,"Information Support, Emotional Support, Esteem Support, Group Interaction",1536072663
9cg8l0,e5oaepc,"Emotional Support, Esteem Support, Group Interaction",1536514769
99jhr2,e4q6yjm,"Information Support, Emotional Support, Esteem Support",1535072025
99jhr2,e4seszz,Information Support,1535161934
99jhr2,e4q77uw,Information Support,1535072287
99jhr2,e5g2nnp,"Information Support, Emotional Support, Esteem Support, Tangible Assistance, Group Interaction",1536169217
96g28l,e4065mm,"Information Support, Emotional Support",1533990220
96g28l,e40ywth,"Information Support, Emotional Support, Esteem Support",1534021813
948q66,e3k7asu,"Information Support, Emotional Support",1533332193
93wr47,e3gmt5r,Information Support,1533195919
93wr47,e3huzeu,"Information Support, Group Interaction",1533242019
8yqmuu,e2d29ti,"Emotional Support, Group Interaction",1531545394
8ybr5c,e29n2bp,"Information Support, Esteem Support",1531417268
8ybr5c,e2qo8b8,"Esteem Support, Group Interaction",1532113058
8y9tar,e2ow1jz,Emotional Support,1532037533
8y9tar,e29cccm,"Emotional Support, Esteem Support",1531408680
8y9tar,e2a06o8,Emotional Support,1531427858
8y9tar,e33ym25,Esteem Support,1532661402
8y9tar,e780csz,"Emotional Support, Esteem Support, Group Interaction",1538756166
8y9iid,e295o0m,"Information Support, Emotional Support, Esteem Support",1531402796
8y9iid,e29fffs,"Information Support, Emotional Support",1531411183
8wio73,e1w9n38,Emotional Support,1530891392
8wio73,e2a1e35,"Information Support, Esteem Support",1531428843
8veizq,e1ms29z,"Information Support, Esteem Support, Group Interaction",1530493518
8uy9vn,e1jbggv,"Information Support, Emotional Support, Tangible Assistance, Group Interaction",1530329846
8urbyr,e1hslr7,Group Interaction,1530275031
8urbyr,e1idi3j,"Information Support, Emotional Support",1530294654
8urbyr,e1ienqp,"Information Support, Esteem Support",1530295648
8s66v9,e11x3j9,,1529595016
8s66v9,e1qnakg,Information Support,1530650237
8omntt,e058ya7,Information Support,1528201217
8nu1qt,dzz02rh,,1527901001
8nu1qt,dzyfa5o,"Information Support, Group Interaction",1527879728
8nu1qt,e085c7v,,1528313609
8nl1ye,dzwcfwp,"Information Support, Esteem Support",1527795651
8nl1ye,dzxbbtf,Information Support,1527830269
8nl1ye,dzx7qdo,,1527826069
8nl1ye,e04yzs5,Emotional Support,1528181578
8nl1ye,dzxyh8w,Information Support,1527865160
8ndqoj,dzuy11i,,1527733656
8ndqoj,dzv7llw,Information Support,1527745807
8m48kg,dzkvc9o,"Information Support, Emotional Support, Esteem Support",1527282541
8m48kg,dzq5y4j,"Information Support, Tangible Assistance",1527540642
8m48kg,e46uz03,"Information Support, Emotional Support",1534274372
8m48kg,dzlpzmc,"Emotional Support, Esteem Support",1527326549
8lqr3l,dzhp9ej,Information Support,1527146672
8kyxnz,dzcuszh,Information Support,1526942567
8kyxnz,dzdvyy8,Information Support,1526996168
8ky751,e1ixjmx,"Information Support, Emotional Support, Esteem Support",1530313570
8kevey,dz76pbr,"Information Support, Esteem Support",1526667951
8jdl2y,dz12ise,"Information Support, Esteem Support",1526409309
8jdl2y,dyz8ag5,"Information Support, Emotional Support, Esteem Support",1526329245
8hquq6,dymm92j,"Information Support, Group Interaction",1525757657
8e1v0c,dxswbx7,Information Support,1524439551
8e1v0c,dxrqpst,"Information Support, Tangible Assistance",1524382734
8c0h55,dxb2d3n,"Information Support, Tangible Assistance",1523636779
8c0h55,dxbgm6p,Information Support,1523649473
88ybyt,dwordum,"Information Support, Emotional Support",1522694242
88ybyt,dwo258n,"Information Support, Tangible Assistance",1522665058
88ybyt,dy0u1lu,"Information Support, Emotional Support, Esteem Support, Tangible Assistance",1524775889
88ybyt,dwpm07y,Information Support,1522727109
84jv1j,dvrllwc,"Information Support, Emotional Support, Esteem Support",1521154635
84jv1j,dwg5ylo,"Emotional Support, Esteem Support, Group Interaction",1522282545
848ds9,dvoa8jl,,1521010734
7yib5a,dv1hhyr,Tangible Assistance,1519944089
7yib5a,dupi6tg,Group Interaction,1519397708
7yib5a,dupq24d,Group Interaction,1519405208
7yib5a,duu7pun,Information Support,1519622206
7wh0kq,du0h44b,Information Support,1518222365
7uw7um,dtoskox,"Esteem Support, Group Interaction",1517688041
7toiqi,dte0kfq,Information Support,1517186726
7toiqi,dtfb8vi,Information Support,1517253160
7row7k,dtenn2p,,1517224708
7r75rx,dsxtw7f,,1516397151
7r75rx,dsvp07v,"Information Support, Emotional Support, Esteem Support, Group Interaction",1516301269
7r75rx,dttev26,Esteem Support,1517914390
7r75rx,dsvont6,"Emotional Support, Group Interaction",1516300934
7qhyct,dszz480,"Emotional Support, Esteem Support, Group Interaction",1516510470
7qhyct,dsw5boy,,1516317194
7qhyct,dsw5dm9,Group Interaction,1516317252
7qhyct,dsz7yxe,,1516476560
7qhyct,dszgbwt,Information Support,1516486735
7qhyct,dsy3juu,,1516408028
7m9ikt,drtk40j,Information Support,1514389905
7m9ikt,dszj2gm,"Information Support, Esteem Support",1516489896
7m9ikt,dscwhps,Emotional Support,1515398514
7kqs5q,drhf5qk,"Information Support, Emotional Support, Esteem Support",1513709814
7kqs5q,drsb82f,"Information Support, Esteem Support, Group Interaction",1514315020
7klvhi,drhf85x,Emotional Support,1513709881
7klvhi,drjg950,"Esteem Support, Group Interaction",1513805424
7jhqne,drjgncd,,1513805824
7jbj4u,drbnspo,"Emotional Support, Tangible Assistance, Group Interaction",1513400501
7jbj4u,drn6f3n,,1513992468
7h02oz,dr08izw,Information Support,1512846358
7h02oz,dqv2byu,Information Support,1512585217
7h02oz,dqz18oe,Information Support,1512773240
7gtioo,dqmje2g,Information Support,1512159904
7gdc0w,dr06vlj,,1512844305
7gdc0w,dr57mkh,,1513100196
7eqqpu,dqlifwv,"Emotional Support, Esteem Support",1512107320
7eqqpu,dqydsga,"Emotional Support, Tangible Assistance, Group Interaction",1512748458
7af0ow,dpasr3t,"Information Support, Emotional Support, Esteem Support, Group Interaction",1509732288
77feji,dold0w4,Group Interaction,1508429364
773p38,doqeb2o,"Information Support, Esteem Support",1508699014