post_id,subreddit,timestamp,Level 1 Label,Level 2 Label,Level 3 Label
okndls,harassment,2021-07-15 6:54:13,Not Applicable,,
oiulpt,harassment,2021-07-12 16:20:51,Not Applicable,,
oehv77,harassment,2021-07-05 22:26:22,Not Applicable,,
odj9mr,harassment,2021-07-04 12:14:00,Not Applicable,,
odj2wf,harassment,2021-07-04 12:01:28,Not Applicable,,
od6jly,harassment,2021-07-03 21:15:49,Not Applicable,,
oc4o1v,harassment,2021-07-02 6:49:16,Not Applicable,,
o90l1n,harassment,2021-06-27 16:37:08,Not Applicable,,
o6wle4,harassment,2021-06-24 8:20:27,Not Applicable,,
o5z0kx,harassment,2021-06-22 22:28:16,Not Applicable,,
o4n7go,harassment,2021-06-21 4:40:34,Not Applicable,,
o4m89t,harassment,2021-06-21 3:40:53,Not Applicable,,
nuaxha,harassment,2021-06-07 12:13:35,Not Applicable,,
nt5znw,harassment,2021-06-05 21:33:18,Not Applicable,,
nnrs7a,harassment,2021-05-29 17:07:39,Not Applicable,,
nkwmqd,harassment,2021-05-25 18:30:52,Not Applicable,,
ngs45t,harassment,2021-05-20 5:45:29,Not Applicable,,
nffxpl,harassment,2021-05-18 16:59:43,Not Applicable,,
ne3y3c,harassment,2021-05-17 2:03:54,Not Applicable,,
nazhxz,harassment,2021-05-12 21:09:49,Not Applicable,,
n8todl,harassment,2021-05-10 2:31:21,Not Applicable,,
n5cwv2,harassment,2021-05-05 10:39:36,Not Applicable,,
n2oimd,harassment,2021-05-01 18:42:56,Not Applicable,,
n1wwsg,harassment,2021-04-30 15:58:54,Not Applicable,,
mxspg3,harassment,2021-04-24 20:52:02,Not Applicable,,
mvrovf,harassment,2021-04-21 22:57:45,Not Applicable,,
mqusqs,harassment,2021-04-14 16:56:01,Not Applicable,,
mjdndj,harassment,2021-04-03 17:59:11,Not Applicable,,
mhdptw,harassment,2021-03-31 19:29:27,Not Applicable,,
mguh0u,harassment,2021-03-31 0:57:17,Not Applicable,,
m6lt1p,harassment,2021-03-16 22:57:19,Not Applicable,,
m4ss7k,harassment,2021-03-14 10:27:22,Not Applicable,,
m33u4r,harassment,2021-03-11 23:31:19,Not Applicable,,
m2bpt4,harassment,2021-03-10 23:10:18,Not Applicable,,
lu3uk7,harassment,2021-02-28 3:03:51,Not Applicable,,
lhyz1i,harassment,2021-02-12 0:18:26,Not Applicable,,
l6l0gf,harassment,2021-01-28 1:59:05,Not Applicable,,
kyxku4,harassment,2021-01-17 2:43:25,Not Applicable,,
kvq2pd,harassment,2021-01-12 11:38:33,Not Applicable,,
kvloe8,harassment,2021-01-12 5:51:51,Not Applicable,,
kn44k6,harassment,2020-12-30 15:23:08,Not Applicable,,
kju0vu,harassment,2020-12-25 5:47:43,Not Applicable,,
ki6z00,harassment,2020-12-22 15:03:14,Not Applicable,,
kdugac,harassment,2020-12-15 21:02:47,Not Applicable,,
k7l7yb,harassment,2020-12-06 2:35:49,Not Applicable,,
k1xf8z,harassment,2020-11-27 8:30:24,Not Applicable,,
jxhhpd,harassment,2020-11-20 3:17:29,Not Applicable,,
jsob5l,harassment,2020-11-12 4:39:00,Not Applicable,,
jqkla3,harassment,2020-11-08 22:00:48,Not Applicable,,
jqfd9z,harassment,2020-11-08 17:16:39,Not Applicable,,
jnm40l,harassment,2020-11-04 0:02:42,Not Applicable,,
jgj6ug,harassment,2020-10-23 8:27:57,Not Applicable,,
jetpxq,harassment,2020-10-20 17:03:21,Not Applicable,,
jdj03r,harassment,2020-10-18 16:14:16,Not Applicable,,
jcoqi1,harassment,2020-10-17 4:19:06,Not Applicable,,
j7akc0,harassment,2020-10-08 10:20:03,Not Applicable,,
j63342,harassment,2020-10-06 11:05:12,Not Applicable,,
j4swyy,harassment,2020-10-04 4:16:12,Not Applicable,,
j4j3o0,harassment,2020-10-03 17:29:14,Not Applicable,,
j1zj0j,harassment,2020-09-29 13:48:09,Not Applicable,,
iz7gos,harassment,2020-09-24 22:35:11,Not Applicable,,
iso74x,harassment,2020-09-14 16:23:01,Not Applicable,,
ingtal,harassment,2020-09-06 5:51:00,Not Applicable,,
inc5ix,harassment,2020-09-06 0:15:48,Not Applicable,,
imug4r,harassment,2020-09-05 3:48:52,Not Applicable,,
ilqwk2,harassment,2020-09-03 10:29:27,Not Applicable,,
il97fo,harassment,2020-09-02 15:43:47,Not Applicable,,
ib758k,harassment,2020-08-17 4:07:18,Not Applicable,,
i7sd2u,harassment,2020-08-11 14:02:06,Not Applicable,,
i3cjil,harassment,2020-08-04 4:13:27,Not Applicable,,
i11te3,harassment,2020-07-31 5:17:49,Not Applicable,,
hsbgg4,harassment,2020-07-16 15:18:07,Not Applicable,,
hs795d,harassment,2020-07-16 10:32:24,Not Applicable,,
hotxwe,harassment,2020-07-10 18:11:13,Not Applicable,,
hlylxy,harassment,2020-07-06 1:40:51,Not Applicable,,
hkmcqm,harassment,2020-07-03 16:41:23,Not Applicable,,
hih8ne,harassment,2020-06-30 5:41:15,Not Applicable,,
hhf3fm,harassment,2020-06-28 14:16:32,Not Applicable,,
hglof4,harassment,2020-06-27 2:49:31,Not Applicable,,
he50lt,harassment,2020-06-23 1:12:34,Not Applicable,,
hbu0k0,harassment,2020-06-19 4:24:35,Not Applicable,,
hahrl2,harassment,2020-06-17 1:58:40,Not Applicable,,
h7uki2,harassment,2020-06-12 22:25:56,Not Applicable,,
h11h1c,harassment,2020-06-11 15:29:21,Not Applicable,,
gxjmhy,harassment,2020-06-06 3:38:08,Not Applicable,,
gxfy6q,harassment,2020-06-05 23:47:11,Not Applicable,,
gwte3v,harassment,2020-06-04 23:55:28,Not Applicable,,
a60hwp,harassment,2018-12-14 2:26:24,Not Applicable,,
a5j99n,harassment,2018-12-12 15:44:24,Not Applicable,,
9yb5a0,harassment,2018-11-18 23:43:09,Not Applicable,,
9lvzia,harassment,2018-10-06 13:36:03,Not Applicable,,
8mbyaf,harassment,2018-05-26 18:13:11,Not Applicable,,
8bes8k,harassment,2018-04-11 5:43:47,Not Applicable,,
8b4wpf,harassment,2018-04-10 4:18:02,Not Applicable,,
8a7f9x,harassment,2018-04-06 6:49:24,Not Applicable,,
7ug8b2,harassment,2018-02-01 4:33:02,Not Applicable,,
olixqn,assault,2021-07-16 15:18:56,Not Applicable,,
oldu40,assault,2021-07-16 10:01:45,Not Applicable,,
old9dy,assault,2021-07-16 9:15:38,Not Applicable,,
ok9dx5,assault,2021-07-14 17:37:23,Not Applicable,,
oist2i,assault,2021-07-12 14:50:35,Not Applicable,,
oiop95,assault,2021-07-12 10:39:58,Not Applicable,,
og09fb,assault,2021-07-08 4:52:48,Not Applicable,,
od8498,assault,2021-07-03 22:48:14,Not Applicable,,
o6ik9p,assault,2021-06-23 18:12:28,Not Applicable,,
nxt9by,assault,2021-06-11 23:33:33,Not Applicable,,
nwef2e,assault,2021-06-10 3:55:51,Not Applicable,,
nt30mk,assault,2021-06-05 19:12:15,Not Applicable,,
nsdifj,assault,2021-06-04 19:37:40,Not Applicable,,
ns9uya,assault,2021-06-04 16:56:13,Not Applicable,,
nqy1w0,assault,2021-06-02 22:21:34,Not Applicable,,
nqpx1v,assault,2021-06-02 16:32:55,Not Applicable,,
nnxi5y,assault,2021-05-29 22:12:26,Not Applicable,,
nnk4y7,assault,2021-05-29 9:53:50,Not Applicable,,
nn3rwr,assault,2021-05-28 18:05:25,Not Applicable,,
nmdwfe,assault,2021-05-27 18:22:17,Not Applicable,,
nlkw08,assault,2021-05-26 16:19:09,Not Applicable,,
nk31bi,assault,2021-05-24 17:14:55,Not Applicable,,
ni3xof,assault,2021-05-21 21:56:08,Not Applicable,,
nhrjzy,assault,2021-05-21 12:41:00,Not Applicable,,
nhhi5h,assault,2021-05-21 2:05:57,Not Applicable,,
ngeime,assault,2021-05-19 19:20:33,Not Applicable,,
nfgo0g,assault,2021-05-18 17:27:54,Not Applicable,,
ne6uh6,assault,2021-05-17 4:39:31,Not Applicable,,
nbra1o,assault,2021-05-13 20:59:16,Not Applicable,,
n7gprv,assault,2021-05-08 3:55:49,Not Applicable,,
n205kh,assault,2021-04-30 18:28:11,Not Applicable,,
n1zjiw,assault,2021-04-30 18:00:25,Not Applicable,,
n0h3tp,assault,2021-04-28 15:16:59,Not Applicable,,
mznf4j,assault,2021-04-27 12:32:46,Not Applicable,,
mzbdpz,assault,2021-04-26 23:44:25,Not Applicable,,
mx9746,assault,2021-04-24 0:47:45,Not Applicable,,
mvy6k0,assault,2021-04-22 5:37:08,Not Applicable,,
mukgi9,assault,2021-04-20 6:37:48,Not Applicable,,
mno9xt,assault,2021-04-09 19:05:56,Not Applicable,,
mkpbi0,assault,2021-04-05 16:57:47,Not Applicable,,
mk4vcr,assault,2021-04-04 21:05:14,Not Applicable,,
mgyt37,assault,2021-03-31 5:14:49,Not Applicable,,
mfzvok,assault,2021-03-29 21:20:24,Not Applicable,,
mfrgd7,assault,2021-03-29 15:01:40,Not Applicable,,
m6xbuf,assault,2021-03-17 10:24:29,Not Applicable,,
m3k6v1,assault,2021-03-12 15:42:56,Not Applicable,,
m35tkq,assault,2021-03-12 1:09:12,Not Applicable,,
m0upsv,assault,2021-03-09 0:46:56,Not Applicable,,
m0mrmr,assault,2021-03-08 18:46:26,Not Applicable,,
m06rlp,assault,2021-03-08 3:30:17,Not Applicable,,
lu3hjz,assault,2021-02-28 2:43:05,Not Applicable,,
lrex7e,assault,2021-02-24 15:03:20,Not Applicable,,
lmfny5,assault,2021-02-18 6:18:54,Not Applicable,,
llq4vd,assault,2021-02-17 8:56:39,Not Applicable,,
lhdk11,assault,2021-02-11 5:10:48,Not Applicable,,
lgwab0,assault,2021-02-10 15:40:50,Not Applicable,,
lgcls0,assault,2021-02-09 20:27:42,Not Applicable,,
lbgne4,assault,2021-02-03 5:35:05,Not Applicable,,
lad0f3,assault,2021-02-01 20:21:11,Not Applicable,,
l9ul52,assault,2021-02-01 4:19:16,Not Applicable,,
l3ymt6,assault,2021-01-24 12:33:51,Not Applicable,,
l3esy4,assault,2021-01-23 16:07:48,Not Applicable,,
l2itkq,assault,2021-01-22 7:39:21,Not Applicable,,
l17g2q,assault,2021-01-20 11:32:20,Not Applicable,,
l0yf3z,assault,2021-01-20 1:23:22,Not Applicable,,
kzujn8,assault,2021-01-18 13:21:46,Not Applicable,,
kwbq3z,assault,2021-01-13 7:35:52,Not Applicable,,
kvk2si,assault,2021-01-12 4:13:40,Not Applicable,,
kvinqr,assault,2021-01-12 2:52:39,Not Applicable,,
kuiqlq,assault,2021-01-10 17:31:03,Not Applicable,,
ksmcbm,assault,2021-01-07 20:46:03,Not Applicable,,
krwhzu,assault,2021-01-06 20:31:28,Not Applicable,,
kradgm,assault,2021-01-05 23:11:02,Not Applicable,,
kr5kay,assault,2021-01-05 19:23:01,Not Applicable,,
kqmd4l,assault,2021-01-05 0:41:19,Not Applicable,,
kpdqcd,assault,2021-01-03 4:34:33,Not Applicable,,
kozjs2,assault,2021-01-02 15:42:47,Not Applicable,,
kny4f4,assault,2020-12-31 21:08:34,Not Applicable,,
km3kek,assault,2020-12-29 1:07:11,Not Applicable,,
klm9ye,assault,2020-12-28 8:03:31,Not Applicable,,
ki3jl3,assault,2020-12-22 11:25:30,Not Applicable,,
khzysm,assault,2020-12-22 6:37:27,Not Applicable,,
khywm9,assault,2020-12-22 5:23:29,Not Applicable,,
keg42v,assault,2020-12-16 19:35:22,Not Applicable,,
kd01e3,assault,2020-12-14 15:46:23,Not Applicable,,
kbsdly,assault,2020-12-12 16:54:18,Not Applicable,,
kbky52,assault,2020-12-12 7:22:39,Not Applicable,,
k9vjwb,assault,2020-12-09 16:57:06,Not Applicable,,
k9n8he,assault,2020-12-09 7:09:08,Not Applicable,,
k950x7,assault,2020-12-08 14:23:58,Not Applicable,,
k8r2ym,assault,2020-12-07 22:27:15,Not Applicable,,
k72ee1,assault,2020-12-05 6:09:55,Not Applicable,,
k6fvlg,assault,2020-12-04 6:55:21,Not Applicable,,
k5ynmc,assault,2020-12-03 14:55:17,Not Applicable,,
k4biap,assault,2020-12-01 2:27:10,Not Applicable,,
k1lz0z,assault,2020-11-26 19:45:41,Not Applicable,,
k1bf41,assault,2020-11-26 8:19:40,Not Applicable,,
jykrbm,assault,2020-11-21 23:14:56,Not Applicable,,
jwd1sa,assault,2020-11-18 9:52:46,Not Applicable,,
jvi8tq,assault,2020-11-16 23:53:09,Not Applicable,,
jtjmhd,assault,2020-11-13 17:08:03,Not Applicable,,
js90d0,assault,2020-11-11 14:24:52,Not Applicable,,
jq9a5u,assault,2020-11-08 9:58:03,Not Applicable,,
jq3gk2,assault,2020-11-08 2:09:14,Not Applicable,,
jldmad,assault,2020-10-31 6:23:03,Not Applicable,,
jjruvk,assault,2020-10-28 17:11:31,Not Applicable,,
ji0eue,assault,2020-10-25 20:23:37,Not Applicable,,
jhvxju,assault,2020-10-25 16:11:26,Not Applicable,,
jdepqm,assault,2020-10-18 11:25:09,Not Applicable,,
jbiwup,assault,2020-10-15 7:17:07,Not Applicable,,
9gy1al,assault,2018-09-18 19:40:26,Not Applicable,,
96r0nb,assault,2018-08-12 18:11:07,Not Applicable,,
959gj5,assault,2018-08-07 7:13:25,Not Applicable,,
931v2b,assault,2018-07-30 6:55:53,Not Applicable,,
8s6fm2,assault,2018-06-19 5:41:20,Not Applicable,,
8p4sma,assault,2018-06-06 22:00:01,Not Applicable,,
8p2l59,assault,2018-06-06 17:30:44,Not Applicable,,
8nm7g3,assault,2018-05-31 21:20:56,Not Applicable,,
87oerq,assault,2018-03-28 2:28:00,Not Applicable,,
7q99uz,assault,2018-01-14 2:49:29,Not Applicable,,
7bbon3,assault,2017-11-07 7:30:47,Not Applicable,,
nvlyqp,metoo,2021-06-09 3:17:59,Not Applicable,,
nnjhhp,metoo,2021-05-29 9:07:19,Not Applicable,,
mnjfj5,metoo,2021-04-09 15:17:07,Not Applicable,,
mftuxt,metoo,2021-03-29 16:51:35,Not Applicable,,
lt7fm4,metoo,2021-02-26 20:47:40,Not Applicable,,
lkw7g2,metoo,2021-02-16 4:51:44,Not Applicable,,
latkfv,metoo,2021-02-02 11:31:23,Not Applicable,,
l6ho3k,metoo,2021-01-27 23:30:56,Not Applicable,,
kjept2,metoo,2020-12-24 12:33:02,Not Applicable,,
jb2n7i,metoo,2020-10-14 15:19:29,Not Applicable,,
ivrjym,metoo,2020-09-19 12:20:17,Not Applicable,,
iq22nd,metoo,2020-09-10 12:09:01,Not Applicable,,
ioy4qz,metoo,2020-09-08 17:38:15,Not Applicable,,
i4mujq,metoo,2020-08-06 6:49:09,Not Applicable,,
i3jz6w,metoo,2020-08-04 14:09:56,Not Applicable,,
i3dypq,metoo,2020-08-04 6:05:33,Not Applicable,,
hvli7t,metoo,2020-07-22 2:37:42,Not Applicable,,
hcxo9f,metoo,2020-06-21 1:01:09,Not Applicable,,
gzm4xc,metoo,2020-06-09 12:26:08,Not Applicable,,
gxicsa,metoo,2020-06-06 2:15:50,Not Applicable,,
g5jota,metoo,2020-04-21 17:36:21,Not Applicable,,
g0pcha,metoo,2020-04-13 19:02:53,Not Applicable,,
fqtt0k,metoo,2020-03-28 22:11:38,Not Applicable,,
filn2g,metoo,2020-03-14 17:07:39,Not Applicable,,
fdl1sf,metoo,2020-03-04 22:30:13,Not Applicable,,
f6iopa,metoo,2020-02-19 22:32:18,Not Applicable,,
f55b9o,metoo,2020-02-17 7:42:49,Not Applicable,,
eym40n,metoo,2020-02-04 6:53:03,Not Applicable,,
esz4yf,metoo,2020-01-23 20:45:35,Not Applicable,,
eg8pvg,metoo,2019-12-27 8:40:49,Not Applicable,,
e2ftx1,metoo,2019-11-27 13:13:09,Not Applicable,,
e0asv2,metoo,2019-11-23 1:18:33,Not Applicable,,
e04u97,metoo,2019-11-22 18:14:16,Not Applicable,,
dp92kb,metoo,2019-10-30 16:24:31,Not Applicable,,
ddrk2f,metoo,2019-10-05 18:55:40,Not Applicable,,
dalorv,metoo,2019-09-28 20:51:02,Not Applicable,,
d39t0y,metoo,2019-09-12 15:47:25,Not Applicable,,
crbv25,metoo,2019-08-16 20:17:44,Not Applicable,,
coa7qa,metoo,2019-08-09 23:20:35,Not Applicable,,
cdp7tm,metoo,2019-07-15 23:32:34,Not Applicable,,
caqc2j,metoo,2019-07-08 20:18:41,Not Applicable,,
c8fg4q,metoo,2019-07-02 21:39:00,Not Applicable,,
bux86q,metoo,2019-05-30 19:14:02,Not Applicable,,
btsl6h,metoo,2019-05-27 22:58:17,Not Applicable,,
bq95j4,metoo,2019-05-18 21:34:24,Not Applicable,,
bme42d,metoo,2019-05-09 2:05:43,Not Applicable,,
bk1303,metoo,2019-05-02 22:31:32,Not Applicable,,
bjx1k7,metoo,2019-05-02 16:35:48,Not Applicable,,
birchv,metoo,2019-04-29 16:16:29,Not Applicable,,
bf7c5u,metoo,2019-04-20 2:12:19,Not Applicable,,
b5ybm2,metoo,2019-03-27 1:34:25,Not Applicable,,
b4fcmq,metoo,2019-03-23 5:16:07,Not Applicable,,
b1d0tt,metoo,2019-03-15 10:00:37,Not Applicable,,
az8kr9,metoo,2019-03-09 21:50:57,Not Applicable,,
awl5p5,metoo,2019-03-02 19:14:16,Not Applicable,,
avxuww,metoo,2019-02-28 23:51:12,Not Applicable,,
aufjcf,metoo,2019-02-25 2:00:49,Not Applicable,,
aeo5by,metoo,2019-01-10 22:07:57,Not Applicable,,
aecotf,metoo,2019-01-09 23:16:01,Not Applicable,,
act18t,metoo,2019-01-05 10:24:21,Not Applicable,,
a9f8gs,metoo,2018-12-25 14:29:02,Not Applicable,,
a3dukv,metoo,2018-12-05 16:28:46,Not Applicable,,
a343s4,metoo,2018-12-04 19:46:14,Not Applicable,,
a2cy8u,metoo,2018-12-02 12:50:09,Not Applicable,,
9zebga,metoo,2018-11-22 13:59:54,Not Applicable,,
9x8euy,metoo,2018-11-15 5:48:50,Not Applicable,,
9ponb4,metoo,2018-10-19 22:26:47,Not Applicable,,
9o9gjx,metoo,2018-10-15 4:14:54,Not Applicable,,
9nhcn6,metoo,2018-10-12 4:49:19,Not Applicable,,
9hm8mt,metoo,2018-09-21 4:41:52,Not Applicable,,
8vjgc5,metoo,2018-07-02 15:22:05,Not Applicable,,
8sb7fs,metoo,2018-06-19 18:27:26,Not Applicable,,
8rwqkv,metoo,2018-06-18 4:25:31,Not Applicable,,
8r9y9u,metoo,2018-06-15 10:36:53,Not Applicable,,
8pn067,metoo,2018-06-08 19:53:56,Not Applicable,,
8mg2an,metoo,2018-05-27 6:19:42,Not Applicable,,
8kmkr5,metoo,2018-05-19 17:08:52,Not Applicable,,
8jj2x1,metoo,2018-05-15 5:11:45,Not Applicable,,
8avwf5,metoo,2018-04-09 4:42:53,Not Applicable,,
89mzrw,metoo,2018-04-04 6:13:20,Not Applicable,,
882zct,metoo,2018-03-29 17:04:34,Not Applicable,,
86co39,metoo,2018-03-22 16:09:30,Not Applicable,,
830plp,metoo,2018-03-08 20:30:28,Not Applicable,,
7um3e9,metoo,2018-02-01 21:16:26,Not Applicable,,
7qtu6r,metoo,2018-01-16 17:20:40,Not Applicable,,
7jy7fv,metoo,2017-12-15 7:19:10,Not Applicable,,
7iq04t,metoo,2017-12-09 22:46:52,Not Applicable,,
77kyzh,metoo,2017-10-20 9:15:14,Not Applicable,,
775c1x,metoo,2017-10-18 8:51:40,Not Applicable,,
ojp7lk,harassment,2021-07-13 21:17:03,Applicable,No Stigma,
o79e7h,harassment,2021-06-24 20:32:26,Applicable,No Stigma,
o6t7tt,harassment,2021-06-24 4:07:08,Applicable,No Stigma,
o2aqar,harassment,2021-06-17 23:16:18,Applicable,No Stigma,
nxvyxq,harassment,2021-06-12 2:02:39,Applicable,No Stigma,
ni95ni,harassment,2021-05-22 2:53:38,Applicable,No Stigma,
ni7x3j,harassment,2021-05-22 1:37:45,Applicable,No Stigma,
nbaqrf,harassment,2021-05-13 7:10:52,Applicable,No Stigma,
naf4xv,harassment,2021-05-12 3:14:03,Applicable,No Stigma,
n699a1,harassment,2021-05-06 15:00:22,Applicable,No Stigma,
mxni0w,harassment,2021-04-24 16:34:33,Applicable,No Stigma,
mjb0n3,harassment,2021-04-03 15:45:20,Applicable,No Stigma,
lxevxs,harassment,2021-03-04 7:03:40,Applicable,No Stigma,
lap9cr,harassment,2021-02-02 6:20:08,Applicable,No Stigma,
l8zwh4,harassment,2021-01-31 0:24:53,Applicable,No Stigma,
kmmkbs,harassment,2020-12-29 20:45:59,Applicable,No Stigma,
k828g0,harassment,2020-12-06 21:14:24,Applicable,No Stigma,
jmpc59,harassment,2020-11-02 15:21:15,Applicable,No Stigma,
jfxvtz,harassment,2020-10-22 11:32:43,Applicable,No Stigma,
innpmc,harassment,2020-09-06 15:16:30,Applicable,No Stigma,
ikx0ts,harassment,2020-09-02 1:02:16,Applicable,No Stigma,
i7iy8s,harassment,2020-08-11 2:05:31,Applicable,No Stigma,
hyyqji,harassment,2020-07-27 19:13:50,Applicable,No Stigma,
hy13c5,harassment,2020-07-26 5:03:01,Applicable,No Stigma,
hj38xc,harassment,2020-07-01 4:20:38,Applicable,No Stigma,
hgz0mz,harassment,2020-06-27 18:46:22,Applicable,No Stigma,
gxoa3h,harassment,2020-06-06 10:04:10,Applicable,No Stigma,
gq8asy,harassment,2020-05-25 9:56:16,Applicable,No Stigma,
9r1qas,harassment,2018-10-24 17:25:37,Applicable,No Stigma,
9joplp,harassment,2018-09-28 16:58:43,Applicable,No Stigma,
olr4wq,assault,2021-07-16 22:03:37,Applicable,No Stigma,
olmb7r,assault,2021-07-16 18:01:39,Applicable,No Stigma,
ol9lru,assault,2021-07-16 4:34:11,Applicable,No Stigma,
ol8uq0,assault,2021-07-16 3:45:28,Applicable,No Stigma,
okj151,assault,2021-07-15 2:02:19,Applicable,No Stigma,
okhu69,assault,2021-07-15 0:50:22,Applicable,No Stigma,
okbi98,assault,2021-07-14 19:19:48,Applicable,No Stigma,
oka3o4,assault,2021-07-14 18:11:07,Applicable,No Stigma,
ojxqp7,assault,2021-07-14 5:32:55,Applicable,No Stigma,
ojrxoi,assault,2021-07-13 23:38:51,Applicable,No Stigma,
ojnzwf,assault,2021-07-13 20:18:18,Applicable,No Stigma,
ojapis,assault,2021-07-13 7:36:42,Applicable,No Stigma,
oj5kx7,assault,2021-07-13 1:47:29,Applicable,No Stigma,
oikua9,assault,2021-07-12 5:27:59,Applicable,No Stigma,
oik09e,assault,2021-07-12 4:29:04,Applicable,No Stigma,
oifhi2,assault,2021-07-11 23:45:36,Applicable,No Stigma,
ohsx9y,assault,2021-07-10 23:03:09,Applicable,No Stigma,
ogspce,assault,2021-07-09 10:21:19,Applicable,No Stigma,
of19is,assault,2021-07-06 18:44:26,Applicable,No Stigma,
of0lau,assault,2021-07-06 18:11:27,Applicable,No Stigma,
oeyrib,assault,2021-07-06 16:43:27,Applicable,No Stigma,
oekr5o,assault,2021-07-06 1:20:34,Applicable,No Stigma,
oe2uwk,assault,2021-07-05 8:29:23,Applicable,No Stigma,
ody481,assault,2021-07-05 2:33:41,Applicable,No Stigma,
odwm8v,assault,2021-07-05 0:45:30,Applicable,No Stigma,
odj1ql,assault,2021-07-04 11:59:42,Applicable,No Stigma,
oda94h,assault,2021-07-04 1:04:39,Applicable,No Stigma,
od6t8c,assault,2021-07-03 21:31:02,Applicable,No Stigma,
ocxmpw,assault,2021-07-03 13:00:45,Applicable,No Stigma,
ocw6sj,assault,2021-07-03 11:20:52,Applicable,No Stigma,
ocjnde,assault,2021-07-02 21:15:36,Applicable,No Stigma,
obhv7e,assault,2021-07-01 9:08:18,Applicable,No Stigma,
oauxxi,assault,2021-06-30 11:01:25,Applicable,No Stigma,
oatkey,assault,2021-06-30 9:19:42,Applicable,No Stigma,
oamxo3,assault,2021-06-30 1:56:32,Applicable,No Stigma,
oah4pq,assault,2021-06-29 20:49:51,Applicable,No Stigma,
oa64zr,assault,2021-06-29 11:13:00,Applicable,No Stigma,
o9vx95,assault,2021-06-28 23:19:27,Applicable,No Stigma,
o9umkj,assault,2021-06-28 22:09:01,Applicable,No Stigma,
o9ef45,assault,2021-06-28 6:17:59,Applicable,No Stigma,
o9cbay,assault,2021-06-28 3:48:12,Applicable,No Stigma,
o99719,assault,2021-06-28 0:29:09,Applicable,No Stigma,
o8m4ho,assault,2021-06-27 0:03:53,Applicable,No Stigma,
o8enuk,assault,2021-06-26 17:01:07,Applicable,No Stigma,
o8478p,assault,2021-06-26 4:59:07,Applicable,No Stigma,
o82i15,assault,2021-06-26 3:03:06,Applicable,No Stigma,
o7t3zd,assault,2021-06-25 18:07:11,Applicable,No Stigma,
o7mwox,assault,2021-06-25 12:40:58,Applicable,No Stigma,
o7eau4,assault,2021-06-25 2:16:15,Applicable,No Stigma,
o730yr,assault,2021-06-24 15:20:12,Applicable,No Stigma,
o7054e,assault,2021-06-24 12:45:09,Applicable,No Stigma,
o6qlpg,assault,2021-06-24 1:24:33,Applicable,No Stigma,
o6ggre,assault,2021-06-23 16:34:45,Applicable,No Stigma,
o66jav,assault,2021-06-23 5:40:05,Applicable,No Stigma,
o642p6,assault,2021-06-23 2:58:27,Applicable,No Stigma,
o596l5,assault,2021-06-21 23:57:28,Applicable,No Stigma,
o57i95,assault,2021-06-21 22:34:40,Applicable,No Stigma,
o4ji8w,assault,2021-06-21 1:03:22,Applicable,No Stigma,
o47uaf,assault,2021-06-20 15:15:00,Applicable,No Stigma,
o40qyy,assault,2021-06-20 8:14:47,Applicable,No Stigma,
o2ya3q,assault,2021-06-18 19:33:00,Applicable,No Stigma,
o29z44,assault,2021-06-17 22:41:15,Applicable,No Stigma,
o253pm,assault,2021-06-17 19:10:04,Applicable,No Stigma,
o242ek,assault,2021-06-17 18:27:10,Applicable,No Stigma,
o22tmy,assault,2021-06-17 17:34:31,Applicable,No Stigma,
o1x01a,assault,2021-06-17 13:16:14,Applicable,No Stigma,
o109a8,assault,2021-06-16 8:45:32,Applicable,No Stigma,
o0j4ce,assault,2021-06-15 17:01:29,Applicable,No Stigma,
o09kif,assault,2021-06-15 8:39:13,Applicable,No Stigma,
o034na,assault,2021-06-15 2:10:31,Applicable,No Stigma,
nzxdob,assault,2021-06-14 21:21:34,Applicable,No Stigma,
nzc7lv,assault,2021-06-14 2:16:26,Applicable,No Stigma,
nynd8z,assault,2021-06-13 3:05:54,Applicable,No Stigma,
nylf97,assault,2021-06-13 1:11:26,Applicable,No Stigma,
nyh28o,assault,2021-06-12 21:27:09,Applicable,No Stigma,
ny86u4,assault,2021-06-12 14:38:13,Applicable,No Stigma,
ny6yau,assault,2021-06-12 13:38:16,Applicable,No Stigma,
nxtusv,assault,2021-06-12 0:04:46,Applicable,No Stigma,
nxo6ea,assault,2021-06-11 19:31:52,Applicable,No Stigma,
nxnrsh,assault,2021-06-11 19:12:26,Applicable,No Stigma,
nxi07x,assault,2021-06-11 15:00:24,Applicable,No Stigma,
nx6k6m,assault,2021-06-11 3:47:43,Applicable,No Stigma,
nwcc3a,assault,2021-06-10 2:02:14,Applicable,No Stigma,
nw3irz,assault,2021-06-09 19:01:39,Applicable,No Stigma,
nvpbb4,assault,2021-06-09 6:45:49,Applicable,No Stigma,
nv5z29,assault,2021-06-08 14:58:16,Applicable,No Stigma,
nv59b6,assault,2021-06-08 14:26:17,Applicable,No Stigma,
nv1y2o,assault,2021-06-08 11:35:01,Applicable,No Stigma,
nukldz,assault,2021-06-07 19:06:33,Applicable,No Stigma,
nuf9i7,assault,2021-06-07 15:27:20,Applicable,No Stigma,
nuafol,assault,2021-06-07 11:47:51,Applicable,No Stigma,
nu16zu,assault,2021-06-07 1:53:27,Applicable,No Stigma,
ntrp2e,assault,2021-06-06 18:08:02,Applicable,No Stigma,
ntqhkx,assault,2021-06-06 17:11:30,Applicable,No Stigma,
nsdz2k,assault,2021-06-04 19:57:32,Applicable,No Stigma,
nr55ww,assault,2021-06-03 4:48:47,Applicable,No Stigma,
nr22pf,assault,2021-06-03 1:51:23,Applicable,No Stigma,
nqyrf3,assault,2021-06-02 22:55:35,Applicable,No Stigma,
nqx1ah,assault,2021-06-02 21:35:37,Applicable,No Stigma,
nqjmxu,assault,2021-06-02 11:28:35,Applicable,No Stigma,
nq1d5n,assault,2021-06-01 18:47:35,Applicable,No Stigma,
npkafu,assault,2021-06-01 3:07:44,Applicable,No Stigma,
nowv2o,assault,2021-05-31 6:39:07,Applicable,No Stigma,
noubr8,assault,2021-05-31 4:52:02,Applicable,No Stigma,
nnlrup,assault,2021-05-29 11:45:55,Applicable,No Stigma,
nn9skm,assault,2021-05-28 22:49:46,Applicable,No Stigma,
nn64cq,assault,2021-05-28 19:55:25,Applicable,No Stigma,
nm7edn,assault,2021-05-27 13:25:16,Applicable,No Stigma,
nm7cpf,assault,2021-05-27 13:23:00,Applicable,No Stigma,
nlwvit,assault,2021-05-27 1:45:09,Applicable,No Stigma,
nlvrso,assault,2021-05-27 0:40:50,Applicable,No Stigma,
nkmoso,assault,2021-05-25 10:41:42,Applicable,No Stigma,
nke4lz,assault,2021-05-25 1:47:09,Applicable,No Stigma,
nkarat,assault,2021-05-24 22:55:03,Applicable,No Stigma,
nk4x9r,assault,2021-05-24 18:37:46,Applicable,No Stigma,
njp1ts,assault,2021-05-24 4:00:52,Applicable,No Stigma,
njlyfb,assault,2021-05-24 1:05:25,Applicable,No Stigma,
njdlpo,assault,2021-05-23 18:18:37,Applicable,No Stigma,
nizc2m,assault,2021-05-23 3:48:44,Applicable,No Stigma,
nhgf05,assault,2021-05-21 1:06:40,Applicable,No Stigma,
nhdcaa,assault,2021-05-20 22:27:27,Applicable,No Stigma,
nh25cn,assault,2021-05-20 14:47:24,Applicable,No Stigma,
ng4vy1,assault,2021-05-19 12:47:42,Applicable,No Stigma,
nevwf9,assault,2021-05-18 0:04:41,Applicable,No Stigma,
ndvtb0,assault,2021-05-16 19:26:24,Applicable,No Stigma,
ndi113,assault,2021-05-16 6:16:04,Applicable,No Stigma,
nc2ote,assault,2021-05-14 7:17:28,Applicable,No Stigma,
nbp9z6,assault,2021-05-13 19:35:27,Applicable,No Stigma,
nazj3c,assault,2021-05-12 21:11:03,Applicable,No Stigma,
namr3l,assault,2021-05-12 11:49:06,Applicable,No Stigma,
naaw3y,assault,2021-05-11 23:30:18,Applicable,No Stigma,
n9xoi2,assault,2021-05-11 14:01:30,Applicable,No Stigma,
n9jkef,assault,2021-05-10 23:44:11,Applicable,No Stigma,
n9fihx,assault,2021-05-10 20:41:25,Applicable,No Stigma,
n90b4d,assault,2021-05-10 9:26:07,Applicable,No Stigma,
n8sn5m,assault,2021-05-10 1:33:02,Applicable,No Stigma,
n8oyyt,assault,2021-05-09 22:12:29,Applicable,No Stigma,
n8f6wy,assault,2021-05-09 14:21:55,Applicable,No Stigma,
n7qt8s,assault,2021-05-08 14:50:02,Applicable,No Stigma,
n7qmre,assault,2021-05-08 14:41:07,Applicable,No Stigma,
n73sh1,assault,2021-05-07 17:21:01,Applicable,No Stigma,
n6yzrf,assault,2021-05-07 13:52:25,Applicable,No Stigma,
n4wf0t,assault,2021-05-04 19:50:59,Applicable,No Stigma,
n4ofek,assault,2021-05-04 13:33:16,Applicable,No Stigma,
n41098,assault,2021-05-03 16:50:42,Applicable,No Stigma,
n2z124,assault,2021-05-02 4:27:56,Applicable,No Stigma,
n2gybz,assault,2021-05-01 11:59:22,Applicable,No Stigma,
n286g3,assault,2021-05-01 1:25:51,Applicable,No Stigma,
n1cz5g,assault,2021-04-29 20:07:29,Applicable,No Stigma,
n1c0ri,assault,2021-04-29 19:24:12,Applicable,No Stigma,
n17gst,assault,2021-04-29 15:57:00,Applicable,No Stigma,
n0vyup,assault,2021-04-29 3:36:15,Applicable,No Stigma,
mzgeti,assault,2021-04-27 4:26:50,Applicable,No Stigma,
mzfmfj,assault,2021-04-27 3:36:58,Applicable,No Stigma,
mza6mb,assault,2021-04-26 22:44:26,Applicable,No Stigma,
mxxzgj,assault,2021-04-25 1:38:29,Applicable,No Stigma,
mxufh3,assault,2021-04-24 22:19:13,Applicable,No Stigma,
mxm479,assault,2021-04-24 15:24:43,Applicable,No Stigma,
mxlwp1,assault,2021-04-24 15:13:53,Applicable,No Stigma,
mxix1f,assault,2021-04-24 12:23:27,Applicable,No Stigma,
mxidej,assault,2021-04-24 11:47:29,Applicable,No Stigma,
mxi7rq,assault,2021-04-24 11:36:06,Applicable,No Stigma,
mvm4x8,assault,2021-04-21 18:32:12,Applicable,No Stigma,
mvh4cn,assault,2021-04-21 14:40:30,Applicable,No Stigma,
mv2rwt,assault,2021-04-20 23:00:23,Applicable,No Stigma,
muodg8,assault,2021-04-20 11:36:49,Applicable,No Stigma,
munq9q,assault,2021-04-20 10:53:41,Applicable,No Stigma,
mulrvu,assault,2021-04-20 8:23:35,Applicable,No Stigma,
ms5h4r,assault,2021-04-16 15:24:33,Applicable,No Stigma,
mnn7m9,assault,2021-04-09 18:14:07,Applicable,No Stigma,
mnatqs,assault,2021-04-09 5:59:36,Applicable,No Stigma,
mn73pb,assault,2021-04-09 2:00:52,Applicable,No Stigma,
mmd4n7,assault,2021-04-07 22:02:01,Applicable,No Stigma,
ml1w5s,assault,2021-04-06 2:57:29,Applicable,No Stigma,
mktjwg,assault,2021-04-05 20:04:53,Applicable,No Stigma,
mkq5pp,assault,2021-04-05 17:34:27,Applicable,No Stigma,
mkn5l5,assault,2021-04-05 15:21:03,Applicable,No Stigma,
mkm2oj,assault,2021-04-05 14:33:08,Applicable,No Stigma,
mjmxi4,assault,2021-04-04 2:19:35,Applicable,No Stigma,
mjdjj4,assault,2021-04-03 17:53:45,Applicable,No Stigma,
miycgu,assault,2021-04-03 1:18:30,Applicable,No Stigma,
mitbav,assault,2021-04-02 20:49:58,Applicable,No Stigma,
mhrstk,assault,2021-04-01 9:44:27,Applicable,No Stigma,
mh888y,assault,2021-03-31 15:11:59,Applicable,No Stigma,
mh5r58,assault,2021-03-31 13:09:01,Applicable,No Stigma,
mgwmcu,assault,2021-03-31 2:57:54,Applicable,No Stigma,
mfe0nf,assault,2021-03-29 0:42:41,Applicable,No Stigma,
mfd6c7,assault,2021-03-28 23:54:45,Applicable,No Stigma,
mfbv9y,assault,2021-03-28 22:41:53,Applicable,No Stigma,
mem7l9,assault,2021-03-27 20:41:37,Applicable,No Stigma,
m6btqn,assault,2021-03-16 15:37:34,Applicable,No Stigma,
m5xai1,assault,2021-03-16 1:07:54,Applicable,No Stigma,
m5j1fr,assault,2021-03-15 11:55:23,Applicable,No Stigma,
m57xyz,assault,2021-03-15 0:04:41,Applicable,No Stigma,
m4qkcz,assault,2021-03-14 7:28:32,Applicable,No Stigma,
m4fz11,assault,2021-03-13 21:32:11,Applicable,No Stigma,
m41tdc,assault,2021-03-13 7:49:33,Applicable,No Stigma,
m3bf61,assault,2021-03-12 6:09:01,Applicable,No Stigma,
m30joo,assault,2021-03-11 20:56:36,Applicable,No Stigma,
m2j6pm,assault,2021-03-11 5:57:57,Applicable,No Stigma,
m2f6cx,assault,2021-03-11 1:58:42,Applicable,No Stigma,
m1opu7,assault,2021-03-10 3:53:51,Applicable,No Stigma,
m1eu0p,assault,2021-03-09 20:00:16,Applicable,No Stigma,
m12ljf,assault,2021-03-09 8:57:51,Applicable,No Stigma,
m0lvpi,assault,2021-03-08 18:09:51,Applicable,No Stigma,
lxeaud,assault,2021-03-04 6:21:16,Applicable,No Stigma,
lwmw9k,assault,2021-03-03 6:11:22,Applicable,No Stigma,
lwha58,assault,2021-03-03 0:58:04,Applicable,No Stigma,
lu31kt,assault,2021-02-28 2:16:09,Applicable,No Stigma,
ltsyzd,assault,2021-02-27 17:32:02,Applicable,No Stigma,
lst5pe,assault,2021-02-26 8:17:10,Applicable,No Stigma,
lssstt,assault,2021-02-26 7:50:23,Applicable,No Stigma,
lsq7sp,assault,2021-02-26 4:50:51,Applicable,No Stigma,
lsbx9i,assault,2021-02-25 17:30:41,Applicable,No Stigma,
ls8ysh,assault,2021-02-25 15:23:44,Applicable,No Stigma,
ls0xv3,assault,2021-02-25 7:28:07,Applicable,No Stigma,
lrlha5,assault,2021-02-24 19:40:29,Applicable,No Stigma,
lqn0vx,assault,2021-02-23 16:53:10,Applicable,No Stigma,
lqaghc,assault,2021-02-23 5:36:01,Applicable,No Stigma,
lq5d9z,assault,2021-02-23 1:12:52,Applicable,No Stigma,
lpy7aw,assault,2021-02-22 19:59:34,Applicable,No Stigma,
lp9syc,assault,2021-02-21 23:41:56,Applicable,No Stigma,
lnvr88,assault,2021-02-20 1:22:25,Applicable,No Stigma,
lnsvxr,assault,2021-02-19 23:02:42,Applicable,No Stigma,
ln9bdb,assault,2021-02-19 6:50:45,Applicable,No Stigma,
lksecu,assault,2021-02-16 1:25:28,Applicable,No Stigma,
lkjxny,assault,2021-02-15 18:39:17,Applicable,No Stigma,
lj9eij,assault,2021-02-13 21:12:19,Applicable,No Stigma,
li55jf,assault,2021-02-12 6:09:05,Applicable,No Stigma,
li17if,assault,2021-02-12 2:13:27,Applicable,No Stigma,
lgpebp,assault,2021-02-10 8:32:56,Applicable,No Stigma,
lcbzbf,assault,2021-02-04 9:20:19,Applicable,No Stigma,
lc3kue,assault,2021-02-04 1:06:31,Applicable,No Stigma,
lb9m4c,assault,2021-02-02 23:20:46,Applicable,No Stigma,
l9yrq8,assault,2021-02-01 8:48:06,Applicable,No Stigma,
l9te66,assault,2021-02-01 3:14:34,Applicable,No Stigma,
l93dj3,assault,2021-01-31 3:27:11,Applicable,No Stigma,
l8c6ic,assault,2021-01-30 3:02:02,Applicable,No Stigma,
l83e91,assault,2021-01-29 20:34:23,Applicable,No Stigma,
l7rqf3,assault,2021-01-29 12:49:57,Applicable,No Stigma,
l7hf5p,assault,2021-01-29 3:08:03,Applicable,No Stigma,
l6k8lc,assault,2021-01-28 1:22:46,Applicable,No Stigma,
l53nyn,assault,2021-01-26 2:08:01,Applicable,No Stigma,
l43vfa,assault,2021-01-24 17:34:01,Applicable,No Stigma,
l2tv0h,assault,2021-01-22 18:33:00,Applicable,No Stigma,
l26zsz,assault,2021-01-21 20:28:56,Applicable,No Stigma,
l20cjk,assault,2021-01-21 15:15:23,Applicable,No Stigma,
l1r8po,assault,2021-01-21 4:45:01,Applicable,No Stigma,
l1q0wv,assault,2021-01-21 3:31:47,Applicable,No Stigma,
l14psf,assault,2021-01-20 7:59:29,Applicable,No Stigma,
l0tj3z,assault,2021-01-19 21:19:39,Applicable,No Stigma,
l0ji2f,assault,2021-01-19 13:08:22,Applicable,No Stigma,
l0dno1,assault,2021-01-19 6:01:39,Applicable,No Stigma,
kzumsh,assault,2021-01-18 13:27:14,Applicable,No Stigma,
kzqp1t,assault,2021-01-18 8:33:15,Applicable,No Stigma,
kylo49,assault,2021-01-16 16:13:23,Applicable,No Stigma,
kxmf1p,assault,2021-01-15 3:55:34,Applicable,No Stigma,
kxm6rs,assault,2021-01-15 3:41:56,Applicable,No Stigma,
kxez50,assault,2021-01-14 21:15:33,Applicable,No Stigma,
kwvc8l,assault,2021-01-14 1:39:29,Applicable,No Stigma,
kwozm9,assault,2021-01-13 20:22:26,Applicable,No Stigma,
kwodg8,assault,2021-01-13 19:53:42,Applicable,No Stigma,
kwml0y,assault,2021-01-13 18:29:06,Applicable,No Stigma,
kvdzw0,assault,2021-01-11 22:36:42,Applicable,No Stigma,
kva7n5,assault,2021-01-11 19:39:58,Applicable,No Stigma,
kuo9rl,assault,2021-01-10 22:06:29,Applicable,No Stigma,
ktjb6z,assault,2021-01-09 3:53:53,Applicable,No Stigma,
kswryq,assault,2021-01-08 6:20:17,Applicable,No Stigma,
ksver7,assault,2021-01-08 4:48:59,Applicable,No Stigma,
ksnxai,assault,2021-01-07 21:59:52,Applicable,No Stigma,
ks7q30,assault,2021-01-07 6:48:18,Applicable,No Stigma,
ks3obq,assault,2021-01-07 2:39:30,Applicable,No Stigma,
ks0q2w,assault,2021-01-07 0:02:05,Applicable,No Stigma,
kroq93,assault,2021-01-06 14:19:20,Applicable,No Stigma,
kqtn0f,assault,2021-01-05 7:55:11,Applicable,No Stigma,
kok6kk,assault,2021-01-01 22:04:16,Applicable,No Stigma,
koj1o6,assault,2021-01-01 21:03:34,Applicable,No Stigma,
koaswo,assault,2021-01-01 12:49:59,Applicable,No Stigma,
knaf7f,assault,2020-12-30 20:45:37,Applicable,No Stigma,
kmxx6d,assault,2020-12-30 7:45:44,Applicable,No Stigma,
kmdpes,assault,2020-12-29 12:41:33,Applicable,No Stigma,
km62xa,assault,2020-12-29 3:30:26,Applicable,No Stigma,
kln7sw,assault,2020-12-28 9:18:21,Applicable,No Stigma,
kjme6y,assault,2020-12-24 20:38:26,Applicable,No Stigma,
kjk322,assault,2020-12-24 18:21:52,Applicable,No Stigma,
kjhngy,assault,2020-12-24 15:56:27,Applicable,No Stigma,
kijipt,assault,2020-12-23 1:56:02,Applicable,No Stigma,
kib2wg,assault,2020-12-22 18:31:57,Applicable,No Stigma,
khudso,assault,2020-12-22 0:47:16,Applicable,No Stigma,
khs2w5,assault,2020-12-21 22:39:00,Applicable,No Stigma,
kh790k,assault,2020-12-21 1:40:47,Applicable,No Stigma,
kg1p2k,assault,2020-12-19 5:04:18,Applicable,No Stigma,
kg1dgf,assault,2020-12-19 4:41:34,Applicable,No Stigma,
kfcf9q,assault,2020-12-18 2:46:52,Applicable,No Stigma,
kel9io,assault,2020-12-16 23:49:59,Applicable,No Stigma,
kdzh2r,assault,2020-12-16 1:37:56,Applicable,No Stigma,
kdyuv4,assault,2020-12-16 1:02:03,Applicable,No Stigma,
kde3tk,assault,2020-12-15 3:49:34,Applicable,No Stigma,
kckfzm,assault,2020-12-13 22:34:35,Applicable,No Stigma,
kcjd4v,assault,2020-12-13 21:36:19,Applicable,No Stigma,
kbiqwg,assault,2020-12-12 4:30:26,Applicable,No Stigma,
kb0vb7,assault,2020-12-11 11:13:36,Applicable,No Stigma,
kagh16,assault,2020-12-10 14:45:13,Applicable,No Stigma,
kaeirh,assault,2020-12-10 12:34:27,Applicable,No Stigma,
ka49fe,assault,2020-12-10 0:17:38,Applicable,No Stigma,
k9v5o0,assault,2020-12-09 16:37:43,Applicable,No Stigma,
k9e6fh,assault,2020-12-08 22:04:36,Applicable,No Stigma,
k956qs,assault,2020-12-08 14:33:16,Applicable,No Stigma,
k8rlso,assault,2020-12-07 22:50:53,Applicable,No Stigma,
k8cspf,assault,2020-12-07 8:26:41,Applicable,No Stigma,
k86yq9,assault,2020-12-07 1:45:01,Applicable,No Stigma,
k7x2z9,assault,2020-12-06 16:46:27,Applicable,No Stigma,
k7n88k,assault,2020-12-06 4:49:06,Applicable,No Stigma,
k7dna7,assault,2020-12-05 19:14:01,Applicable,No Stigma,
k73gix,assault,2020-12-05 7:41:21,Applicable,No Stigma,
k6zg0j,assault,2020-12-05 2:40:57,Applicable,No Stigma,
k6fl6u,assault,2020-12-04 6:33:20,Applicable,No Stigma,
k5i9oc,assault,2020-12-02 20:58:57,Applicable,No Stigma,
k50u4y,assault,2020-12-02 3:05:50,Applicable,No Stigma,
k50txi,assault,2020-12-02 3:05:29,Applicable,No Stigma,
k502jk,assault,2020-12-02 2:22:05,Applicable,No Stigma,
k4kycd,assault,2020-12-01 13:37:11,Applicable,No Stigma,
k4atog,assault,2020-12-01 1:48:59,Applicable,No Stigma,
k3jwqu,assault,2020-11-29 23:27:56,Applicable,No Stigma,
k32hjd,assault,2020-11-29 3:53:42,Applicable,No Stigma,
k2y571,assault,2020-11-28 23:26:31,Applicable,No Stigma,
k1wk2a,assault,2020-11-27 7:18:20,Applicable,No Stigma,
k1hicr,assault,2020-11-26 15:51:07,Applicable,No Stigma,
k16tz9,assault,2020-11-26 2:47:32,Applicable,No Stigma,
k0vv85,assault,2020-11-25 16:57:35,Applicable,No Stigma,
k0gatw,assault,2020-11-24 23:24:16,Applicable,No Stigma,
jxuicw,assault,2020-11-20 18:26:17,Applicable,No Stigma,
jxufig,assault,2020-11-20 18:22:05,Applicable,No Stigma,
jxe7xq,assault,2020-11-19 23:50:04,Applicable,No Stigma,
jwxlk0,assault,2020-11-19 6:21:55,Applicable,No Stigma,
jwvsek,assault,2020-11-19 4:11:54,Applicable,No Stigma,
jwlhst,assault,2020-11-18 18:39:30,Applicable,No Stigma,
jvscrr,assault,2020-11-17 12:44:09,Applicable,No Stigma,
jvcegc,assault,2020-11-16 18:46:01,Applicable,No Stigma,
jvcau7,assault,2020-11-16 18:40:57,Applicable,No Stigma,
jvajrm,assault,2020-11-16 17:10:58,Applicable,No Stigma,
jukfsz,assault,2020-11-15 11:21:22,Applicable,No Stigma,
jto2au,assault,2020-11-13 20:45:36,Applicable,No Stigma,
jsrg0m,assault,2020-11-12 8:56:53,Applicable,No Stigma,
jshf4v,assault,2020-11-11 21:57:03,Applicable,No Stigma,
jsclro,assault,2020-11-11 17:37:14,Applicable,No Stigma,
jrkzot,assault,2020-11-10 13:33:06,Applicable,No Stigma,
jr9ark,assault,2020-11-09 23:38:01,Applicable,No Stigma,
jr3c80,assault,2020-11-09 18:36:52,Applicable,No Stigma,
jqvc0r,assault,2020-11-09 10:34:45,Applicable,No Stigma,
jqc1mi,assault,2020-11-08 13:52:04,Applicable,No Stigma,
jqbc13,assault,2020-11-08 12:59:55,Applicable,No Stigma,
jnzp2n,assault,2020-11-04 16:26:55,Applicable,No Stigma,
jns0di,assault,2020-11-04 6:51:29,Applicable,No Stigma,
jn3na4,assault,2020-11-03 4:13:18,Applicable,No Stigma,
jn0kw2,assault,2020-11-03 1:01:15,Applicable,No Stigma,
jmdw8i,assault,2020-11-02 0:55:43,Applicable,No Stigma,
jlyoo4,assault,2020-11-01 7:48:38,Applicable,No Stigma,
jlc56s,assault,2020-10-31 4:17:54,Applicable,No Stigma,
jjw16j,assault,2020-10-28 20:47:15,Applicable,No Stigma,
jj982y,assault,2020-10-27 20:30:25,Applicable,No Stigma,
jhijgw,assault,2020-10-24 22:53:07,Applicable,No Stigma,
jh1yrm,assault,2020-10-24 3:31:28,Applicable,No Stigma,
jh0aak,assault,2020-10-24 1:34:41,Applicable,No Stigma,
jgrx9v,assault,2020-10-23 17:43:04,Applicable,No Stigma,
jgdfck,assault,2020-10-23 1:39:32,Applicable,No Stigma,
jg9gqt,assault,2020-10-22 21:48:57,Applicable,No Stigma,
jfwa79,assault,2020-10-22 9:13:47,Applicable,No Stigma,
jfd3mq,assault,2020-10-21 13:46:20,Applicable,No Stigma,
jezoje,assault,2020-10-20 21:59:15,Applicable,No Stigma,
jdd5n2,assault,2020-10-18 9:07:50,Applicable,No Stigma,
jda61k,assault,2020-10-18 4:46:53,Applicable,No Stigma,
jd8o33,assault,2020-10-18 2:56:19,Applicable,No Stigma,
jd3z6a,assault,2020-10-17 21:53:11,Applicable,No Stigma,
jd38o3,assault,2020-10-17 21:09:40,Applicable,No Stigma,
jczrtq,assault,2020-10-17 17:54:25,Applicable,No Stigma,
jc2hun,assault,2020-10-16 3:36:50,Applicable,No Stigma,
9frf0v,assault,2018-09-14 12:04:46,Applicable,No Stigma,
9etcgh,assault,2018-09-11 2:02:54,Applicable,No Stigma,
9cijdx,assault,2018-09-03 4:46:16,Applicable,No Stigma,
9bzl9k,assault,2018-09-01 2:20:31,Applicable,No Stigma,
9bu26i,assault,2018-08-31 14:27:00,Applicable,No Stigma,
9bf9qi,assault,2018-08-30 1:25:59,Applicable,No Stigma,
9bastt,assault,2018-08-29 16:27:26,Applicable,No Stigma,
97jswn,assault,2018-08-15 16:39:54,Applicable,No Stigma,
95b3ke,assault,2018-08-07 12:14:35,Applicable,No Stigma,
92fnar,assault,2018-07-27 19:39:07,Applicable,No Stigma,
91oiqn,assault,2018-07-25 4:04:46,Applicable,No Stigma,
8yluai,assault,2018-07-13 17:16:26,Applicable,No Stigma,
8y7g7e,assault,2018-07-12 6:52:07,Applicable,No Stigma,
8y38kv,assault,2018-07-11 20:43:57,Applicable,No Stigma,
8xzuas,assault,2018-07-11 14:03:45,Applicable,No Stigma,
8s7key,assault,2018-06-19 9:39:44,Applicable,No Stigma,
8rnqhk,assault,2018-06-17 1:13:52,Applicable,No Stigma,
8oz6s8,assault,2018-06-06 9:18:58,Applicable,No Stigma,
8oy23b,assault,2018-06-06 5:24:15,Applicable,No Stigma,
8n5nc8,assault,2018-05-30 4:13:20,Applicable,No Stigma,
8kxwmo,assault,2018-05-21 3:32:09,Applicable,No Stigma,
8kafo1,assault,2018-05-18 4:13:42,Applicable,No Stigma,
8k6tpp,assault,2018-05-17 19:05:43,Applicable,No Stigma,
8hzvkf,assault,2018-05-08 20:10:47,Applicable,No Stigma,
8fl9fa,assault,2018-04-28 17:13:43,Applicable,No Stigma,
8ey0nx,assault,2018-04-25 23:11:16,Applicable,No Stigma,
8atqze,assault,2018-04-08 22:48:18,Applicable,No Stigma,
8aox9k,assault,2018-04-08 9:23:29,Applicable,No Stigma,
8afhii,assault,2018-04-07 3:32:52,Applicable,No Stigma,
85hr3w,assault,2018-03-19 7:42:04,Applicable,No Stigma,
859sn0,assault,2018-03-18 6:57:37,Applicable,No Stigma,
81uh1v,assault,2018-03-04 1:05:00,Applicable,No Stigma,
80yuhi,assault,2018-02-28 19:32:57,Applicable,No Stigma,
7yype8,assault,2018-02-20 19:31:27,Applicable,No Stigma,
7wqepl,assault,2018-02-11 3:21:57,Applicable,No Stigma,
7wams6,assault,2018-02-09 3:23:42,Applicable,No Stigma,
7t3e6z,assault,2018-01-26 9:06:02,Applicable,No Stigma,
7rvxof,assault,2018-01-21 5:28:01,Applicable,No Stigma,
7rjglw,assault,2018-01-19 16:26:38,Applicable,No Stigma,
7p84is,assault,2018-01-09 16:18:47,Applicable,No Stigma,
7miwcm,assault,2017-12-28 0:04:44,Applicable,No Stigma,
7idnvm,assault,2017-12-08 8:18:36,Applicable,No Stigma,
77p8t8,assault,2017-10-20 21:32:26,Applicable,No Stigma,
75nkdb,assault,2017-10-11 7:43:44,Applicable,No Stigma,
72e5ty,assault,2017-09-25 17:53:35,Applicable,No Stigma,
6oawci,assault,2017-07-19 19:34:08,Applicable,No Stigma,
67z5cz,assault,2017-04-27 22:39:40,Applicable,No Stigma,
o4nf69,metoo,2021-06-21 4:54:12,Applicable,No Stigma,
nzeoxh,metoo,2021-06-14 4:36:10,Applicable,No Stigma,
nrvw1s,metoo,2021-06-04 3:50:38,Applicable,No Stigma,
nc53i7,metoo,2021-05-14 10:08:20,Applicable,No Stigma,
n9b51p,metoo,2021-05-10 17:40:59,Applicable,No Stigma,
m0q8fw,metoo,2021-03-08 21:11:57,Applicable,No Stigma,
lbpdii,metoo,2021-02-03 15:00:58,Applicable,No Stigma,
l0sblj,metoo,2021-01-19 20:22:45,Applicable,No Stigma,
krkt6y,metoo,2021-01-06 9:47:23,Applicable,No Stigma,
khz1uf,metoo,2020-12-22 5:33:19,Applicable,No Stigma,
kagbag,metoo,2020-12-10 14:36:04,Applicable,No Stigma,
j0v0vb,metoo,2020-09-27 17:27:19,Applicable,No Stigma,
ixhplv,metoo,2020-09-22 5:50:28,Applicable,No Stigma,
iwz7et,metoo,2020-09-21 12:12:35,Applicable,No Stigma,
isdnij,metoo,2020-09-14 4:05:06,Applicable,No Stigma,
ie9ajp,metoo,2020-08-22 1:03:55,Applicable,No Stigma,
i953ul,metoo,2020-08-13 18:15:29,Applicable,No Stigma,
i1l1rp,metoo,2020-08-01 2:59:33,Applicable,No Stigma,
i11ipa,metoo,2020-07-31 4:54:17,Applicable,No Stigma,
hy26uw,metoo,2020-07-26 6:36:56,Applicable,No Stigma,
hrtcn9,metoo,2020-07-15 18:44:12,Applicable,No Stigma,
hre06v,metoo,2020-07-15 1:01:58,Applicable,No Stigma,
hnx11c,metoo,2020-07-09 4:55:15,Applicable,No Stigma,
hnc7k0,metoo,2020-07-08 6:47:47,Applicable,No Stigma,
hfhxwq,metoo,2020-06-25 7:34:45,Applicable,No Stigma,
hbhmye,metoo,2020-06-18 16:12:56,Applicable,No Stigma,
hbdlgq,metoo,2020-06-18 12:23:34,Applicable,No Stigma,
h7vv2y,metoo,2020-06-12 23:36:07,Applicable,No Stigma,
gxf2vp,metoo,2020-06-05 22:57:22,Applicable,No Stigma,
gic0we,metoo,2020-05-12 14:16:03,Applicable,No Stigma,
gg1xvz,metoo,2020-05-08 21:20:12,Applicable,No Stigma,
fx0ntp,metoo,2020-04-08 5:41:22,Applicable,No Stigma,
fr9oi6,metoo,2020-03-29 17:35:02,Applicable,No Stigma,
fn754p,metoo,2020-03-22 21:01:19,Applicable,No Stigma,
fbfv0t,metoo,2020-02-29 17:30:08,Applicable,No Stigma,
f9jltg,metoo,2020-02-25 23:37:15,Applicable,No Stigma,
ewgibh,metoo,2020-01-31 1:38:29,Applicable,No Stigma,
evblto,metoo,2020-01-28 21:05:55,Applicable,No Stigma,
ep7uyl,metoo,2020-01-15 20:26:05,Applicable,No Stigma,
eo6ov3,metoo,2020-01-13 16:51:10,Applicable,No Stigma,
e2rehl,metoo,2019-11-28 2:41:46,Applicable,No Stigma,
e28zc7,metoo,2019-11-27 2:15:38,Applicable,No Stigma,
dyrzca,metoo,2019-11-19 22:25:22,Applicable,No Stigma,
dya7i2,metoo,2019-11-18 21:53:34,Applicable,No Stigma,
d4cyjk,metoo,2019-09-14 23:43:14,Applicable,No Stigma,
cqqz1u,metoo,2019-08-15 14:59:55,Applicable,No Stigma,
cock2b,metoo,2019-08-10 2:56:36,Applicable,No Stigma,
co8tiq,metoo,2019-08-09 21:27:43,Applicable,No Stigma,
cghlvb,metoo,2019-07-22 19:16:44,Applicable,No Stigma,
c8ebaq,metoo,2019-07-02 20:06:10,Applicable,No Stigma,
c5ghwy,metoo,2019-06-25 22:18:59,Applicable,No Stigma,
bw8red,metoo,2019-06-03 9:37:03,Applicable,No Stigma,
bvbtkw,metoo,2019-05-31 19:29:31,Applicable,No Stigma,
boeep4,metoo,2019-05-14 5:02:09,Applicable,No Stigma,
bkg7rl,metoo,2019-05-04 1:50:04,Applicable,No Stigma,
bjq5o3,metoo,2019-05-02 3:08:15,Applicable,No Stigma,
bif1bc,metoo,2019-04-28 19:34:31,Applicable,No Stigma,
bh1ne5,metoo,2019-04-24 23:36:48,Applicable,No Stigma,
b3kh6d,metoo,2019-03-21 1:32:56,Applicable,No Stigma,
b1ftqs,metoo,2019-03-15 14:48:05,Applicable,No Stigma,
b0mq8u,metoo,2019-03-13 14:37:47,Applicable,No Stigma,
axucv3,metoo,2019-03-06 3:51:15,Applicable,No Stigma,
axpfcm,metoo,2019-03-05 19:55:38,Applicable,No Stigma,
awc37x,metoo,2019-03-02 1:05:21,Applicable,No Stigma,
avrbqw,metoo,2019-02-28 13:49:15,Applicable,No Stigma,
aqd11n,metoo,2019-02-13 23:24:04,Applicable,No Stigma,
aocsi4,metoo,2019-02-08 4:23:35,Applicable,No Stigma,
amn4h0,metoo,2019-02-03 6:24:46,Applicable,No Stigma,
a6lbhs,metoo,2018-12-16 2:19:15,Applicable,No Stigma,
a6b5ov,metoo,2018-12-15 1:48:36,Applicable,No Stigma,
a422c4,metoo,2018-12-07 17:31:44,Applicable,No Stigma,
a2yijz,metoo,2018-12-04 7:32:59,Applicable,No Stigma,
a1fwd6,metoo,2018-11-29 9:32:18,Applicable,No Stigma,
a09lxn,metoo,2018-11-25 16:04:59,Applicable,No Stigma,
9zbv8y,metoo,2018-11-22 7:09:13,Applicable,No Stigma,
9xosas,metoo,2018-11-16 18:28:52,Applicable,No Stigma,
9xcx72,metoo,2018-11-15 16:54:50,Applicable,No Stigma,
9qf1w2,metoo,2018-10-22 15:49:54,Applicable,No Stigma,
9penq0,metoo,2018-10-18 23:59:57,Applicable,No Stigma,
9nao6s,metoo,2018-10-11 14:55:28,Applicable,No Stigma,
9kxgel,metoo,2018-10-03 3:10:42,Applicable,No Stigma,
9i8sia,metoo,2018-09-23 14:35:00,Applicable,No Stigma,
99dglp,metoo,2018-08-22 13:45:12,Applicable,No Stigma,
91vmbs,metoo,2018-07-25 20:39:00,Applicable,No Stigma,
91dyjb,metoo,2018-07-24 3:41:51,Applicable,No Stigma,
917bfr,metoo,2018-07-23 14:03:09,Applicable,No Stigma,
8x5318,metoo,2018-07-08 21:49:12,Applicable,No Stigma,
8w6ufx,metoo,2018-07-05 2:02:02,Applicable,No Stigma,
8uthbp,metoo,2018-06-29 14:18:42,Applicable,No Stigma,
8l4ik1,metoo,2018-05-21 21:37:36,Applicable,No Stigma,
8gr3br,metoo,2018-05-03 15:11:57,Applicable,No Stigma,
8ey3gw,metoo,2018-04-25 23:22:57,Applicable,No Stigma,
8eivwy,metoo,2018-04-24 8:28:55,Applicable,No Stigma,
7ybivr,metoo,2018-02-18 2:44:49,Applicable,No Stigma,
7q9em1,metoo,2018-01-14 3:15:04,Applicable,No Stigma,
7djuqp,metoo,2017-11-17 9:53:51,Applicable,No Stigma,
77aj9b,metoo,2017-10-18 23:18:59,Applicable,No Stigma,
om798f,SexualHarassment,2021-07-17 16:46:23,Applicable,Stigma,"Experienced, Internalized"
ol3l81,SexualHarassment,2021-07-15 22:57:06,Applicable,Stigma,"Experienced, Internalized, Anticipated, Structural"
ojmgbg,SexualHarassment,2021-07-13 19:31:01,Applicable,Stigma,Experienced
ojmgbg,SexualHarassment,2021-07-13 21:31:40,Applicable,Stigma,Experienced
ojkjeq,SexualHarassment,2021-07-13 18:49:22,Applicable,Stigma,Internalized
ojkjeq,SexualHarassment,2021-07-14 0:33:15,Applicable,Stigma,Internalized
ojkjeq,SexualHarassment,2021-08-20 1:59:43,Applicable,Stigma,Internalized
ojkjeq,SexualHarassment,2021-08-29 21:41:29,Applicable,Stigma,Internalized
o9i5c6,SexualHarassment,2021-06-29 14:31:50,Applicable,Stigma,"Experienced, Anticipated, Structural"
o93cwk,SexualHarassment,2021-06-27 21:28:58,Applicable,Stigma,"Experienced, Internalized"
o5htlf,SexualHarassment,2021-06-22 22:13:32,Applicable,Stigma,"Experienced, Internalized, Structural"
o0h2kg,SexualHarassment,2021-06-16 6:40:29,Applicable,Stigma,Internalized
o06bi1,SexualHarassment,2021-06-15 8:54:35,Applicable,Stigma,"Experienced, Internalized"
nz2idq,SexualHarassment,2021-06-14 8:11:11,Applicable,Stigma,"Experienced, Internalized, Anticipated"
nxaylh,SexualHarassment,2021-06-11 19:19:31,Applicable,Stigma,Internalized
nxaylh,SexualHarassment,2021-06-11 17:47:39,Applicable,Stigma,Internalized
nxaylh,SexualHarassment,2021-06-14 0:56:50,Applicable,Stigma,Internalized
nxaylh,SexualHarassment,2021-06-14 18:36:02,Applicable,Stigma,Internalized
nwxn0z,SexualHarassment,2021-06-10 21:36:34,Applicable,Stigma,Experienced
nwxn0z,SexualHarassment,2021-06-11 5:37:17,Applicable,Stigma,Experienced
nwxn0z,SexualHarassment,2021-06-14 1:48:52,Applicable,Stigma,Experienced
nutews,SexualHarassment,2021-06-08 12:19:15,Applicable,Stigma,Experienced
nrl9si,SexualHarassment,2021-06-04 1:11:18,Applicable,Stigma,"Experienced, Internalized, Anticipated"
nrl9si,SexualHarassment,2021-06-05 9:43:58,Applicable,Stigma,"Experienced, Internalized, Anticipated"
npkwwt,SexualHarassment,2021-06-03 7:03:37,Applicable,Stigma,Internalized
nnms4b,SexualHarassment,2021-05-29 13:12:33,Applicable,Stigma,Anticipated
nnms4b,SexualHarassment,2021-05-30 4:17:49,Applicable,Stigma,Anticipated
nfv1lv,SexualHarassment,2021-05-19 10:36:50,Applicable,Stigma,Internalized
n9ulje,SexualHarassment,2021-05-11 11:45:02,Applicable,Stigma,"Internalized, Anticipated"
n8kldg,SexualHarassment,2021-05-09 19:02:16,Applicable,Stigma,Internalized
n8kldg,SexualHarassment,2021-05-26 5:45:01,Applicable,Stigma,Internalized
n6p876,SexualHarassment,2021-05-26 10:49:21,Applicable,Stigma,"Internalized, Anticipated"
n6nxe5,SexualHarassment,2021-05-07 2:35:50,Applicable,Stigma,Internalized
n6nxe5,SexualHarassment,2021-05-07 2:42:07,Applicable,Stigma,Internalized
n6nxe5,SexualHarassment,2021-05-07 7:57:21,Applicable,Stigma,Internalized
n6egb7,SexualHarassment,2021-05-06 21:36:15,Applicable,Stigma,Experienced
n6egb7,SexualHarassment,2021-05-06 21:59:36,Applicable,Stigma,Experienced
n5atad,SexualHarassment,2021-05-05 8:24:32,Applicable,Stigma,"Experienced, Anticipated"
n5atad,SexualHarassment,2021-05-06 0:20:17,Applicable,Stigma,"Experienced, Anticipated"
n5atad,SexualHarassment,2021-05-16 18:54:53,Applicable,Stigma,"Experienced, Anticipated"
n3qkds,SexualHarassment,2021-05-03 8:36:16,Applicable,Stigma,
n3qkds,SexualHarassment,2021-05-03 10:30:42,Applicable,Stigma,
n0kcy2,SexualHarassment,2021-04-28 17:54:03,Applicable,Stigma,"Experienced, Internalized"
mys2w5,SexualHarassment,2021-04-26 9:10:16,Applicable,Stigma,"Experienced, Internalized, Anticipated"
mys2w5,SexualHarassment,2021-04-26 9:51:25,Applicable,Stigma,"Experienced, Internalized, Anticipated"
mvx4fe,SexualHarassment,2021-04-22 5:10:41,Applicable,Stigma,Internalized
mvx4fe,SexualHarassment,2021-04-22 5:27:32,Applicable,Stigma,Internalized
mvx4fe,SexualHarassment,2021-04-22 5:27:32,Applicable,Stigma,Internalized
mvx4fe,SexualHarassment,2021-04-23 4:07:42,Applicable,Stigma,Internalized
msmm6f,SexualHarassment,2021-04-17 8:11:36,Applicable,Stigma,Internalized
msmm6f,SexualHarassment,2021-04-17 13:20:01,Applicable,Stigma,Internalized
mllmyr,SexualHarassment,2021-04-06 21:09:08,Applicable,Stigma,
mllmyr,SexualHarassment,2021-04-06 23:24:28,Applicable,Stigma,
mllmyr,SexualHarassment,2021-04-08 13:28:38,Applicable,Stigma,
ml2iun,SexualHarassment,2021-04-06 7:06:25,Applicable,Stigma,Internalized
ml2iun,SexualHarassment,2021-04-06 10:32:49,Applicable,Stigma,Internalized
mkrldi,SexualHarassment,2021-04-05 21:56:22,Applicable,Stigma,"Experienced, Internalized, Anticipated, Structural"
mkrldi,SexualHarassment,2021-04-05 22:38:11,Applicable,Stigma,"Experienced, Internalized, Anticipated, Structural"
mitskx,SexualHarassment,2021-04-02 22:24:27,Applicable,Stigma,
mitskx,SexualHarassment,2021-04-14 2:45:11,Applicable,Stigma,
mh8x3m,SexualHarassment,2021-04-01 3:18:37,Applicable,Stigma,Internalized
mh8x3m,SexualHarassment,2021-04-07 2:14:23,Applicable,Stigma,Internalized
mh8x3m,SexualHarassment,2021-04-23 23:07:05,Applicable,Stigma,Internalized
mff2og,SexualHarassment,2021-03-29 2:42:18,Applicable,Stigma,"Internalized, Anticipated"
mff2og,SexualHarassment,2021-03-29 2:55:17,Applicable,Stigma,"Internalized, Anticipated"
mf4hr2,SexualHarassment,2021-03-28 23:32:14,Applicable,Stigma,"Experienced, Internalized, Anticipated"
m6v34u,SexualHarassment,2021-03-17 10:33:10,Applicable,Stigma,Internalized
m6v34u,SexualHarassment,2021-03-17 12:17:46,Applicable,Stigma,Internalized
m6p2c4,SexualHarassment,2021-03-17 3:37:30,Applicable,Stigma,Internalized
m6p2c4,SexualHarassment,2021-03-17 3:39:20,Applicable,Stigma,Internalized
m6p2c4,SexualHarassment,2021-03-17 4:43:17,Applicable,Stigma,Internalized
m5xkat,SexualHarassment,2021-03-16 1:45:12,Applicable,Stigma,"Experienced, Anticipated"
m4eu2u,SexualHarassment,2021-03-13 23:34:41,Applicable,Stigma,
m407ck,SexualHarassment,2021-03-13 5:50:42,Applicable,Stigma,"Experienced, Internalized, Anticipated"
m407ck,SexualHarassment,2021-03-13 5:52:46,Applicable,Stigma,"Experienced, Internalized, Anticipated"
m407ck,SexualHarassment,2021-03-13 6:08:31,Applicable,Stigma,"Experienced, Internalized, Anticipated"
m3npwy,SexualHarassment,2021-03-12 19:22:54,Applicable,Stigma,"Experienced, Internalized"
m36zmi,SexualHarassment,2021-03-12 6:51:59,Applicable,Stigma,Experienced
m36zmi,SexualHarassment,2021-03-12 2:42:15,Applicable,Stigma,Experienced
m2qn2s,SexualHarassment,2021-03-11 14:32:16,Applicable,Stigma,"Experienced, Internalized, Anticipated"
m2qn2s,SexualHarassment,2021-03-11 17:30:02,Applicable,Stigma,"Experienced, Internalized, Anticipated"
m2qn2s,SexualHarassment,2021-03-22 6:45:17,Applicable,Stigma,"Experienced, Internalized, Anticipated"
m1xqf4,SexualHarassment,2021-03-10 14:25:18,Applicable,Stigma,"Experienced, Anticipated, Structural"
lwzmuf,SexualHarassment,2021-03-05 1:13:27,Applicable,Stigma,"Experienced, Anticipated"
lwn471,SexualHarassment,2021-03-03 9:29:29,Applicable,Stigma,"Experienced, Anticipated"
lwn471,SexualHarassment,2021-03-03 11:57:39,Applicable,Stigma,"Experienced, Anticipated"
lwn471,SexualHarassment,2021-03-29 4:36:08,Applicable,Stigma,"Experienced, Anticipated"
lwjyc4,SexualHarassment,2021-03-03 12:19:18,Applicable,Stigma,Internalized
lwjyc4,SexualHarassment,2021-03-06 2:49:44,Applicable,Stigma,Internalized
lw6bs4,SexualHarassment,2021-03-02 19:51:48,Applicable,Stigma,"Experienced, Internalized, Anticipated"
ls0wgs,SexualHarassment,2021-02-25 11:29:53,Applicable,Stigma,"Experienced, Internalized, Anticipated"
lppm9w,SexualHarassment,2021-02-22 18:54:05,Applicable,Stigma,Experienced
lmhdq0,SexualHarassment,2021-02-18 10:45:31,Applicable,Stigma,"Internalized, Anticipated"
lmhdq0,SexualHarassment,2021-02-18 18:18:46,Applicable,Stigma,"Internalized, Anticipated"
lbh0xv,SexualHarassment,2021-02-03 10:12:43,Applicable,Stigma,"Experienced, Anticipated"
lam4md,SexualHarassment,2021-02-02 7:10:06,Applicable,Stigma,"Internalized, Anticipated"
l8gex7,SexualHarassment,2021-01-30 12:55:33,Applicable,Stigma,Internalized
l8gex7,SexualHarassment,2021-01-30 19:13:53,Applicable,Stigma,Internalized
l6xo1j,SexualHarassment,2021-01-28 17:52:16,Applicable,Stigma,
l6xo1j,SexualHarassment,2021-01-29 1:29:42,Applicable,Stigma,
l6xo1j,SexualHarassment,2021-01-31 3:54:20,Applicable,Stigma,
l6xo1j,SexualHarassment,2021-02-12 11:33:19,Applicable,Stigma,
l4jdu3,SexualHarassment,2021-01-25 10:19:34,Applicable,Stigma,Internalized
l46aqb,SexualHarassment,2021-01-25 16:05:30,Applicable,Stigma,"Experienced, Internalized, Anticipated"
l46aqb,SexualHarassment,2021-01-25 10:28:34,Applicable,Stigma,"Experienced, Internalized, Anticipated"
l3w7gc,SexualHarassment,2021-01-24 9:16:54,Applicable,Stigma,"Internalized, Anticipated"
l3w7gc,SexualHarassment,2021-01-24 9:19:53,Applicable,Stigma,"Internalized, Anticipated"
l3w7gc,SexualHarassment,2021-01-24 13:22:03,Applicable,Stigma,"Internalized, Anticipated"
l3w7gc,SexualHarassment,2021-01-27 14:27:44,Applicable,Stigma,"Internalized, Anticipated"
l1ogmn,SexualHarassment,2021-01-21 3:46:07,Applicable,Stigma,Experienced
l10r7v,SexualHarassment,2021-01-20 13:53:53,Applicable,Stigma,Internalized
l0nxhq,SexualHarassment,2021-01-19 17:23:35,Applicable,Stigma,Internalized
kvezzq,SexualHarassment,2021-01-12 3:40:22,Applicable,Stigma,"Anticipated, Structural"
krgfa3,SexualHarassment,2021-01-06 17:24:54,Applicable,Stigma,"Experienced, Anticipated, Structural"
krgfa3,SexualHarassment,2021-01-09 5:56:51,Applicable,Stigma,"Experienced, Anticipated, Structural"
kr0kqw,SexualHarassment,2021-01-05 15:57:50,Applicable,Stigma,"Experienced, Anticipated, Structural"
kr0kqw,SexualHarassment,2021-01-05 20:18:13,Applicable,Stigma,"Experienced, Anticipated, Structural"
kkotja,SexualHarassment,2020-12-27 5:55:58,Applicable,Stigma,"Experienced, Internalized"
khyqlk,SexualHarassment,2020-12-22 9:31:46,Applicable,Stigma,Experienced
khyqlk,SexualHarassment,2020-12-22 20:39:10,Applicable,Stigma,Experienced
khyqlk,SexualHarassment,2021-01-02 2:40:40,Applicable,Stigma,Experienced
kfiggg,SexualHarassment,2020-12-18 16:39:48,Applicable,Stigma,"Experienced, Internalized"
kfiggg,SexualHarassment,2020-12-18 17:19:35,Applicable,Stigma,"Experienced, Internalized"
ke5l30,SexualHarassment,2020-12-21 22:26:40,Applicable,Stigma,"Experienced, Anticipated"
ke5l30,SexualHarassment,2020-12-17 11:16:17,Applicable,Stigma,"Experienced, Anticipated"
ke3syk,SexualHarassment,2020-12-16 6:19:09,Applicable,Stigma,"Experienced, Internalized, Anticipated"
ke3syk,SexualHarassment,2020-12-21 22:40:33,Applicable,Stigma,"Experienced, Internalized, Anticipated"
kdu8b0,SexualHarassment,2020-12-15 23:25:53,Applicable,Stigma,
kdu8b0,SexualHarassment,2020-12-16 5:55:16,Applicable,Stigma,
kascud,SexualHarassment,2020-12-25 13:44:09,Applicable,Stigma,"Experienced, Anticipated, Structural"
kakax3,SexualHarassment,2020-12-10 19:11:45,Applicable,Stigma,"Experienced, Anticipated"
kaelme,SexualHarassment,2020-12-10 16:18:20,Applicable,Stigma,"Experienced, Internalized, Anticipated, Structural"
kaelme,SexualHarassment,2020-12-15 23:06:22,Applicable,Stigma,"Experienced, Internalized, Anticipated, Structural"
k3zn32,SexualHarassment,2020-11-30 19:46:55,Applicable,Stigma,Internalized
k0nlbk,SexualHarassment,2020-11-25 7:52:39,Applicable,Stigma,Internalized
jy4iu6,SexualHarassment,2020-11-21 17:52:13,Applicable,Stigma,"Experienced, Internalized, Anticipated"
jy4iu6,SexualHarassment,2020-11-22 2:19:15,Applicable,Stigma,"Experienced, Internalized, Anticipated"
jy2kd7,SexualHarassment,2020-11-22 2:49:05,Applicable,Stigma,Internalized
jx0127,SexualHarassment,2020-11-22 13:39:51,Applicable,Stigma,"Experienced, Internalized"
jwvkr1,SexualHarassment,2020-11-21 4:27:04,Applicable,Stigma,"Experienced, Internalized"
jwvkr1,SexualHarassment,2020-11-23 0:02:58,Applicable,Stigma,"Experienced, Internalized"
jwot26,SexualHarassment,2020-11-19 3:44:22,Applicable,Stigma,"Experienced, Internalized, Anticipated, Structural"
jwot26,SexualHarassment,2020-11-22 23:28:14,Applicable,Stigma,"Experienced, Internalized, Anticipated, Structural"
jwot26,SexualHarassment,2020-12-15 21:17:32,Applicable,Stigma,"Experienced, Internalized, Anticipated, Structural"
juz5zk,SexualHarassment,2020-11-16 11:12:14,Applicable,Stigma,"Experienced, Internalized"
juz5zk,SexualHarassment,2020-11-16 13:32:06,Applicable,Stigma,"Experienced, Internalized"
jtmykv,SexualHarassment,2020-11-14 15:25:21,Applicable,Stigma,"Experienced, Anticipated, Structural"
jpm8qx,SexualHarassment,2020-11-07 13:57:47,Applicable,Stigma,"Experienced, Internalized"
jn1p9u,SexualHarassment,2020-11-03 2:44:58,Applicable,Stigma,"Experienced, Anticipated, Structural"
jhzuxf,SexualHarassment,2020-10-25 21:46:29,Applicable,Stigma,"Experienced, Structural"
jgub86,SexualHarassment,2020-10-24 1:25:08,Applicable,Stigma,"Experienced, Anticipated"
jgogzi,SexualHarassment,2020-10-23 17:56:03,Applicable,Stigma,"Experienced, Anticipated"
jdaeyl,SexualHarassment,2020-10-18 11:09:07,Applicable,Stigma,"Experienced, Internalized, Structural"
jdaeyl,SexualHarassment,2020-10-18 16:16:08,Applicable,Stigma,"Experienced, Internalized, Structural"
jdaeyl,SexualHarassment,2020-10-18 6:17:17,Applicable,Stigma,"Experienced, Internalized, Structural"
jcyqrr,SexualHarassment,2020-10-17 23:55:21,Applicable,Stigma,"Experienced, Internalized, Anticipated"
jcij3a,SexualHarassment,2020-10-16 22:28:37,Applicable,Stigma,"Experienced, Internalized"
ja8wus,SexualHarassment,2020-10-13 18:08:16,Applicable,Stigma,"Experienced, Internalized, Anticipated"
j9n33k,SexualHarassment,2020-10-12 13:20:52,Applicable,Stigma,Internalized
j9n33k,SexualHarassment,2020-10-22 0:48:18,Applicable,Stigma,Internalized
j9jmpg,SexualHarassment,2020-10-12 15:54:33,Applicable,Stigma,"Experienced, Anticipated, Structural"
j9jmpg,SexualHarassment,2020-10-12 13:41:59,Applicable,Stigma,"Experienced, Anticipated, Structural"
j9jmpg,SexualHarassment,2020-10-12 17:06:26,Applicable,Stigma,"Experienced, Anticipated, Structural"
j9jmpg,SexualHarassment,2020-10-13 11:39:10,Applicable,Stigma,"Experienced, Anticipated, Structural"
j8vmjh,SexualHarassment,2020-10-11 8:21:51,Applicable,Stigma,
j8vmjh,SexualHarassment,2020-10-21 2:39:29,Applicable,Stigma,
j8cgwq,SexualHarassment,2020-10-10 2:44:47,Applicable,Stigma,"Experienced, Anticipated"
j82m6u,SexualHarassment,2020-10-09 22:29:08,Applicable,Stigma,"Experienced, Anticipated"
j82m6u,SexualHarassment,2020-10-21 14:41:12,Applicable,Stigma,"Experienced, Anticipated"
j71epv,SexualHarassment,2020-10-08 0:24:29,Applicable,Stigma,"Experienced, Internalized, Anticipated"
j71epv,SexualHarassment,2020-10-08 0:07:21,Applicable,Stigma,"Experienced, Internalized, Anticipated"
j71epv,SexualHarassment,2020-10-21 15:13:30,Applicable,Stigma,"Experienced, Internalized, Anticipated"
j71epv,SexualHarassment,2020-10-21 15:14:59,Applicable,Stigma,"Experienced, Internalized, Anticipated"
j71epv,SexualHarassment,2020-10-21 15:17:27,Applicable,Stigma,"Experienced, Internalized, Anticipated"
j71epv,SexualHarassment,2020-11-05 15:18:27,Applicable,Stigma,"Experienced, Internalized, Anticipated"
j6tch2,SexualHarassment,2020-10-08 5:13:50,Applicable,Stigma,"Experienced, Internalized, Anticipated"
j6tch2,SexualHarassment,2020-10-21 14:09:21,Applicable,Stigma,"Experienced, Internalized, Anticipated"
j54v69,SexualHarassment,2020-10-04 21:19:11,Applicable,Stigma,"Experienced, Internalized, Anticipated"
j4fgs8,SexualHarassment,2020-10-03 19:44:00,Applicable,Stigma,"Experienced, Internalized"
j4fgs8,SexualHarassment,2020-10-04 0:05:49,Applicable,Stigma,"Experienced, Internalized"
j4bsfy,SexualHarassment,2020-10-03 7:56:40,Applicable,Stigma,"Internalized, Anticipated"
j4bsfy,SexualHarassment,2020-10-03 8:00:54,Applicable,Stigma,"Internalized, Anticipated"
j45ovg,SexualHarassment,2020-10-03 0:57:44,Applicable,Stigma,"Experienced, Internalized, Anticipated, Structural"
j45ovg,SexualHarassment,2020-10-09 0:19:38,Applicable,Stigma,"Experienced, Internalized, Anticipated, Structural"
j3r7md,SexualHarassment,2020-10-02 16:31:00,Applicable,Stigma,"Experienced, Internalized, Anticipated"
j0nffm,SexualHarassment,2020-09-27 12:11:35,Applicable,Stigma,
izv07b,SexualHarassment,2020-09-26 3:56:48,Applicable,Stigma,Anticipated
izv07b,SexualHarassment,2020-09-26 11:38:01,Applicable,Stigma,Anticipated
izv07b,SexualHarassment,2020-10-01 22:59:28,Applicable,Stigma,Anticipated
izv07b,SexualHarassment,2020-10-21 15:46:42,Applicable,Stigma,Anticipated
isuomc,SexualHarassment,2020-09-14 23:25:50,Applicable,Stigma,Experienced
iscgie,SexualHarassment,2020-09-14 14:11:05,Applicable,Stigma,Internalized
iscgie,SexualHarassment,2020-09-14 14:58:23,Applicable,Stigma,Internalized
irois8,SexualHarassment,2020-09-13 3:27:37,Applicable,Stigma,
irgv7a,SexualHarassment,2020-09-16 15:34:01,Applicable,Stigma,
iqiqea,SexualHarassment,2020-09-11 5:26:28,Applicable,Stigma,"Experienced, Internalized"
iq6sxw,SexualHarassment,2020-09-16 15:30:47,Applicable,Stigma,"Experienced, Internalized, Anticipated"
ipjtps,SexualHarassment,2020-09-09 19:00:46,Applicable,Stigma,"Experienced, Anticipated, Structural"
ipjtps,SexualHarassment,2020-09-16 5:22:38,Applicable,Stigma,"Experienced, Anticipated, Structural"
io1a11,SexualHarassment,2020-09-10 16:40:17,Applicable,Stigma,"Experienced, Internalized, Anticipated"
iloi7w,SexualHarassment,2020-09-03 7:39:38,Applicable,Stigma,Internalized
ik5e8d,SexualHarassment,2020-09-01 1:28:34,Applicable,Stigma,"Experienced, Internalized"
ihgwr9,SexualHarassment,2020-08-29 1:18:49,Applicable,Stigma,"Experienced, Anticipated, Structural"
idhm1n,SexualHarassment,2020-08-20 21:14:53,Applicable,Stigma,"Internalized, Anticipated"
icvihm,SexualHarassment,2020-08-19 22:02:06,Applicable,Stigma,"Experienced, Internalized, Anticipated, Structural"
ialdfq,SexualHarassment,2020-08-16 6:36:57,Applicable,Stigma,"Experienced, Internalized, Anticipated"
ialdfq,SexualHarassment,2020-08-18 0:59:03,Applicable,Stigma,"Experienced, Internalized, Anticipated"
i7risx,SexualHarassment,2020-08-11 13:41:32,Applicable,Stigma,Internalized
i7risx,SexualHarassment,2020-08-13 12:59:28,Applicable,Stigma,Internalized
i7risx,SexualHarassment,2020-08-18 1:02:48,Applicable,Stigma,Internalized
i7dasp,SexualHarassment,2020-09-03 6:44:37,Applicable,Stigma,"Anticipated, Structural"
i7dasp,SexualHarassment,2020-08-18 1:06:17,Applicable,Stigma,"Anticipated, Structural"
i6hbl3,SexualHarassment,2020-08-09 13:22:50,Applicable,Stigma,"Experienced, Internalized, Anticipated"
i547vu,SexualHarassment,2020-08-07 4:46:57,Applicable,Stigma,"Internalized, Anticipated"
hzbpw6,SexualHarassment,2020-08-23 9:13:17,Applicable,Stigma,"Experienced, Internalized, Anticipated, Structural"
hxet1d,SexualHarassment,2020-07-25 14:23:37,Applicable,Stigma,"Experienced, Internalized"
hxet1d,SexualHarassment,2020-07-29 14:36:53,Applicable,Stigma,"Experienced, Internalized"
hwt189,SexualHarassment,2020-07-24 2:10:39,Applicable,Stigma,"Experienced, Anticipated, Structural"
hwc288,SexualHarassment,2020-07-24 2:07:50,Applicable,Stigma,"Experienced, Anticipated"
hwc288,SexualHarassment,2020-07-25 14:33:46,Applicable,Stigma,"Experienced, Anticipated"
hwc288,SexualHarassment,2020-07-27 18:03:26,Applicable,Stigma,"Experienced, Anticipated"
hv427j,SexualHarassment,2020-07-21 11:00:58,Applicable,Stigma,"Internalized, Anticipated"
hv427j,SexualHarassment,2020-08-23 4:36:18,Applicable,Stigma,"Internalized, Anticipated"
huz1j9,SexualHarassment,2020-07-24 2:21:43,Applicable,Stigma,Internalized
huz1j9,SexualHarassment,2020-07-21 7:09:54,Applicable,Stigma,Internalized
huz1j9,SexualHarassment,2020-07-26 11:05:24,Applicable,Stigma,Internalized
htd4mb,SexualHarassment,2020-07-24 2:25:33,Applicable,Stigma,"Experienced, Anticipated"
hsma5h,SexualHarassment,2020-07-17 9:59:19,Applicable,Stigma,"Internalized, Anticipated"
hsiouf,SexualHarassment,2020-07-17 20:32:43,Applicable,Stigma,"Experienced, Anticipated"
hsiouf,SexualHarassment,2020-07-24 2:27:57,Applicable,Stigma,"Experienced, Anticipated"
hqitaa,SexualHarassment,2020-07-14 2:22:26,Applicable,Stigma,"Experienced, Internalized, Anticipated"
hma6cz,SexualHarassment,2020-07-07 6:46:01,Applicable,Stigma,Experienced
hlnvee,SexualHarassment,2020-07-05 19:23:00,Applicable,Stigma,Internalized
hktv71,SexualHarassment,2020-07-04 1:42:46,Applicable,Stigma,"Experienced, Anticipated"
hjs7yx,SexualHarassment,2020-07-02 14:29:16,Applicable,Stigma,"Experienced, Structural"
hjs7yx,SexualHarassment,2020-07-02 14:38:03,Applicable,Stigma,"Experienced, Structural"
his41u,SexualHarassment,2020-07-01 16:12:15,Applicable,Stigma,Experienced
his41u,SexualHarassment,2020-07-04 15:18:26,Applicable,Stigma,Experienced
hhxqpm,SexualHarassment,2020-07-01 13:48:32,Applicable,Stigma,"Experienced, Internalized, Anticipated"
hhxqpm,SexualHarassment,2020-07-02 13:04:04,Applicable,Stigma,"Experienced, Internalized, Anticipated"
hhme3t,SexualHarassment,2020-07-01 10:05:30,Applicable,Stigma,"Experienced, Anticipated"
hhag32,SexualHarassment,2020-06-28 16:24:52,Applicable,Stigma,Internalized
hh3g81,SexualHarassment,2020-06-28 2:12:33,Applicable,Stigma,Internalized
hh3g81,SexualHarassment,2020-06-28 8:03:39,Applicable,Stigma,Internalized
hh0n5x,SexualHarassment,2020-07-08 14:23:45,Applicable,Stigma,"Experienced, Internalized"
hgpfd7,SexualHarassment,2020-06-27 13:13:31,Applicable,Stigma,Internalized
hgpfd7,SexualHarassment,2020-06-28 7:48:16,Applicable,Stigma,Internalized
hgpfd7,SexualHarassment,2020-06-28 19:15:28,Applicable,Stigma,Internalized
hf8d9y,SexualHarassment,2020-06-26 19:27:28,Applicable,Stigma,"Experienced, Internalized, Structural"
hd28r5,SexualHarassment,2020-06-21 15:17:06,Applicable,Stigma,Internalized
hcctov,SexualHarassment,2020-06-20 6:28:13,Applicable,Stigma,"Experienced, Internalized, Anticipated"
hcctov,SexualHarassment,2020-06-21 4:25:34,Applicable,Stigma,"Experienced, Internalized, Anticipated"
h7yusq,SexualHarassment,2020-06-13 10:47:56,Applicable,Stigma,"Experienced, Internalized"
h7yusq,SexualHarassment,2020-06-27 19:01:37,Applicable,Stigma,"Experienced, Internalized"
h7a8ca,SexualHarassment,2020-06-12 4:15:44,Applicable,Stigma,Anticipated
h0ueqx,SexualHarassment,2020-06-17 4:48:12,Applicable,Stigma,"Internalized, Anticipated"
h0ueqx,SexualHarassment,2020-06-17 6:57:55,Applicable,Stigma,"Internalized, Anticipated"
gwmarz,SexualHarassment,2020-06-04 21:19:33,Applicable,Stigma,"Experienced, Internalized"
gwku0t,SexualHarassment,2020-06-04 17:52:53,Applicable,Stigma,"Experienced, Internalized"
gwku0t,SexualHarassment,2020-06-04 21:01:02,Applicable,Stigma,"Experienced, Internalized"
gudwr4,SexualHarassment,2020-06-01 5:31:37,Applicable,Stigma,Internalized
gu1avu,SexualHarassment,2020-05-31 16:41:57,Applicable,Stigma,"Experienced, Internalized, Structural"
gu1avu,SexualHarassment,2020-06-01 13:37:11,Applicable,Stigma,"Experienced, Internalized, Structural"
gu1avu,SexualHarassment,2020-05-31 18:44:29,Applicable,Stigma,"Experienced, Internalized, Structural"
gu1avu,SexualHarassment,2020-06-07 3:52:15,Applicable,Stigma,"Experienced, Internalized, Structural"
gqkcoe,SexualHarassment,2020-05-26 2:35:18,Applicable,Stigma,"Experienced, Internalized, Anticipated, Structural"
gntwej,SexualHarassment,2020-06-11 19:29:25,Applicable,Stigma,"Internalized, Anticipated"
gnfckv,SexualHarassment,2020-05-20 18:06:28,Applicable,Stigma,"Experienced, Internalized, Anticipated"
a7jyu9,SexualHarassment,2019-02-04 7:06:34,Applicable,Stigma,"Experienced, Internalized, Anticipated"
a7jyu9,SexualHarassment,2019-01-02 22:18:20,Applicable,Stigma,"Experienced, Internalized, Anticipated"
a7jyu9,SexualHarassment,2019-03-06 22:19:47,Applicable,Stigma,"Experienced, Internalized, Anticipated"
a7jyu9,SexualHarassment,2019-03-15 21:41:15,Applicable,Stigma,"Experienced, Internalized, Anticipated"
9nz5k5,SexualHarassment,2018-10-16 7:29:23,Applicable,Stigma,"Internalized, Anticipated"
9lkuh5,SexualHarassment,2018-10-06 2:02:35,Applicable,Stigma,Experienced
9lkuh5,SexualHarassment,2018-10-06 9:34:27,Applicable,Stigma,Experienced
9frh3b,SexualHarassment,2018-09-14 17:59:03,Applicable,Stigma,"Experienced, Internalized"
9eu3ik,SexualHarassment,2018-09-14 12:20:43,Applicable,Stigma,"Experienced, Internalized, Anticipated, Structural"
98i75e,SexualHarassment,2018-08-19 20:23:11,Applicable,Stigma,"Experienced, Anticipated"
978f2k,SexualHarassment,2018-08-14 14:05:21,Applicable,Stigma,"Experienced, Internalized, Anticipated"
978f2k,SexualHarassment,2018-08-18 20:26:38,Applicable,Stigma,"Experienced, Internalized, Anticipated"
978f2k,SexualHarassment,2018-09-14 12:32:59,Applicable,Stigma,"Experienced, Internalized, Anticipated"
978f2k,SexualHarassment,2018-10-14 1:45:06,Applicable,Stigma,"Experienced, Internalized, Anticipated"
7rmgbr,SexualHarassment,2018-01-20 15:25:34,Applicable,Stigma,Experienced
7bvoe6,SexualHarassment,2017-11-29 0:05:45,Applicable,Stigma,Internalized
6c6kb6,SexualHarassment,2017-06-14 1:42:29,Applicable,Stigma,"Experienced, Internalized, Anticipated"
4ugz3k,SexualHarassment,2016-10-18 17:48:28,Applicable,Stigma,"Experienced, Structural"
omdn0h,sexualassault,2021-07-17 22:14:37,Applicable,Stigma,"Experienced, Anticipated"
omdn0h,sexualassault,2021-07-17 22:15:33,Applicable,Stigma,"Experienced, Anticipated"
oma2mi,sexualassault,2021-07-18 9:24:15,Applicable,Stigma,"Internalized, Anticipated"
om9mfg,sexualassault,2021-07-17 18:23:58,Applicable,Stigma,Anticipated
om481d,sexualassault,2021-07-17 13:50:16,Applicable,Stigma,Internalized
om481d,sexualassault,2021-07-17 14:36:14,Applicable,Stigma,Internalized
om1u01,sexualassault,2021-07-17 11:02:25,Applicable,Stigma,"Experienced, Internalized, Anticipated"
om1u01,sexualassault,2021-07-17 13:53:41,Applicable,Stigma,"Experienced, Internalized, Anticipated"
om0s03,sexualassault,2021-07-17 9:03:52,Applicable,Stigma,"Experienced, Internalized, Anticipated, Structural"
olyjgk,sexualassault,2021-07-17 12:07:14,Applicable,Stigma,
olyjgk,sexualassault,2021-07-17 7:03:18,Applicable,Stigma,
oly68y,sexualassault,2021-07-17 6:57:12,Applicable,Stigma,Internalized
olvjav,sexualassault,2021-07-17 13:04:58,Applicable,Stigma,"Internalized, Anticipated"
oltjqj,sexualassault,2021-07-17 2:54:13,Applicable,Stigma,"Experienced, Anticipated"
olnd0f,sexualassault,2021-07-16 19:48:36,Applicable,Stigma,"Experienced, Internalized, Anticipated"
olmsdd,sexualassault,2021-07-16 22:22:15,Applicable,Stigma,
olmsdd,sexualassault,2021-07-17 2:37:33,Applicable,Stigma,
olgxb0,sexualassault,2021-07-16 14:55:00,Applicable,Stigma,"Experienced, Internalized, Anticipated"
olgaq1,sexualassault,2021-07-16 15:12:35,Applicable,Stigma,Internalized
olg7x7,sexualassault,2021-07-16 13:12:29,Applicable,Stigma,"Internalized, Anticipated"
oleqjk,sexualassault,2021-07-16 19:32:45,Applicable,Stigma,"Internalized, Anticipated"
olajgm,sexualassault,2021-07-16 10:53:20,Applicable,Stigma,"Experienced, Internalized"
ola3vt,sexualassault,2021-07-16 12:13:24,Applicable,Stigma,"Experienced, Internalized, Anticipated, Structural"
ola3vt,sexualassault,2021-07-16 12:32:11,Applicable,Stigma,"Experienced, Internalized, Anticipated, Structural"
ola3vt,sexualassault,2021-07-16 5:08:29,Applicable,Stigma,"Experienced, Internalized, Anticipated, Structural"
ol8xyf,sexualassault,2021-07-16 4:32:46,Applicable,Stigma,
ol7jqm,sexualassault,2021-07-16 5:31:41,Applicable,Stigma,"Experienced, Anticipated"
ol7jqm,sexualassault,2021-07-16 6:16:47,Applicable,Stigma,"Experienced, Anticipated"
ol7jqm,sexualassault,2021-07-16 9:01:06,Applicable,Stigma,"Experienced, Anticipated"
ol7jqm,sexualassault,2021-07-16 10:18:47,Applicable,Stigma,"Experienced, Anticipated"
ol7jqm,sexualassault,2022-03-26 3:16:18,Applicable,Stigma,"Experienced, Anticipated"
ol3xl6,sexualassault,2021-07-16 1:44:11,Applicable,Stigma,Experienced
ol1ws0,sexualassault,2021-07-15 23:03:29,Applicable,Stigma,"Experienced, Internalized"
ol1ws0,sexualassault,2021-07-15 23:16:58,Applicable,Stigma,"Experienced, Internalized"
ol0h7a,sexualassault,2021-07-16 5:51:57,Applicable,Stigma,"Experienced, Internalized, Anticipated, Structural"
oky1m4,sexualassault,2021-07-15 22:46:56,Applicable,Stigma,Internalized
okuvow,sexualassault,2021-07-16 0:43:36,Applicable,Stigma,Internalized
okl51q,sexualassault,2021-07-15 5:49:20,Applicable,Stigma,"Internalized, Anticipated"
okkbj0,sexualassault,2021-07-15 3:26:27,Applicable,Stigma,"Experienced, Internalized, Anticipated"
okkbj0,sexualassault,2021-07-15 23:56:21,Applicable,Stigma,"Experienced, Internalized, Anticipated"
okif71,sexualassault,2021-07-15 2:02:18,Applicable,Stigma,"Experienced, Anticipated, Structural"
okclsw,sexualassault,2021-07-14 20:59:01,Applicable,Stigma,Anticipated
ok7gaw,sexualassault,2021-07-14 23:17:26,Applicable,Stigma,Internalized
ok7gaw,sexualassault,2021-07-15 5:17:49,Applicable,Stigma,Internalized
ok7e85,sexualassault,2021-07-16 5:21:57,Applicable,Stigma,"Experienced, Anticipated"
ok5yx7,sexualassault,2021-07-14 19:47:02,Applicable,Stigma,"Internalized, Anticipated"
ok5y40,sexualassault,2021-07-14 16:30:41,Applicable,Stigma,"Experienced, Internalized, Anticipated"
ok5y40,sexualassault,2021-07-14 23:13:56,Applicable,Stigma,"Experienced, Internalized, Anticipated"
ok4tch,sexualassault,2021-07-14 14:25:50,Applicable,Stigma,"Internalized, Anticipated"
ok4tch,sexualassault,2021-07-14 14:46:39,Applicable,Stigma,"Internalized, Anticipated"
ok4tch,sexualassault,2021-07-14 16:34:30,Applicable,Stigma,"Internalized, Anticipated"
ok288m,sexualassault,2021-07-14 12:01:30,Applicable,Stigma,"Experienced, Internalized, Anticipated"
ok288m,sexualassault,2021-07-18 8:27:06,Applicable,Stigma,"Experienced, Internalized, Anticipated"
ojystt,sexualassault,2021-07-14 9:40:06,Applicable,Stigma,"Experienced, Anticipated"
ojxy0c,sexualassault,2021-07-14 9:04:58,Applicable,Stigma,Internalized
ojviyr,sexualassault,2021-07-14 3:14:29,Applicable,Stigma,"Internalized, Anticipated"
ojv4t9,sexualassault,2021-07-14 5:05:57,Applicable,Stigma,"Internalized, Anticipated"
ojqe12,sexualassault,2021-07-13 22:21:05,Applicable,Stigma,Internalized
ojqe12,sexualassault,2021-07-13 23:27:10,Applicable,Stigma,Internalized
ojqe12,sexualassault,2021-07-14 0:48:44,Applicable,Stigma,Internalized
ojq55a,sexualassault,2021-07-14 21:34:43,Applicable,Stigma,
ojnf47,sexualassault,2021-07-13 20:47:45,Applicable,Stigma,"Experienced, Internalized, Anticipated"
ojnf47,sexualassault,2021-07-14 20:53:28,Applicable,Stigma,"Experienced, Internalized, Anticipated"
ojih2x,sexualassault,2021-07-13 16:05:19,Applicable,Stigma,"Experienced, Internalized, Anticipated, Structural"
ojih2x,sexualassault,2021-07-14 0:13:56,Applicable,Stigma,"Experienced, Internalized, Anticipated, Structural"
ojeoju,sexualassault,2021-07-14 1:03:51,Applicable,Stigma,Internalized
oje574,sexualassault,2021-07-13 18:38:29,Applicable,Stigma,"Experienced, Internalized, Anticipated"
oje574,sexualassault,2021-07-13 18:39:52,Applicable,Stigma,"Experienced, Internalized, Anticipated"
oje574,sexualassault,2021-07-13 20:09:50,Applicable,Stigma,"Experienced, Internalized, Anticipated"
ojcwu5,sexualassault,2021-07-13 14:55:57,Applicable,Stigma,"Experienced, Internalized"
oj8423,sexualassault,2021-07-13 5:47:58,Applicable,Stigma,"Internalized, Anticipated"
oj7nro,sexualassault,2021-07-13 9:08:48,Applicable,Stigma,Anticipated
oj7cqu,sexualassault,2021-07-13 7:32:37,Applicable,Stigma,"Internalized, Anticipated"
oj6hec,sexualassault,2021-07-13 7:32:04,Applicable,Stigma,"Internalized, Anticipated"
oj3t14,sexualassault,2021-07-13 0:17:55,Applicable,Stigma,"Experienced, Internalized, Anticipated"
oiln78,sexualassault,2021-07-12 10:02:00,Applicable,Stigma,Anticipated
oij6uz,sexualassault,2021-07-12 4:42:13,Applicable,Stigma,Internalized
oij60r,sexualassault,2021-07-12 16:53:58,Applicable,Stigma,"Internalized, Anticipated, Structural"
oiistv,sexualassault,2021-07-12 3:14:13,Applicable,Stigma,Anticipated
oiistv,sexualassault,2021-07-12 5:44:18,Applicable,Stigma,Anticipated
oiistv,sexualassault,2021-07-12 9:49:21,Applicable,Stigma,Anticipated
oigmqf,sexualassault,2021-07-12 1:09:48,Applicable,Stigma,Internalized
oigmqf,sexualassault,2021-07-12 3:23:42,Applicable,Stigma,Internalized
oigj17,sexualassault,2021-07-12 0:59:35,Applicable,Stigma,Internalized
oicib5,sexualassault,2021-07-12 0:32:28,Applicable,Stigma,"Experienced, Anticipated"
oi60gi,sexualassault,2021-07-11 16:30:27,Applicable,Stigma,Internalized
oi60gi,sexualassault,2021-07-11 21:46:25,Applicable,Stigma,Internalized
oi60gi,sexualassault,2021-07-12 0:30:24,Applicable,Stigma,Internalized
ohxu5c,sexualassault,2021-07-11 5:19:15,Applicable,Stigma,Internalized
ohxu5c,sexualassault,2021-07-11 17:17:04,Applicable,Stigma,Internalized
ohxpn7,sexualassault,2021-07-11 4:43:16,Applicable,Stigma,Anticipated
ohxpn7,sexualassault,2021-07-11 14:49:31,Applicable,Stigma,Anticipated
ohx5nz,sexualassault,2021-07-11 3:46:54,Applicable,Stigma,Anticipated
ohx5nz,sexualassault,2021-07-11 8:50:57,Applicable,Stigma,Anticipated
ohwm7s,sexualassault,2021-07-11 3:35:52,Applicable,Stigma,"Internalized, Anticipated"
ohvn08,sexualassault,2021-07-12 0:01:22,Applicable,Stigma,"Internalized, Anticipated"
ohsint,sexualassault,2021-07-11 1:33:31,Applicable,Stigma,"Internalized, Anticipated"
ohsint,sexualassault,2021-07-11 2:44:16,Applicable,Stigma,"Internalized, Anticipated"
ohsint,sexualassault,2021-07-11 9:37:25,Applicable,Stigma,"Internalized, Anticipated"
oheurn,sexualassault,2021-07-10 19:27:42,Applicable,Stigma,Anticipated
oheurn,sexualassault,2021-07-10 10:21:38,Applicable,Stigma,Anticipated
ohdmo3,sexualassault,2021-07-10 7:42:00,Applicable,Stigma,Internalized
ohaudy,sexualassault,2021-07-10 18:58:17,Applicable,Stigma,"Internalized, Anticipated"
ohaudy,sexualassault,2021-07-10 3:23:07,Applicable,Stigma,"Internalized, Anticipated"
oh49na,sexualassault,2021-07-09 20:54:09,Applicable,Stigma,"Experienced, Internalized, Anticipated"
oh49na,sexualassault,2021-07-10 5:47:49,Applicable,Stigma,"Experienced, Internalized, Anticipated"
oh49na,sexualassault,2021-07-10 7:15:27,Applicable,Stigma,"Experienced, Internalized, Anticipated"
oh0hai,sexualassault,2021-07-11 4:06:48,Applicable,Stigma,"Experienced, Anticipated"
ogt5e4,sexualassault,2021-07-09 12:00:59,Applicable,Stigma,Anticipated
ogrlfm,sexualassault,2021-07-12 10:15:00,Applicable,Stigma,"Experienced, Internalized"
ogrcd9,sexualassault,2021-07-09 9:37:24,Applicable,Stigma,"Experienced, Anticipated"
ogokl5,sexualassault,2021-07-09 13:26:44,Applicable,Stigma,"Experienced, Internalized"
ogokl5,sexualassault,2021-07-09 15:50:46,Applicable,Stigma,"Experienced, Internalized"
ogjqby,sexualassault,2021-07-09 4:01:29,Applicable,Stigma,"Experienced, Internalized"
ogjqby,sexualassault,2021-07-09 9:40:06,Applicable,Stigma,"Experienced, Internalized"
ogjqby,sexualassault,2021-07-09 3:53:40,Applicable,Stigma,"Experienced, Internalized"
oggonv,sexualassault,2021-07-08 23:00:05,Applicable,Stigma,Experienced
ogfk2q,sexualassault,2021-07-08 21:32:31,Applicable,Stigma,"Internalized, Anticipated"
ogeogu,sexualassault,2021-07-09 8:01:36,Applicable,Stigma,"Experienced, Anticipated, Structural"
og9yen,sexualassault,2021-07-08 23:04:03,Applicable,Stigma,Internalized
ofz5jj,sexualassault,2021-07-08 4:01:28,Applicable,Stigma,Internalized
ofwql3,sexualassault,2021-09-18 0:14:02,Applicable,Stigma,Internalized
ofvw1t,sexualassault,2021-07-08 6:17:11,Applicable,Stigma,"Experienced, Anticipated"
ofvw1t,sexualassault,2021-07-08 20:51:25,Applicable,Stigma,"Experienced, Anticipated"
ofu17c,sexualassault,2021-07-08 0:08:54,Applicable,Stigma,"Experienced, Internalized"
ofr4go,sexualassault,2021-07-07 21:47:14,Applicable,Stigma,"Experienced, Internalized"
ofr4go,sexualassault,2021-07-09 11:19:33,Applicable,Stigma,"Experienced, Internalized"
ofr4go,sexualassault,2021-07-08 0:49:38,Applicable,Stigma,"Experienced, Internalized"
ofr4go,sexualassault,2021-07-07 23:50:47,Applicable,Stigma,"Experienced, Internalized"
ofr4go,sexualassault,2021-07-07 21:02:55,Applicable,Stigma,"Experienced, Internalized"
ofo17b,sexualassault,2021-07-07 18:56:20,Applicable,Stigma,"Internalized, Anticipated"
ofmbg7,sexualassault,2021-07-07 16:23:08,Applicable,Stigma,"Experienced, Internalized"
ofmbg7,sexualassault,2021-07-08 4:13:25,Applicable,Stigma,"Experienced, Internalized"
ofe9yp,sexualassault,2021-07-07 9:41:34,Applicable,Stigma,"Internalized, Anticipated"
ofe9yp,sexualassault,2021-07-07 14:47:32,Applicable,Stigma,"Internalized, Anticipated"
ofe9yp,sexualassault,2021-07-10 3:36:49,Applicable,Stigma,"Internalized, Anticipated"
ofa39x,sexualassault,2021-07-07 3:09:39,Applicable,Stigma,"Experienced, Internalized, Anticipated, Structural"
of661s,sexualassault,2021-07-06 23:38:05,Applicable,Stigma,"Experienced, Internalized, Anticipated"
of0ui0,sexualassault,2021-07-06 18:29:54,Applicable,Stigma,
oey5uu,sexualassault,2021-07-06 17:44:16,Applicable,Stigma,"Experienced, Internalized"
oey0aj,sexualassault,2021-07-06 19:41:01,Applicable,Stigma,"Internalized, Anticipated"
oewri6,sexualassault,2021-07-07 1:03:44,Applicable,Stigma,"Experienced, Internalized"
oeu37z,sexualassault,2021-07-06 17:36:50,Applicable,Stigma,"Experienced, Internalized, Anticipated"
oempa3,sexualassault,2021-07-06 7:53:25,Applicable,Stigma,Internalized
oek71y,sexualassault,2021-07-06 2:22:22,Applicable,Stigma,"Experienced, Internalized"
oec1xx,sexualassault,2021-07-06 3:52:28,Applicable,Stigma,"Experienced, Internalized"
oebhzr,sexualassault,2021-07-05 17:52:08,Applicable,Stigma,"Experienced, Anticipated, Structural"
oe9v0s,sexualassault,2021-07-05 16:08:59,Applicable,Stigma,Internalized
oe7hef,sexualassault,2021-07-05 13:38:28,Applicable,Stigma,"Experienced, Anticipated"
oe2ee5,sexualassault,2021-07-05 8:35:05,Applicable,Stigma,"Internalized, Anticipated"
odx84c,sexualassault,2021-07-05 2:24:09,Applicable,Stigma,"Experienced, Internalized"
ods9mw,sexualassault,2021-07-04 20:44:15,Applicable,Stigma,Internalized
odkx3q,sexualassault,2021-07-04 15:59:30,Applicable,Stigma,"Experienced, Internalized"
odccs3,sexualassault,2021-07-04 3:29:09,Applicable,Stigma,"Internalized, Anticipated"
od6nku,sexualassault,2021-07-03 21:39:56,Applicable,Stigma,Internalized
od3xro,sexualassault,2021-07-04 1:31:32,Applicable,Stigma,"Experienced, Internalized"
od3xro,sexualassault,2021-07-03 19:05:31,Applicable,Stigma,"Experienced, Internalized"
ocyobd,sexualassault,2021-07-03 19:00:00,Applicable,Stigma,Internalized
ocyobd,sexualassault,2021-07-03 14:45:07,Applicable,Stigma,Internalized
ocyobd,sexualassault,2021-07-03 18:36:10,Applicable,Stigma,Internalized
ocrsb7,sexualassault,2021-07-05 17:43:19,Applicable,Stigma,"Experienced, Internalized"
ocqjkh,sexualassault,2021-07-03 4:44:31,Applicable,Stigma,Internalized
ocp7ka,sexualassault,2021-07-03 2:31:53,Applicable,Stigma,Internalized
ocmlgh,sexualassault,2021-08-03 5:18:50,Applicable,Stigma,"Internalized, Anticipated"
oclz8t,sexualassault,2021-07-02 23:40:00,Applicable,Stigma,Internalized
ochnl3,sexualassault,2021-07-02 21:07:03,Applicable,Stigma,Internalized
ochnl3,sexualassault,2021-07-02 21:11:31,Applicable,Stigma,Internalized
ochnl3,sexualassault,2021-07-02 20:14:05,Applicable,Stigma,Internalized
ocggzx,sexualassault,2021-07-02 20:55:53,Applicable,Stigma,"Experienced, Internalized, Anticipated, Structural"
oc8law,sexualassault,2021-07-02 12:21:43,Applicable,Stigma,Internalized
oc8law,sexualassault,2021-07-02 12:33:33,Applicable,Stigma,Internalized
oc8law,sexualassault,2021-07-02 12:39:50,Applicable,Stigma,Internalized
oc56aq,sexualassault,2021-07-02 22:56:42,Applicable,Stigma,"Experienced, Structural"
oc38ju,sexualassault,2021-07-02 11:19:02,Applicable,Stigma,Internalized
oc2qov,sexualassault,2021-07-03 4:00:41,Applicable,Stigma,"Internalized, Anticipated"
oc215p,sexualassault,2021-07-02 11:03:26,Applicable,Stigma,Internalized
oc215p,sexualassault,2021-07-10 3:48:33,Applicable,Stigma,Internalized
oc0zvz,sexualassault,2021-07-02 3:24:28,Applicable,Stigma,"Experienced, Anticipated"
oc0zvz,sexualassault,2021-07-02 4:46:57,Applicable,Stigma,"Experienced, Anticipated"
obydah,sexualassault,2021-07-01 23:55:09,Applicable,Stigma,Internalized
obej4d,sexualassault,2021-07-01 6:27:59,Applicable,Stigma,"Experienced, Internalized, Anticipated"
oban4v,sexualassault,2021-07-01 3:31:36,Applicable,Stigma,"Experienced, Anticipated"
oban4v,sexualassault,2021-07-01 3:40:55,Applicable,Stigma,"Experienced, Anticipated"
obab2u,sexualassault,2021-07-01 1:41:06,Applicable,Stigma,"Experienced, Internalized"
ob5spb,sexualassault,2021-06-30 21:03:49,Applicable,Stigma,"Experienced, Anticipated"
ob5spb,sexualassault,2021-06-30 21:09:34,Applicable,Stigma,"Experienced, Anticipated"
ob5spb,sexualassault,2021-07-01 0:34:21,Applicable,Stigma,"Experienced, Anticipated"
ob5spb,sexualassault,2021-06-30 22:26:23,Applicable,Stigma,"Experienced, Anticipated"
ob5spb,sexualassault,2021-07-01 1:32:36,Applicable,Stigma,"Experienced, Anticipated"
ob51by,sexualassault,2021-06-30 22:39:52,Applicable,Stigma,Anticipated
ob51by,sexualassault,2021-06-30 19:54:49,Applicable,Stigma,Anticipated
ob51by,sexualassault,2021-06-30 20:50:45,Applicable,Stigma,Anticipated
oawn00,sexualassault,2021-07-01 2:10:54,Applicable,Stigma,Internalized
oawn00,sexualassault,2021-07-02 23:02:29,Applicable,Stigma,Internalized
oawn00,sexualassault,2021-06-30 12:49:42,Applicable,Stigma,Internalized
oatfrm,sexualassault,2021-06-30 13:38:22,Applicable,Stigma,"Experienced, Internalized, Anticipated"
oalioo,sexualassault,2021-06-30 0:36:39,Applicable,Stigma,"Experienced, Internalized, Anticipated"
oai7iv,sexualassault,2021-06-30 0:11:38,Applicable,Stigma,"Experienced, Internalized, Anticipated"
oagqm9,sexualassault,2021-06-29 22:46:32,Applicable,Stigma,Internalized
oagqm9,sexualassault,2021-06-29 20:47:47,Applicable,Stigma,Internalized
oagqm9,sexualassault,2021-06-29 23:59:25,Applicable,Stigma,Internalized
oaf8ii,sexualassault,2021-06-29 21:26:10,Applicable,Stigma,"Experienced, Internalized, Anticipated"
oabz3a,sexualassault,2021-06-29 17:03:55,Applicable,Stigma,"Experienced, Internalized, Anticipated"
oabz3a,sexualassault,2021-07-01 1:36:56,Applicable,Stigma,"Experienced, Internalized, Anticipated"
oa5i6u,sexualassault,2021-06-29 10:41:04,Applicable,Stigma,"Experienced, Anticipated"
oa4m29,sexualassault,2021-06-29 9:15:27,Applicable,Stigma,"Experienced, Internalized"
oa4m29,sexualassault,2021-06-29 9:20:43,Applicable,Stigma,"Experienced, Internalized"
oa4m29,sexualassault,2021-06-29 12:49:24,Applicable,Stigma,"Experienced, Internalized"
oa4m29,sexualassault,2021-06-29 15:09:00,Applicable,Stigma,"Experienced, Internalized"
oa4ext,sexualassault,2021-06-29 9:45:58,Applicable,Stigma,
o9y1s8,sexualassault,2021-06-29 1:29:20,Applicable,Stigma,"Experienced, Anticipated"
o9y1s8,sexualassault,2021-06-29 7:26:35,Applicable,Stigma,"Experienced, Anticipated"
o9y1s8,sexualassault,2021-07-22 17:18:51,Applicable,Stigma,"Experienced, Anticipated"
o9w59m,sexualassault,2021-06-28 23:45:49,Applicable,Stigma,Internalized
o9urtz,sexualassault,2021-06-29 0:01:28,Applicable,Stigma,Internalized
o9pft9,sexualassault,2021-06-28 18:12:54,Applicable,Stigma,Internalized
o9o2r9,sexualassault,2021-07-05 17:56:29,Applicable,Stigma,
o9o2bf,sexualassault,2021-06-29 1:50:02,Applicable,Stigma,Internalized
o9n249,sexualassault,2021-06-28 17:55:13,Applicable,Stigma,Experienced
o9n249,sexualassault,2021-06-28 17:00:06,Applicable,Stigma,Experienced
o9mrp5,sexualassault,2021-06-29 2:17:38,Applicable,Stigma,"Experienced, Internalized, Anticipated"
o9lm95,sexualassault,2021-06-28 15:12:13,Applicable,Stigma,"Experienced, Internalized, Anticipated"
o9fk07,sexualassault,2021-06-28 8:08:36,Applicable,Stigma,"Experienced, Internalized, Anticipated"
o9cvro,sexualassault,2021-06-28 5:14:59,Applicable,Stigma,Internalized
o98umr,sexualassault,2021-06-28 0:07:52,Applicable,Stigma,"Experienced, Internalized, Anticipated, Structural"
o953tv,sexualassault,2021-06-28 6:12:02,Applicable,Stigma,"Experienced, Internalized, Anticipated"
o94ldm,sexualassault,2021-06-27 20:41:30,Applicable,Stigma,Internalized
o94ldm,sexualassault,2021-06-28 5:01:40,Applicable,Stigma,Internalized
o90ydd,sexualassault,2021-06-29 1:49:42,Applicable,Stigma,"Experienced, Structural"
o8z57p,sexualassault,2021-06-27 15:28:24,Applicable,Stigma,"Experienced, Internalized, Anticipated"
o8vivr,sexualassault,2021-06-27 21:13:21,Applicable,Stigma,"Internalized, Structural"
o8pz6f,sexualassault,2021-06-27 4:56:20,Applicable,Stigma,"Experienced, Anticipated, Structural"
o8oddl,sexualassault,2021-06-27 11:50:26,Applicable,Stigma,"Experienced, Internalized, Anticipated, Structural"
o8l6kp,sexualassault,2021-06-27 7:06:46,Applicable,Stigma,"Experienced, Structural"
o8l6kp,sexualassault,2021-06-28 6:17:57,Applicable,Stigma,"Experienced, Structural"
o8hs7q,sexualassault,2021-06-26 23:45:05,Applicable,Stigma,"Experienced, Internalized"
o8bnv6,sexualassault,2021-06-26 14:45:07,Applicable,Stigma,Internalized
o86bws,sexualassault,2021-06-26 9:02:29,Applicable,Stigma,"Experienced, Anticipated"
o86bws,sexualassault,2021-06-26 9:14:04,Applicable,Stigma,"Experienced, Anticipated"
o86bws,sexualassault,2021-06-26 17:28:05,Applicable,Stigma,"Experienced, Anticipated"
o86bws,sexualassault,2021-06-26 21:56:02,Applicable,Stigma,"Experienced, Anticipated"
o8635s,sexualassault,2021-06-26 9:17:18,Applicable,Stigma,"Internalized, Anticipated"
o85hvf,sexualassault,2021-06-26 7:33:22,Applicable,Stigma,Internalized
o83aqs,sexualassault,2021-06-26 6:34:21,Applicable,Stigma,"Experienced, Internalized, Anticipated"
o83aqs,sexualassault,2021-06-26 4:03:27,Applicable,Stigma,"Experienced, Internalized, Anticipated"
o80ixr,sexualassault,2021-06-26 3:07:34,Applicable,Stigma,Internalized
o80ixr,sexualassault,2021-06-26 3:13:52,Applicable,Stigma,Internalized
o7yynv,sexualassault,2025-04-30 3:55:36,Applicable,Stigma,Internalized
o7wnte,sexualassault,2021-06-25 23:32:47,Applicable,Stigma,"Experienced, Internalized, Anticipated"
o7wnte,sexualassault,2021-06-26 1:09:05,Applicable,Stigma,"Experienced, Internalized, Anticipated"
o7wg0j,sexualassault,2021-06-26 4:10:58,Applicable,Stigma,Internalized
o7sbo5,sexualassault,2021-06-25 17:35:18,Applicable,Stigma,"Internalized, Anticipated"
o7sbo5,sexualassault,2021-06-25 18:19:43,Applicable,Stigma,"Internalized, Anticipated"
o7sbo5,sexualassault,2021-06-25 23:20:05,Applicable,Stigma,"Internalized, Anticipated"
o7p4l9,sexualassault,2021-06-25 15:19:24,Applicable,Stigma,Internalized
o7iids,sexualassault,2021-06-25 17:58:12,Applicable,Stigma,"Experienced, Internalized, Anticipated"
o7i3pc,sexualassault,2021-06-27 12:50:24,Applicable,Stigma,Internalized
o7hh0a,sexualassault,2021-06-25 5:45:15,Applicable,Stigma,"Internalized, Anticipated"
o7b966,sexualassault,2021-06-24 23:57:05,Applicable,Stigma,
o72uuj,sexualassault,2021-06-24 18:26:00,Applicable,Stigma,Internalized
o711xd,sexualassault,2021-06-24 15:46:20,Applicable,Stigma,"Experienced, Internalized, Structural"
o70al1,sexualassault,2021-06-24 13:41:09,Applicable,Stigma,"Internalized, Anticipated"
o70al1,sexualassault,2021-06-25 8:51:15,Applicable,Stigma,"Internalized, Anticipated"
o6yw9t,sexualassault,2021-07-08 2:44:05,Applicable,Stigma,"Experienced, Internalized, Anticipated"
o6xldr,sexualassault,2021-06-24 10:02:55,Applicable,Stigma,"Experienced, Internalized, Anticipated"
o6sgvu,sexualassault,2021-06-24 3:20:12,Applicable,Stigma,"Anticipated, Structural"
o6pnk2,sexualassault,2021-06-24 1:47:56,Applicable,Stigma,Internalized
o6pnk2,sexualassault,2021-06-24 2:00:52,Applicable,Stigma,Internalized
o6pddy,sexualassault,2021-06-24 1:13:26,Applicable,Stigma,"Experienced, Internalized, Anticipated"
o6nyoi,sexualassault,2021-06-23 23:46:09,Applicable,Stigma,"Experienced, Internalized, Anticipated"
o6ljra,sexualassault,2021-06-23 21:48:43,Applicable,Stigma,Internalized
o6ljra,sexualassault,2021-06-23 23:14:39,Applicable,Stigma,Internalized
o6jdeq,sexualassault,2021-06-23 20:25:12,Applicable,Stigma,Internalized
o6cy04,sexualassault,2021-06-23 15:56:33,Applicable,Stigma,Internalized
o6cy04,sexualassault,2021-06-23 16:54:54,Applicable,Stigma,Internalized
o6cy04,sexualassault,2021-06-24 1:37:18,Applicable,Stigma,Internalized
o6bqsk,sexualassault,2021-06-23 18:12:09,Applicable,Stigma,"Internalized, Anticipated"
o6bqsk,sexualassault,2021-06-23 15:21:42,Applicable,Stigma,"Internalized, Anticipated"
o6bqsk,sexualassault,2021-06-23 17:32:34,Applicable,Stigma,"Internalized, Anticipated"
o69u80,sexualassault,2021-06-23 11:33:00,Applicable,Stigma,"Experienced, Internalized, Anticipated"
o69le0,sexualassault,2021-06-23 11:46:21,Applicable,Stigma,Internalized
o65vu2,sexualassault,2021-06-23 8:14:45,Applicable,Stigma,Structural
o65vu2,sexualassault,2021-06-23 8:27:42,Applicable,Stigma,Structural
o65vu2,sexualassault,2021-06-23 8:32:58,Applicable,Stigma,Structural
o63uw0,sexualassault,2021-06-23 6:18:58,Applicable,Stigma,"Experienced, Anticipated"
o5zyqp,sexualassault,2021-06-23 1:00:03,Applicable,Stigma,"Experienced, Internalized, Anticipated"
o5z01z,sexualassault,2021-06-23 16:15:32,Applicable,Stigma,Internalized
o5xg7b,sexualassault,2021-06-23 9:20:27,Applicable,Stigma,"Experienced, Internalized, Anticipated"
o5x5op,sexualassault,2021-06-22 21:26:02,Applicable,Stigma,"Experienced, Internalized"
o5ultw,sexualassault,2021-06-22 19:52:11,Applicable,Stigma,"Internalized, Anticipated"
o5ultw,sexualassault,2021-06-22 19:26:50,Applicable,Stigma,"Internalized, Anticipated"
o5ultw,sexualassault,2021-06-22 19:29:55,Applicable,Stigma,"Internalized, Anticipated"
o5ultw,sexualassault,2021-06-22 21:23:38,Applicable,Stigma,"Internalized, Anticipated"
o5snis,sexualassault,2021-06-23 6:31:30,Applicable,Stigma,"Experienced, Internalized, Anticipated, Structural"
o5rev1,sexualassault,2021-07-02 8:12:54,Applicable,Stigma,"Experienced, Anticipated, Structural"
o5nj77,sexualassault,2021-06-23 9:32:12,Applicable,Stigma,"Experienced, Internalized, Anticipated"
o5nj77,sexualassault,2021-06-22 14:07:15,Applicable,Stigma,"Experienced, Internalized, Anticipated"
o5lyuv,sexualassault,2021-06-23 0:24:23,Applicable,Stigma,"Experienced, Internalized, Anticipated"
o5gvja,sexualassault,2021-06-22 7:05:36,Applicable,Stigma,"Experienced, Internalized, Anticipated"
o5gvja,sexualassault,2021-06-22 11:52:47,Applicable,Stigma,"Experienced, Internalized, Anticipated"
o5gnvk,sexualassault,2021-06-22 17:44:28,Applicable,Stigma,Internalized
o5ci5r,sexualassault,2021-06-22 4:32:55,Applicable,Stigma,Internalized
o5bako,sexualassault,2021-06-22 1:48:29,Applicable,Stigma,"Experienced, Internalized, Anticipated, Structural"
o58s76,sexualassault,2021-06-22 0:55:13,Applicable,Stigma,Internalized
o58s76,sexualassault,2021-06-22 1:23:31,Applicable,Stigma,Internalized
o58s76,sexualassault,2021-06-22 1:33:35,Applicable,Stigma,Internalized
o58s76,sexualassault,2021-06-22 2:24:10,Applicable,Stigma,Internalized
o58s76,sexualassault,2021-06-22 2:25:08,Applicable,Stigma,Internalized
o58s76,sexualassault,2021-06-22 4:28:13,Applicable,Stigma,Internalized
o58s76,sexualassault,2021-06-22 5:55:48,Applicable,Stigma,Internalized
o58s76,sexualassault,2021-06-22 8:19:49,Applicable,Stigma,Internalized
o58s76,sexualassault,2021-06-22 19:02:59,Applicable,Stigma,Internalized
o56k0f,sexualassault,2021-06-21 22:05:48,Applicable,Stigma,
o56k0f,sexualassault,2021-06-21 23:23:39,Applicable,Stigma,
o54kcd,sexualassault,2021-06-24 0:43:07,Applicable,Stigma,"Internalized, Anticipated"
o4ofs3,sexualassault,2021-06-21 13:31:46,Applicable,Stigma,"Internalized, Anticipated"
o4ofs3,sexualassault,2021-06-21 10:54:46,Applicable,Stigma,"Internalized, Anticipated"
o4ocmz,sexualassault,2021-06-21 5:56:34,Applicable,Stigma,"Experienced, Internalized"
o4ocmz,sexualassault,2021-06-21 8:13:11,Applicable,Stigma,"Experienced, Internalized"
o4ocmz,sexualassault,2021-06-21 10:51:11,Applicable,Stigma,"Experienced, Internalized"
o4mk1x,sexualassault,2021-06-21 7:45:47,Applicable,Stigma,Structural
o4mk1x,sexualassault,2021-06-21 12:48:01,Applicable,Stigma,Structural
o4mk1x,sexualassault,2021-06-21 14:32:36,Applicable,Stigma,Structural
o4kvff,sexualassault,2021-06-21 3:40:13,Applicable,Stigma,
o4kvff,sexualassault,2021-06-21 11:01:26,Applicable,Stigma,
o4k1ax,sexualassault,2021-06-21 13:35:58,Applicable,Stigma,Internalized
o4dnod,sexualassault,2021-06-20 22:52:53,Applicable,Stigma,Internalized
o4dhnv,sexualassault,2021-06-21 13:37:34,Applicable,Stigma,Internalized
o4dhnv,sexualassault,2021-06-22 6:18:55,Applicable,Stigma,Internalized
o48n2g,sexualassault,2021-06-21 2:36:07,Applicable,Stigma,"Experienced, Internalized"
o48n2g,sexualassault,2021-06-21 3:34:21,Applicable,Stigma,"Experienced, Internalized"
o48n2g,sexualassault,2021-06-20 17:23:29,Applicable,Stigma,"Experienced, Internalized"
o47ia0,sexualassault,2021-06-22 7:38:29,Applicable,Stigma,Internalized
o46p9s,sexualassault,2021-06-20 14:19:38,Applicable,Stigma,"Experienced, Internalized"
o43xsz,sexualassault,2021-06-20 13:58:23,Applicable,Stigma,"Experienced, Internalized, Anticipated"
o40j0d,sexualassault,2021-06-20 8:10:26,Applicable,Stigma,Internalized
o40j0d,sexualassault,2021-06-20 11:37:54,Applicable,Stigma,Internalized
o4080c,sexualassault,2021-06-20 12:50:33,Applicable,Stigma,"Internalized, Anticipated"
o3uwvt,sexualassault,2021-06-20 7:55:16,Applicable,Stigma,Internalized
o3rdq6,sexualassault,2021-06-19 22:36:02,Applicable,Stigma,"Internalized, Anticipated, Structural"
o3qkuk,sexualassault,2021-06-20 0:53:54,Applicable,Stigma,"Experienced, Internalized, Anticipated"
o3qkuk,sexualassault,2021-06-20 4:07:48,Applicable,Stigma,"Experienced, Internalized, Anticipated"
o3qkuk,sexualassault,2021-06-20 15:24:28,Applicable,Stigma,"Experienced, Internalized, Anticipated"
o3ie4p,sexualassault,2021-06-19 15:48:28,Applicable,Stigma,"Experienced, Anticipated"
o3ie4p,sexualassault,2021-06-19 23:04:02,Applicable,Stigma,"Experienced, Anticipated"
o3d0j1,sexualassault,2021-06-19 15:32:22,Applicable,Stigma,Anticipated
o3cwrk,sexualassault,2021-06-19 15:50:00,Applicable,Stigma,"Experienced, Internalized, Anticipated"
o39gq8,sexualassault,2021-06-19 7:05:31,Applicable,Stigma,"Experienced, Internalized, Anticipated"
o39gq8,sexualassault,2021-06-19 6:38:10,Applicable,Stigma,"Experienced, Internalized, Anticipated"
o39gq8,sexualassault,2021-07-18 7:08:08,Applicable,Stigma,"Experienced, Internalized, Anticipated"
o37fse,sexualassault,2021-06-19 7:12:48,Applicable,Stigma,Anticipated
o37fse,sexualassault,2021-06-19 5:50:42,Applicable,Stigma,Anticipated
o37fse,sexualassault,2021-06-19 7:52:23,Applicable,Stigma,Anticipated
o37fse,sexualassault,2021-06-19 17:11:39,Applicable,Stigma,Anticipated
o37fse,sexualassault,2021-06-22 6:54:50,Applicable,Stigma,Anticipated
o2tvd1,sexualassault,2021-06-18 17:19:06,Applicable,Stigma,"Experienced, Internalized, Anticipated"
o2tlpe,sexualassault,2021-06-19 2:55:52,Applicable,Stigma,Internalized
o2t1jl,sexualassault,2021-06-18 20:38:53,Applicable,Stigma,"Experienced, Internalized"
o2sixr,sexualassault,2021-06-18 19:25:27,Applicable,Stigma,Internalized
o2h920,sexualassault,2021-06-18 15:04:01,Applicable,Stigma,Internalized
o2h920,sexualassault,2021-06-19 17:45:48,Applicable,Stigma,Internalized
o2h920,sexualassault,2021-06-18 20:58:59,Applicable,Stigma,Internalized
o2fiii,sexualassault,2021-06-18 3:47:54,Applicable,Stigma,"Experienced, Internalized"
o2fiii,sexualassault,2021-06-18 8:16:19,Applicable,Stigma,"Experienced, Internalized"
o2aloh,sexualassault,2021-06-18 0:49:21,Applicable,Stigma,"Anticipated, Structural"
o2aloh,sexualassault,2022-01-10 15:40:30,Applicable,Stigma,"Anticipated, Structural"
o2a8hv,sexualassault,2021-06-17 23:16:35,Applicable,Stigma,"Internalized, Anticipated"
o2a8hv,sexualassault,2021-06-18 0:59:06,Applicable,Stigma,"Internalized, Anticipated"
o2a8hv,sexualassault,2021-06-18 2:10:52,Applicable,Stigma,"Internalized, Anticipated"
o2a8hv,sexualassault,2021-06-18 2:40:31,Applicable,Stigma,"Internalized, Anticipated"
o27y7t,sexualassault,2021-06-17 23:12:17,Applicable,Stigma,"Internalized, Anticipated"
o27y7t,sexualassault,2021-06-17 22:46:03,Applicable,Stigma,"Internalized, Anticipated"
o27y7t,sexualassault,2021-06-17 23:54:18,Applicable,Stigma,"Internalized, Anticipated"
o27y7t,sexualassault,2021-06-18 0:48:54,Applicable,Stigma,"Internalized, Anticipated"
o27y7t,sexualassault,2021-06-18 4:23:21,Applicable,Stigma,"Internalized, Anticipated"
o27y7t,sexualassault,2021-06-18 2:22:26,Applicable,Stigma,"Internalized, Anticipated"
o27y7t,sexualassault,2021-06-18 3:37:54,Applicable,Stigma,"Internalized, Anticipated"
o27y7t,sexualassault,2021-06-18 3:09:59,Applicable,Stigma,"Internalized, Anticipated"
o27y7t,sexualassault,2021-06-18 17:10:31,Applicable,Stigma,"Internalized, Anticipated"
o27y7t,sexualassault,2021-06-18 20:02:28,Applicable,Stigma,"Internalized, Anticipated"
o265vp,sexualassault,2021-06-17 21:35:56,Applicable,Stigma,"Experienced, Internalized, Anticipated, Structural"
o25bdw,sexualassault,2021-06-17 21:41:35,Applicable,Stigma,"Experienced, Internalized, Anticipated"
o25bdw,sexualassault,2021-06-18 15:56:58,Applicable,Stigma,"Experienced, Internalized, Anticipated"
o1xqnw,sexualassault,2021-06-17 13:57:43,Applicable,Stigma,"Experienced, Internalized, Anticipated"
o1qi79,sexualassault,2021-06-17 12:24:25,Applicable,Stigma,"Experienced, Internalized, Anticipated"
o1qi79,sexualassault,2021-06-17 22:18:12,Applicable,Stigma,"Experienced, Internalized, Anticipated"
o1opys,sexualassault,2021-06-17 5:14:36,Applicable,Stigma,Experienced
o1opys,sexualassault,2021-06-17 5:15:12,Applicable,Stigma,Experienced
o1kscz,sexualassault,2021-06-17 1:18:57,Applicable,Stigma,"Experienced, Internalized, Anticipated, Structural"
o1krhv,sexualassault,2021-06-17 1:37:15,Applicable,Stigma,Internalized
o1htf9,sexualassault,2021-06-17 1:28:35,Applicable,Stigma,"Experienced, Internalized, Anticipated"
o1htf9,sexualassault,2021-06-16 23:34:43,Applicable,Stigma,"Experienced, Internalized, Anticipated"
o1dt8o,sexualassault,2021-06-17 0:51:18,Applicable,Stigma,"Experienced, Internalized, Anticipated"
o1dt8o,sexualassault,2021-06-16 21:30:35,Applicable,Stigma,"Experienced, Internalized, Anticipated"
o1dt8o,sexualassault,2021-06-17 5:00:37,Applicable,Stigma,"Experienced, Internalized, Anticipated"
o1dt8o,sexualassault,2021-06-16 21:02:59,Applicable,Stigma,"Experienced, Internalized, Anticipated"
o1dt8o,sexualassault,2021-06-16 22:33:25,Applicable,Stigma,"Experienced, Internalized, Anticipated"
o17t0u,sexualassault,2021-07-30 21:09:30,Applicable,Stigma,"Internalized, Anticipated"
o1631i,sexualassault,2021-06-16 16:16:10,Applicable,Stigma,Internalized
o145t2,sexualassault,2021-06-16 14:49:49,Applicable,Stigma,"Internalized, Anticipated"
o145t2,sexualassault,2021-06-16 15:29:30,Applicable,Stigma,"Internalized, Anticipated"
o0ubw7,sexualassault,2021-06-16 3:09:26,Applicable,Stigma,Anticipated
o0twt1,sexualassault,2021-06-16 2:42:38,Applicable,Stigma,
o0njwm,sexualassault,2021-06-15 20:53:21,Applicable,Stigma,
o0kmf4,sexualassault,2021-06-15 18:25:58,Applicable,Stigma,"Experienced, Internalized"
o0b9o8,sexualassault,2021-06-15 10:54:34,Applicable,Stigma,Anticipated
o0b9o8,sexualassault,2021-06-15 11:10:39,Applicable,Stigma,Anticipated
o0b9o8,sexualassault,2021-06-16 21:06:16,Applicable,Stigma,Anticipated
o08gv0,sexualassault,2021-06-16 17:09:38,Applicable,Stigma,Internalized
o064p3,sexualassault,2022-04-19 23:54:54,Applicable,Stigma,"Anticipated, Structural"
o04rwh,sexualassault,2021-06-15 5:30:38,Applicable,Stigma,Internalized
o04rwh,sexualassault,2021-06-15 8:02:45,Applicable,Stigma,Internalized
o04rwh,sexualassault,2021-06-15 10:07:52,Applicable,Stigma,Internalized
o04dqn,sexualassault,2021-06-15 3:36:02,Applicable,Stigma,"Internalized, Anticipated"
o04dqn,sexualassault,2021-06-15 8:23:01,Applicable,Stigma,"Internalized, Anticipated"
o04dqn,sexualassault,2021-06-15 11:28:17,Applicable,Stigma,"Internalized, Anticipated"
o04dqn,sexualassault,2021-06-15 7:17:26,Applicable,Stigma,"Internalized, Anticipated"
nzxy59,sexualassault,2021-06-15 5:54:56,Applicable,Stigma,
nzow94,sexualassault,2021-06-14 15:43:37,Applicable,Stigma,"Experienced, Anticipated"
nzow94,sexualassault,2021-06-15 9:36:49,Applicable,Stigma,"Experienced, Anticipated"
nzi2c9,sexualassault,2021-06-14 9:40:05,Applicable,Stigma,"Internalized, Anticipated"
nzi2c9,sexualassault,2021-06-14 13:08:43,Applicable,Stigma,"Internalized, Anticipated"
nzi2c9,sexualassault,2021-06-14 18:36:10,Applicable,Stigma,"Internalized, Anticipated"
nzfxws,sexualassault,2021-06-14 6:30:14,Applicable,Stigma,Internalized
nzekzt,sexualassault,2021-06-14 7:17:52,Applicable,Stigma,"Experienced, Internalized, Anticipated"
nzekzt,sexualassault,2021-06-14 14:08:58,Applicable,Stigma,"Experienced, Internalized, Anticipated"
nzekzt,sexualassault,2021-06-16 21:20:05,Applicable,Stigma,"Experienced, Internalized, Anticipated"
nzecvb,sexualassault,2021-06-16 21:21:19,Applicable,Stigma,
nzcoxe,sexualassault,2021-06-14 4:36:15,Applicable,Stigma,"Experienced, Internalized"
nzcoxe,sexualassault,2021-06-14 4:38:40,Applicable,Stigma,"Experienced, Internalized"
nzamuq,sexualassault,2021-06-14 1:19:07,Applicable,Stigma,"Experienced, Internalized, Anticipated, Structural"
nzamuq,sexualassault,2021-06-14 5:29:45,Applicable,Stigma,"Experienced, Internalized, Anticipated, Structural"
nz883l,sexualassault,2021-06-14 0:33:39,Applicable,Stigma,Internalized
nz6n0q,sexualassault,2021-06-13 23:01:35,Applicable,Stigma,Internalized
nytjz3,sexualassault,2021-06-13 11:47:28,Applicable,Stigma,Internalized
nytjz3,sexualassault,2021-06-17 1:02:36,Applicable,Stigma,Internalized
nyq72o,sexualassault,2021-06-13 6:58:05,Applicable,Stigma,"Internalized, Anticipated"
nyq72o,sexualassault,2021-06-13 7:02:33,Applicable,Stigma,"Internalized, Anticipated"
nyq72o,sexualassault,2021-06-17 11:15:00,Applicable,Stigma,"Internalized, Anticipated"
nyofbu,sexualassault,2021-06-13 11:56:24,Applicable,Stigma,
nyofbu,sexualassault,2021-06-14 6:46:25,Applicable,Stigma,
nylt8w,sexualassault,2021-06-13 2:16:22,Applicable,Stigma,"Experienced, Anticipated"
nylt8w,sexualassault,2021-06-13 2:45:53,Applicable,Stigma,"Experienced, Anticipated"
nylt8w,sexualassault,2021-06-13 12:45:31,Applicable,Stigma,"Experienced, Anticipated"
nyk1px,sexualassault,2021-06-13 1:09:02,Applicable,Stigma,"Internalized, Anticipated"
nyk1px,sexualassault,2021-06-13 11:43:18,Applicable,Stigma,"Internalized, Anticipated"
nyfrmz,sexualassault,2021-06-12 21:16:35,Applicable,Stigma,"Experienced, Internalized, Anticipated"
nyfrmz,sexualassault,2021-06-12 21:53:09,Applicable,Stigma,"Experienced, Internalized, Anticipated"
nyfrmz,sexualassault,2021-06-13 1:25:09,Applicable,Stigma,"Experienced, Internalized, Anticipated"
nyfrmz,sexualassault,2021-06-13 2:44:09,Applicable,Stigma,"Experienced, Internalized, Anticipated"
nyfrmz,sexualassault,2021-06-14 4:41:44,Applicable,Stigma,"Experienced, Internalized, Anticipated"
nyfrmz,sexualassault,2021-06-17 11:21:47,Applicable,Stigma,"Experienced, Internalized, Anticipated"
nyc6ec,sexualassault,2021-06-12 18:11:26,Applicable,Stigma,Internalized
nyc6ec,sexualassault,2021-06-12 18:40:03,Applicable,Stigma,Internalized
nyc6ec,sexualassault,2021-06-12 21:21:37,Applicable,Stigma,Internalized
nyb6en,sexualassault,2021-06-12 19:22:43,Applicable,Stigma,Internalized
nyaq6m,sexualassault,2021-06-16 18:19:16,Applicable,Stigma,"Experienced, Internalized, Anticipated"
nyajc0,sexualassault,2021-06-17 11:25:46,Applicable,Stigma,Internalized
ny1fsm,sexualassault,2021-06-12 7:56:14,Applicable,Stigma,"Experienced, Anticipated"
ny1fsm,sexualassault,2021-06-12 7:50:12,Applicable,Stigma,"Experienced, Anticipated"
nxytn2,sexualassault,2021-06-12 6:50:45,Applicable,Stigma,"Experienced, Internalized, Anticipated"
nxytn2,sexualassault,2021-06-12 6:48:40,Applicable,Stigma,"Experienced, Internalized, Anticipated"
nxytn2,sexualassault,2021-06-12 9:16:24,Applicable,Stigma,"Experienced, Internalized, Anticipated"
nxytn2,sexualassault,2021-06-12 14:09:36,Applicable,Stigma,"Experienced, Internalized, Anticipated"
nxytn2,sexualassault,2021-06-12 18:18:41,Applicable,Stigma,"Experienced, Internalized, Anticipated"
nxvyf7,sexualassault,2021-06-12 2:24:23,Applicable,Stigma,"Experienced, Internalized, Anticipated, Structural"
nxsbb1,sexualassault,2021-06-11 22:48:20,Applicable,Stigma,"Experienced, Anticipated"
nxogz3,sexualassault,2021-06-11 19:52:15,Applicable,Stigma,"Experienced, Structural"
nxng18,sexualassault,2021-06-11 22:34:16,Applicable,Stigma,"Experienced, Internalized"
nxmyoq,sexualassault,2021-06-11 19:48:33,Applicable,Stigma,"Experienced, Anticipated, Structural"
nxmyoq,sexualassault,2021-06-12 0:25:34,Applicable,Stigma,"Experienced, Anticipated, Structural"
nxjcjl,sexualassault,2021-06-11 22:46:01,Applicable,Stigma,"Experienced, Anticipated"
nxjcjl,sexualassault,2021-06-12 12:19:56,Applicable,Stigma,"Experienced, Anticipated"
nxf9ua,sexualassault,2021-06-11 15:15:34,Applicable,Stigma,"Experienced, Internalized, Anticipated, Structural"
nxf9ua,sexualassault,2021-06-11 14:21:05,Applicable,Stigma,"Experienced, Internalized, Anticipated, Structural"
nxcxf9,sexualassault,2021-06-16 18:25:46,Applicable,Stigma,
nxane1,sexualassault,2021-06-28 6:00:40,Applicable,Stigma,"Experienced, Internalized, Anticipated"
nxane1,sexualassault,2021-08-03 20:30:33,Applicable,Stigma,"Experienced, Internalized, Anticipated"
nx92i3,sexualassault,2021-06-11 9:03:49,Applicable,Stigma,Internalized
nx92i3,sexualassault,2021-06-13 5:05:41,Applicable,Stigma,Internalized
nx75hj,sexualassault,2021-06-11 12:55:09,Applicable,Stigma,"Experienced, Internalized"
nx3bns,sexualassault,2021-06-11 5:56:56,Applicable,Stigma,"Experienced, Internalized"
nwxs4s,sexualassault,2021-06-10 21:54:08,Applicable,Stigma,"Experienced, Internalized, Anticipated"
nwxs4s,sexualassault,2021-06-11 0:38:09,Applicable,Stigma,"Experienced, Internalized, Anticipated"
nwq9m2,sexualassault,2021-06-10 16:02:41,Applicable,Stigma,"Experienced, Internalized, Anticipated"
nwq9m2,sexualassault,2021-06-10 16:16:33,Applicable,Stigma,"Experienced, Internalized, Anticipated"
nwq9m2,sexualassault,2021-06-10 17:44:34,Applicable,Stigma,"Experienced, Internalized, Anticipated"
nwotyc,sexualassault,2021-06-10 14:37:07,Applicable,Stigma,
nwm4oy,sexualassault,2021-06-10 13:57:42,Applicable,Stigma,Internalized
nwm4oy,sexualassault,2021-06-10 14:01:06,Applicable,Stigma,Internalized
nwm4oy,sexualassault,2021-06-11 0:38:36,Applicable,Stigma,Internalized
nwe0p4,sexualassault,2021-06-10 5:15:50,Applicable,Stigma,"Internalized, Anticipated"
nwe0p4,sexualassault,2021-06-10 20:23:33,Applicable,Stigma,"Internalized, Anticipated"
nwdbqm,sexualassault,2021-06-10 3:03:27,Applicable,Stigma,"Experienced, Anticipated, Structural"
nw8s5d,sexualassault,2021-06-10 1:28:31,Applicable,Stigma,"Experienced, Anticipated"
nw8s5d,sexualassault,2021-06-09 23:18:14,Applicable,Stigma,"Experienced, Anticipated"
nw6lpc,sexualassault,2021-06-10 0:26:51,Applicable,Stigma,Internalized
nw6lpc,sexualassault,2021-06-10 2:40:10,Applicable,Stigma,Internalized
nvznti,sexualassault,2021-06-09 18:35:55,Applicable,Stigma,"Experienced, Internalized, Anticipated"
nvznti,sexualassault,2021-06-09 21:38:55,Applicable,Stigma,"Experienced, Internalized, Anticipated"
nvznti,sexualassault,2021-06-10 9:48:52,Applicable,Stigma,"Experienced, Internalized, Anticipated"
nvnvji,sexualassault,2021-06-09 5:20:05,Applicable,Stigma,Anticipated
nvn3j6,sexualassault,2021-06-09 5:11:35,Applicable,Stigma,Anticipated
nvhbvh,sexualassault,2021-06-08 23:41:19,Applicable,Stigma,Internalized
nvhbvh,sexualassault,2021-06-09 3:03:00,Applicable,Stigma,Internalized
nvhbvh,sexualassault,2021-06-09 3:39:22,Applicable,Stigma,Internalized
nvhbvh,sexualassault,2021-06-09 2:27:50,Applicable,Stigma,Internalized
nve75t,sexualassault,2021-06-08 22:07:19,Applicable,Stigma,"Internalized, Anticipated"
nv80qt,sexualassault,2021-06-08 20:08:52,Applicable,Stigma,Internalized
nuxffi,sexualassault,2021-06-08 8:58:05,Applicable,Stigma,Internalized
nuxffi,sexualassault,2021-06-08 9:47:01,Applicable,Stigma,Internalized
nuvp6h,sexualassault,2021-06-08 9:01:22,Applicable,Stigma,"Experienced, Internalized"
nuuype,sexualassault,2021-06-08 4:46:38,Applicable,Stigma,"Experienced, Internalized"
nuuype,sexualassault,2021-06-08 9:06:00,Applicable,Stigma,"Experienced, Internalized"
nuuype,sexualassault,2021-06-08 12:09:35,Applicable,Stigma,"Experienced, Internalized"
nutiud,sexualassault,2021-06-08 2:33:36,Applicable,Stigma,"Internalized, Anticipated"
nutdgz,sexualassault,2021-06-08 1:48:51,Applicable,Stigma,Internalized
nutdgz,sexualassault,2021-06-08 1:51:48,Applicable,Stigma,Internalized
nutdgz,sexualassault,2021-06-08 3:47:42,Applicable,Stigma,Internalized
nuoxu2,sexualassault,2021-06-07 23:54:36,Applicable,Stigma,"Experienced, Internalized, Anticipated"
nuoxu2,sexualassault,2021-06-08 3:31:27,Applicable,Stigma,"Experienced, Internalized, Anticipated"
nuoxu2,sexualassault,2021-06-08 9:07:23,Applicable,Stigma,"Experienced, Internalized, Anticipated"
nunm7i,sexualassault,2021-06-07 21:48:10,Applicable,Stigma,"Experienced, Anticipated"
nunm7i,sexualassault,2023-10-16 17:54:17,Applicable,Stigma,"Experienced, Anticipated"
nue0xv,sexualassault,2021-06-07 17:41:48,Applicable,Stigma,
nue0xv,sexualassault,2021-06-08 0:14:33,Applicable,Stigma,
nue0xv,sexualassault,2021-06-07 23:51:10,Applicable,Stigma,
nu6cyi,sexualassault,2021-06-07 11:15:31,Applicable,Stigma,"Experienced, Internalized"
nu4v48,sexualassault,2021-06-07 5:43:04,Applicable,Stigma,"Experienced, Internalized, Anticipated"
nu4v48,sexualassault,2021-06-09 5:33:19,Applicable,Stigma,"Experienced, Internalized, Anticipated"
nu33su,sexualassault,2021-06-08 11:21:57,Applicable,Stigma,"Internalized, Anticipated"
nu0ftv,sexualassault,2021-06-07 1:13:51,Applicable,Stigma,"Experienced, Internalized, Anticipated"
nu0ftv,sexualassault,2021-06-07 7:07:55,Applicable,Stigma,"Experienced, Internalized, Anticipated"
ntz39c,sexualassault,2021-06-07 3:26:48,Applicable,Stigma,Internalized
ntyrqd,sexualassault,2021-06-07 1:14:00,Applicable,Stigma,Anticipated
ntyrqd,sexualassault,2021-06-07 14:39:52,Applicable,Stigma,Anticipated
nty0oh,sexualassault,2021-06-06 23:02:58,Applicable,Stigma,Internalized
nty0oh,sexualassault,2021-06-06 23:33:59,Applicable,Stigma,Internalized
nty0oh,sexualassault,2021-06-06 23:32:05,Applicable,Stigma,Internalized
nty0oh,sexualassault,2021-06-06 23:46:48,Applicable,Stigma,Internalized
nty0oh,sexualassault,2021-06-07 16:25:20,Applicable,Stigma,Internalized
ntuvf8,sexualassault,2021-06-06 20:51:53,Applicable,Stigma,Anticipated
ntuvf8,sexualassault,2021-06-06 22:53:47,Applicable,Stigma,Anticipated
ntopnb,sexualassault,2021-06-06 17:21:07,Applicable,Stigma,Internalized
ntmah0,sexualassault,2021-06-06 23:45:31,Applicable,Stigma,
ntln3n,sexualassault,2021-06-06 14:16:22,Applicable,Stigma,"Experienced, Internalized"
ntln3n,sexualassault,2021-06-06 15:47:37,Applicable,Stigma,"Experienced, Internalized"
ntjncp,sexualassault,2021-06-06 11:53:53,Applicable,Stigma,"Experienced, Internalized"
nticsu,sexualassault,2021-06-06 14:33:28,Applicable,Stigma,Internalized
nti421,sexualassault,2021-06-06 11:57:40,Applicable,Stigma,"Internalized, Anticipated"
nti421,sexualassault,2021-06-06 12:41:24,Applicable,Stigma,"Internalized, Anticipated"
nti421,sexualassault,2021-06-07 13:11:02,Applicable,Stigma,"Internalized, Anticipated"
ntb8xk,sexualassault,2021-06-06 3:15:18,Applicable,Stigma,"Experienced, Internalized, Anticipated"
nt9bzq,sexualassault,2021-06-06 0:44:45,Applicable,Stigma,Internalized
nt6i9t,sexualassault,2021-06-05 23:32:38,Applicable,Stigma,"Internalized, Anticipated"
nt6i9t,sexualassault,2021-06-05 23:57:50,Applicable,Stigma,"Internalized, Anticipated"
nt44du,sexualassault,2021-06-05 21:49:03,Applicable,Stigma,"Experienced, Internalized, Anticipated"
nt0dgb,sexualassault,2021-06-05 18:44:04,Applicable,Stigma,"Experienced, Internalized, Anticipated"
nt0dgb,sexualassault,2021-06-06 0:50:27,Applicable,Stigma,"Experienced, Internalized, Anticipated"
nso8fu,sexualassault,2021-06-08 19:31:26,Applicable,Stigma,"Experienced, Internalized, Anticipated"
nsmh41,sexualassault,2021-06-05 11:20:54,Applicable,Stigma,Internalized
nsgz0r,sexualassault,2021-06-06 15:00:26,Applicable,Stigma,"Experienced, Internalized, Anticipated"
nsgm43,sexualassault,2021-06-04 21:57:21,Applicable,Stigma,"Experienced, Internalized"
nsgm43,sexualassault,2021-06-05 4:46:24,Applicable,Stigma,"Experienced, Internalized"
nsdm42,sexualassault,2021-06-05 15:57:37,Applicable,Stigma,"Experienced, Internalized"
ns5mqq,sexualassault,2021-06-06 15:15:01,Applicable,Stigma,"Internalized, Anticipated"
ns3t7m,sexualassault,2021-06-04 18:31:40,Applicable,Stigma,"Internalized, Structural"
ns3t7m,sexualassault,2021-06-04 22:17:15,Applicable,Stigma,"Internalized, Structural"
ns3t7m,sexualassault,2021-06-05 2:59:50,Applicable,Stigma,"Internalized, Structural"
ns0gar,sexualassault,2021-06-04 15:21:43,Applicable,Stigma,"Experienced, Internalized, Anticipated"
nryp9m,sexualassault,2021-06-04 10:09:10,Applicable,Stigma,"Experienced, Internalized"
nrxvqc,sexualassault,2021-06-05 3:18:30,Applicable,Stigma,"Experienced, Internalized"
nrxvqc,sexualassault,2021-06-15 1:08:36,Applicable,Stigma,"Experienced, Internalized"
nrtfk3,sexualassault,2021-06-04 6:14:41,Applicable,Stigma,Anticipated
nrsger,sexualassault,2021-06-05 0:09:31,Applicable,Stigma,Internalized
nrqxfd,sexualassault,2021-06-03 23:35:42,Applicable,Stigma,"Experienced, Internalized, Anticipated"
nrqxfd,sexualassault,2021-06-04 14:25:13,Applicable,Stigma,"Experienced, Internalized, Anticipated"
nrf3tu,sexualassault,2021-06-03 14:49:26,Applicable,Stigma,"Experienced, Anticipated"
nr9qbj,sexualassault,2021-06-03 14:17:20,Applicable,Stigma,"Experienced, Internalized, Anticipated"
nr9qbj,sexualassault,2021-06-03 16:44:25,Applicable,Stigma,"Experienced, Internalized, Anticipated"
nr86z7,sexualassault,2021-06-03 19:03:49,Applicable,Stigma,"Internalized, Anticipated"
nr6ynk,sexualassault,2021-06-03 19:11:37,Applicable,Stigma,Internalized
nr4o4m,sexualassault,2021-06-03 5:17:35,Applicable,Stigma,"Experienced, Internalized, Anticipated, Structural"
nr4o4m,sexualassault,2021-06-03 19:17:23,Applicable,Stigma,"Experienced, Internalized, Anticipated, Structural"
nr4fvn,sexualassault,2021-06-03 4:14:52,Applicable,Stigma,Internalized
nr3h9h,sexualassault,2021-06-03 7:31:37,Applicable,Stigma,Internalized
nr3h9h,sexualassault,2021-06-03 18:56:14,Applicable,Stigma,Internalized
nqzjrp,sexualassault,2021-06-03 0:15:16,Applicable,Stigma,"Experienced, Internalized, Anticipated"
nqq3b0,sexualassault,2021-06-02 17:31:15,Applicable,Stigma,"Experienced, Internalized, Anticipated"
nqq3b0,sexualassault,2021-06-03 0:27:37,Applicable,Stigma,"Experienced, Internalized, Anticipated"
nqo8su,sexualassault,2021-06-03 0:43:50,Applicable,Stigma,"Experienced, Internalized, Anticipated"
nqgfl3,sexualassault,2021-06-02 9:30:25,Applicable,Stigma,"Experienced, Internalized, Anticipated, Structural"
nqgfl3,sexualassault,2021-06-02 12:37:10,Applicable,Stigma,"Experienced, Internalized, Anticipated, Structural"
nqgfl3,sexualassault,2021-06-19 23:48:12,Applicable,Stigma,"Experienced, Internalized, Anticipated, Structural"
nqgfl3,sexualassault,2021-06-02 16:47:41,Applicable,Stigma,"Experienced, Internalized, Anticipated, Structural"
nq7qoj,sexualassault,2021-06-02 0:45:26,Applicable,Stigma,Internalized
nq7qoj,sexualassault,2021-06-02 9:16:57,Applicable,Stigma,Internalized
nq3c7o,sexualassault,2021-06-02 0:58:52,Applicable,Stigma,"Experienced, Internalized, Anticipated"
nq3c7o,sexualassault,2021-06-02 3:50:11,Applicable,Stigma,"Experienced, Internalized, Anticipated"
nq3c7o,sexualassault,2021-06-02 8:08:27,Applicable,Stigma,"Experienced, Internalized, Anticipated"
nq29cu,sexualassault,2021-06-03 1:28:04,Applicable,Stigma,Internalized
npzu8y,sexualassault,2021-06-02 8:22:14,Applicable,Stigma,"Experienced, Internalized, Anticipated"
npzo8k,sexualassault,2021-06-06 15:56:17,Applicable,Stigma,Internalized
npzeuz,sexualassault,2021-06-01 21:46:05,Applicable,Stigma,Anticipated
npz32x,sexualassault,2021-06-01 19:08:16,Applicable,Stigma,"Experienced, Anticipated"
npz32x,sexualassault,2021-06-01 17:47:55,Applicable,Stigma,"Experienced, Anticipated"
npz32x,sexualassault,2021-06-01 18:54:07,Applicable,Stigma,"Experienced, Anticipated"
npq78k,sexualassault,2021-06-06 16:03:12,Applicable,Stigma,Internalized
nplidu,sexualassault,2021-06-01 5:15:48,Applicable,Stigma,Internalized
npldix,sexualassault,2021-06-01 6:04:48,Applicable,Stigma,Internalized
npldix,sexualassault,2021-06-01 14:23:56,Applicable,Stigma,Internalized
npe0bf,sexualassault,2021-05-31 21:44:51,Applicable,Stigma,Internalized
np6gou,sexualassault,2021-05-31 17:11:19,Applicable,Stigma,Anticipated
np6gou,sexualassault,2021-05-31 21:04:17,Applicable,Stigma,Anticipated
np4m13,sexualassault,2021-05-31 16:32:17,Applicable,Stigma,"Experienced, Internalized, Anticipated"
notmw8,sexualassault,2021-05-31 16:08:42,Applicable,Stigma,"Experienced, Internalized, Anticipated"
nokdbs,sexualassault,2021-05-30 21:33:33,Applicable,Stigma,"Internalized, Anticipated"
nokdbs,sexualassault,2021-05-31 6:45:32,Applicable,Stigma,"Internalized, Anticipated"
nokdbs,sexualassault,2021-05-31 12:36:02,Applicable,Stigma,"Internalized, Anticipated"
nokdbs,sexualassault,2021-05-31 12:38:01,Applicable,Stigma,"Internalized, Anticipated"
nokdbs,sexualassault,2021-06-01 5:12:14,Applicable,Stigma,"Internalized, Anticipated"
nogvdx,sexualassault,2021-05-30 18:40:20,Applicable,Stigma,"Experienced, Internalized"
noev9x,sexualassault,2021-05-30 21:06:48,Applicable,Stigma,Internalized
noev9x,sexualassault,2021-05-30 17:36:37,Applicable,Stigma,Internalized
noeuse,sexualassault,2021-05-30 17:34:17,Applicable,Stigma,"Experienced, Anticipated"
no8vxu,sexualassault,2021-05-30 16:47:41,Applicable,Stigma,"Internalized, Anticipated"
nnvw3h,sexualassault,2021-05-29 20:57:33,Applicable,Stigma,Internalized
nnrnvk,sexualassault,2021-05-29 17:19:25,Applicable,Stigma,Internalized
nnrnvk,sexualassault,2021-05-29 23:21:17,Applicable,Stigma,Internalized
nnrnit,sexualassault,2021-05-30 1:53:15,Applicable,Stigma,"Experienced, Internalized, Anticipated"
nnlv8j,sexualassault,2021-05-29 20:21:04,Applicable,Stigma,Internalized
nnlv8j,sexualassault,2021-05-30 0:58:35,Applicable,Stigma,Internalized
nnlu48,sexualassault,2021-05-29 16:29:03,Applicable,Stigma,"Experienced, Anticipated, Structural"
nnlu48,sexualassault,2021-05-31 12:41:10,Applicable,Stigma,"Experienced, Anticipated, Structural"
nnhnrc,sexualassault,2021-05-29 7:44:17,Applicable,Stigma,Internalized
nngkqo,sexualassault,2021-05-29 8:00:28,Applicable,Stigma,"Internalized, Anticipated"
nngkqo,sexualassault,2021-05-29 14:51:56,Applicable,Stigma,"Internalized, Anticipated"
nnekgp,sexualassault,2021-05-29 3:39:27,Applicable,Stigma,Internalized
nndgc3,sexualassault,2021-05-29 3:03:33,Applicable,Stigma,"Experienced, Anticipated"
nnag1r,sexualassault,2021-05-29 0:08:29,Applicable,Stigma,Anticipated
nn4wwk,sexualassault,2021-05-28 21:07:22,Applicable,Stigma,"Internalized, Anticipated"
nn0xac,sexualassault,2021-05-28 16:04:55,Applicable,Stigma,"Experienced, Internalized, Anticipated"
nn0xac,sexualassault,2021-05-28 17:49:39,Applicable,Stigma,"Experienced, Internalized, Anticipated"
nn0xac,sexualassault,2021-05-28 15:57:06,Applicable,Stigma,"Experienced, Internalized, Anticipated"
nn0xac,sexualassault,2021-05-28 18:50:32,Applicable,Stigma,"Experienced, Internalized, Anticipated"
nn0xac,sexualassault,2021-05-28 20:22:42,Applicable,Stigma,"Experienced, Internalized, Anticipated"
nn0wc0,sexualassault,2021-05-28 18:57:04,Applicable,Stigma,"Experienced, Internalized, Anticipated"
nmq3v9,sexualassault,2021-05-28 7:12:07,Applicable,Stigma,Internalized
nmq3v9,sexualassault,2021-05-28 4:53:38,Applicable,Stigma,Internalized
nmq3v9,sexualassault,2021-05-28 6:01:50,Applicable,Stigma,Internalized
nmq3v9,sexualassault,2021-05-28 13:30:00,Applicable,Stigma,Internalized
nmq3v9,sexualassault,2021-05-28 13:39:03,Applicable,Stigma,Internalized
nmq3v9,sexualassault,2021-05-28 18:01:16,Applicable,Stigma,Internalized
nmq3v9,sexualassault,2021-05-28 18:02:17,Applicable,Stigma,Internalized
nmq3v9,sexualassault,2021-05-28 20:05:59,Applicable,Stigma,Internalized
nmnilu,sexualassault,2021-05-28 3:37:16,Applicable,Stigma,"Internalized, Anticipated"
nmlw9w,sexualassault,2021-05-28 1:53:39,Applicable,Stigma,"Anticipated, Structural"
nmkq7y,sexualassault,2021-05-28 12:37:47,Applicable,Stigma,"Experienced, Internalized"
nmkq7y,sexualassault,2021-05-30 17:00:58,Applicable,Stigma,"Experienced, Internalized"
nmk42d,sexualassault,2021-05-27 23:15:35,Applicable,Stigma,Internalized
nmk42d,sexualassault,2021-05-31 7:00:35,Applicable,Stigma,Internalized
nmgvs7,sexualassault,2021-05-27 21:55:41,Applicable,Stigma,"Internalized, Anticipated"
nmgvs7,sexualassault,2021-05-27 20:39:15,Applicable,Stigma,"Internalized, Anticipated"
nmac28,sexualassault,2021-05-27 16:29:07,Applicable,Stigma,"Experienced, Internalized, Anticipated, Structural"
nm9kqw,sexualassault,2021-05-27 15:21:30,Applicable,Stigma,"Experienced, Internalized, Anticipated"
nm9kqw,sexualassault,2021-05-27 22:10:56,Applicable,Stigma,"Experienced, Internalized, Anticipated"
nm6grh,sexualassault,2021-05-27 22:07:59,Applicable,Stigma,Internalized
nm35mv,sexualassault,2021-05-27 22:04:39,Applicable,Stigma,Internalized
nlxt6l,sexualassault,2021-05-27 22:13:31,Applicable,Stigma,"Internalized, Anticipated"
nlt39b,sexualassault,2021-05-27 8:32:53,Applicable,Stigma,"Internalized, Anticipated"
nlrn1e,sexualassault,2021-05-26 21:49:56,Applicable,Stigma,Experienced
nlrn1e,sexualassault,2021-05-26 21:20:07,Applicable,Stigma,Experienced
nlrn1e,sexualassault,2021-05-31 7:30:59,Applicable,Stigma,Experienced
nlrn1e,sexualassault,2021-05-27 3:57:13,Applicable,Stigma,Experienced
nlrn1e,sexualassault,2021-05-27 5:24:08,Applicable,Stigma,Experienced
nlraki,sexualassault,2021-05-26 22:14:05,Applicable,Stigma,"Internalized, Anticipated"
nlpgvm,sexualassault,2021-05-26 19:51:26,Applicable,Stigma,
nlpgvm,sexualassault,2021-05-26 21:16:12,Applicable,Stigma,
nlpgvm,sexualassault,2021-05-27 8:31:48,Applicable,Stigma,
nljbbc,sexualassault,2021-05-27 2:17:09,Applicable,Stigma,"Experienced, Internalized"
nle6ob,sexualassault,2021-05-26 11:23:22,Applicable,Stigma,"Internalized, Anticipated, Structural"
nl8tcf,sexualassault,2021-05-31 14:12:15,Applicable,Stigma,Experienced
nl4wgk,sexualassault,2021-05-26 2:19:47,Applicable,Stigma,"Experienced, Structural"
nl0vo0,sexualassault,2021-05-30 2:08:18,Applicable,Stigma,
nl0vo0,sexualassault,2021-05-26 4:52:45,Applicable,Stigma,
nkzzfu,sexualassault,2021-05-25 21:22:03,Applicable,Stigma,"Internalized, Anticipated"
nkzzfu,sexualassault,2021-05-25 22:12:28,Applicable,Stigma,"Internalized, Anticipated"
nkzzfu,sexualassault,2021-05-26 0:52:06,Applicable,Stigma,"Internalized, Anticipated"
nkzzfu,sexualassault,2021-05-26 2:57:02,Applicable,Stigma,"Internalized, Anticipated"
nkzzfu,sexualassault,2021-05-26 5:05:15,Applicable,Stigma,"Internalized, Anticipated"
nkuv89,sexualassault,2021-05-25 17:27:20,Applicable,Stigma,"Internalized, Anticipated"
nkq3by,sexualassault,2021-05-25 16:51:16,Applicable,Stigma,"Experienced, Anticipated, Structural"
nkl08z,sexualassault,2021-05-25 9:29:19,Applicable,Stigma,"Experienced, Anticipated"
nkkxsv,sexualassault,2021-05-25 10:55:01,Applicable,Stigma,"Experienced, Internalized, Anticipated"
nkjxje,sexualassault,2021-05-25 14:16:02,Applicable,Stigma,"Experienced, Internalized, Anticipated"
nkfbxj,sexualassault,2021-05-25 13:27:17,Applicable,Stigma,"Experienced, Anticipated, Structural"
nkej79,sexualassault,2021-05-25 2:08:54,Applicable,Stigma,Internalized
nkdgp1,sexualassault,2021-05-25 1:35:03,Applicable,Stigma,Internalized
nk72qb,sexualassault,2021-05-25 0:17:06,Applicable,Stigma,"Experienced, Anticipated"
nk5986,sexualassault,2021-05-24 21:21:20,Applicable,Stigma,Internalized
nk288w,sexualassault,2021-05-24 17:02:56,Applicable,Stigma,
njw6rq,sexualassault,2021-05-24 13:00:39,Applicable,Stigma,Anticipated
njw6rq,sexualassault,2021-05-24 14:17:43,Applicable,Stigma,Anticipated
njnlq6,sexualassault,2021-05-24 2:43:03,Applicable,Stigma,Anticipated
njn84a,sexualassault,2021-05-24 4:37:31,Applicable,Stigma,Internalized
njl7tp,sexualassault,2021-05-24 6:00:00,Applicable,Stigma,"Internalized, Anticipated"
njl7tp,sexualassault,2021-05-25 3:05:49,Applicable,Stigma,"Internalized, Anticipated"
njl2is,sexualassault,2021-05-24 0:30:08,Applicable,Stigma,Experienced
njf4p7,sexualassault,2021-05-23 20:27:39,Applicable,Stigma,"Experienced, Internalized, Anticipated"
njf05f,sexualassault,2021-05-23 21:01:44,Applicable,Stigma,"Experienced, Internalized, Anticipated"
njf05f,sexualassault,2021-05-23 22:05:31,Applicable,Stigma,"Experienced, Internalized, Anticipated"
njf05f,sexualassault,2023-02-20 11:01:00,Applicable,Stigma,"Experienced, Internalized, Anticipated"
njdm1g,sexualassault,2021-05-23 18:59:29,Applicable,Stigma,Experienced
njaaf3,sexualassault,2021-05-23 20:30:40,Applicable,Stigma,Internalized
nj802g,sexualassault,2021-05-23 19:02:46,Applicable,Stigma,"Experienced, Internalized, Anticipated"
nj4rqn,sexualassault,2021-05-23 11:29:15,Applicable,Stigma,Internalized
nj4rqn,sexualassault,2021-05-23 11:08:13,Applicable,Stigma,Internalized
nj4rqn,sexualassault,2021-05-23 12:59:41,Applicable,Stigma,Internalized
nj4rqn,sexualassault,2021-05-23 14:12:27,Applicable,Stigma,Internalized
nj4rqn,sexualassault,2021-05-23 14:46:09,Applicable,Stigma,Internalized
nj4rqn,sexualassault,2021-05-23 15:07:02,Applicable,Stigma,Internalized
nj4rqn,sexualassault,2021-05-23 20:41:41,Applicable,Stigma,Internalized
nj4rqn,sexualassault,2021-05-23 16:24:02,Applicable,Stigma,Internalized
nj4rqn,sexualassault,2021-06-11 4:22:02,Applicable,Stigma,Internalized
nj4rqn,sexualassault,2021-07-14 23:12:26,Applicable,Stigma,Internalized
nj4rqn,sexualassault,2022-07-26 22:37:19,Applicable,Stigma,Internalized
nj0qci,sexualassault,2021-05-31 14:50:22,Applicable,Stigma,"Experienced, Internalized, Anticipated"
nizf83,sexualassault,2021-05-23 20:35:21,Applicable,Stigma,Internalized
nivl0j,sexualassault,2021-05-23 4:45:08,Applicable,Stigma,"Experienced, Internalized"
nivl0j,sexualassault,2021-05-23 3:49:16,Applicable,Stigma,"Experienced, Internalized"
nij03s,sexualassault,2021-05-22 14:07:11,Applicable,Stigma,Internalized
nij03s,sexualassault,2021-05-22 15:34:02,Applicable,Stigma,Internalized
nidhtl,sexualassault,2021-05-22 8:33:21,Applicable,Stigma,"Experienced, Anticipated, Structural"
nid0em,sexualassault,2021-05-22 7:33:12,Applicable,Stigma,"Experienced, Internalized, Anticipated"
nid0em,sexualassault,2021-05-22 10:45:59,Applicable,Stigma,"Experienced, Internalized, Anticipated"
nid0em,sexualassault,2021-05-22 11:47:17,Applicable,Stigma,"Experienced, Internalized, Anticipated"
nid0em,sexualassault,2021-05-22 14:11:36,Applicable,Stigma,"Experienced, Internalized, Anticipated"
ni9iag,sexualassault,2021-05-22 7:42:48,Applicable,Stigma,Internalized
ni9iag,sexualassault,2021-05-22 18:55:16,Applicable,Stigma,Internalized
ni0om4,sexualassault,2021-05-22 5:45:10,Applicable,Stigma,"Internalized, Anticipated"
nhz5qr,sexualassault,2021-05-21 20:53:27,Applicable,Stigma,Experienced
nhz5qr,sexualassault,2021-05-22 6:41:18,Applicable,Stigma,Experienced
nhutyf,sexualassault,2021-05-22 2:24:49,Applicable,Stigma,"Experienced, Internalized"
nhsee7,sexualassault,2021-05-21 18:52:15,Applicable,Stigma,"Experienced, Internalized, Anticipated"
nhsee7,sexualassault,2021-05-22 2:32:06,Applicable,Stigma,"Experienced, Internalized, Anticipated"
nhl4ke,sexualassault,2021-05-21 7:03:31,Applicable,Stigma,"Internalized, Structural"
nhl4ke,sexualassault,2021-05-21 10:44:50,Applicable,Stigma,"Internalized, Structural"
nhgr67,sexualassault,2021-05-21 2:41:40,Applicable,Stigma,Internalized
nhdz2o,sexualassault,2021-05-22 7:14:45,Applicable,Stigma,Internalized
nhdvls,sexualassault,2021-05-21 3:35:23,Applicable,Stigma,Experienced
nha5lc,sexualassault,2021-05-20 22:10:05,Applicable,Stigma,Internalized
nha5lc,sexualassault,2021-05-20 22:23:29,Applicable,Stigma,Internalized
nha5lc,sexualassault,2021-05-20 22:29:38,Applicable,Stigma,Internalized
nha5lc,sexualassault,2021-05-21 1:12:47,Applicable,Stigma,Internalized
nh4j95,sexualassault,2021-05-20 16:41:00,Applicable,Stigma,Internalized
nh4j95,sexualassault,2021-05-20 21:39:27,Applicable,Stigma,Internalized
ngtwvw,sexualassault,2021-05-20 9:28:08,Applicable,Stigma,Internalized
ngsjws,sexualassault,2021-05-20 6:46:43,Applicable,Stigma,
ngrite,sexualassault,2021-05-20 16:25:02,Applicable,Stigma,"Experienced, Internalized, Anticipated"
ngoysk,sexualassault,2021-05-20 6:16:56,Applicable,Stigma,Anticipated
ngka38,sexualassault,2021-05-19 23:46:19,Applicable,Stigma,Anticipated
ngka38,sexualassault,2021-05-20 1:48:45,Applicable,Stigma,Anticipated
ngka38,sexualassault,2021-05-20 3:44:59,Applicable,Stigma,Anticipated
ngka38,sexualassault,2021-05-20 4:07:46,Applicable,Stigma,Anticipated
nghx0t,sexualassault,2021-05-20 2:07:49,Applicable,Stigma,"Experienced, Internalized, Anticipated"
nged2x,sexualassault,2021-05-20 2:12:29,Applicable,Stigma,"Experienced, Anticipated"
ngafxr,sexualassault,2021-05-19 18:27:30,Applicable,Stigma,"Experienced, Internalized, Anticipated"
ng8guc,sexualassault,2021-06-04 22:34:09,Applicable,Stigma,Structural
ng1aej,sexualassault,2021-05-19 12:17:54,Applicable,Stigma,"Experienced, Internalized"
nfvgyp,sexualassault,2021-05-19 6:25:44,Applicable,Stigma,
nfvgyp,sexualassault,2021-05-19 7:59:15,Applicable,Stigma,
nfuvz8,sexualassault,2021-05-19 6:34:51,Applicable,Stigma,"Experienced, Internalized, Anticipated"
nfjxiw,sexualassault,2021-05-18 20:06:42,Applicable,Stigma,"Internalized, Anticipated"
nfj4c4,sexualassault,2021-05-18 19:59:06,Applicable,Stigma,Internalized
nfj4c4,sexualassault,2021-05-19 6:54:21,Applicable,Stigma,Internalized
nfiha3,sexualassault,2021-05-18 19:01:33,Applicable,Stigma,Internalized
nfiha3,sexualassault,2021-05-19 0:31:35,Applicable,Stigma,Internalized
nffov2,sexualassault,2021-05-18 16:50:19,Applicable,Stigma,"Experienced, Internalized"
nffov2,sexualassault,2021-05-18 20:12:06,Applicable,Stigma,"Experienced, Internalized"
nffov2,sexualassault,2021-05-18 20:41:05,Applicable,Stigma,"Experienced, Internalized"
nfewcc,sexualassault,2021-06-28 16:18:34,Applicable,Stigma,"Internalized, Anticipated"
nf3q8h,sexualassault,2021-05-18 12:08:25,Applicable,Stigma,
nf3q8h,sexualassault,2021-05-18 14:30:08,Applicable,Stigma,
nf3q8h,sexualassault,2021-05-19 4:13:41,Applicable,Stigma,
nf0del,sexualassault,2021-05-19 19:30:09,Applicable,Stigma,"Internalized, Anticipated"
nezk6g,sexualassault,2021-05-18 7:03:57,Applicable,Stigma,Internalized
nezhb8,sexualassault,2021-05-18 3:48:51,Applicable,Stigma,
neyab6,sexualassault,2021-05-18 2:04:27,Applicable,Stigma,Internalized
neyab6,sexualassault,2021-05-18 2:16:00,Applicable,Stigma,Internalized
ney8c3,sexualassault,2021-05-18 5:57:29,Applicable,Stigma,"Experienced, Internalized, Anticipated, Structural"
netllp,sexualassault,2021-05-18 2:19:38,Applicable,Stigma,"Internalized, Anticipated"
neqsmo,sexualassault,2021-05-17 20:42:53,Applicable,Stigma,Internalized
neqk1a,sexualassault,2021-05-17 21:42:22,Applicable,Stigma,"Experienced, Internalized"
neih6v,sexualassault,2021-05-17 17:21:27,Applicable,Stigma,Internalized
nei94n,sexualassault,2021-05-17 15:15:50,Applicable,Stigma,Internalized
nei94n,sexualassault,2021-05-17 16:35:13,Applicable,Stigma,Internalized
nei94n,sexualassault,2021-05-18 17:06:56,Applicable,Stigma,Internalized
nehpfp,sexualassault,2021-05-17 14:42:56,Applicable,Stigma,"Experienced, Anticipated"
nehpfp,sexualassault,2021-05-18 3:32:58,Applicable,Stigma,"Experienced, Anticipated"
nehpfp,sexualassault,2021-05-17 20:27:29,Applicable,Stigma,"Experienced, Anticipated"
negijg,sexualassault,2021-05-17 17:34:57,Applicable,Stigma,"Experienced, Anticipated"
neflrl,sexualassault,2021-05-17 18:59:26,Applicable,Stigma,"Experienced, Internalized, Anticipated"
nea6e5,sexualassault,2021-05-17 10:09:31,Applicable,Stigma,Internalized
ne6kgh,sexualassault,2021-05-17 8:25:11,Applicable,Stigma,"Experienced, Internalized, Anticipated"
ne0ztp,sexualassault,2021-05-17 14:03:52,Applicable,Stigma,"Experienced, Internalized"
ne0ztp,sexualassault,2021-06-03 19:18:34,Applicable,Stigma,"Experienced, Internalized"
ne0xo1,sexualassault,2021-05-17 13:52:07,Applicable,Stigma,"Experienced, Anticipated"
ne0xo1,sexualassault,2021-05-17 21:22:53,Applicable,Stigma,"Experienced, Anticipated"
ne02yv,sexualassault,2021-05-16 22:56:24,Applicable,Stigma,"Experienced, Internalized"
ne02yv,sexualassault,2021-05-17 0:51:09,Applicable,Stigma,"Experienced, Internalized"
ndz74q,sexualassault,2021-05-17 21:28:14,Applicable,Stigma,Internalized
ndz74q,sexualassault,2021-05-17 13:53:04,Applicable,Stigma,Internalized
ndyqiw,sexualassault,2021-05-16 22:27:29,Applicable,Stigma,Internalized
ndq2df,sexualassault,2021-05-16 15:34:19,Applicable,Stigma,Internalized
ndew40,sexualassault,2021-05-16 4:30:46,Applicable,Stigma,Experienced
ndew40,sexualassault,2021-05-16 12:38:21,Applicable,Stigma,Experienced
nd3dnd,sexualassault,2021-05-15 21:03:41,Applicable,Stigma,Internalized
nd2yio,sexualassault,2021-05-15 17:20:21,Applicable,Stigma,"Experienced, Internalized, Anticipated, Structural"
nd2yio,sexualassault,2021-05-15 19:38:56,Applicable,Stigma,"Experienced, Internalized, Anticipated, Structural"
nd2yio,sexualassault,2021-05-15 18:36:02,Applicable,Stigma,"Experienced, Internalized, Anticipated, Structural"
nd2yio,sexualassault,2021-05-15 18:09:21,Applicable,Stigma,"Experienced, Internalized, Anticipated, Structural"
ncmchw,sexualassault,2021-05-15 0:47:52,Applicable,Stigma,"Experienced, Internalized"
ncis4b,sexualassault,2021-05-15 3:02:31,Applicable,Stigma,Internalized
nci68u,sexualassault,2021-05-14 23:10:41,Applicable,Stigma,
nci68u,sexualassault,2021-05-14 23:28:22,Applicable,Stigma,
nci68u,sexualassault,2021-05-15 5:54:19,Applicable,Stigma,
ncd7df,sexualassault,2021-05-15 3:33:48,Applicable,Stigma,"Experienced, Anticipated"
ncb3or,sexualassault,2021-05-14 15:52:53,Applicable,Stigma,Internalized
nc3syo,sexualassault,2021-05-14 8:49:20,Applicable,Stigma,Experienced
nc3syo,sexualassault,2021-05-14 15:48:31,Applicable,Stigma,Experienced
nc2sgt,sexualassault,2021-05-14 8:29:15,Applicable,Stigma,"Internalized, Anticipated"
nbzkj7,sexualassault,2021-05-14 4:21:48,Applicable,Stigma,
nbzkj7,sexualassault,2021-05-14 16:29:10,Applicable,Stigma,
nbzkj7,sexualassault,2021-05-14 18:22:44,Applicable,Stigma,
nbzkj7,sexualassault,2021-05-15 2:11:24,Applicable,Stigma,
nbyaww,sexualassault,2021-05-14 6:41:54,Applicable,Stigma,"Experienced, Internalized, Anticipated"
nbyaww,sexualassault,2021-05-15 1:25:21,Applicable,Stigma,"Experienced, Internalized, Anticipated"
nbu1h1,sexualassault,2021-05-14 4:49:35,Applicable,Stigma,
nbsq3j,sexualassault,2021-05-13 22:35:00,Applicable,Stigma,Experienced
nbsq3j,sexualassault,2021-05-14 10:12:02,Applicable,Stigma,Experienced
nbsq3j,sexualassault,2021-05-14 16:23:31,Applicable,Stigma,Experienced
nbsq3j,sexualassault,2021-05-14 4:59:57,Applicable,Stigma,Experienced
nbm29f,sexualassault,2021-05-13 19:43:31,Applicable,Stigma,Internalized
nbm29f,sexualassault,2021-05-13 19:32:44,Applicable,Stigma,Internalized
nbl490,sexualassault,2021-05-13 18:56:15,Applicable,Stigma,"Experienced, Internalized, Anticipated"
nbl490,sexualassault,2021-05-13 17:53:03,Applicable,Stigma,"Experienced, Internalized, Anticipated"
nbl490,sexualassault,2021-05-13 21:31:55,Applicable,Stigma,"Experienced, Internalized, Anticipated"
nbl490,sexualassault,2021-05-13 18:17:08,Applicable,Stigma,"Experienced, Internalized, Anticipated"
nbf2e5,sexualassault,2021-05-13 14:47:37,Applicable,Stigma,"Experienced, Anticipated, Structural"
nbdjyy,sexualassault,2021-05-13 10:56:28,Applicable,Stigma,Internalized
nbdjyy,sexualassault,2021-05-13 14:08:07,Applicable,Stigma,Internalized
nbb9rr,sexualassault,2021-05-13 9:05:56,Applicable,Stigma,
nb4xjn,sexualassault,2021-05-13 7:07:56,Applicable,Stigma,Internalized
nb4xjn,sexualassault,2021-05-14 8:42:14,Applicable,Stigma,Internalized
nb4129,sexualassault,2021-05-13 11:50:21,Applicable,Stigma,"Experienced, Internalized"
nakrw3,sexualassault,2021-05-12 12:43:23,Applicable,Stigma,Internalized
nakrw3,sexualassault,2021-05-12 19:05:03,Applicable,Stigma,Internalized
najuom,sexualassault,2021-05-12 8:57:45,Applicable,Stigma,
nafzmz,sexualassault,2021-05-12 5:25:00,Applicable,Stigma,"Experienced, Internalized, Anticipated"
nafzmz,sexualassault,2021-05-13 3:20:18,Applicable,Stigma,"Experienced, Internalized, Anticipated"
naeftp,sexualassault,2021-05-12 9:45:27,Applicable,Stigma,"Internalized, Structural"
naeftp,sexualassault,2021-05-12 3:14:51,Applicable,Stigma,"Internalized, Structural"
nacmg1,sexualassault,2021-05-12 1:30:40,Applicable,Stigma,Internalized
naaw0h,sexualassault,2021-05-12 0:24:07,Applicable,Stigma,Internalized
naaw0h,sexualassault,2021-05-12 9:09:03,Applicable,Stigma,Internalized
naaw0h,sexualassault,2021-05-12 10:26:39,Applicable,Stigma,Internalized
na84l2,sexualassault,2021-05-11 22:16:14,Applicable,Stigma,"Experienced, Anticipated, Structural"
na7ndr,sexualassault,2021-05-11 22:26:33,Applicable,Stigma,Experienced
na7m0m,sexualassault,2021-05-11 22:27:13,Applicable,Stigma,Internalized
na7m0m,sexualassault,2021-05-11 22:27:50,Applicable,Stigma,Internalized
na5od9,sexualassault,2021-05-12 5:49:19,Applicable,Stigma,"Experienced, Internalized"
na5od9,sexualassault,2021-05-12 10:35:48,Applicable,Stigma,"Experienced, Internalized"
n9yq32,sexualassault,2021-05-11 15:27:24,Applicable,Stigma,"Experienced, Internalized, Anticipated"
n9xe80,sexualassault,2021-05-11 14:03:25,Applicable,Stigma,Internalized
n9ow8y,sexualassault,2021-05-11 10:32:42,Applicable,Stigma,"Experienced, Internalized, Anticipated"
n9l6nu,sexualassault,2021-05-11 1:11:18,Applicable,Stigma,"Experienced, Internalized"
n9ixcl,sexualassault,2021-05-11 2:46:37,Applicable,Stigma,"Experienced, Internalized"
n9fkt9,sexualassault,2021-05-10 23:14:10,Applicable,Stigma,Internalized
n9fkt9,sexualassault,2021-05-10 21:51:39,Applicable,Stigma,Internalized
n9fkt9,sexualassault,2021-05-11 0:38:23,Applicable,Stigma,Internalized
n9fkt9,sexualassault,2021-05-11 0:48:06,Applicable,Stigma,Internalized
n9dyqo,sexualassault,2021-05-10 21:19:07,Applicable,Stigma,"Experienced, Internalized"
n9dvvs,sexualassault,2021-05-12 2:58:07,Applicable,Stigma,"Internalized, Anticipated"
n9caam,sexualassault,2021-05-10 21:14:13,Applicable,Stigma,"Experienced, Structural"
n9bu4k,sexualassault,2021-05-10 20:45:46,Applicable,Stigma,"Experienced, Anticipated"
n9bu4k,sexualassault,2021-10-06 13:13:08,Applicable,Stigma,"Experienced, Anticipated"
n9bu4k,sexualassault,2021-05-11 2:08:06,Applicable,Stigma,"Experienced, Anticipated"
n93bco,sexualassault,2021-05-10 16:52:37,Applicable,Stigma,
n93bco,sexualassault,2021-05-10 17:59:32,Applicable,Stigma,
n8zwt5,sexualassault,2021-05-10 17:56:40,Applicable,Stigma,Internalized
n8w3mm,sexualassault,2021-05-10 4:42:09,Applicable,Stigma,"Experienced, Internalized, Anticipated, Structural"
n8w3mm,sexualassault,2021-05-10 18:13:29,Applicable,Stigma,"Experienced, Internalized, Anticipated, Structural"
n8v7mt,sexualassault,2021-05-10 18:33:21,Applicable,Stigma,Internalized
n8uoq0,sexualassault,2021-05-10 18:19:43,Applicable,Stigma,"Experienced, Internalized, Anticipated, Structural"
n8tc5i,sexualassault,2021-05-10 18:42:24,Applicable,Stigma,"Internalized, Anticipated"
n8svvf,sexualassault,2021-05-10 18:28:42,Applicable,Stigma,"Experienced, Internalized, Anticipated"
n8rqx2,sexualassault,2021-05-10 0:59:12,Applicable,Stigma,"Internalized, Anticipated"
n8rf7k,sexualassault,2021-05-10 1:50:28,Applicable,Stigma,Internalized
n8rf7k,sexualassault,2021-05-10 0:25:18,Applicable,Stigma,Internalized
n8qlg4,sexualassault,2021-05-10 2:43:34,Applicable,Stigma,"Experienced, Internalized"
n8ngt4,sexualassault,2021-05-10 18:35:23,Applicable,Stigma,Internalized
n8mhrb,sexualassault,2021-05-09 20:55:12,Applicable,Stigma,"Experienced, Anticipated"
n8mhrb,sexualassault,2021-05-09 21:11:36,Applicable,Stigma,"Experienced, Anticipated"
n8mhrb,sexualassault,2021-05-10 18:44:19,Applicable,Stigma,"Experienced, Anticipated"
n8av2r,sexualassault,2021-05-09 10:19:51,Applicable,Stigma,"Experienced, Internalized"
n8av2r,sexualassault,2021-05-09 15:09:31,Applicable,Stigma,"Experienced, Internalized"
n8av2r,sexualassault,2021-05-09 21:00:05,Applicable,Stigma,"Experienced, Internalized"
n89ben,sexualassault,2021-05-09 15:14:38,Applicable,Stigma,"Experienced, Internalized"
n89ben,sexualassault,2021-05-09 19:59:03,Applicable,Stigma,"Experienced, Internalized"
n89ben,sexualassault,2021-05-09 15:24:28,Applicable,Stigma,"Experienced, Internalized"
n8354v,sexualassault,2021-05-09 1:47:31,Applicable,Stigma,Internalized
n8354v,sexualassault,2021-05-10 20:09:14,Applicable,Stigma,Internalized
n7zcap,sexualassault,2021-05-09 0:07:27,Applicable,Stigma,Internalized
n7zcap,sexualassault,2021-05-09 7:03:02,Applicable,Stigma,Internalized
n7w1pn,sexualassault,2021-05-08 21:32:08,Applicable,Stigma,"Experienced, Internalized, Anticipated"
n7vysz,sexualassault,2021-05-09 21:00:09,Applicable,Stigma,"Experienced, Anticipated"
n7vysz,sexualassault,2021-05-10 20:20:19,Applicable,Stigma,"Experienced, Anticipated"
n7vdsy,sexualassault,2021-05-09 3:51:01,Applicable,Stigma,"Internalized, Anticipated"
n7snqu,sexualassault,2021-05-08 17:32:58,Applicable,Stigma,Internalized
n7snqu,sexualassault,2021-05-08 20:33:48,Applicable,Stigma,Internalized
n7snqu,sexualassault,2021-05-08 18:38:03,Applicable,Stigma,Internalized
n7smex,sexualassault,2021-05-09 3:58:43,Applicable,Stigma,"Experienced, Anticipated"
n7smex,sexualassault,2021-05-08 17:04:06,Applicable,Stigma,"Experienced, Anticipated"
n7smex,sexualassault,2021-05-08 16:19:09,Applicable,Stigma,"Experienced, Anticipated"
n7kwbd,sexualassault,2021-05-08 16:52:48,Applicable,Stigma,Internalized
n732ag,sexualassault,2021-05-08 4:30:45,Applicable,Stigma,"Internalized, Anticipated"
n732ag,sexualassault,2021-05-11 15:53:36,Applicable,Stigma,"Internalized, Anticipated"
n6t4kg,sexualassault,2021-05-07 9:14:08,Applicable,Stigma,"Internalized, Anticipated"
n6so08,sexualassault,2021-05-07 9:02:53,Applicable,Stigma,"Experienced, Internalized, Anticipated, Structural"
n6p0sg,sexualassault,2021-05-07 5:24:50,Applicable,Stigma,"Experienced, Internalized, Anticipated"
n6p0sg,sexualassault,2021-05-07 7:11:56,Applicable,Stigma,"Experienced, Internalized, Anticipated"
n6owvl,sexualassault,2021-05-07 9:48:27,Applicable,Stigma,"Experienced, Anticipated, Structural"
n6nqgv,sexualassault,2021-05-07 4:01:47,Applicable,Stigma,Anticipated
n6mtvs,sexualassault,2021-05-07 14:30:50,Applicable,Stigma,Internalized
n6mtvs,sexualassault,2021-05-07 14:48:12,Applicable,Stigma,Internalized
n6iost,sexualassault,2021-05-10 0:38:51,Applicable,Stigma,"Experienced, Anticipated, Structural"
n6gc85,sexualassault,2021-05-10 20:30:24,Applicable,Stigma,
n6dkbl,sexualassault,2021-05-06 18:51:58,Applicable,Stigma,Anticipated
n6dkbl,sexualassault,2021-05-07 14:26:56,Applicable,Stigma,Anticipated
n6dkbl,sexualassault,2021-06-04 22:28:15,Applicable,Stigma,Anticipated
n6bqls,sexualassault,2021-05-06 16:48:56,Applicable,Stigma,"Experienced, Internalized, Anticipated"
n68bb4,sexualassault,2021-05-06 15:26:26,Applicable,Stigma,"Experienced, Structural"
n68bb4,sexualassault,2021-05-06 15:43:23,Applicable,Stigma,"Experienced, Structural"
n68bb4,sexualassault,2021-05-07 3:56:39,Applicable,Stigma,"Experienced, Structural"
n68bb4,sexualassault,2021-05-07 4:23:08,Applicable,Stigma,"Experienced, Structural"
n68bb4,sexualassault,2021-05-08 12:58:27,Applicable,Stigma,"Experienced, Structural"
n663l2,sexualassault,2021-05-06 18:31:36,Applicable,Stigma,"Internalized, Anticipated"
n5twmp,sexualassault,2021-05-06 0:34:28,Applicable,Stigma,Internalized
n5twmp,sexualassault,2021-05-06 2:02:09,Applicable,Stigma,Internalized
n5tk18,sexualassault,2021-05-05 23:24:26,Applicable,Stigma,Internalized
n5tk18,sexualassault,2021-05-06 0:43:01,Applicable,Stigma,Internalized
n5lfya,sexualassault,2021-05-05 17:54:49,Applicable,Stigma,Experienced
n5lfya,sexualassault,2021-05-05 18:10:40,Applicable,Stigma,Experienced
n5c4ri,sexualassault,2021-05-05 10:54:49,Applicable,Stigma,"Experienced, Anticipated"
n579qx,sexualassault,2021-05-05 4:36:38,Applicable,Stigma,"Internalized, Structural"
n54g3g,sexualassault,2021-05-05 2:16:34,Applicable,Stigma,Internalized
n5116b,sexualassault,2021-05-05 3:34:42,Applicable,Stigma,Anticipated
n4xu5u,sexualassault,2021-05-04 23:54:46,Applicable,Stigma,"Internalized, Anticipated"
n4xu5u,sexualassault,2021-05-05 5:08:21,Applicable,Stigma,"Internalized, Anticipated"
n4srtz,sexualassault,2021-05-05 5:17:08,Applicable,Stigma,"Internalized, Anticipated"
n4s82b,sexualassault,2021-05-05 2:42:08,Applicable,Stigma,
n4obrp,sexualassault,2021-05-04 13:59:19,Applicable,Stigma,Anticipated
n4kxtv,sexualassault,2021-05-04 13:00:54,Applicable,Stigma,Internalized
n4jq0e,sexualassault,2021-05-04 13:22:22,Applicable,Stigma,"Internalized, Anticipated"
n4jq0e,sexualassault,2021-05-04 17:01:53,Applicable,Stigma,"Internalized, Anticipated"
n4jq0e,sexualassault,2021-05-05 3:51:27,Applicable,Stigma,"Internalized, Anticipated"
n4jjv8,sexualassault,2021-05-04 9:03:03,Applicable,Stigma,"Internalized, Anticipated"
n4ivxt,sexualassault,2021-05-05 23:37:36,Applicable,Stigma,"Internalized, Anticipated"
n4guvg,sexualassault,2021-05-04 9:32:00,Applicable,Stigma,"Experienced, Internalized, Anticipated"
n4guvg,sexualassault,2021-05-04 10:54:56,Applicable,Stigma,"Experienced, Internalized, Anticipated"
n4ftav,sexualassault,2021-05-27 2:43:28,Applicable,Stigma,"Internalized, Anticipated"
n4fmgd,sexualassault,2021-05-04 4:31:57,Applicable,Stigma,"Experienced, Anticipated"
n4c4iy,sexualassault,2021-05-04 5:56:12,Applicable,Stigma,"Internalized, Anticipated"
n4c4iy,sexualassault,2021-05-04 4:08:45,Applicable,Stigma,"Internalized, Anticipated"
n4c4iy,sexualassault,2021-05-04 4:21:30,Applicable,Stigma,"Internalized, Anticipated"
n4c4iy,sexualassault,2021-06-04 1:57:00,Applicable,Stigma,"Internalized, Anticipated"
n4c4iy,sexualassault,2021-05-04 11:00:38,Applicable,Stigma,"Internalized, Anticipated"
n4bnpr,sexualassault,2021-05-04 0:43:26,Applicable,Stigma,"Internalized, Anticipated"
n4bhbg,sexualassault,2021-05-04 1:59:16,Applicable,Stigma,"Experienced, Internalized, Anticipated"
n48c5q,sexualassault,2021-06-02 20:42:33,Applicable,Stigma,"Experienced, Internalized, Anticipated"
n47n77,sexualassault,2021-05-03 21:26:01,Applicable,Stigma,"Experienced, Internalized"
n47k2w,sexualassault,2021-05-03 21:33:13,Applicable,Stigma,"Experienced, Internalized, Anticipated"
n47k2w,sexualassault,2021-05-04 3:32:20,Applicable,Stigma,"Experienced, Internalized, Anticipated"
n44bei,sexualassault,2021-05-03 19:40:33,Applicable,Stigma,"Experienced, Anticipated"
n44bei,sexualassault,2021-05-03 21:56:50,Applicable,Stigma,"Experienced, Anticipated"
n44bei,sexualassault,2021-05-03 23:53:16,Applicable,Stigma,"Experienced, Anticipated"
n44bei,sexualassault,2021-05-04 0:21:10,Applicable,Stigma,"Experienced, Anticipated"
n44bei,sexualassault,2021-05-04 0:57:06,Applicable,Stigma,"Experienced, Anticipated"
n44bei,sexualassault,2021-05-04 1:30:21,Applicable,Stigma,"Experienced, Anticipated"
n43t5r,sexualassault,2021-05-03 19:01:41,Applicable,Stigma,"Experienced, Internalized, Anticipated"
n43t5r,sexualassault,2021-05-03 19:00:52,Applicable,Stigma,"Experienced, Internalized, Anticipated"
n43t5r,sexualassault,2021-05-03 21:53:57,Applicable,Stigma,"Experienced, Internalized, Anticipated"
n43t5r,sexualassault,2021-05-03 22:33:13,Applicable,Stigma,"Experienced, Internalized, Anticipated"
n43t5r,sexualassault,2021-05-03 23:21:34,Applicable,Stigma,"Experienced, Internalized, Anticipated"
n43t5r,sexualassault,2021-05-04 10:46:17,Applicable,Stigma,"Experienced, Internalized, Anticipated"
n42da0,sexualassault,2021-05-03 18:18:31,Applicable,Stigma,
n41sgh,sexualassault,2021-05-04 4:02:30,Applicable,Stigma,"Experienced, Structural"
n3uymw,sexualassault,2021-05-03 13:17:47,Applicable,Stigma,Internalized
n3uymw,sexualassault,2021-05-03 14:37:57,Applicable,Stigma,Internalized
n3uymw,sexualassault,2021-05-03 18:29:34,Applicable,Stigma,Internalized
n3q7w2,sexualassault,2021-05-03 9:01:54,Applicable,Stigma,Experienced
n3kamo,sexualassault,2021-05-03 3:30:04,Applicable,Stigma,"Internalized, Anticipated"
n3ilqa,sexualassault,2021-05-03 22:21:17,Applicable,Stigma,"Internalized, Anticipated"
n3g2h5,sexualassault,2021-05-03 1:28:52,Applicable,Stigma,Internalized
n3g2h5,sexualassault,2021-05-03 3:24:04,Applicable,Stigma,Internalized
n3esre,sexualassault,2021-05-03 0:25:44,Applicable,Stigma,"Experienced, Internalized"
n31nae,sexualassault,2021-05-02 10:19:39,Applicable,Stigma,Internalized
n2ygox,sexualassault,2021-05-02 7:57:34,Applicable,Stigma,"Internalized, Anticipated"
n2yecg,sexualassault,2021-05-02 4:02:17,Applicable,Stigma,Internalized
n2y4xh,sexualassault,2021-05-10 10:14:39,Applicable,Stigma,"Experienced, Anticipated"
n2xvlp,sexualassault,2021-05-02 10:47:15,Applicable,Stigma,"Experienced, Anticipated, Structural"
n2v8wn,sexualassault,2021-05-02 1:23:56,Applicable,Stigma,"Experienced, Anticipated, Structural"
n2uwrf,sexualassault,2021-05-02 1:56:27,Applicable,Stigma,"Experienced, Internalized, Anticipated"
n2uwrf,sexualassault,2021-05-02 2:05:02,Applicable,Stigma,"Experienced, Internalized, Anticipated"
n2tj82,sexualassault,2021-05-02 1:42:01,Applicable,Stigma,Internalized
n2t7ez,sexualassault,2021-05-02 3:09:07,Applicable,Stigma,
n2t7ez,sexualassault,2021-05-02 0:27:32,Applicable,Stigma,
n2slq9,sexualassault,2021-05-01 22:05:56,Applicable,Stigma,Internalized
n2sgpy,sexualassault,2021-05-01 22:39:28,Applicable,Stigma,Anticipated
n2hul1,sexualassault,2021-05-01 21:07:04,Applicable,Stigma,"Experienced, Anticipated"
n2efyc,sexualassault,2021-05-01 15:47:01,Applicable,Stigma,Experienced
n2efyc,sexualassault,2021-05-01 11:20:52,Applicable,Stigma,Experienced
n2bjyu,sexualassault,2021-05-01 11:39:20,Applicable,Stigma,Internalized
n28im2,sexualassault,2021-05-01 11:44:37,Applicable,Stigma,"Experienced, Internalized"
n23pgq,sexualassault,2021-06-04 22:20:32,Applicable,Stigma,
n1u0pq,sexualassault,2021-04-30 20:30:59,Applicable,Stigma,
n1u0pq,sexualassault,2021-05-01 11:40:55,Applicable,Stigma,
n1qjhi,sexualassault,2021-05-01 11:50:15,Applicable,Stigma,Internalized
n1ph7k,sexualassault,2021-05-01 11:48:24,Applicable,Stigma,"Internalized, Anticipated"
n1o7lj,sexualassault,2021-04-30 9:51:09,Applicable,Stigma,
n1o7lj,sexualassault,2021-05-01 11:53:28,Applicable,Stigma,
n1m4ap,sexualassault,2021-04-30 17:15:46,Applicable,Stigma,Internalized
n1i0pd,sexualassault,2021-04-30 0:31:44,Applicable,Stigma,"Experienced, Internalized"
n1i0pd,sexualassault,2021-04-30 3:26:36,Applicable,Stigma,"Experienced, Internalized"
n1i0pd,sexualassault,2021-04-30 4:38:22,Applicable,Stigma,"Experienced, Internalized"
n1i0pd,sexualassault,2021-04-30 5:31:42,Applicable,Stigma,"Experienced, Internalized"
n1i0pd,sexualassault,2021-04-30 7:48:38,Applicable,Stigma,"Experienced, Internalized"
n1i0pd,sexualassault,2021-04-30 9:50:19,Applicable,Stigma,"Experienced, Internalized"
n1i0pd,sexualassault,2021-04-30 9:55:41,Applicable,Stigma,"Experienced, Internalized"
n1h5z2,sexualassault,2021-04-30 1:49:22,Applicable,Stigma,Internalized
n1h5z2,sexualassault,2021-04-30 4:57:56,Applicable,Stigma,Internalized
n1bfnk,sexualassault,2021-04-29 19:15:14,Applicable,Stigma,"Internalized, Anticipated"
n1bfnk,sexualassault,2021-04-29 19:34:32,Applicable,Stigma,"Internalized, Anticipated"
n1bfnk,sexualassault,2021-04-29 22:16:53,Applicable,Stigma,"Internalized, Anticipated"
n1bfnk,sexualassault,2021-04-29 20:46:40,Applicable,Stigma,"Internalized, Anticipated"
n14r5a,sexualassault,2024-11-12 3:36:29,Applicable,Stigma,"Internalized, Anticipated, Structural"
n11oo4,sexualassault,2021-04-29 14:06:26,Applicable,Stigma,
n10ayb,sexualassault,2021-04-29 14:23:44,Applicable,Stigma,Experienced
n10avh,sexualassault,2021-04-29 9:35:50,Applicable,Stigma,"Internalized, Anticipated"
n10avh,sexualassault,2021-05-10 7:08:49,Applicable,Stigma,"Internalized, Anticipated"
n10avh,sexualassault,2021-05-20 14:44:44,Applicable,Stigma,"Internalized, Anticipated"
n10afs,sexualassault,2021-04-29 9:32:30,Applicable,Stigma,Internalized
n10afs,sexualassault,2021-04-29 8:57:13,Applicable,Stigma,Internalized
n10afs,sexualassault,2021-04-29 9:14:11,Applicable,Stigma,Internalized
n0z2em,sexualassault,2021-04-29 10:45:02,Applicable,Stigma,"Experienced, Internalized, Anticipated"
n0yelm,sexualassault,2021-04-29 10:30:43,Applicable,Stigma,"Experienced, Internalized, Anticipated"
n0x3s9,sexualassault,2021-04-29 4:56:56,Applicable,Stigma,"Experienced, Internalized, Anticipated"
n0x3s9,sexualassault,2021-04-29 5:51:24,Applicable,Stigma,"Experienced, Internalized, Anticipated"
n0wc2y,sexualassault,2021-04-29 7:15:30,Applicable,Stigma,"Anticipated, Structural"
n0volw,sexualassault,2021-04-29 4:15:06,Applicable,Stigma,"Experienced, Anticipated, Structural"
n0rakj,sexualassault,2021-04-29 4:17:39,Applicable,Stigma,"Experienced, Internalized, Anticipated"
n0qnn1,sexualassault,2021-04-29 1:54:46,Applicable,Stigma,Internalized
n0qnn1,sexualassault,2021-04-29 3:13:26,Applicable,Stigma,Internalized
n0hilb,sexualassault,2021-04-28 20:33:00,Applicable,Stigma,"Experienced, Structural"
n0cota,sexualassault,2021-04-29 14:17:47,Applicable,Stigma,Internalized
n0cgh0,sexualassault,2021-04-28 11:13:12,Applicable,Stigma,"Experienced, Internalized, Anticipated"
n0bxty,sexualassault,2022-12-28 0:47:32,Applicable,Stigma,Internalized
n08tc6,sexualassault,2021-04-28 14:11:31,Applicable,Stigma,Internalized
n06vna,sexualassault,2021-04-28 7:54:39,Applicable,Stigma,
n06vna,sexualassault,2021-04-28 10:57:34,Applicable,Stigma,
n03gbw,sexualassault,2021-04-28 1:46:47,Applicable,Stigma,"Experienced, Internalized, Anticipated"
n03gbw,sexualassault,2021-04-28 2:41:50,Applicable,Stigma,"Experienced, Internalized, Anticipated"
n03gbw,sexualassault,2021-04-28 2:42:21,Applicable,Stigma,"Experienced, Internalized, Anticipated"
n02g9e,sexualassault,2021-04-28 2:34:48,Applicable,Stigma,"Experienced, Internalized"
n02g9e,sexualassault,2021-04-28 1:25:51,Applicable,Stigma,"Experienced, Internalized"
n02g9e,sexualassault,2021-06-14 17:28:05,Applicable,Stigma,"Experienced, Internalized"
n01bsr,sexualassault,2021-04-27 23:36:40,Applicable,Stigma,"Internalized, Anticipated"
n01bsr,sexualassault,2021-04-27 23:36:55,Applicable,Stigma,"Internalized, Anticipated"
n01bsr,sexualassault,2021-04-28 2:21:25,Applicable,Stigma,"Internalized, Anticipated"
n00mql,sexualassault,2021-04-28 2:55:03,Applicable,Stigma,Internalized
mzz4zw,sexualassault,2021-04-28 0:09:26,Applicable,Stigma,"Experienced, Internalized"
mzmk9s,sexualassault,2021-04-27 14:00:27,Applicable,Stigma,Internalized
mzhk13,sexualassault,2021-04-27 8:05:54,Applicable,Stigma,"Experienced, Internalized, Anticipated"
mzhk13,sexualassault,2021-04-27 15:33:41,Applicable,Stigma,"Experienced, Internalized, Anticipated"
mzgm4w,sexualassault,2021-04-27 22:56:56,Applicable,Stigma,"Experienced, Internalized, Structural"
mzgm4w,sexualassault,2021-04-27 5:41:07,Applicable,Stigma,"Experienced, Internalized, Structural"
mzgm4w,sexualassault,2021-04-30 16:00:26,Applicable,Stigma,"Experienced, Internalized, Structural"
mzfnyo,sexualassault,2021-04-27 13:23:21,Applicable,Stigma,"Experienced, Internalized"
mzfnyo,sexualassault,2021-04-27 9:42:57,Applicable,Stigma,"Experienced, Internalized"
mzfnyo,sexualassault,2021-04-27 12:21:43,Applicable,Stigma,"Experienced, Internalized"
mzfnyo,sexualassault,2021-04-27 5:46:03,Applicable,Stigma,"Experienced, Internalized"
mzfnyo,sexualassault,2021-04-27 14:11:46,Applicable,Stigma,"Experienced, Internalized"
mzelzk,sexualassault,2021-04-27 5:36:17,Applicable,Stigma,Internalized
mzdxzi,sexualassault,2021-04-27 2:14:04,Applicable,Stigma,"Experienced, Anticipated, Structural"
mzdxzi,sexualassault,2021-04-27 11:11:57,Applicable,Stigma,"Experienced, Anticipated, Structural"
mzdxzi,sexualassault,2021-04-27 22:40:27,Applicable,Stigma,"Experienced, Anticipated, Structural"
mz2y7v,sexualassault,2021-04-26 23:22:43,Applicable,Stigma,"Experienced, Anticipated, Structural"
mz0l6f,sexualassault,2021-04-26 19:03:23,Applicable,Stigma,Internalized
myvi9z,sexualassault,2021-04-26 16:00:47,Applicable,Stigma,"Experienced, Internalized"
myvi9z,sexualassault,2021-04-26 17:21:33,Applicable,Stigma,"Experienced, Internalized"
mysh4y,sexualassault,2021-04-26 11:17:53,Applicable,Stigma,Experienced
myrw4h,sexualassault,2021-04-26 14:01:39,Applicable,Stigma,"Experienced, Internalized, Anticipated, Structural"
myrw4h,sexualassault,2021-04-26 16:04:26,Applicable,Stigma,"Experienced, Internalized, Anticipated, Structural"
myrw4h,sexualassault,2021-04-26 7:43:08,Applicable,Stigma,"Experienced, Internalized, Anticipated, Structural"
myrw4h,sexualassault,2021-04-26 20:26:39,Applicable,Stigma,"Experienced, Internalized, Anticipated, Structural"
myralp,sexualassault,2021-04-26 10:22:16,Applicable,Stigma,Experienced
myra3k,sexualassault,2021-04-29 7:34:29,Applicable,Stigma,"Experienced, Anticipated"
myqk1a,sexualassault,2021-04-26 7:23:04,Applicable,Stigma,"Experienced, Internalized, Anticipated"
myn0hs,sexualassault,2021-04-26 2:36:28,Applicable,Stigma,Internalized
myi077,sexualassault,2021-04-26 7:25:36,Applicable,Stigma,"Experienced, Internalized"
myf1nd,sexualassault,2021-04-26 7:31:13,Applicable,Stigma,Internalized
myd8hv,sexualassault,2021-04-25 19:04:31,Applicable,Stigma,Experienced
my31ir,sexualassault,2021-04-25 14:06:26,Applicable,Stigma,"Internalized, Anticipated"
my2uob,sexualassault,2021-04-26 1:01:31,Applicable,Stigma,"Experienced, Internalized, Anticipated"
my2c4a,sexualassault,2021-04-25 12:40:39,Applicable,Stigma,Internalized
mxye6y,sexualassault,2021-04-25 8:38:27,Applicable,Stigma,Anticipated
mxye6y,sexualassault,2021-04-25 18:44:09,Applicable,Stigma,Anticipated
mxq16d,sexualassault,2021-04-25 2:02:01,Applicable,Stigma,"Experienced, Internalized, Anticipated"
mxg6vt,sexualassault,2021-12-05 1:46:53,Applicable,Stigma,"Experienced, Anticipated"
mxf44z,sexualassault,2021-04-25 4:08:28,Applicable,Stigma,Internalized
mx4dre,sexualassault,2021-04-23 21:33:43,Applicable,Stigma,"Experienced, Internalized, Anticipated, Structural"
mx4dre,sexualassault,2021-04-23 21:57:12,Applicable,Stigma,"Experienced, Internalized, Anticipated, Structural"
mx4dre,sexualassault,2021-04-23 22:24:54,Applicable,Stigma,"Experienced, Internalized, Anticipated, Structural"
mx4dre,sexualassault,2021-04-23 23:13:33,Applicable,Stigma,"Experienced, Internalized, Anticipated, Structural"
mx4dre,sexualassault,2021-04-23 22:51:01,Applicable,Stigma,"Experienced, Internalized, Anticipated, Structural"
mx40b4,sexualassault,2021-04-23 20:49:52,Applicable,Stigma,"Internalized, Anticipated"
mwzg3b,sexualassault,2021-04-24 8:48:14,Applicable,Stigma,"Experienced, Anticipated"
mwy7ac,sexualassault,2021-04-23 15:57:57,Applicable,Stigma,"Experienced, Internalized, Anticipated"
mwv8d1,sexualassault,2021-04-23 14:12:33,Applicable,Stigma,Internalized
mwptt4,sexualassault,2021-04-23 13:01:27,Applicable,Stigma,"Experienced, Internalized, Anticipated"
mwbuhd,sexualassault,2021-04-22 21:55:56,Applicable,Stigma,Internalized
mwbuhd,sexualassault,2021-04-22 21:56:09,Applicable,Stigma,Internalized
mwb0yj,sexualassault,2021-04-22 18:16:20,Applicable,Stigma,"Experienced, Internalized, Anticipated"
mwb0yj,sexualassault,2021-04-23 11:36:04,Applicable,Stigma,"Experienced, Internalized, Anticipated"
mw702d,sexualassault,2021-04-22 16:00:20,Applicable,Stigma,Internalized
mw702d,sexualassault,2021-04-22 17:52:11,Applicable,Stigma,Internalized
mw0u8f,sexualassault,2021-04-22 9:20:03,Applicable,Stigma,"Internalized, Anticipated"
mw0u8f,sexualassault,2021-04-22 12:56:40,Applicable,Stigma,"Internalized, Anticipated"
mw0u8f,sexualassault,2021-04-22 13:19:27,Applicable,Stigma,"Internalized, Anticipated"
mvymu1,sexualassault,2021-04-22 16:03:07,Applicable,Stigma,"Experienced, Anticipated"
mvycg6,sexualassault,2021-04-22 15:46:40,Applicable,Stigma,"Experienced, Internalized, Anticipated"
mvv5nc,sexualassault,2021-04-22 16:14:27,Applicable,Stigma,"Experienced, Structural"
mvswh7,sexualassault,2021-04-22 1:14:49,Applicable,Stigma,"Experienced, Internalized, Anticipated"
mvsdd8,sexualassault,2021-04-22 1:18:42,Applicable,Stigma,Internalized
mvsdd8,sexualassault,2021-04-22 10:31:06,Applicable,Stigma,Internalized
mvsdd8,sexualassault,2022-08-09 17:05:28,Applicable,Stigma,Internalized
mvo4c8,sexualassault,2021-04-21 20:36:27,Applicable,Stigma,"Experienced, Internalized, Anticipated"
mvo4c8,sexualassault,2021-04-21 21:40:23,Applicable,Stigma,"Experienced, Internalized, Anticipated"
mvo4c8,sexualassault,2021-04-21 21:19:38,Applicable,Stigma,"Experienced, Internalized, Anticipated"
mvo4c8,sexualassault,2021-04-22 2:12:40,Applicable,Stigma,"Experienced, Internalized, Anticipated"
mvo4c8,sexualassault,2021-04-22 9:06:31,Applicable,Stigma,"Experienced, Internalized, Anticipated"
mvo4c8,sexualassault,2024-09-06 14:00:19,Applicable,Stigma,"Experienced, Internalized, Anticipated"
mvl885,sexualassault,2021-04-21 18:30:31,Applicable,Stigma,"Experienced, Internalized, Anticipated"
mvl885,sexualassault,2021-04-21 18:46:01,Applicable,Stigma,"Experienced, Internalized, Anticipated"
mvdenn,sexualassault,2021-04-21 16:33:41,Applicable,Stigma,Internalized
mvb10v,sexualassault,2021-05-10 10:46:10,Applicable,Stigma,Internalized
mva94b,sexualassault,2021-04-21 8:20:41,Applicable,Stigma,"Internalized, Anticipated, Structural"
mva94b,sexualassault,2021-04-21 13:09:13,Applicable,Stigma,"Internalized, Anticipated, Structural"
mva94b,sexualassault,2021-05-23 5:17:54,Applicable,Stigma,"Internalized, Anticipated, Structural"
mva6y1,sexualassault,2021-04-21 7:50:50,Applicable,Stigma,"Internalized, Anticipated"
mva6y1,sexualassault,2021-04-21 11:15:52,Applicable,Stigma,"Internalized, Anticipated"
mva6y1,sexualassault,2021-04-21 11:18:52,Applicable,Stigma,"Internalized, Anticipated"
mv8e26,sexualassault,2021-04-21 20:44:39,Applicable,Stigma,"Experienced, Anticipated, Structural"
mv57ub,sexualassault,2021-04-21 1:34:18,Applicable,Stigma,Internalized
mv57ub,sexualassault,2021-04-21 1:49:06,Applicable,Stigma,Internalized
mv57ub,sexualassault,2021-04-21 2:28:08,Applicable,Stigma,Internalized
mv57ub,sexualassault,2021-04-21 2:33:14,Applicable,Stigma,Internalized
muzdav,sexualassault,2021-04-20 20:50:49,Applicable,Stigma,"Internalized, Anticipated"
muzcs6,sexualassault,2021-04-20 21:44:51,Applicable,Stigma,"Experienced, Internalized, Anticipated, Structural"
muzcs6,sexualassault,2021-04-21 2:22:28,Applicable,Stigma,"Experienced, Internalized, Anticipated, Structural"
muzcs6,sexualassault,2021-04-21 5:13:02,Applicable,Stigma,"Experienced, Internalized, Anticipated, Structural"
muxphm,sexualassault,2021-04-21 3:10:17,Applicable,Stigma,Anticipated
muxphm,sexualassault,2021-04-20 20:15:25,Applicable,Stigma,Anticipated
muu50h,sexualassault,2021-04-20 20:20:07,Applicable,Stigma,Experienced
muu50h,sexualassault,2021-04-24 23:05:41,Applicable,Stigma,Experienced
mutrrk,sexualassault,2021-04-20 16:40:32,Applicable,Stigma,Internalized
muro8w,sexualassault,2021-04-20 14:51:36,Applicable,Stigma,"Experienced, Internalized"
muro8w,sexualassault,2021-04-20 15:18:13,Applicable,Stigma,"Experienced, Internalized"
mult0w,sexualassault,2021-04-20 12:12:11,Applicable,Stigma,"Internalized, Anticipated"
mult0w,sexualassault,2021-04-20 12:21:19,Applicable,Stigma,"Internalized, Anticipated"
mul2gc,sexualassault,2021-04-20 12:35:04,Applicable,Stigma,"Experienced, Internalized, Anticipated, Structural"
mui2od,sexualassault,2021-04-20 6:19:27,Applicable,Stigma,Experienced
mui2od,sexualassault,2021-04-20 10:19:11,Applicable,Stigma,Experienced
mui2od,sexualassault,2021-04-20 12:22:48,Applicable,Stigma,Experienced
mufvlq,sexualassault,2021-04-22 2:41:53,Applicable,Stigma,Internalized
muewjm,sexualassault,2021-04-20 2:35:15,Applicable,Stigma,Internalized
muewjm,sexualassault,2021-04-20 3:06:40,Applicable,Stigma,Internalized
muelaf,sexualassault,2021-04-20 1:25:06,Applicable,Stigma,"Experienced, Anticipated"
mucuen,sexualassault,2021-04-20 0:36:30,Applicable,Stigma,Internalized
mucuen,sexualassault,2021-04-21 8:13:25,Applicable,Stigma,Internalized
mub1pm,sexualassault,2021-04-20 0:00:55,Applicable,Stigma,"Internalized, Anticipated"
mu2u4y,sexualassault,2021-04-19 23:09:10,Applicable,Stigma,"Experienced, Internalized, Anticipated"
mu2u4y,sexualassault,2021-04-20 0:24:15,Applicable,Stigma,"Experienced, Internalized, Anticipated"
mu2u4y,sexualassault,2021-04-19 15:28:54,Applicable,Stigma,"Experienced, Internalized, Anticipated"
mu184f,sexualassault,2021-04-19 14:51:20,Applicable,Stigma,"Internalized, Anticipated"
mu12o6,sexualassault,2021-04-22 2:50:08,Applicable,Stigma,"Experienced, Anticipated"
mu12o6,sexualassault,2021-04-19 15:29:08,Applicable,Stigma,"Experienced, Anticipated"
mtx29d,sexualassault,2021-04-19 16:12:23,Applicable,Stigma,Internalized
mtufjm,sexualassault,2021-04-22 2:57:24,Applicable,Stigma,"Experienced, Internalized, Anticipated"
mttgg4,sexualassault,2021-04-19 7:35:11,Applicable,Stigma,"Internalized, Anticipated"
mttgg4,sexualassault,2021-04-19 23:53:25,Applicable,Stigma,"Internalized, Anticipated"
mttgg4,sexualassault,2021-04-20 0:44:26,Applicable,Stigma,"Internalized, Anticipated"
mtspi4,sexualassault,2021-04-22 2:53:11,Applicable,Stigma,Anticipated
mtsbpb,sexualassault,2021-04-19 16:12:03,Applicable,Stigma,"Experienced, Internalized"
mtrhjq,sexualassault,2021-04-19 5:19:26,Applicable,Stigma,"Experienced, Internalized, Anticipated"
mtqmzr,sexualassault,2021-04-19 2:12:30,Applicable,Stigma,Internalized
mtqmzr,sexualassault,2021-04-19 3:43:15,Applicable,Stigma,Internalized
mtqf49,sexualassault,2021-04-19 7:27:48,Applicable,Stigma,Experienced
mtqf49,sexualassault,2021-04-19 8:04:20,Applicable,Stigma,Experienced
mtpfxj,sexualassault,2021-04-19 0:46:33,Applicable,Stigma,"Experienced, Internalized, Anticipated"
mtpfxj,sexualassault,2021-04-19 3:11:13,Applicable,Stigma,"Experienced, Internalized, Anticipated"
mtngzn,sexualassault,2021-04-18 23:53:24,Applicable,Stigma,Experienced
mtngzn,sexualassault,2021-04-19 0:57:53,Applicable,Stigma,Experienced
mtexuh,sexualassault,2021-04-18 16:41:32,Applicable,Stigma,"Experienced, Internalized, Anticipated"
mtexuh,sexualassault,2021-04-19 0:20:10,Applicable,Stigma,"Experienced, Internalized, Anticipated"
mt9ksp,sexualassault,2021-04-18 12:05:09,Applicable,Stigma,Internalized
mt9ksp,sexualassault,2021-04-18 17:02:42,Applicable,Stigma,Internalized
mt522k,sexualassault,2021-04-18 4:21:39,Applicable,Stigma,"Experienced, Internalized"
mt522k,sexualassault,2021-04-18 3:54:37,Applicable,Stigma,"Experienced, Internalized"
mt522k,sexualassault,2021-04-18 17:18:40,Applicable,Stigma,"Experienced, Internalized"
mt4yk9,sexualassault,2021-04-18 3:24:42,Applicable,Stigma,"Experienced, Anticipated"
mszfhs,sexualassault,2021-04-18 10:48:32,Applicable,Stigma,"Experienced, Internalized, Anticipated"
msxdhr,sexualassault,2021-04-17 20:12:03,Applicable,Stigma,"Experienced, Anticipated"
msxdhr,sexualassault,2021-04-17 21:57:02,Applicable,Stigma,"Experienced, Anticipated"
msxdhr,sexualassault,2021-04-18 17:06:29,Applicable,Stigma,"Experienced, Anticipated"
msx41r,sexualassault,2021-04-18 11:01:39,Applicable,Stigma,Internalized
msvaix,sexualassault,2021-04-17 21:58:22,Applicable,Stigma,Experienced
msudc1,sexualassault,2021-04-18 10:40:44,Applicable,Stigma,
msrpyy,sexualassault,2021-04-18 11:08:40,Applicable,Stigma,"Experienced, Internalized, Anticipated"
msp8qo,sexualassault,2021-04-17 11:45:59,Applicable,Stigma,Internalized
msp8qo,sexualassault,2021-04-17 14:35:18,Applicable,Stigma,Internalized
msn7zs,sexualassault,2021-04-18 11:19:38,Applicable,Stigma,Internalized
mslb6u,sexualassault,2021-04-18 11:35:35,Applicable,Stigma,"Experienced, Internalized, Anticipated"
msij0p,sexualassault,2021-04-17 5:02:15,Applicable,Stigma,
msii4i,sexualassault,2021-04-17 3:11:31,Applicable,Stigma,Internalized
msdee6,sexualassault,2021-04-17 0:16:22,Applicable,Stigma,"Experienced, Internalized"
msdee6,sexualassault,2021-04-16 21:51:05,Applicable,Stigma,"Experienced, Internalized"
msbr03,sexualassault,2021-04-16 20:53:43,Applicable,Stigma,"Experienced, Anticipated"
msb3m4,sexualassault,2021-04-16 20:35:56,Applicable,Stigma,Internalized
msb3m4,sexualassault,2021-04-17 1:08:10,Applicable,Stigma,Internalized
ms9f04,sexualassault,2021-04-17 14:20:01,Applicable,Stigma,"Internalized, Anticipated"
ms9f04,sexualassault,2021-04-17 19:03:50,Applicable,Stigma,"Internalized, Anticipated"
ms4wda,sexualassault,2021-04-18 11:48:12,Applicable,Stigma,Internalized
ms2ur5,sexualassault,2021-04-18 11:42:00,Applicable,Stigma,"Experienced, Anticipated"
ms16kh,sexualassault,2021-04-16 11:28:48,Applicable,Stigma,"Experienced, Internalized, Structural"
mryi5w,sexualassault,2021-04-16 10:28:57,Applicable,Stigma,"Experienced, Internalized, Anticipated"
mrv1zx,sexualassault,2021-04-16 8:12:54,Applicable,Stigma,"Experienced, Internalized, Anticipated"
mrubpi,sexualassault,2021-04-16 3:38:01,Applicable,Stigma,Internalized
mrubpi,sexualassault,2021-04-16 5:32:54,Applicable,Stigma,Internalized
mrubpi,sexualassault,2021-04-16 8:44:56,Applicable,Stigma,Internalized
mrubpi,sexualassault,2021-04-16 18:18:24,Applicable,Stigma,Internalized
mrrpy4,sexualassault,2021-04-16 2:47:53,Applicable,Stigma,"Internalized, Anticipated"
mrrpy4,sexualassault,2021-04-16 8:10:37,Applicable,Stigma,"Internalized, Anticipated"
mroadc,sexualassault,2021-04-15 21:16:33,Applicable,Stigma,"Experienced, Internalized, Anticipated"
mroadc,sexualassault,2021-04-15 22:49:31,Applicable,Stigma,"Experienced, Internalized, Anticipated"
mrfglm,sexualassault,2021-04-15 18:57:45,Applicable,Stigma,"Experienced, Internalized, Anticipated, Structural"
mrfglm,sexualassault,2021-04-15 20:20:47,Applicable,Stigma,"Experienced, Internalized, Anticipated, Structural"
mr1fwz,sexualassault,2021-04-15 4:01:57,Applicable,Stigma,Internalized
mqs5mo,sexualassault,2021-04-16 9:37:16,Applicable,Stigma,
mqs5mo,sexualassault,2021-04-15 7:41:45,Applicable,Stigma,
mqlkce,sexualassault,2021-04-14 9:08:29,Applicable,Stigma,Anticipated
mqlkce,sexualassault,2021-04-14 14:17:29,Applicable,Stigma,Anticipated
mqkrqn,sexualassault,2021-04-14 9:44:59,Applicable,Stigma,"Experienced, Internalized, Anticipated, Structural"
mnm54f,sexualassault,2021-04-09 17:34:43,Applicable,Stigma,"Experienced, Internalized"
mnm54f,sexualassault,2021-04-09 17:47:23,Applicable,Stigma,"Experienced, Internalized"
mnm54f,sexualassault,2021-04-09 20:08:07,Applicable,Stigma,"Experienced, Internalized"
mnm54f,sexualassault,2021-04-16 10:07:08,Applicable,Stigma,"Experienced, Internalized"
mnhsl2,sexualassault,2021-04-09 15:55:12,Applicable,Stigma,Experienced
mnhsl2,sexualassault,2021-04-09 19:23:55,Applicable,Stigma,Experienced
mnajlf,sexualassault,2021-04-09 5:52:06,Applicable,Stigma,"Experienced, Internalized, Anticipated"
mn9a9c,sexualassault,2021-04-09 13:54:15,Applicable,Stigma,"Experienced, Internalized"
mn9a9c,sexualassault,2021-04-09 22:04:05,Applicable,Stigma,"Experienced, Internalized"
mn8i25,sexualassault,2021-04-09 3:51:42,Applicable,Stigma,"Experienced, Internalized, Anticipated"
mn8bjj,sexualassault,2021-04-09 8:03:03,Applicable,Stigma,"Experienced, Anticipated"
mn82eh,sexualassault,2021-04-09 2:59:21,Applicable,Stigma,"Experienced, Internalized"
mmxmof,sexualassault,2021-04-09 15:24:41,Applicable,Stigma,Internalized
mmxmof,sexualassault,2021-04-08 22:38:45,Applicable,Stigma,Internalized
mmxmof,sexualassault,2021-04-16 10:11:22,Applicable,Stigma,Internalized
mmu8op,sexualassault,2021-04-08 18:51:45,Applicable,Stigma,"Experienced, Internalized"
mmj6er,sexualassault,2021-04-08 3:58:09,Applicable,Stigma,"Experienced, Internalized, Anticipated"
mmj6er,sexualassault,2021-04-08 17:41:01,Applicable,Stigma,"Experienced, Internalized, Anticipated"
mmj6er,sexualassault,2021-05-27 2:48:43,Applicable,Stigma,"Experienced, Internalized, Anticipated"
mmhr07,sexualassault,2021-04-08 15:07:28,Applicable,Stigma,"Experienced, Internalized, Anticipated"
mmg1eb,sexualassault,2021-04-08 0:49:55,Applicable,Stigma,"Experienced, Internalized, Anticipated"
mmg1eb,sexualassault,2021-04-08 3:22:09,Applicable,Stigma,"Experienced, Internalized, Anticipated"
mmbo78,sexualassault,2021-04-07 20:57:57,Applicable,Stigma,Internalized
mmaxng,sexualassault,2021-04-07 20:25:48,Applicable,Stigma,"Experienced, Structural"
mmaxng,sexualassault,2021-04-07 21:15:55,Applicable,Stigma,"Experienced, Structural"
mma7yu,sexualassault,2021-04-07 20:59:48,Applicable,Stigma,"Experienced, Anticipated"
mma7yu,sexualassault,2021-04-08 4:47:10,Applicable,Stigma,"Experienced, Anticipated"
mma7yu,sexualassault,2021-05-05 10:07:22,Applicable,Stigma,"Experienced, Anticipated"
mm13fu,sexualassault,2021-04-08 15:11:20,Applicable,Stigma,Experienced
mlvxdc,sexualassault,2021-04-07 8:30:09,Applicable,Stigma,"Experienced, Internalized, Anticipated"
mlvxdc,sexualassault,2021-04-07 8:30:34,Applicable,Stigma,"Experienced, Internalized, Anticipated"
mlvxdc,sexualassault,2021-04-07 17:58:07,Applicable,Stigma,"Experienced, Internalized, Anticipated"
mlvnf6,sexualassault,2021-04-07 17:00:59,Applicable,Stigma,Internalized
mlvnf6,sexualassault,2021-04-07 6:07:57,Applicable,Stigma,Internalized
mlr4t0,sexualassault,2021-04-07 2:57:05,Applicable,Stigma,Internalized
mlhc5x,sexualassault,2021-04-07 4:02:51,Applicable,Stigma,Anticipated
mlhc5x,sexualassault,2021-05-17 12:56:56,Applicable,Stigma,Anticipated
ml7gy7,sexualassault,2021-04-06 10:01:33,Applicable,Stigma,"Internalized, Anticipated"
ml796g,sexualassault,2021-04-06 14:05:26,Applicable,Stigma,"Experienced, Internalized, Anticipated"
ml4l2y,sexualassault,2021-04-06 10:09:52,Applicable,Stigma,Internalized
ml2v2x,sexualassault,2021-04-06 4:46:24,Applicable,Stigma,"Internalized, Anticipated"
ml13dl,sexualassault,2021-04-06 3:51:09,Applicable,Stigma,Internalized
ml13dl,sexualassault,2021-04-06 4:02:26,Applicable,Stigma,Internalized
ml0kma,sexualassault,2021-04-06 3:47:05,Applicable,Stigma,"Experienced, Internalized, Anticipated"
ml088g,sexualassault,2021-04-06 1:38:20,Applicable,Stigma,"Experienced, Internalized, Anticipated"
mkwntm,sexualassault,2021-04-05 22:52:12,Applicable,Stigma,Experienced
mkwntm,sexualassault,2021-04-05 23:34:18,Applicable,Stigma,Experienced
mkwntm,sexualassault,2021-04-06 0:46:18,Applicable,Stigma,Experienced
mkw5zt,sexualassault,2021-04-05 22:47:49,Applicable,Stigma,Internalized
mkw5zt,sexualassault,2021-04-06 0:21:31,Applicable,Stigma,Internalized
mkw5zt,sexualassault,2021-04-06 0:38:30,Applicable,Stigma,Internalized
mkvgjq,sexualassault,2021-04-06 1:35:50,Applicable,Stigma,"Experienced, Internalized"
mkveg7,sexualassault,2021-04-06 3:12:24,Applicable,Stigma,"Experienced, Anticipated"
mkvcbc,sexualassault,2021-04-05 22:14:18,Applicable,Stigma,Experienced
mku287,sexualassault,2021-04-05 20:32:14,Applicable,Stigma,"Experienced, Anticipated"
mku287,sexualassault,2021-04-05 20:41:18,Applicable,Stigma,"Experienced, Anticipated"
mknyij,sexualassault,2021-04-05 19:12:53,Applicable,Stigma,"Experienced, Internalized, Anticipated"
mknyij,sexualassault,2021-04-05 21:09:27,Applicable,Stigma,"Experienced, Internalized, Anticipated"
mknyij,sexualassault,2021-04-05 19:15:37,Applicable,Stigma,"Experienced, Internalized, Anticipated"
mkhh9m,sexualassault,2021-04-05 13:25:33,Applicable,Stigma,"Internalized, Anticipated"
mkg6zw,sexualassault,2021-04-05 13:29:28,Applicable,Stigma,"Internalized, Anticipated"
mkg6zw,sexualassault,2021-04-05 15:56:52,Applicable,Stigma,"Internalized, Anticipated"
mkdorf,sexualassault,2021-04-05 5:54:49,Applicable,Stigma,"Experienced, Internalized, Anticipated"
mkaix0,sexualassault,2021-04-05 3:37:38,Applicable,Stigma,"Experienced, Anticipated"
mkafvl,sexualassault,2021-04-05 3:24:12,Applicable,Stigma,Internalized
mkafvl,sexualassault,2021-04-05 14:21:57,Applicable,Stigma,Internalized
mk8gxb,sexualassault,2021-04-05 20:32:13,Applicable,Stigma,"Experienced, Internalized, Anticipated"
mk5cdd,sexualassault,2021-04-05 3:00:45,Applicable,Stigma,"Experienced, Internalized, Anticipated"
mk2n1w,sexualassault,2021-04-04 21:01:45,Applicable,Stigma,"Experienced, Internalized"
mjzqz8,sexualassault,2021-04-04 17:23:30,Applicable,Stigma,"Internalized, Anticipated"
mjzqz8,sexualassault,2021-04-04 21:48:21,Applicable,Stigma,"Internalized, Anticipated"
mjzqz8,sexualassault,2021-04-04 22:28:40,Applicable,Stigma,"Internalized, Anticipated"
mjzqz8,sexualassault,2021-04-05 0:48:39,Applicable,Stigma,"Internalized, Anticipated"
mjwesb,sexualassault,2021-04-04 18:42:34,Applicable,Stigma,Anticipated
mjv6uf,sexualassault,2021-04-04 16:38:53,Applicable,Stigma,Internalized
mjq257,sexualassault,2021-04-04 19:09:12,Applicable,Stigma,"Internalized, Anticipated"
mjq257,sexualassault,2021-04-05 6:49:25,Applicable,Stigma,"Internalized, Anticipated"
mjq257,sexualassault,2021-04-04 6:07:14,Applicable,Stigma,"Internalized, Anticipated"
mjq257,sexualassault,2021-04-04 11:06:44,Applicable,Stigma,"Internalized, Anticipated"
mjpnag,sexualassault,2021-04-04 6:41:33,Applicable,Stigma,
mjo55u,sexualassault,2021-04-04 5:02:23,Applicable,Stigma,"Internalized, Anticipated"
mjmrm0,sexualassault,2021-04-04 2:13:06,Applicable,Stigma,
mjmrm0,sexualassault,2021-04-04 3:05:13,Applicable,Stigma,
mjdf47,sexualassault,2021-05-10 11:42:11,Applicable,Stigma,Internalized
mjde8e,sexualassault,2021-04-03 19:32:01,Applicable,Stigma,"Experienced, Internalized, Anticipated"
mj80gq,sexualassault,2021-04-03 13:03:58,Applicable,Stigma,Anticipated
mj80gq,sexualassault,2021-04-03 13:11:52,Applicable,Stigma,Anticipated
mj80gq,sexualassault,2021-04-03 13:23:07,Applicable,Stigma,Anticipated
mj80gq,sexualassault,2021-04-03 14:39:23,Applicable,Stigma,Anticipated
mj80gq,sexualassault,2021-04-03 20:36:41,Applicable,Stigma,Anticipated
mj80gq,sexualassault,2021-04-03 21:40:48,Applicable,Stigma,Anticipated
mj7zer,sexualassault,2021-04-03 13:00:20,Applicable,Stigma,"Internalized, Anticipated"
mj0mjl,sexualassault,2021-04-03 4:56:48,Applicable,Stigma,Internalized
mj0mjl,sexualassault,2021-04-03 13:24:12,Applicable,Stigma,Internalized
mj0dta,sexualassault,2021-07-07 9:11:58,Applicable,Stigma,Anticipated
mizns3,sexualassault,2021-04-03 6:58:20,Applicable,Stigma,Internalized
mizns3,sexualassault,2022-04-01 5:37:30,Applicable,Stigma,Internalized
mixmay,sexualassault,2021-04-03 0:48:15,Applicable,Stigma,"Experienced, Anticipated, Structural"
mitxhw,sexualassault,2021-04-03 1:59:19,Applicable,Stigma,
mitxhw,sexualassault,2021-04-03 3:19:16,Applicable,Stigma,
mitxhw,sexualassault,2021-04-02 21:52:58,Applicable,Stigma,
mitxhw,sexualassault,2021-04-03 1:58:03,Applicable,Stigma,
mink45,sexualassault,2021-04-02 17:35:59,Applicable,Stigma,"Internalized, Anticipated"
mink45,sexualassault,2021-04-02 20:41:16,Applicable,Stigma,"Internalized, Anticipated"
mih04n,sexualassault,2021-04-02 11:02:36,Applicable,Stigma,"Experienced, Anticipated"
mih04n,sexualassault,2021-04-02 12:07:52,Applicable,Stigma,"Experienced, Anticipated"
mih04n,sexualassault,2021-04-02 11:49:38,Applicable,Stigma,"Experienced, Anticipated"
mih04n,sexualassault,2021-04-02 12:36:14,Applicable,Stigma,"Experienced, Anticipated"
mih04n,sexualassault,2021-04-02 17:03:21,Applicable,Stigma,"Experienced, Anticipated"
mifi47,sexualassault,2021-04-02 19:18:21,Applicable,Stigma,Internalized
mifi47,sexualassault,2021-04-02 19:45:37,Applicable,Stigma,Internalized
mid61z,sexualassault,2021-04-02 16:46:57,Applicable,Stigma,Experienced
mi9jnm,sexualassault,2021-04-02 6:28:07,Applicable,Stigma,"Internalized, Anticipated"
mi9jnm,sexualassault,2021-04-02 19:58:03,Applicable,Stigma,"Internalized, Anticipated"
mi7fsv,sexualassault,2021-04-02 0:33:58,Applicable,Stigma,Internalized
mi7fsv,sexualassault,2021-04-02 3:58:25,Applicable,Stigma,Internalized
mi7fsv,sexualassault,2021-04-01 23:32:56,Applicable,Stigma,Internalized
mi7fsv,sexualassault,2021-04-04 0:44:06,Applicable,Stigma,Internalized
mi7fsv,sexualassault,2021-04-02 19:45:19,Applicable,Stigma,Internalized
mi5yo0,sexualassault,2021-04-02 7:43:32,Applicable,Stigma,"Experienced, Anticipated"
mi45kn,sexualassault,2021-04-02 20:11:08,Applicable,Stigma,"Experienced, Internalized"
mhzl1r,sexualassault,2021-04-01 17:39:29,Applicable,Stigma,Internalized
mhyz7g,sexualassault,2021-04-01 17:48:39,Applicable,Stigma,"Internalized, Anticipated, Structural"
mhvdds,sexualassault,2021-04-01 17:24:20,Applicable,Stigma,"Internalized, Anticipated"
mhvdds,sexualassault,2021-04-01 19:33:14,Applicable,Stigma,"Internalized, Anticipated"
mhsfc3,sexualassault,2021-04-01 11:36:05,Applicable,Stigma,Internalized
mhsfc3,sexualassault,2021-04-01 13:12:28,Applicable,Stigma,Internalized
mhsfc3,sexualassault,2021-04-01 13:21:48,Applicable,Stigma,Internalized
mhoijt,sexualassault,2021-04-01 7:35:28,Applicable,Stigma,Internalized
mhoijt,sexualassault,2021-04-01 8:53:27,Applicable,Stigma,Internalized
mhm5en,sexualassault,2021-04-01 6:02:31,Applicable,Stigma,
mhm5en,sexualassault,2021-04-01 7:05:43,Applicable,Stigma,
mhjd1a,sexualassault,2021-04-01 4:17:50,Applicable,Stigma,Experienced
mhiqya,sexualassault,2021-04-04 10:50:02,Applicable,Stigma,"Experienced, Internalized, Anticipated"
mhhy3i,sexualassault,2021-04-01 2:53:02,Applicable,Stigma,"Experienced, Internalized, Anticipated"
mheqhu,sexualassault,2021-03-31 23:30:03,Applicable,Stigma,Internalized
mgz3k4,sexualassault,2021-03-31 10:45:59,Applicable,Stigma,"Internalized, Anticipated"
mgxore,sexualassault,2021-03-31 11:00:43,Applicable,Stigma,Internalized
mgxore,sexualassault,2021-04-14 19:16:20,Applicable,Stigma,Internalized
mgsmdu,sexualassault,2021-03-31 2:17:06,Applicable,Stigma,Internalized
mgsmdu,sexualassault,2021-03-30 23:51:36,Applicable,Stigma,Internalized
mgsmdu,sexualassault,2021-08-07 22:31:05,Applicable,Stigma,Internalized
mgse5q,sexualassault,2021-03-31 0:43:40,Applicable,Stigma,"Experienced, Internalized, Anticipated"
mgse5q,sexualassault,2021-03-31 1:07:45,Applicable,Stigma,"Experienced, Internalized, Anticipated"
mgse5q,sexualassault,2021-03-31 2:05:50,Applicable,Stigma,"Experienced, Internalized, Anticipated"
mgse5q,sexualassault,2021-03-31 2:50:20,Applicable,Stigma,"Experienced, Internalized, Anticipated"
mgse5q,sexualassault,2021-03-31 3:33:21,Applicable,Stigma,"Experienced, Internalized, Anticipated"
mgse5q,sexualassault,2021-03-31 4:40:58,Applicable,Stigma,"Experienced, Internalized, Anticipated"
mgse5q,sexualassault,2021-03-31 6:41:36,Applicable,Stigma,"Experienced, Internalized, Anticipated"
mgr4uj,sexualassault,2021-03-31 0:47:24,Applicable,Stigma,Structural
mgjyay,sexualassault,2021-03-31 0:10:38,Applicable,Stigma,"Experienced, Internalized"
mgiwpy,sexualassault,2021-03-30 15:52:47,Applicable,Stigma,"Experienced, Internalized, Anticipated"
mgisgj,sexualassault,2021-03-30 15:41:29,Applicable,Stigma,"Experienced, Internalized"
mg9wem,sexualassault,2021-03-30 10:25:03,Applicable,Stigma,"Experienced, Internalized, Anticipated"
mg9wem,sexualassault,2021-04-01 5:39:51,Applicable,Stigma,"Experienced, Internalized, Anticipated"
mg5rvh,sexualassault,2021-03-30 3:19:24,Applicable,Stigma,"Internalized, Anticipated"
mg5rvh,sexualassault,2021-03-30 3:43:03,Applicable,Stigma,"Internalized, Anticipated"
mg5rvh,sexualassault,2021-03-30 13:30:14,Applicable,Stigma,"Internalized, Anticipated"
mg5ehx,sexualassault,2021-03-30 13:42:25,Applicable,Stigma,
mg4v05,sexualassault,2021-06-14 17:20:10,Applicable,Stigma,"Experienced, Internalized, Anticipated"
mfr8cr,sexualassault,2021-03-30 9:08:53,Applicable,Stigma,Experienced
mfoc2n,sexualassault,2021-03-29 16:19:31,Applicable,Stigma,"Experienced, Structural"
mfkwe0,sexualassault,2021-03-29 12:34:14,Applicable,Stigma,Internalized
mfkwe0,sexualassault,2021-03-29 11:53:09,Applicable,Stigma,Internalized
mfkwe0,sexualassault,2021-03-30 9:17:39,Applicable,Stigma,Internalized
mfkwe0,sexualassault,2021-03-31 15:35:33,Applicable,Stigma,Internalized
mfj1f5,sexualassault,2021-03-29 13:09:54,Applicable,Stigma,
mfiat9,sexualassault,2021-03-29 6:20:53,Applicable,Stigma,"Experienced, Internalized, Anticipated, Structural"
mfiat9,sexualassault,2021-03-30 9:21:42,Applicable,Stigma,"Experienced, Internalized, Anticipated, Structural"
mfg261,sexualassault,2021-03-29 11:46:27,Applicable,Stigma,Internalized
mfc61y,sexualassault,2021-03-28 23:36:20,Applicable,Stigma,"Experienced, Internalized"
mfc61y,sexualassault,2021-03-29 4:46:02,Applicable,Stigma,"Experienced, Internalized"
mfc61y,sexualassault,2021-03-29 22:32:44,Applicable,Stigma,"Experienced, Internalized"
mfbd6i,sexualassault,2021-03-28 23:28:28,Applicable,Stigma,
mf9p3o,sexualassault,2021-03-28 23:06:24,Applicable,Stigma,"Experienced, Internalized"
mf7b3o,sexualassault,2021-03-28 22:56:25,Applicable,Stigma,"Internalized, Anticipated"
mf7b3o,sexualassault,2021-03-28 19:25:13,Applicable,Stigma,"Internalized, Anticipated"
mf699v,sexualassault,2021-03-28 19:58:07,Applicable,Stigma,Internalized
mf5qcx,sexualassault,2021-03-28 18:53:03,Applicable,Stigma,"Experienced, Internalized, Anticipated, Structural"
mf40s4,sexualassault,2021-03-28 16:31:52,Applicable,Stigma,Internalized
mf40s4,sexualassault,2021-03-28 19:36:00,Applicable,Stigma,Internalized
mf2jde,sexualassault,2021-03-29 6:24:57,Applicable,Stigma,"Internalized, Anticipated"
mf1ddu,sexualassault,2021-03-28 15:50:17,Applicable,Stigma,"Experienced, Internalized"
mf1ddu,sexualassault,2021-03-28 22:09:02,Applicable,Stigma,"Experienced, Internalized"
mf01bs,sexualassault,2021-03-28 19:06:13,Applicable,Stigma,"Experienced, Internalized"
meta6d,sexualassault,2021-03-28 5:20:21,Applicable,Stigma,"Internalized, Anticipated"
meta6d,sexualassault,2021-03-28 21:06:38,Applicable,Stigma,"Internalized, Anticipated"
men4gi,sexualassault,2021-03-29 0:37:28,Applicable,Stigma,"Experienced, Internalized, Structural"
m73hoy,sexualassault,2021-03-17 21:18:23,Applicable,Stigma,"Internalized, Anticipated"
m73hoy,sexualassault,2021-03-18 0:08:58,Applicable,Stigma,"Internalized, Anticipated"
m6w7wu,sexualassault,2021-03-17 9:34:19,Applicable,Stigma,"Experienced, Internalized, Anticipated"
m6w7wu,sexualassault,2021-03-17 9:08:28,Applicable,Stigma,"Experienced, Internalized, Anticipated"
m6w7wu,sexualassault,2021-03-17 13:51:59,Applicable,Stigma,"Experienced, Internalized, Anticipated"
m6w7wu,sexualassault,2021-03-17 15:39:15,Applicable,Stigma,"Experienced, Internalized, Anticipated"
m6w7wu,sexualassault,2021-03-17 21:14:25,Applicable,Stigma,"Experienced, Internalized, Anticipated"
m6w7wu,sexualassault,2021-03-17 23:02:56,Applicable,Stigma,"Experienced, Internalized, Anticipated"
m6uens,sexualassault,2021-03-17 7:30:35,Applicable,Stigma,
m6ucw2,sexualassault,2021-03-17 10:45:49,Applicable,Stigma,"Internalized, Structural"
m6tkyq,sexualassault,2021-03-17 13:43:14,Applicable,Stigma,Internalized
m6s7tj,sexualassault,2021-03-17 5:41:13,Applicable,Stigma,Internalized
m6rmia,sexualassault,2021-03-17 4:08:28,Applicable,Stigma,
m6qtpj,sexualassault,2021-03-17 3:40:06,Applicable,Stigma,
m6ow7y,sexualassault,2021-03-17 3:17:25,Applicable,Stigma,"Internalized, Anticipated"
m6ow7y,sexualassault,2021-03-17 4:16:27,Applicable,Stigma,"Internalized, Anticipated"
m6ez35,sexualassault,2022-07-07 23:09:11,Applicable,Stigma,"Experienced, Internalized, Anticipated"
m6ez35,sexualassault,2022-07-07 23:10:23,Applicable,Stigma,"Experienced, Internalized, Anticipated"
m6ez35,sexualassault,2022-07-07 23:18:12,Applicable,Stigma,"Experienced, Internalized, Anticipated"
m6b8bb,sexualassault,2021-03-16 15:46:40,Applicable,Stigma,"Experienced, Anticipated"
m69inr,sexualassault,2021-03-16 17:50:01,Applicable,Stigma,Internalized
m6819g,sexualassault,2021-03-17 12:43:38,Applicable,Stigma,"Experienced, Internalized, Anticipated"
m67fcp,sexualassault,2021-03-16 12:31:17,Applicable,Stigma,Internalized
m67fcp,sexualassault,2021-03-16 16:30:47,Applicable,Stigma,Internalized
m67fcp,sexualassault,2021-03-16 17:43:58,Applicable,Stigma,Internalized
m65udc,sexualassault,2021-03-16 12:56:35,Applicable,Stigma,Internalized
m65udc,sexualassault,2021-03-16 19:26:49,Applicable,Stigma,Internalized
m65udc,sexualassault,2021-03-17 23:17:38,Applicable,Stigma,Internalized
m63nej,sexualassault,2021-03-16 7:57:28,Applicable,Stigma,"Internalized, Anticipated"
m63nej,sexualassault,2021-03-16 9:12:41,Applicable,Stigma,"Internalized, Anticipated"
m5zawp,sexualassault,2021-03-18 16:50:05,Applicable,Stigma,"Experienced, Anticipated"
m5z5ts,sexualassault,2021-03-16 2:49:57,Applicable,Stigma,"Experienced, Internalized, Anticipated"
m5z5ts,sexualassault,2021-03-16 5:12:13,Applicable,Stigma,"Experienced, Internalized, Anticipated"
m5z5ts,sexualassault,2021-03-16 7:10:34,Applicable,Stigma,"Experienced, Internalized, Anticipated"
m5yrsa,sexualassault,2021-03-16 21:08:49,Applicable,Stigma,"Experienced, Anticipated"
m5yrsa,sexualassault,2021-03-16 18:33:12,Applicable,Stigma,"Experienced, Anticipated"
m5wcwt,sexualassault,2021-03-16 0:28:53,Applicable,Stigma,"Experienced, Internalized, Anticipated"
m5wcwt,sexualassault,2021-03-16 5:25:56,Applicable,Stigma,"Experienced, Internalized, Anticipated"
m5uqsi,sexualassault,2021-03-16 15:34:37,Applicable,Stigma,"Internalized, Anticipated"
m5syyj,sexualassault,2021-03-15 20:24:51,Applicable,Stigma,"Internalized, Anticipated"
m5qzg3,sexualassault,2021-03-15 20:19:43,Applicable,Stigma,Internalized
m57ktc,sexualassault,2021-03-15 0:07:32,Applicable,Stigma,Internalized
m57ktc,sexualassault,2021-03-15 5:44:51,Applicable,Stigma,Internalized
m577si,sexualassault,2021-03-14 23:54:53,Applicable,Stigma,Internalized
m55zqs,sexualassault,2021-03-14 23:49:58,Applicable,Stigma,Internalized
m54bnp,sexualassault,2021-03-14 22:18:46,Applicable,Stigma,"Internalized, Anticipated"
m4t4pu,sexualassault,2021-03-15 0:10:53,Applicable,Stigma,"Internalized, Anticipated"
m4t4pu,sexualassault,2021-03-15 3:57:36,Applicable,Stigma,"Internalized, Anticipated"
m4lub5,sexualassault,2021-03-14 4:08:20,Applicable,Stigma,
m4juri,sexualassault,2021-05-04 2:12:48,Applicable,Stigma,Experienced
m4306j,sexualassault,2021-03-13 10:18:54,Applicable,Stigma,"Experienced, Anticipated"
m4306j,sexualassault,2021-03-13 21:57:10,Applicable,Stigma,"Experienced, Anticipated"
m3xfc3,sexualassault,2021-03-13 16:08:54,Applicable,Stigma,Experienced
m3vnea,sexualassault,2021-03-13 4:21:37,Applicable,Stigma,Internalized
m3vnea,sexualassault,2021-03-13 4:22:05,Applicable,Stigma,Internalized
m3vnea,sexualassault,2021-03-28 19:21:56,Applicable,Stigma,Internalized
m3u6fd,sexualassault,2021-03-13 4:22:06,Applicable,Stigma,Internalized
m3th4p,sexualassault,2021-03-13 16:48:15,Applicable,Stigma,"Internalized, Anticipated"
m2ufzh,sexualassault,2021-03-11 16:56:43,Applicable,Stigma,
m2qjh0,sexualassault,2021-03-11 22:55:06,Applicable,Stigma,Internalized
m2ohds,sexualassault,2021-03-11 15:07:22,Applicable,Stigma,"Internalized, Anticipated"
m2ohds,sexualassault,2021-03-11 11:55:44,Applicable,Stigma,"Internalized, Anticipated"
m2ohds,sexualassault,2021-03-11 16:09:06,Applicable,Stigma,"Internalized, Anticipated"
m2ohds,sexualassault,2021-03-11 16:26:46,Applicable,Stigma,"Internalized, Anticipated"
m2ohds,sexualassault,2021-03-12 0:15:32,Applicable,Stigma,"Internalized, Anticipated"
m2ohds,sexualassault,2021-03-12 18:27:27,Applicable,Stigma,"Internalized, Anticipated"
m2imyy,sexualassault,2021-03-11 10:46:58,Applicable,Stigma,"Internalized, Anticipated"
m2imyy,sexualassault,2021-03-11 11:58:15,Applicable,Stigma,"Internalized, Anticipated"
m2ihz4,sexualassault,2021-03-11 10:10:50,Applicable,Stigma,"Experienced, Internalized, Anticipated, Structural"
m2ihz4,sexualassault,2021-03-12 5:50:08,Applicable,Stigma,"Experienced, Internalized, Anticipated, Structural"
m2i7qe,sexualassault,2021-03-11 12:43:59,Applicable,Stigma,"Experienced, Internalized, Anticipated"
m2i7qe,sexualassault,2021-03-11 6:44:30,Applicable,Stigma,"Experienced, Internalized, Anticipated"
m2i7qe,sexualassault,2021-03-11 20:32:09,Applicable,Stigma,"Experienced, Internalized, Anticipated"
m2i7qe,sexualassault,2021-03-11 13:43:20,Applicable,Stigma,"Experienced, Internalized, Anticipated"
m2hutg,sexualassault,2021-03-11 5:00:52,Applicable,Stigma,"Internalized, Anticipated"
m2hutg,sexualassault,2021-11-13 0:28:50,Applicable,Stigma,"Internalized, Anticipated"
m2ha3d,sexualassault,2021-03-11 7:47:01,Applicable,Stigma,"Internalized, Anticipated"
m2ghag,sexualassault,2021-03-11 4:33:45,Applicable,Stigma,"Experienced, Internalized, Anticipated"
m2ghag,sexualassault,2021-03-11 4:47:47,Applicable,Stigma,"Experienced, Internalized, Anticipated"
m2df63,sexualassault,2021-03-11 2:59:03,Applicable,Stigma,Internalized
m201w0,sexualassault,2021-03-10 15:45:35,Applicable,Stigma,"Internalized, Anticipated"
m201w0,sexualassault,2021-03-10 17:30:28,Applicable,Stigma,"Internalized, Anticipated"
m201w0,sexualassault,2021-03-10 18:58:37,Applicable,Stigma,"Internalized, Anticipated"
m201w0,sexualassault,2021-03-10 23:11:06,Applicable,Stigma,"Internalized, Anticipated"
m201w0,sexualassault,2021-03-11 2:58:02,Applicable,Stigma,"Internalized, Anticipated"
m201w0,sexualassault,2021-03-11 4:33:42,Applicable,Stigma,"Internalized, Anticipated"
m201w0,sexualassault,2021-03-11 14:10:06,Applicable,Stigma,"Internalized, Anticipated"
m1mgai,sexualassault,2021-03-10 20:47:42,Applicable,Stigma,"Experienced, Internalized, Anticipated, Structural"
m1mgai,sexualassault,2021-03-10 19:36:44,Applicable,Stigma,"Experienced, Internalized, Anticipated, Structural"
m1lxdy,sexualassault,2021-03-10 7:58:49,Applicable,Stigma,Internalized
m1khsg,sexualassault,2021-03-10 8:19:33,Applicable,Stigma,Internalized
m1jv6v,sexualassault,2021-03-10 2:59:34,Applicable,Stigma,Internalized
m1iiz8,sexualassault,2021-03-10 4:45:12,Applicable,Stigma,"Experienced, Anticipated"
m1du25,sexualassault,2021-03-09 19:57:35,Applicable,Stigma,"Experienced, Internalized, Anticipated"
m1c444,sexualassault,2021-03-09 18:21:03,Applicable,Stigma,"Experienced, Internalized, Anticipated"
m1c444,sexualassault,2021-03-10 7:44:02,Applicable,Stigma,"Experienced, Internalized, Anticipated"
m1bcq4,sexualassault,2021-03-09 17:58:51,Applicable,Stigma,"Experienced, Internalized, Anticipated, Structural"
m1bcq4,sexualassault,2021-03-09 18:42:43,Applicable,Stigma,"Experienced, Internalized, Anticipated, Structural"
m15qf8,sexualassault,2021-03-09 16:40:32,Applicable,Stigma,
m11zrh,sexualassault,2021-03-09 8:10:29,Applicable,Stigma,"Internalized, Anticipated"
m11zrh,sexualassault,2021-03-09 18:02:01,Applicable,Stigma,"Internalized, Anticipated"
m0zg2o,sexualassault,2021-03-09 9:16:02,Applicable,Stigma,"Experienced, Anticipated, Structural"
m0yope,sexualassault,2021-03-09 15:07:33,Applicable,Stigma,"Experienced, Internalized, Anticipated"
m0yope,sexualassault,2021-03-10 0:02:38,Applicable,Stigma,"Experienced, Internalized, Anticipated"
m0ycuw,sexualassault,2021-03-10 20:18:46,Applicable,Stigma,Experienced
m0vtor,sexualassault,2021-03-09 1:53:11,Applicable,Stigma,
m0ra3x,sexualassault,2021-03-09 1:02:08,Applicable,Stigma,Anticipated
m0qlbh,sexualassault,2021-03-08 21:58:26,Applicable,Stigma,"Experienced, Internalized, Anticipated"
m0qlbh,sexualassault,2021-03-08 22:18:20,Applicable,Stigma,"Experienced, Internalized, Anticipated"
lztv96,sexualassault,2021-03-07 17:10:25,Applicable,Stigma,"Internalized, Anticipated"
lztv96,sexualassault,2021-03-07 17:10:34,Applicable,Stigma,"Internalized, Anticipated"
ly8ix7,sexualassault,2021-03-05 10:25:14,Applicable,Stigma,Internalized
ly8ix7,sexualassault,2021-03-05 11:28:20,Applicable,Stigma,Internalized
ly67h3,sexualassault,2021-03-05 7:35:30,Applicable,Stigma,Internalized
ly67h3,sexualassault,2021-03-09 4:28:08,Applicable,Stigma,Internalized
ly4wee,sexualassault,2021-03-05 5:28:07,Applicable,Stigma,"Experienced, Anticipated, Structural"
ly1qi6,sexualassault,2021-03-05 2:52:59,Applicable,Stigma,
ly1qi6,sexualassault,2021-03-05 7:33:49,Applicable,Stigma,
ly0439,sexualassault,2021-03-05 20:12:56,Applicable,Stigma,"Experienced, Internalized, Anticipated, Structural"
lxysha,sexualassault,2021-03-05 4:11:31,Applicable,Stigma,Internalized
lxysha,sexualassault,2021-03-08 15:03:54,Applicable,Stigma,Internalized
lxrp7w,sexualassault,2021-03-04 20:01:21,Applicable,Stigma,"Experienced, Internalized, Anticipated"
lxokad,sexualassault,2021-03-04 17:03:16,Applicable,Stigma,"Experienced, Internalized"
lxokad,sexualassault,2021-03-04 21:34:13,Applicable,Stigma,"Experienced, Internalized"
lxdo7h,sexualassault,2021-03-04 6:19:22,Applicable,Stigma,Experienced
lxbosv,sexualassault,2021-03-04 23:19:43,Applicable,Stigma,
lxb73o,sexualassault,2021-03-04 4:10:47,Applicable,Stigma,
lxb73o,sexualassault,2021-03-04 5:50:28,Applicable,Stigma,
lxb73o,sexualassault,2021-03-04 5:41:13,Applicable,Stigma,
lxb73o,sexualassault,2021-03-04 15:37:20,Applicable,Stigma,
lxb73o,sexualassault,2024-10-04 1:45:36,Applicable,Stigma,
lxb73o,sexualassault,2021-03-04 8:44:09,Applicable,Stigma,
lxb73o,sexualassault,2021-03-04 15:27:37,Applicable,Stigma,
lxaqxi,sexualassault,2021-03-05 5:36:46,Applicable,Stigma,"Internalized, Anticipated"
lx4at4,sexualassault,2021-03-04 0:11:34,Applicable,Stigma,"Experienced, Internalized, Anticipated"
lwtw4x,sexualassault,2021-03-03 13:30:06,Applicable,Stigma,"Internalized, Anticipated"
lwqrrz,sexualassault,2021-03-03 12:51:46,Applicable,Stigma,Internalized
lwqrrz,sexualassault,2021-03-03 12:28:31,Applicable,Stigma,Internalized
lwqrrz,sexualassault,2021-03-03 13:27:40,Applicable,Stigma,Internalized
lwqrrz,sexualassault,2021-03-03 16:58:13,Applicable,Stigma,Internalized
lwqrrz,sexualassault,2021-03-03 19:04:18,Applicable,Stigma,Internalized
lwqrrz,sexualassault,2021-03-03 12:08:16,Applicable,Stigma,Internalized
lwqrrz,sexualassault,2021-03-04 0:14:37,Applicable,Stigma,Internalized
lwpn1d,sexualassault,2021-03-04 6:00:51,Applicable,Stigma,Internalized
lwnkz2,sexualassault,2021-03-03 12:29:56,Applicable,Stigma,"Experienced, Internalized"
lwnkz2,sexualassault,2021-03-03 14:59:11,Applicable,Stigma,"Experienced, Internalized"
lwnkz2,sexualassault,2021-03-03 16:12:57,Applicable,Stigma,"Experienced, Internalized"
lwnkz2,sexualassault,2021-03-04 0:30:25,Applicable,Stigma,"Experienced, Internalized"
lwigrk,sexualassault,2021-03-03 6:54:57,Applicable,Stigma,"Experienced, Anticipated"
lu7mr4,sexualassault,2021-02-28 6:25:38,Applicable,Stigma,Internalized
lu7mr4,sexualassault,2021-03-09 23:28:59,Applicable,Stigma,Internalized
lu7mr4,sexualassault,2021-03-01 2:35:51,Applicable,Stigma,Internalized
lu1qvk,sexualassault,2021-02-28 2:13:50,Applicable,Stigma,"Internalized, Anticipated"
ltq8vp,sexualassault,2021-02-27 18:47:43,Applicable,Stigma,Internalized
ltq8vp,sexualassault,2021-02-27 17:51:28,Applicable,Stigma,Internalized
ltq8vp,sexualassault,2021-02-27 17:55:10,Applicable,Stigma,Internalized
ltq8vp,sexualassault,2021-02-28 6:34:43,Applicable,Stigma,Internalized
ltiurx,sexualassault,2021-02-27 7:32:33,Applicable,Stigma,"Internalized, Anticipated"
lthrgm,sexualassault,2021-02-27 7:42:51,Applicable,Stigma,Experienced
ltdgoc,sexualassault,2021-02-27 7:28:17,Applicable,Stigma,"Experienced, Internalized, Anticipated"
ltdgoc,sexualassault,2021-03-01 9:43:37,Applicable,Stigma,"Experienced, Internalized, Anticipated"
lt6ts8,sexualassault,2021-02-26 23:06:49,Applicable,Stigma,"Experienced, Anticipated"
lt4fci,sexualassault,2021-02-26 19:58:12,Applicable,Stigma,"Internalized, Anticipated"
lt4fci,sexualassault,2021-02-27 0:25:58,Applicable,Stigma,"Internalized, Anticipated"
lsuzpc,sexualassault,2021-02-26 15:43:52,Applicable,Stigma,"Internalized, Anticipated"
lsuzpc,sexualassault,2021-02-26 15:56:15,Applicable,Stigma,"Internalized, Anticipated"
lsuzpc,sexualassault,2021-02-27 13:09:10,Applicable,Stigma,"Internalized, Anticipated"
lsq82k,sexualassault,2021-02-26 5:23:35,Applicable,Stigma,Anticipated
lsq82k,sexualassault,2021-02-26 12:57:57,Applicable,Stigma,Anticipated
lspwfv,sexualassault,2021-02-26 9:19:10,Applicable,Stigma,"Experienced, Internalized, Anticipated, Structural"
lsonq3,sexualassault,2021-02-26 3:30:18,Applicable,Stigma,"Experienced, Internalized, Anticipated"
ls3s19,sexualassault,2021-02-25 22:33:31,Applicable,Stigma,"Experienced, Internalized, Anticipated"
ls26jy,sexualassault,2021-02-25 9:22:13,Applicable,Stigma,Internalized
ls26jy,sexualassault,2021-02-25 11:59:10,Applicable,Stigma,Internalized
lrup2i,sexualassault,2021-02-25 2:13:12,Applicable,Stigma,Internalized
lrup2i,sexualassault,2022-11-20 18:53:21,Applicable,Stigma,Internalized
lrup2i,sexualassault,2021-02-25 2:06:35,Applicable,Stigma,Internalized
lrrpr2,sexualassault,2021-02-25 0:37:01,Applicable,Stigma,Experienced
lrrhvr,sexualassault,2021-02-25 0:51:41,Applicable,Stigma,Internalized
lre5gs,sexualassault,2021-02-24 16:48:09,Applicable,Stigma,"Anticipated, Structural"
lre5gs,sexualassault,2021-02-24 20:09:03,Applicable,Stigma,"Anticipated, Structural"
lrd778,sexualassault,2021-02-24 16:35:53,Applicable,Stigma,
lrd778,sexualassault,2021-02-24 20:43:44,Applicable,Stigma,
lr7sbi,sexualassault,2021-02-24 8:49:00,Applicable,Stigma,"Experienced, Internalized"
lr7sbi,sexualassault,2021-02-24 11:11:12,Applicable,Stigma,"Experienced, Internalized"
lr7sbi,sexualassault,2021-02-24 11:40:03,Applicable,Stigma,"Experienced, Internalized"
lr7sbi,sexualassault,2021-02-24 14:57:46,Applicable,Stigma,"Experienced, Internalized"
lr7sbi,sexualassault,2021-02-24 19:21:35,Applicable,Stigma,"Experienced, Internalized"
lr7sbi,sexualassault,2021-02-25 2:30:49,Applicable,Stigma,"Experienced, Internalized"
lr76c1,sexualassault,2021-02-24 18:09:46,Applicable,Stigma,Internalized
lr0nsl,sexualassault,2021-02-25 1:29:07,Applicable,Stigma,Experienced
lqub6m,sexualassault,2021-02-24 4:53:32,Applicable,Stigma,"Anticipated, Structural"
lqub6m,sexualassault,2021-02-23 22:07:40,Applicable,Stigma,"Anticipated, Structural"
lqge9e,sexualassault,2021-02-23 14:54:27,Applicable,Stigma,Internalized
lqge9e,sexualassault,2021-02-23 17:06:22,Applicable,Stigma,Internalized
lqaxdo,sexualassault,2021-02-23 12:00:47,Applicable,Stigma,Internalized
lq7ieh,sexualassault,2021-02-23 3:21:09,Applicable,Stigma,"Experienced, Internalized"
lq5u8u,sexualassault,2021-02-23 3:40:13,Applicable,Stigma,Internalized
lq5u8u,sexualassault,2021-02-23 3:57:38,Applicable,Stigma,Internalized
lq2g0a,sexualassault,2021-02-22 23:46:05,Applicable,Stigma,"Experienced, Internalized, Anticipated"
lq2ba5,sexualassault,2021-02-22 23:53:23,Applicable,Stigma,"Internalized, Anticipated"
lpz1h6,sexualassault,2021-02-23 10:20:37,Applicable,Stigma,"Experienced, Internalized, Anticipated"
lpxfsn,sexualassault,2021-02-23 0:16:51,Applicable,Stigma,Anticipated
lpxfsn,sexualassault,2021-02-23 4:19:37,Applicable,Stigma,Anticipated
lpxc9d,sexualassault,2021-02-22 22:01:56,Applicable,Stigma,"Experienced, Internalized, Anticipated, Structural"
lpxc9d,sexualassault,2021-02-22 20:10:56,Applicable,Stigma,"Experienced, Internalized, Anticipated, Structural"
lpxc9d,sexualassault,2021-02-23 2:02:25,Applicable,Stigma,"Experienced, Internalized, Anticipated, Structural"
lpqgm1,sexualassault,2021-02-24 0:02:48,Applicable,Stigma,Internalized
lplxow,sexualassault,2021-02-22 12:44:25,Applicable,Stigma,"Experienced, Internalized, Anticipated"
lpjqx9,sexualassault,2021-02-22 11:09:18,Applicable,Stigma,"Internalized, Anticipated"
lpjqx9,sexualassault,2021-02-22 12:24:31,Applicable,Stigma,"Internalized, Anticipated"
lpd2zb,sexualassault,2021-02-22 4:29:03,Applicable,Stigma,"Experienced, Internalized"
lp9cbg,sexualassault,2021-02-22 0:16:03,Applicable,Stigma,"Experienced, Internalized, Anticipated"
lp9cbg,sexualassault,2021-02-22 0:17:58,Applicable,Stigma,"Experienced, Internalized, Anticipated"
lp9cbg,sexualassault,2021-02-22 3:24:43,Applicable,Stigma,"Experienced, Internalized, Anticipated"
lp83jq,sexualassault,2021-02-23 3:09:51,Applicable,Stigma,"Internalized, Anticipated"
lp0n4b,sexualassault,2021-02-21 17:42:43,Applicable,Stigma,
lp0ln2,sexualassault,2021-02-22 7:39:18,Applicable,Stigma,"Experienced, Internalized"
lorlei,sexualassault,2021-02-21 12:29:21,Applicable,Stigma,"Experienced, Anticipated"
loq36k,sexualassault,2021-02-28 1:40:27,Applicable,Stigma,"Experienced, Internalized, Anticipated"
loo6qx,sexualassault,2021-02-21 9:59:05,Applicable,Stigma,"Internalized, Anticipated"
lolc36,sexualassault,2021-02-21 2:29:24,Applicable,Stigma,"Experienced, Internalized, Anticipated"
lohhls,sexualassault,2021-02-21 1:00:01,Applicable,Stigma,"Experienced, Internalized, Anticipated"
lo8mu7,sexualassault,2021-02-20 16:01:52,Applicable,Stigma,"Experienced, Internalized, Anticipated, Structural"
lnwf7s,sexualassault,2021-02-20 3:08:43,Applicable,Stigma,Internalized
lnwf7s,sexualassault,2021-02-20 3:16:07,Applicable,Stigma,Internalized
lnuqvp,sexualassault,2021-02-20 20:38:28,Applicable,Stigma,"Experienced, Internalized, Anticipated"
lnrziz,sexualassault,2021-02-19 22:22:24,Applicable,Stigma,Internalized
lnef5p,sexualassault,2021-02-19 18:59:37,Applicable,Stigma,Internalized
lndvlh,sexualassault,2021-02-19 12:18:53,Applicable,Stigma,"Experienced, Internalized, Anticipated"
lndvlh,sexualassault,2021-02-19 14:27:01,Applicable,Stigma,"Experienced, Internalized, Anticipated"
lndvlh,sexualassault,2021-02-19 13:39:47,Applicable,Stigma,"Experienced, Internalized, Anticipated"
lndvlh,sexualassault,2021-02-19 16:48:43,Applicable,Stigma,"Experienced, Internalized, Anticipated"
lndvlh,sexualassault,2021-02-19 22:08:30,Applicable,Stigma,"Experienced, Internalized, Anticipated"
lnc7bx,sexualassault,2021-02-19 12:21:27,Applicable,Stigma,"Experienced, Internalized, Anticipated"
lnc7bx,sexualassault,2021-02-19 11:21:43,Applicable,Stigma,"Experienced, Internalized, Anticipated"
lnc7bx,sexualassault,2021-02-20 22:53:58,Applicable,Stigma,"Experienced, Internalized, Anticipated"
ln5spt,sexualassault,2021-02-19 4:07:38,Applicable,Stigma,Internalized
ln5spt,sexualassault,2021-02-19 10:42:30,Applicable,Stigma,Internalized
ln2sn7,sexualassault,2021-02-19 1:29:31,Applicable,Stigma,"Internalized, Anticipated"
lmkgux,sexualassault,2021-02-18 12:04:02,Applicable,Stigma,Internalized
lmkgux,sexualassault,2021-02-18 16:20:12,Applicable,Stigma,Internalized
lmkgux,sexualassault,2021-02-28 5:52:14,Applicable,Stigma,Internalized
lmfyo7,sexualassault,2021-02-18 7:07:51,Applicable,Stigma,Internalized
lmfyo7,sexualassault,2021-02-18 14:05:05,Applicable,Stigma,Internalized
lmeexu,sexualassault,2021-02-18 7:10:15,Applicable,Stigma,"Experienced, Internalized"
lmdn8w,sexualassault,2021-02-18 7:33:03,Applicable,Stigma,"Internalized, Anticipated"
lmdn8w,sexualassault,2021-02-19 11:08:22,Applicable,Stigma,"Internalized, Anticipated"
lmbrmb,sexualassault,2021-02-18 3:41:24,Applicable,Stigma,"Internalized, Anticipated"
lmb1tt,sexualassault,2021-02-18 2:09:26,Applicable,Stigma,
lmb1tt,sexualassault,2021-02-18 2:18:05,Applicable,Stigma,
lmb1tt,sexualassault,2021-02-18 4:32:57,Applicable,Stigma,
lm9fdv,sexualassault,2021-02-18 4:38:01,Applicable,Stigma,"Internalized, Anticipated"
lm5jxz,sexualassault,2021-02-18 1:00:47,Applicable,Stigma,"Experienced, Anticipated"
lm5jxz,sexualassault,2021-02-18 2:06:50,Applicable,Stigma,"Experienced, Anticipated"
lm5jxz,sexualassault,2021-02-18 8:55:59,Applicable,Stigma,"Experienced, Anticipated"
lm55kj,sexualassault,2021-02-18 7:02:46,Applicable,Stigma,Internalized
lm55kj,sexualassault,2021-02-18 7:03:47,Applicable,Stigma,Internalized
llfgkp,sexualassault,2021-02-16 22:44:07,Applicable,Stigma,"Experienced, Internalized"
ll1yge,sexualassault,2021-02-16 14:19:18,Applicable,Stigma,"Experienced, Internalized, Anticipated"
ll1yge,sexualassault,2021-02-16 15:46:21,Applicable,Stigma,"Experienced, Internalized, Anticipated"
lkz99f,sexualassault,2021-02-16 8:14:48,Applicable,Stigma,"Experienced, Internalized, Anticipated"
lkt6ky,sexualassault,2021-02-16 3:15:39,Applicable,Stigma,Internalized
lkt6ky,sexualassault,2021-02-16 3:44:46,Applicable,Stigma,Internalized
lkt6ky,sexualassault,2021-02-16 6:58:37,Applicable,Stigma,Internalized
lksjtw,sexualassault,2021-02-16 9:12:53,Applicable,Stigma,"Internalized, Anticipated"
lkrlsg,sexualassault,2021-02-16 1:04:54,Applicable,Stigma,"Experienced, Internalized, Anticipated, Structural"
lkopwa,sexualassault,2021-02-16 1:27:56,Applicable,Stigma,"Experienced, Internalized, Anticipated"
lkf987,sexualassault,2021-02-15 20:58:12,Applicable,Stigma,Internalized
lkf987,sexualassault,2021-02-15 22:07:01,Applicable,Stigma,Internalized
lk4enc,sexualassault,2021-02-15 3:53:25,Applicable,Stigma,"Experienced, Internalized, Anticipated"
lk4enc,sexualassault,2021-02-15 8:29:30,Applicable,Stigma,"Experienced, Internalized, Anticipated"
lk1bhq,sexualassault,2021-02-15 0:39:40,Applicable,Stigma,"Experienced, Anticipated"
ljz5w6,sexualassault,2021-02-15 1:22:02,Applicable,Stigma,Internalized
ljrc3g,sexualassault,2021-02-14 19:12:59,Applicable,Stigma,"Experienced, Internalized"
ljrc3g,sexualassault,2021-02-14 20:14:41,Applicable,Stigma,"Experienced, Internalized"
ljrc3g,sexualassault,2021-02-14 23:32:19,Applicable,Stigma,"Experienced, Internalized"
ljkxtg,sexualassault,2021-02-14 8:49:40,Applicable,Stigma,Experienced
ljkbxd,sexualassault,2021-02-14 13:50:20,Applicable,Stigma,"Experienced, Anticipated, Structural"
lji9pb,sexualassault,2021-02-14 5:47:11,Applicable,Stigma,"Internalized, Anticipated"
ljg9ww,sexualassault,2021-02-14 8:30:21,Applicable,Stigma,"Experienced, Internalized, Anticipated"
lje78g,sexualassault,2021-02-14 9:46:06,Applicable,Stigma,"Experienced, Internalized"
ljd3iw,sexualassault,2021-02-14 2:21:24,Applicable,Stigma,"Experienced, Internalized, Anticipated, Structural"
ljct9b,sexualassault,2021-02-14 4:57:41,Applicable,Stigma,
ljc5wb,sexualassault,2021-02-13 23:34:30,Applicable,Stigma,"Experienced, Internalized, Anticipated"
lj7lbr,sexualassault,2021-02-14 3:39:39,Applicable,Stigma,"Experienced, Internalized, Anticipated, Structural"
lj0e7j,sexualassault,2021-02-13 13:32:19,Applicable,Stigma,Internalized
liyjzx,sexualassault,2021-02-13 11:21:36,Applicable,Stigma,Internalized
lissf7,sexualassault,2021-02-13 5:08:05,Applicable,Stigma,"Experienced, Internalized"
lissf7,sexualassault,2021-02-13 6:27:12,Applicable,Stigma,"Experienced, Internalized"
lipwrw,sexualassault,2021-03-06 1:35:36,Applicable,Stigma,"Experienced, Internalized, Anticipated"
lipwrw,sexualassault,2021-02-13 6:40:34,Applicable,Stigma,"Experienced, Internalized, Anticipated"
linvxr,sexualassault,2021-02-12 23:59:58,Applicable,Stigma,Internalized
lik3ep,sexualassault,2021-02-12 21:26:57,Applicable,Stigma,Internalized
lik3ep,sexualassault,2021-02-13 7:17:43,Applicable,Stigma,Internalized
lib4za,sexualassault,2021-02-12 14:25:49,Applicable,Stigma,Internalized
lib4za,sexualassault,2021-02-12 15:25:39,Applicable,Stigma,Internalized
li7njk,sexualassault,2021-02-12 16:47:03,Applicable,Stigma,"Experienced, Internalized"
li2l7o,sexualassault,2021-02-12 14:20:19,Applicable,Stigma,"Internalized, Anticipated"
li2ety,sexualassault,2021-02-12 7:44:33,Applicable,Stigma,"Internalized, Anticipated"
lhtvoj,sexualassault,2021-02-11 20:28:09,Applicable,Stigma,"Experienced, Internalized, Anticipated, Structural"
lhtvoj,sexualassault,2021-02-12 10:01:49,Applicable,Stigma,"Experienced, Internalized, Anticipated, Structural"
lht4t7,sexualassault,2021-02-12 1:58:17,Applicable,Stigma,"Experienced, Internalized"
lht4t7,sexualassault,2021-02-18 12:08:22,Applicable,Stigma,"Experienced, Internalized"
lhjfe5,sexualassault,2021-02-11 13:19:29,Applicable,Stigma,Internalized
lhj93d,sexualassault,2021-02-11 12:16:07,Applicable,Stigma,Anticipated
lhj93d,sexualassault,2024-09-23 23:32:22,Applicable,Stigma,Anticipated
lhj93d,sexualassault,2021-02-11 13:48:27,Applicable,Stigma,Anticipated
lhj93d,sexualassault,2021-02-11 16:51:29,Applicable,Stigma,Anticipated
lhifjn,sexualassault,2021-02-11 12:41:24,Applicable,Stigma,"Experienced, Internalized, Anticipated"
lhifjn,sexualassault,2021-02-11 14:22:45,Applicable,Stigma,"Experienced, Internalized, Anticipated"
lheqi9,sexualassault,2021-02-11 11:08:24,Applicable,Stigma,Experienced
lheqi9,sexualassault,2021-02-11 7:07:22,Applicable,Stigma,Experienced
lhakog,sexualassault,2021-02-11 6:11:21,Applicable,Stigma,
lha0a4,sexualassault,2021-02-11 4:24:53,Applicable,Stigma,"Experienced, Internalized, Anticipated"
lha0a4,sexualassault,2021-02-11 5:34:15,Applicable,Stigma,"Experienced, Internalized, Anticipated"
lha0a4,sexualassault,2021-02-11 5:39:37,Applicable,Stigma,"Experienced, Internalized, Anticipated"
lh8yed,sexualassault,2021-02-11 9:27:57,Applicable,Stigma,"Experienced, Internalized, Structural"
lh8oe7,sexualassault,2021-02-11 5:44:37,Applicable,Stigma,"Internalized, Anticipated"
lh7waz,sexualassault,2021-02-11 17:04:37,Applicable,Stigma,"Experienced, Internalized, Anticipated"
lh245w,sexualassault,2021-02-10 20:23:04,Applicable,Stigma,"Experienced, Internalized, Anticipated"
lg938b,sexualassault,2021-02-09 19:26:39,Applicable,Stigma,"Experienced, Internalized, Anticipated"
lg938b,sexualassault,2021-02-09 20:57:24,Applicable,Stigma,"Experienced, Internalized, Anticipated"
lg938b,sexualassault,2021-02-09 19:51:10,Applicable,Stigma,"Experienced, Internalized, Anticipated"
lg938b,sexualassault,2021-02-09 19:19:56,Applicable,Stigma,"Experienced, Internalized, Anticipated"
lg1zn3,sexualassault,2021-02-09 13:18:34,Applicable,Stigma,Internalized
lfyttt,sexualassault,2021-02-09 9:27:03,Applicable,Stigma,"Experienced, Internalized, Anticipated, Structural"
lfyttt,sexualassault,2021-02-09 10:06:55,Applicable,Stigma,"Experienced, Internalized, Anticipated, Structural"
lfxz2j,sexualassault,2021-02-09 9:30:46,Applicable,Stigma,"Experienced, Internalized, Anticipated, Structural"
lfxz2j,sexualassault,2021-02-09 12:30:14,Applicable,Stigma,"Experienced, Internalized, Anticipated, Structural"
lfxz2j,sexualassault,2021-02-09 13:04:11,Applicable,Stigma,"Experienced, Internalized, Anticipated, Structural"
lfxz2j,sexualassault,2021-02-09 16:09:59,Applicable,Stigma,"Experienced, Internalized, Anticipated, Structural"
lfxz2j,sexualassault,2021-02-09 16:45:25,Applicable,Stigma,"Experienced, Internalized, Anticipated, Structural"
lfxz2j,sexualassault,2021-02-09 15:45:52,Applicable,Stigma,"Experienced, Internalized, Anticipated, Structural"
lfxz2j,sexualassault,2021-02-09 16:30:56,Applicable,Stigma,"Experienced, Internalized, Anticipated, Structural"
lfxz2j,sexualassault,2021-02-09 18:02:59,Applicable,Stigma,"Experienced, Internalized, Anticipated, Structural"
lfxz2j,sexualassault,2021-02-09 17:36:18,Applicable,Stigma,"Experienced, Internalized, Anticipated, Structural"
lfshft,sexualassault,2021-02-09 4:30:56,Applicable,Stigma,"Experienced, Internalized, Anticipated"
lfshft,sexualassault,2021-02-09 6:09:53,Applicable,Stigma,"Experienced, Internalized, Anticipated"
lfshft,sexualassault,2021-02-09 6:16:34,Applicable,Stigma,"Experienced, Internalized, Anticipated"
lfr76d,sexualassault,2021-02-09 2:13:26,Applicable,Stigma,Anticipated
lfo4px,sexualassault,2021-02-08 22:49:50,Applicable,Stigma,"Internalized, Anticipated"
lfo4px,sexualassault,2021-02-08 23:05:26,Applicable,Stigma,"Internalized, Anticipated"
lfkw5e,sexualassault,2021-02-08 22:13:05,Applicable,Stigma,Experienced
lfkw5e,sexualassault,2021-02-08 23:01:36,Applicable,Stigma,Experienced
lfkw5e,sexualassault,2021-02-09 7:48:33,Applicable,Stigma,Experienced
lf2rnd,sexualassault,2021-02-08 16:52:43,Applicable,Stigma,"Experienced, Internalized, Structural"
lf1mki,sexualassault,2021-02-08 4:22:22,Applicable,Stigma,Internalized
lcsews,sexualassault,2021-02-05 3:10:50,Applicable,Stigma,"Experienced, Internalized, Anticipated"
lcp512,sexualassault,2021-02-05 0:31:16,Applicable,Stigma,"Experienced, Internalized"
lceigr,sexualassault,2021-02-04 12:33:19,Applicable,Stigma,"Experienced, Internalized, Anticipated"
lcdalp,sexualassault,2021-02-04 11:09:13,Applicable,Stigma,Internalized
lc6hvq,sexualassault,2021-02-04 3:34:30,Applicable,Stigma,"Experienced, Internalized"
lbnpqm,sexualassault,2021-02-04 13:05:00,Applicable,Stigma,Internalized
lbkb3x,sexualassault,2021-02-03 23:51:20,Applicable,Stigma,"Experienced, Internalized, Anticipated"
lbeqne,sexualassault,2021-02-03 3:45:16,Applicable,Stigma,"Experienced, Internalized, Anticipated"
lbeqne,sexualassault,2021-02-03 3:46:28,Applicable,Stigma,"Experienced, Internalized, Anticipated"
lbaopu,sexualassault,2021-02-15 6:02:45,Applicable,Stigma,Internalized
lb8ctl,sexualassault,2021-02-02 23:30:13,Applicable,Stigma,Structural
lap43n,sexualassault,2021-02-02 10:21:15,Applicable,Stigma,Internalized
lan087,sexualassault,2021-02-02 6:28:47,Applicable,Stigma,Internalized
laf4qj,sexualassault,2021-02-02 0:32:27,Applicable,Stigma,"Experienced, Internalized, Anticipated"
laf4qj,sexualassault,2021-02-01 22:51:47,Applicable,Stigma,"Experienced, Internalized, Anticipated"
laf4qj,sexualassault,2021-02-01 23:34:49,Applicable,Stigma,"Experienced, Internalized, Anticipated"
laf4qj,sexualassault,2021-02-02 6:07:48,Applicable,Stigma,"Experienced, Internalized, Anticipated"
la9f9v,sexualassault,2021-02-01 19:09:54,Applicable,Stigma,Internalized
la5ew3,sexualassault,2021-02-06 20:41:35,Applicable,Stigma,"Experienced, Internalized"
la2gzz,sexualassault,2021-02-07 1:41:58,Applicable,Stigma,"Experienced, Internalized, Anticipated"
l9t8au,sexualassault,2021-02-01 4:17:36,Applicable,Stigma,Internalized
l9r2w0,sexualassault,2021-02-01 14:25:06,Applicable,Stigma,"Experienced, Internalized"
l9r2w0,sexualassault,2021-02-01 1:34:27,Applicable,Stigma,"Experienced, Internalized"
l9r2w0,sexualassault,2021-02-01 1:48:02,Applicable,Stigma,"Experienced, Internalized"
l9odq5,sexualassault,2021-02-01 1:15:58,Applicable,Stigma,"Experienced, Internalized, Anticipated"
l9odq5,sexualassault,2021-02-02 4:18:40,Applicable,Stigma,"Experienced, Internalized, Anticipated"
l9n8sv,sexualassault,2021-01-31 23:30:23,Applicable,Stigma,"Experienced, Internalized"
l9krl8,sexualassault,2021-02-04 2:07:51,Applicable,Stigma,"Internalized, Anticipated"
l9krl8,sexualassault,2021-07-09 11:02:42,Applicable,Stigma,"Internalized, Anticipated"
l9iuxe,sexualassault,2021-01-31 18:49:16,Applicable,Stigma,Internalized
l9iuxe,sexualassault,2021-02-02 12:23:34,Applicable,Stigma,Internalized
l9e981,sexualassault,2021-01-31 17:53:04,Applicable,Stigma,"Internalized, Anticipated"
l9e981,sexualassault,2021-01-31 18:19:08,Applicable,Stigma,"Internalized, Anticipated"
l9e981,sexualassault,2021-01-31 19:50:58,Applicable,Stigma,"Internalized, Anticipated"
l9ddol,sexualassault,2021-01-31 17:04:11,Applicable,Stigma,"Internalized, Anticipated"
l9ddol,sexualassault,2021-01-31 22:38:59,Applicable,Stigma,"Internalized, Anticipated"
l9ddol,sexualassault,2021-01-31 16:20:02,Applicable,Stigma,"Internalized, Anticipated"
l8msam,sexualassault,2021-01-30 20:11:09,Applicable,Stigma,"Experienced, Anticipated, Structural"
l8l6dq,sexualassault,2021-01-30 23:09:34,Applicable,Stigma,
l8ij6b,sexualassault,2021-01-30 10:06:50,Applicable,Stigma,"Experienced, Internalized, Anticipated"
l8ij6b,sexualassault,2021-01-30 14:01:01,Applicable,Stigma,"Experienced, Internalized, Anticipated"
l8ij6b,sexualassault,2021-01-30 14:26:33,Applicable,Stigma,"Experienced, Internalized, Anticipated"
l8ij6b,sexualassault,2021-01-30 20:53:28,Applicable,Stigma,"Experienced, Internalized, Anticipated"
l8ij6b,sexualassault,2021-01-30 22:31:45,Applicable,Stigma,"Experienced, Internalized, Anticipated"
l8c50v,sexualassault,2021-01-30 3:11:40,Applicable,Stigma,
l8a3i9,sexualassault,2021-01-30 3:57:38,Applicable,Stigma,"Experienced, Internalized, Anticipated"
l8a3i9,sexualassault,2021-01-30 7:24:39,Applicable,Stigma,"Experienced, Internalized, Anticipated"
l843eh,sexualassault,2021-01-30 2:11:31,Applicable,Stigma,"Experienced, Internalized"
l7z9wr,sexualassault,2021-01-29 20:02:55,Applicable,Stigma,Internalized
l7r475,sexualassault,2021-01-29 23:37:01,Applicable,Stigma,Internalized
l7kdpi,sexualassault,2021-01-29 10:04:43,Applicable,Stigma,"Experienced, Internalized, Anticipated"
l7g0ex,sexualassault,2021-01-29 2:27:19,Applicable,Stigma,"Experienced, Internalized, Anticipated, Structural"
l7g0ex,sexualassault,2021-01-29 11:45:32,Applicable,Stigma,"Experienced, Internalized, Anticipated, Structural"
l7g0ex,sexualassault,2021-01-29 3:23:24,Applicable,Stigma,"Experienced, Internalized, Anticipated, Structural"
l7g0ex,sexualassault,2021-01-29 7:07:49,Applicable,Stigma,"Experienced, Internalized, Anticipated, Structural"
l7g0ex,sexualassault,2021-01-29 12:13:23,Applicable,Stigma,"Experienced, Internalized, Anticipated, Structural"
l7g0ex,sexualassault,2021-01-29 17:22:04,Applicable,Stigma,"Experienced, Internalized, Anticipated, Structural"
l7cdly,sexualassault,2021-01-29 1:30:19,Applicable,Stigma,
l7cdly,sexualassault,2021-01-29 19:28:21,Applicable,Stigma,
l7bvmy,sexualassault,2021-01-29 3:27:14,Applicable,Stigma,Internalized
l77et8,sexualassault,2021-01-28 20:46:44,Applicable,Stigma,"Internalized, Anticipated"
l77et8,sexualassault,2021-01-28 23:13:02,Applicable,Stigma,"Internalized, Anticipated"
l77et8,sexualassault,2021-01-29 1:25:10,Applicable,Stigma,"Internalized, Anticipated"
l77et8,sexualassault,2021-01-29 1:57:56,Applicable,Stigma,"Internalized, Anticipated"
l6k2c1,sexualassault,2021-01-28 12:09:01,Applicable,Stigma,Internalized
l6k2c1,sexualassault,2021-01-28 3:07:33,Applicable,Stigma,Internalized
l6j4we,sexualassault,2021-01-28 3:51:04,Applicable,Stigma,
l6hrgp,sexualassault,2021-01-28 19:46:39,Applicable,Stigma,Internalized
l6f33q,sexualassault,2021-01-28 6:13:03,Applicable,Stigma,"Experienced, Internalized, Anticipated"
l6f33q,sexualassault,2021-01-28 8:15:36,Applicable,Stigma,"Experienced, Internalized, Anticipated"
l6b74c,sexualassault,2021-01-27 20:39:04,Applicable,Stigma,Internalized
l6b74c,sexualassault,2021-01-27 20:39:11,Applicable,Stigma,Internalized
l5gjs5,sexualassault,2021-01-26 20:27:23,Applicable,Stigma,
l5bzw1,sexualassault,2021-01-26 11:26:59,Applicable,Stigma,"Experienced, Internalized, Anticipated"
l4vy7e,sexualassault,2021-01-25 21:07:59,Applicable,Stigma,Internalized
l4vy7e,sexualassault,2021-01-25 21:36:15,Applicable,Stigma,Internalized
l4vy7e,sexualassault,2021-01-26 1:44:00,Applicable,Stigma,Internalized
l4vrsn,sexualassault,2021-01-25 20:07:53,Applicable,Stigma,"Experienced, Internalized, Anticipated"
l4vrsn,sexualassault,2021-01-25 21:21:05,Applicable,Stigma,"Experienced, Internalized, Anticipated"
l4vrsn,sexualassault,2021-01-26 5:05:09,Applicable,Stigma,"Experienced, Internalized, Anticipated"
l4i0zn,sexualassault,2021-01-25 7:41:28,Applicable,Stigma,Anticipated
l4geof,sexualassault,2021-01-25 7:25:00,Applicable,Stigma,Internalized
l4geof,sexualassault,2021-01-25 5:24:54,Applicable,Stigma,Internalized
l4geof,sexualassault,2021-01-26 1:55:56,Applicable,Stigma,Internalized
l4f1l5,sexualassault,2021-01-25 5:42:20,Applicable,Stigma,Internalized
l4f1l5,sexualassault,2021-01-26 2:05:18,Applicable,Stigma,Internalized
l4dfpf,sexualassault,2021-01-25 2:07:24,Applicable,Stigma,
l4dfpf,sexualassault,2021-01-27 9:27:49,Applicable,Stigma,
l4dfpf,sexualassault,2021-02-27 0:13:05,Applicable,Stigma,
l4cxvw,sexualassault,2021-01-25 3:58:09,Applicable,Stigma,"Experienced, Internalized, Anticipated"
l4c9x9,sexualassault,2021-01-25 2:29:47,Applicable,Stigma,"Experienced, Internalized, Anticipated"
l4c9x9,sexualassault,2021-01-25 4:49:53,Applicable,Stigma,"Experienced, Internalized, Anticipated"
l4a1gq,sexualassault,2021-01-25 0:28:15,Applicable,Stigma,"Experienced, Internalized, Anticipated"
l49tfu,sexualassault,2021-01-24 23:00:43,Applicable,Stigma,Internalized
l456im,sexualassault,2021-01-24 22:40:26,Applicable,Stigma,Internalized
l44jyk,sexualassault,2021-01-24 18:31:37,Applicable,Stigma,"Experienced, Internalized, Anticipated"
l430rl,sexualassault,2021-01-24 18:05:50,Applicable,Stigma,Internalized
l3y65z,sexualassault,2021-01-24 11:59:37,Applicable,Stigma,"Internalized, Anticipated"
l3w3lo,sexualassault,2021-01-24 9:42:33,Applicable,Stigma,Internalized
l3w3lo,sexualassault,2021-01-24 13:47:33,Applicable,Stigma,Internalized
l3w3lo,sexualassault,2021-01-24 18:06:32,Applicable,Stigma,Internalized
l3tdgy,sexualassault,2021-01-24 14:45:31,Applicable,Stigma,"Experienced, Internalized, Anticipated"
l3q37s,sexualassault,2021-01-24 2:50:33,Applicable,Stigma,"Internalized, Anticipated"
l3lpv5,sexualassault,2021-01-24 0:57:55,Applicable,Stigma,"Internalized, Anticipated"
l3jxg7,sexualassault,2021-01-23 21:58:47,Applicable,Stigma,Internalized
l3ahpx,sexualassault,2021-01-23 14:41:39,Applicable,Stigma,"Experienced, Internalized, Anticipated, Structural"
l3ahpx,sexualassault,2021-01-23 12:00:36,Applicable,Stigma,"Experienced, Internalized, Anticipated, Structural"
l397ag,sexualassault,2023-06-03 8:21:15,Applicable,Stigma,"Internalized, Anticipated"
l3922u,sexualassault,2021-01-23 10:06:27,Applicable,Stigma,"Experienced, Internalized, Anticipated, Structural"
l3922u,sexualassault,2021-01-23 12:39:24,Applicable,Stigma,"Experienced, Internalized, Anticipated, Structural"
l3922u,sexualassault,2021-01-23 19:08:41,Applicable,Stigma,"Experienced, Internalized, Anticipated, Structural"
l3922u,sexualassault,2021-01-23 20:21:20,Applicable,Stigma,"Experienced, Internalized, Anticipated, Structural"
l37do3,sexualassault,2021-01-23 7:16:56,Applicable,Stigma,"Internalized, Anticipated"
l37do3,sexualassault,2021-01-23 7:57:55,Applicable,Stigma,"Internalized, Anticipated"
l37avb,sexualassault,2021-01-23 7:10:12,Applicable,Stigma,"Experienced, Internalized"
l2q0kd,sexualassault,2021-01-22 17:40:26,Applicable,Stigma,"Experienced, Internalized"
l2h9jx,sexualassault,2021-01-22 6:44:47,Applicable,Stigma,"Internalized, Anticipated"
l2go4j,sexualassault,2021-01-22 5:24:12,Applicable,Stigma,Anticipated
l2eoak,sexualassault,2021-01-22 3:19:59,Applicable,Stigma,"Experienced, Internalized, Anticipated"
l2buv1,sexualassault,2021-02-02 6:09:41,Applicable,Stigma,"Experienced, Internalized"
l2bqr4,sexualassault,2021-01-22 1:21:42,Applicable,Stigma,"Experienced, Internalized, Anticipated"
l211tg,sexualassault,2021-01-21 18:36:38,Applicable,Stigma,Internalized
l1wb73,sexualassault,2021-01-21 16:19:43,Applicable,Stigma,"Experienced, Internalized, Anticipated"
l1vtav,sexualassault,2021-01-21 14:06:30,Applicable,Stigma,"Experienced, Anticipated"
l1vtav,sexualassault,2021-01-21 16:01:37,Applicable,Stigma,"Experienced, Anticipated"
l1vtav,sexualassault,2021-01-21 16:42:30,Applicable,Stigma,"Experienced, Anticipated"
l1vtav,sexualassault,2021-01-22 5:11:02,Applicable,Stigma,"Experienced, Anticipated"
l1p1fp,sexualassault,2021-01-21 4:49:51,Applicable,Stigma,Experienced
l1p1fp,sexualassault,2021-01-21 10:04:13,Applicable,Stigma,Experienced
l1oo4r,sexualassault,2021-01-21 3:15:08,Applicable,Stigma,Internalized
l1oo4r,sexualassault,2021-01-21 5:05:52,Applicable,Stigma,Internalized
l1oo4r,sexualassault,2021-01-21 16:32:33,Applicable,Stigma,Internalized
l1loej,sexualassault,2021-01-21 3:06:54,Applicable,Stigma,"Experienced, Internalized"
l1loej,sexualassault,2021-01-21 16:08:16,Applicable,Stigma,"Experienced, Internalized"
l1k35n,sexualassault,2021-01-21 2:51:21,Applicable,Stigma,"Internalized, Anticipated"
l1af0h,sexualassault,2021-01-20 15:21:10,Applicable,Stigma,"Experienced, Internalized, Anticipated"
l14nk2,sexualassault,2021-01-23 11:11:51,Applicable,Stigma,"Internalized, Anticipated"
l0zsey,sexualassault,2021-01-22 13:51:15,Applicable,Stigma,
l0pyab,sexualassault,2021-01-20 3:11:36,Applicable,Stigma,"Experienced, Internalized, Anticipated"
l0opw4,sexualassault,2021-01-20 17:09:11,Applicable,Stigma,"Experienced, Internalized, Anticipated"
l0aao1,sexualassault,2021-01-19 21:10:01,Applicable,Stigma,"Internalized, Anticipated"
l07ni6,sexualassault,2021-02-10 2:30:35,Applicable,Stigma,"Internalized, Anticipated"
l077lb,sexualassault,2021-01-19 10:47:30,Applicable,Stigma,"Internalized, Anticipated"
l077lb,sexualassault,2021-01-22 14:06:12,Applicable,Stigma,"Internalized, Anticipated"
l034zn,sexualassault,2021-01-19 15:28:02,Applicable,Stigma,"Experienced, Internalized, Anticipated, Structural"
l034zn,sexualassault,2021-01-19 0:00:52,Applicable,Stigma,"Experienced, Internalized, Anticipated, Structural"
l034zn,sexualassault,2021-01-24 13:11:38,Applicable,Stigma,"Experienced, Internalized, Anticipated, Structural"
l034zn,sexualassault,2021-01-19 11:27:03,Applicable,Stigma,"Experienced, Internalized, Anticipated, Structural"
l022uz,sexualassault,2021-01-18 21:26:09,Applicable,Stigma,"Internalized, Anticipated, Structural"
l01nn0,sexualassault,2021-01-18 19:25:34,Applicable,Stigma,"Experienced, Internalized, Anticipated"
kztjrr,sexualassault,2021-01-18 13:12:51,Applicable,Stigma,Internalized
kzqm58,sexualassault,2021-01-18 8:29:38,Applicable,Stigma,Internalized
kzl48e,sexualassault,2021-01-18 3:15:53,Applicable,Stigma,
kzk2th,sexualassault,2021-01-18 2:50:07,Applicable,Stigma,"Experienced, Internalized, Anticipated"
kzk2th,sexualassault,2021-01-18 16:37:04,Applicable,Stigma,"Experienced, Internalized, Anticipated"
kzaw5r,sexualassault,2021-01-17 17:41:23,Applicable,Stigma,"Experienced, Anticipated, Structural"
kzaw5r,sexualassault,2021-02-02 6:40:51,Applicable,Stigma,"Experienced, Anticipated, Structural"
kyzk6l,sexualassault,2021-01-17 9:27:13,Applicable,Stigma,"Experienced, Internalized"
kyzk6l,sexualassault,2021-01-17 8:56:41,Applicable,Stigma,"Experienced, Internalized"
kyr2gx,sexualassault,2021-01-16 21:32:48,Applicable,Stigma,"Internalized, Anticipated"
kyr2gx,sexualassault,2021-01-16 22:05:10,Applicable,Stigma,"Internalized, Anticipated"
kyr2gx,sexualassault,2021-01-17 3:35:51,Applicable,Stigma,"Internalized, Anticipated"
kymcyw,sexualassault,2021-01-17 0:43:59,Applicable,Stigma,"Experienced, Internalized, Anticipated"
kyksn8,sexualassault,2021-01-16 16:38:02,Applicable,Stigma,Anticipated
kyksn8,sexualassault,2021-01-16 23:07:34,Applicable,Stigma,Anticipated
kyksn8,sexualassault,2021-01-16 16:19:55,Applicable,Stigma,Anticipated
kyksn8,sexualassault,2021-01-16 18:28:58,Applicable,Stigma,Anticipated
kydz8g,sexualassault,2021-01-16 10:07:47,Applicable,Stigma,Internalized
kydz8g,sexualassault,2021-01-16 13:52:09,Applicable,Stigma,Internalized
kydz8g,sexualassault,2021-01-16 16:21:25,Applicable,Stigma,Internalized
kydz8g,sexualassault,2021-01-16 18:44:10,Applicable,Stigma,Internalized
kycj9o,sexualassault,2021-01-16 6:19:46,Applicable,Stigma,"Experienced, Internalized"
kyad7o,sexualassault,2021-01-16 8:45:34,Applicable,Stigma,"Experienced, Internalized, Anticipated"
ky9h5h,sexualassault,2021-01-16 8:50:17,Applicable,Stigma,"Experienced, Internalized, Anticipated"
ky9h5h,sexualassault,2021-01-17 1:11:15,Applicable,Stigma,"Experienced, Internalized, Anticipated"
ky9h5h,sexualassault,2021-01-17 11:35:21,Applicable,Stigma,"Experienced, Internalized, Anticipated"
ky4r4e,sexualassault,2021-01-16 9:10:50,Applicable,Stigma,"Experienced, Internalized"
kxxkzi,sexualassault,2021-01-15 19:55:23,Applicable,Stigma,"Experienced, Internalized"
kxxkzi,sexualassault,2021-01-15 16:34:21,Applicable,Stigma,"Experienced, Internalized"
kxxkzi,sexualassault,2021-01-15 20:18:55,Applicable,Stigma,"Experienced, Internalized"
kxxkzi,sexualassault,2021-01-15 20:32:11,Applicable,Stigma,"Experienced, Internalized"
kxxkzi,sexualassault,2021-01-15 21:06:12,Applicable,Stigma,"Experienced, Internalized"
kxxkzi,sexualassault,2021-01-15 23:39:49,Applicable,Stigma,"Experienced, Internalized"
kxxkzi,sexualassault,2021-10-21 13:25:06,Applicable,Stigma,"Experienced, Internalized"
kxmti8,sexualassault,2021-01-15 5:57:59,Applicable,Stigma,Internalized
kxmti8,sexualassault,2021-01-15 5:58:14,Applicable,Stigma,Internalized
kxmcy9,sexualassault,2021-01-15 14:52:57,Applicable,Stigma,"Experienced, Internalized, Anticipated"
kxggd9,sexualassault,2021-01-14 23:11:47,Applicable,Stigma,"Experienced, Internalized, Anticipated"
kxd67d,sexualassault,2021-01-14 20:14:08,Applicable,Stigma,"Experienced, Internalized, Anticipated, Structural"
kxd67d,sexualassault,2021-01-14 21:41:50,Applicable,Stigma,"Experienced, Internalized, Anticipated, Structural"
kxd67d,sexualassault,2021-01-14 23:25:41,Applicable,Stigma,"Experienced, Internalized, Anticipated, Structural"
kxab8l,sexualassault,2021-01-14 18:13:53,Applicable,Stigma,Structural
kxab8l,sexualassault,2021-01-14 19:04:30,Applicable,Stigma,Structural
kxab8l,sexualassault,2021-01-14 19:57:38,Applicable,Stigma,Structural
kx3nqa,sexualassault,2021-01-14 18:20:57,Applicable,Stigma,Experienced
kx2q8y,sexualassault,2021-01-14 11:10:59,Applicable,Stigma,"Experienced, Internalized"
kx2q8y,sexualassault,2021-01-14 11:36:11,Applicable,Stigma,"Experienced, Internalized"
kx2q8y,sexualassault,2021-01-14 10:45:30,Applicable,Stigma,"Experienced, Internalized"
kw86dy,sexualassault,2021-01-13 4:00:41,Applicable,Stigma,Internalized
kw86dy,sexualassault,2021-01-13 5:24:33,Applicable,Stigma,Internalized
kw86dy,sexualassault,2021-01-13 4:20:18,Applicable,Stigma,Internalized
kw6cda,sexualassault,2021-01-13 3:21:48,Applicable,Stigma,Internalized
kw6cda,sexualassault,2021-01-13 3:48:46,Applicable,Stigma,Internalized
kw5mau,sexualassault,2021-01-13 9:27:35,Applicable,Stigma,"Experienced, Internalized, Structural"
kw5mau,sexualassault,2021-01-13 12:43:23,Applicable,Stigma,"Experienced, Internalized, Structural"
kw5eat,sexualassault,2021-01-13 2:10:31,Applicable,Stigma,"Internalized, Anticipated"
kw5eat,sexualassault,2021-01-13 2:20:34,Applicable,Stigma,"Internalized, Anticipated"
kw5eat,sexualassault,2021-01-13 3:13:49,Applicable,Stigma,"Internalized, Anticipated"
kw5eat,sexualassault,2021-01-13 14:06:04,Applicable,Stigma,"Internalized, Anticipated"
kw5eat,sexualassault,2021-01-13 2:26:26,Applicable,Stigma,"Internalized, Anticipated"
kw5eat,sexualassault,2021-01-13 4:43:56,Applicable,Stigma,"Internalized, Anticipated"
kw5eat,sexualassault,2021-01-13 15:41:09,Applicable,Stigma,"Internalized, Anticipated"
kw54j0,sexualassault,2021-01-13 20:08:15,Applicable,Stigma,Internalized
kw33qu,sexualassault,2021-01-13 1:03:24,Applicable,Stigma,"Internalized, Anticipated"
kw33qu,sexualassault,2021-01-13 20:05:07,Applicable,Stigma,"Internalized, Anticipated"
kw33qu,sexualassault,2021-01-17 20:34:40,Applicable,Stigma,"Internalized, Anticipated"
kvtpg2,sexualassault,2021-01-12 21:36:27,Applicable,Stigma,Experienced
kvtpg2,sexualassault,2021-01-12 19:08:06,Applicable,Stigma,Experienced
kvs7r4,sexualassault,2021-01-12 15:14:31,Applicable,Stigma,
kux99e,sexualassault,2021-01-11 8:42:27,Applicable,Stigma,Internalized
kux99e,sexualassault,2021-01-11 14:36:18,Applicable,Stigma,Internalized
kux751,sexualassault,2021-01-11 8:12:00,Applicable,Stigma,Internalized
kux751,sexualassault,2021-01-11 8:22:46,Applicable,Stigma,Internalized
kuosa5,sexualassault,2021-01-11 0:49:37,Applicable,Stigma,Internalized
kuosa5,sexualassault,2021-01-11 7:36:24,Applicable,Stigma,Internalized
kul58d,sexualassault,2021-05-09 12:35:25,Applicable,Stigma,"Experienced, Internalized"
kukroi,sexualassault,2021-01-17 1:26:54,Applicable,Stigma,"Internalized, Anticipated"
kukroi,sexualassault,2021-01-10 19:20:01,Applicable,Stigma,"Internalized, Anticipated"
kukroi,sexualassault,2021-01-10 19:51:31,Applicable,Stigma,"Internalized, Anticipated"
kuhupv,sexualassault,2021-01-10 22:17:21,Applicable,Stigma,"Experienced, Internalized"
kubtml,sexualassault,2021-01-10 10:46:54,Applicable,Stigma,"Experienced, Internalized"
kuadh3,sexualassault,2021-01-10 9:20:57,Applicable,Stigma,
ku5ros,sexualassault,2021-01-10 3:38:11,Applicable,Stigma,"Experienced, Anticipated, Structural"
ku5ros,sexualassault,2021-01-10 4:35:43,Applicable,Stigma,"Experienced, Anticipated, Structural"
ku0v8a,sexualassault,2021-01-10 2:37:40,Applicable,Stigma,Experienced
ku0v8a,sexualassault,2021-01-10 2:46:09,Applicable,Stigma,Experienced
ktxr7v,sexualassault,2021-01-09 20:35:12,Applicable,Stigma,"Experienced, Internalized, Anticipated"
ktxr7v,sexualassault,2021-01-09 22:18:12,Applicable,Stigma,"Experienced, Internalized, Anticipated"
ktxr7v,sexualassault,2021-01-10 12:11:16,Applicable,Stigma,"Experienced, Internalized, Anticipated"
ktudhb,sexualassault,2021-01-09 19:24:24,Applicable,Stigma,Internalized
ktudhb,sexualassault,2021-01-09 23:40:38,Applicable,Stigma,Internalized
ktn3qn,sexualassault,2021-01-09 9:03:34,Applicable,Stigma,"Experienced, Internalized"
ktn3qn,sexualassault,2021-01-09 17:05:30,Applicable,Stigma,"Experienced, Internalized"
ktn3qn,sexualassault,2021-01-09 18:08:55,Applicable,Stigma,"Experienced, Internalized"
ktlzmy,sexualassault,2021-01-10 1:54:37,Applicable,Stigma,
kthvew,sexualassault,2021-01-09 4:27:17,Applicable,Stigma,"Internalized, Anticipated"
kthvew,sexualassault,2021-01-09 7:14:00,Applicable,Stigma,"Internalized, Anticipated"
kte6gk,sexualassault,2021-01-09 0:55:06,Applicable,Stigma,"Experienced, Internalized, Anticipated"
kte6gk,sexualassault,2021-01-09 2:15:14,Applicable,Stigma,"Experienced, Internalized, Anticipated"
kt5p6i,sexualassault,2021-01-08 20:28:37,Applicable,Stigma,Experienced
kt5p6i,sexualassault,2021-01-08 16:59:44,Applicable,Stigma,Experienced
kt5p6i,sexualassault,2021-01-08 18:21:32,Applicable,Stigma,Experienced
kt5p6i,sexualassault,2021-01-08 19:59:24,Applicable,Stigma,Experienced
kt5p6i,sexualassault,2021-01-08 20:34:11,Applicable,Stigma,Experienced
kt5p6i,sexualassault,2021-01-08 16:22:56,Applicable,Stigma,Experienced
kt5p6i,sexualassault,2021-01-09 1:08:30,Applicable,Stigma,Experienced
kt5p6i,sexualassault,2021-01-08 18:45:47,Applicable,Stigma,Experienced
kt5p6i,sexualassault,2021-01-09 2:05:43,Applicable,Stigma,Experienced
kt5p6i,sexualassault,2021-01-08 20:45:33,Applicable,Stigma,Experienced
kt5p6i,sexualassault,2021-02-24 20:07:22,Applicable,Stigma,Experienced
kszyvm,sexualassault,2021-01-08 12:03:40,Applicable,Stigma,"Experienced, Internalized, Anticipated"
kszyvm,sexualassault,2021-01-08 16:44:28,Applicable,Stigma,"Experienced, Internalized, Anticipated"
ksyjcu,sexualassault,2021-01-08 10:19:18,Applicable,Stigma,"Experienced, Internalized, Anticipated"
kssxva,sexualassault,2021-01-08 4:00:08,Applicable,Stigma,Internalized
kssxva,sexualassault,2021-01-08 2:51:25,Applicable,Stigma,Internalized
kspprk,sexualassault,2021-01-08 12:14:46,Applicable,Stigma,"Internalized, Anticipated"
kspprk,sexualassault,2021-01-08 20:33:48,Applicable,Stigma,"Internalized, Anticipated"
kso6zt,sexualassault,2021-01-08 7:01:11,Applicable,Stigma,"Experienced, Internalized, Anticipated"
kso6zt,sexualassault,2021-01-08 0:28:40,Applicable,Stigma,"Experienced, Internalized, Anticipated"
ksm0lu,sexualassault,2021-01-07 21:31:30,Applicable,Stigma,Internalized
ksm0lu,sexualassault,2021-01-08 3:02:44,Applicable,Stigma,Internalized
ksbgad,sexualassault,2021-01-07 12:28:15,Applicable,Stigma,"Internalized, Anticipated"
ksbgad,sexualassault,2021-01-07 19:58:18,Applicable,Stigma,"Internalized, Anticipated"
ks92ns,sexualassault,2021-01-07 8:35:23,Applicable,Stigma,"Experienced, Internalized, Anticipated"
ks92ns,sexualassault,2021-01-07 9:27:53,Applicable,Stigma,"Experienced, Internalized, Anticipated"
ks69ml,sexualassault,2021-01-07 6:34:03,Applicable,Stigma,Internalized
ks69ml,sexualassault,2021-01-08 3:04:08,Applicable,Stigma,Internalized
ks2c53,sexualassault,2021-01-07 6:28:43,Applicable,Stigma,Structural
ks2c53,sexualassault,2021-01-07 13:28:24,Applicable,Stigma,Structural
ks11ik,sexualassault,2021-01-07 0:26:32,Applicable,Stigma,Internalized
ks11ik,sexualassault,2021-01-07 0:42:55,Applicable,Stigma,Internalized
krye31,sexualassault,2021-01-06 22:23:30,Applicable,Stigma,"Internalized, Anticipated"
krye31,sexualassault,2021-01-06 22:15:10,Applicable,Stigma,"Internalized, Anticipated"
krxo8y,sexualassault,2021-01-06 21:54:50,Applicable,Stigma,
krwwti,sexualassault,2021-01-06 21:08:03,Applicable,Stigma,Internalized
krwwti,sexualassault,2021-01-06 23:24:57,Applicable,Stigma,Internalized
krwwti,sexualassault,2021-01-07 2:54:54,Applicable,Stigma,Internalized
krwwti,sexualassault,2021-01-07 17:19:23,Applicable,Stigma,Internalized
krwwti,sexualassault,2021-01-07 8:42:13,Applicable,Stigma,Internalized
krwwti,sexualassault,2021-02-12 9:41:21,Applicable,Stigma,Internalized
kruyav,sexualassault,2021-01-06 20:11:04,Applicable,Stigma,"Experienced, Internalized, Anticipated, Structural"
kruyav,sexualassault,2021-01-06 20:26:51,Applicable,Stigma,"Experienced, Internalized, Anticipated, Structural"
krktd6,sexualassault,2021-01-06 9:56:59,Applicable,Stigma,Internalized
kriql4,sexualassault,2021-01-06 18:02:38,Applicable,Stigma,Experienced
kri204,sexualassault,2021-01-06 13:22:39,Applicable,Stigma,Internalized
krg25o,sexualassault,2021-01-06 7:43:15,Applicable,Stigma,Anticipated
krdzip,sexualassault,2021-01-06 9:43:39,Applicable,Stigma,Internalized
kr6ujl,sexualassault,2021-01-06 1:07:20,Applicable,Stigma,"Experienced, Internalized, Anticipated, Structural"
kr6ujl,sexualassault,2021-01-06 3:23:44,Applicable,Stigma,"Experienced, Internalized, Anticipated, Structural"
kr0hhw,sexualassault,2021-01-05 20:26:58,Applicable,Stigma,"Experienced, Internalized, Anticipated"
kr0hhw,sexualassault,2021-01-05 15:45:48,Applicable,Stigma,"Experienced, Internalized, Anticipated"
kr0hhw,sexualassault,2021-01-05 16:27:18,Applicable,Stigma,"Experienced, Internalized, Anticipated"
kr0hhw,sexualassault,2021-01-05 22:29:04,Applicable,Stigma,"Experienced, Internalized, Anticipated"
kr0hhw,sexualassault,2021-01-06 1:02:44,Applicable,Stigma,"Experienced, Internalized, Anticipated"
kr0hhw,sexualassault,2021-01-06 1:11:12,Applicable,Stigma,"Experienced, Internalized, Anticipated"
kqwhcv,sexualassault,2021-01-07 16:40:23,Applicable,Stigma,
kqvism,sexualassault,2021-01-05 14:52:52,Applicable,Stigma,"Internalized, Anticipated"
kqvism,sexualassault,2021-01-05 15:40:45,Applicable,Stigma,"Internalized, Anticipated"
kqrioy,sexualassault,2021-02-07 8:36:43,Applicable,Stigma,Experienced
kqnqp7,sexualassault,2021-01-06 1:47:17,Applicable,Stigma,Internalized
kqi2am,sexualassault,2021-01-04 22:14:01,Applicable,Stigma,"Experienced, Internalized, Anticipated"
kqi2am,sexualassault,2021-01-04 23:03:25,Applicable,Stigma,"Experienced, Internalized, Anticipated"
kqi2am,sexualassault,2021-01-04 22:21:50,Applicable,Stigma,"Experienced, Internalized, Anticipated"
kqi2am,sexualassault,2021-01-05 11:17:10,Applicable,Stigma,"Experienced, Internalized, Anticipated"
kqi2am,sexualassault,2021-01-05 10:53:01,Applicable,Stigma,"Experienced, Internalized, Anticipated"
kqi2am,sexualassault,2021-01-05 13:41:16,Applicable,Stigma,"Experienced, Internalized, Anticipated"
kqg0wp,sexualassault,2021-01-04 22:02:46,Applicable,Stigma,"Internalized, Anticipated"
kqg0wp,sexualassault,2021-01-04 23:53:31,Applicable,Stigma,"Internalized, Anticipated"
kqbbcj,sexualassault,2021-02-07 8:31:52,Applicable,Stigma,"Experienced, Internalized, Anticipated"
kq939b,sexualassault,2021-01-04 22:25:43,Applicable,Stigma,Internalized
kq5pir,sexualassault,2021-01-04 9:57:23,Applicable,Stigma,"Experienced, Internalized"
kq5pir,sexualassault,2021-06-14 18:50:30,Applicable,Stigma,"Experienced, Internalized"
kq57wj,sexualassault,2021-02-07 8:28:37,Applicable,Stigma,"Experienced, Anticipated"
kq1dir,sexualassault,2021-01-04 5:06:47,Applicable,Stigma,Internalized
kq1dir,sexualassault,2021-01-04 5:31:34,Applicable,Stigma,Internalized
kq1dir,sexualassault,2021-01-04 6:38:12,Applicable,Stigma,Internalized
kpql06,sexualassault,2021-01-03 20:07:22,Applicable,Stigma,"Experienced, Internalized, Anticipated"
kpql06,sexualassault,2021-01-04 1:40:35,Applicable,Stigma,"Experienced, Internalized, Anticipated"
kpitd8,sexualassault,2021-01-03 11:32:32,Applicable,Stigma,"Experienced, Internalized, Anticipated, Structural"
kpitd8,sexualassault,2021-01-03 11:05:33,Applicable,Stigma,"Experienced, Internalized, Anticipated, Structural"
kpitd8,sexualassault,2021-01-03 14:45:34,Applicable,Stigma,"Experienced, Internalized, Anticipated, Structural"
kpi3km,sexualassault,2021-01-03 19:17:06,Applicable,Stigma,Internalized
kpi3km,sexualassault,2021-01-07 3:41:43,Applicable,Stigma,Internalized
kphr5p,sexualassault,2021-01-03 10:58:59,Applicable,Stigma,"Experienced, Anticipated, Structural"
kphpeo,sexualassault,2021-01-03 11:04:39,Applicable,Stigma,"Experienced, Internalized"
kphpeo,sexualassault,2021-01-03 12:19:43,Applicable,Stigma,"Experienced, Internalized"
kphfor,sexualassault,2021-01-03 9:22:39,Applicable,Stigma,"Internalized, Anticipated"
kphfor,sexualassault,2021-01-03 11:12:14,Applicable,Stigma,"Internalized, Anticipated"
kpg6lj,sexualassault,2021-01-03 8:02:50,Applicable,Stigma,"Internalized, Anticipated"
kpg6lj,sexualassault,2021-01-04 1:46:27,Applicable,Stigma,"Internalized, Anticipated"
kp7gnh,sexualassault,2021-01-02 23:42:20,Applicable,Stigma,Internalized
koq1sl,sexualassault,2021-01-02 5:31:10,Applicable,Stigma,"Experienced, Internalized, Structural"
kom5s3,sexualassault,2021-01-02 11:44:52,Applicable,Stigma,Experienced
kom5s3,sexualassault,2021-01-04 23:59:48,Applicable,Stigma,Experienced
kokkcy,sexualassault,2021-01-02 0:09:42,Applicable,Stigma,"Experienced, Anticipated, Structural"
kokkcy,sexualassault,2021-01-02 5:32:52,Applicable,Stigma,"Experienced, Anticipated, Structural"
ko9a0l,sexualassault,2021-01-02 1:26:14,Applicable,Stigma,Internalized
ko6ywb,sexualassault,2021-01-01 8:14:25,Applicable,Stigma,Internalized
ko4hn1,sexualassault,2021-01-01 12:37:02,Applicable,Stigma,"Internalized, Anticipated"
ko3f3q,sexualassault,2021-01-01 2:42:36,Applicable,Stigma,"Experienced, Anticipated"
ko3f3q,sexualassault,2021-01-07 7:53:02,Applicable,Stigma,"Experienced, Anticipated"
knwouc,sexualassault,2020-12-31 23:24:57,Applicable,Stigma,
knwiwv,sexualassault,2021-01-01 5:56:41,Applicable,Stigma,"Experienced, Internalized, Anticipated"
knwiwv,sexualassault,2021-01-02 3:31:10,Applicable,Stigma,"Experienced, Internalized, Anticipated"
knrrs1,sexualassault,2020-12-31 15:43:27,Applicable,Stigma,"Experienced, Anticipated"
knrrs1,sexualassault,2020-12-31 16:37:20,Applicable,Stigma,"Experienced, Anticipated"
knrrs1,sexualassault,2020-12-31 17:17:04,Applicable,Stigma,"Experienced, Anticipated"
knl6dg,sexualassault,2021-01-05 0:06:49,Applicable,Stigma,"Experienced, Internalized, Anticipated, Structural"
kndjyh,sexualassault,2020-12-31 2:27:37,Applicable,Stigma,"Internalized, Anticipated"
kncz58,sexualassault,2021-01-02 6:14:15,Applicable,Stigma,"Experienced, Internalized, Anticipated"
kncz58,sexualassault,2020-12-31 9:26:24,Applicable,Stigma,"Experienced, Internalized, Anticipated"
knca67,sexualassault,2020-12-30 23:30:59,Applicable,Stigma,Internalized
kn7iab,sexualassault,2020-12-30 21:39:45,Applicable,Stigma,"Experienced, Internalized, Anticipated, Structural"
kn7iab,sexualassault,2020-12-30 20:40:14,Applicable,Stigma,"Experienced, Internalized, Anticipated, Structural"
kn7iab,sexualassault,2020-12-31 0:20:00,Applicable,Stigma,"Experienced, Internalized, Anticipated, Structural"
kn533i,sexualassault,2020-12-30 17:07:23,Applicable,Stigma,"Internalized, Anticipated"
kn0kn9,sexualassault,2020-12-30 22:53:32,Applicable,Stigma,Internalized
kn0job,sexualassault,2020-12-30 13:40:42,Applicable,Stigma,"Internalized, Anticipated"
kmzqrh,sexualassault,2020-12-30 16:06:23,Applicable,Stigma,Internalized
kmzqrh,sexualassault,2021-01-01 1:01:28,Applicable,Stigma,Internalized
kmyx0j,sexualassault,2020-12-30 9:46:51,Applicable,Stigma,"Internalized, Anticipated"
kmyx0j,sexualassault,2020-12-30 10:42:37,Applicable,Stigma,"Internalized, Anticipated"
kmyx0j,sexualassault,2020-12-30 12:55:56,Applicable,Stigma,"Internalized, Anticipated"
kmyx0j,sexualassault,2020-12-30 12:52:06,Applicable,Stigma,"Internalized, Anticipated"
kmygmc,sexualassault,2021-02-07 8:03:30,Applicable,Stigma,"Experienced, Structural"
kmo7wm,sexualassault,2020-12-29 23:56:12,Applicable,Stigma,"Internalized, Anticipated"
kmo7wm,sexualassault,2020-12-30 6:16:16,Applicable,Stigma,"Internalized, Anticipated"
kmo7wm,sexualassault,2020-12-30 8:19:49,Applicable,Stigma,"Internalized, Anticipated"
kmbqy8,sexualassault,2020-12-29 11:14:56,Applicable,Stigma,"Experienced, Internalized, Anticipated"
kmav3p,sexualassault,2020-12-29 16:23:46,Applicable,Stigma,Anticipated
km84h2,sexualassault,2020-12-29 5:54:59,Applicable,Stigma,"Internalized, Anticipated"
km84h2,sexualassault,2020-12-29 13:18:15,Applicable,Stigma,"Internalized, Anticipated"
km84h2,sexualassault,2020-12-29 11:28:53,Applicable,Stigma,"Internalized, Anticipated"
km62lh,sexualassault,2020-12-29 4:35:46,Applicable,Stigma,Internalized
klt7b2,sexualassault,2020-12-28 23:22:11,Applicable,Stigma,"Internalized, Anticipated"
klt7b2,sexualassault,2020-12-28 21:29:00,Applicable,Stigma,"Internalized, Anticipated"
klt7b2,sexualassault,2020-12-29 2:34:38,Applicable,Stigma,"Internalized, Anticipated"
klqk84,sexualassault,2020-12-28 13:29:10,Applicable,Stigma,"Experienced, Internalized"
klpjl2,sexualassault,2020-12-28 21:35:53,Applicable,Stigma,Internalized
klfy66,sexualassault,2020-12-28 1:49:04,Applicable,Stigma,"Experienced, Internalized, Anticipated"
kl3il8,sexualassault,2020-12-27 15:31:51,Applicable,Stigma,"Experienced, Anticipated, Structural"
kl3di2,sexualassault,2020-12-27 14:08:29,Applicable,Stigma,"Internalized, Anticipated"
kl3di2,sexualassault,2020-12-27 17:16:34,Applicable,Stigma,"Internalized, Anticipated"
kkzt5e,sexualassault,2020-12-27 8:03:19,Applicable,Stigma,"Internalized, Anticipated, Structural"
kkz8f9,sexualassault,2020-12-27 7:16:18,Applicable,Stigma,"Experienced, Internalized"
kkytzv,sexualassault,2023-07-12 0:16:20,Applicable,Stigma,"Experienced, Internalized, Anticipated"
kkytzv,sexualassault,2020-12-31 21:32:27,Applicable,Stigma,"Experienced, Internalized, Anticipated"
kkxs9s,sexualassault,2020-12-27 5:11:50,Applicable,Stigma,Internalized
kkxs9s,sexualassault,2020-12-27 5:17:03,Applicable,Stigma,Internalized
kkxs9s,sexualassault,2020-12-27 5:22:45,Applicable,Stigma,Internalized
kkxs9s,sexualassault,2020-12-27 5:45:12,Applicable,Stigma,Internalized
kkxs9s,sexualassault,2020-12-27 9:30:57,Applicable,Stigma,Internalized
kkwn80,sexualassault,2020-12-27 4:39:42,Applicable,Stigma,Internalized
kkvj5t,sexualassault,2020-12-27 4:16:57,Applicable,Stigma,"Experienced, Internalized"
kkuxxa,sexualassault,2020-12-27 2:07:40,Applicable,Stigma,Internalized
kkuxxa,sexualassault,2021-01-22 12:46:12,Applicable,Stigma,Internalized
kktu2w,sexualassault,2020-12-27 4:05:18,Applicable,Stigma,"Experienced, Internalized, Anticipated"
kkpgxy,sexualassault,2020-12-27 10:03:29,Applicable,Stigma,"Experienced, Internalized"
kkpgxy,sexualassault,2021-01-22 12:38:54,Applicable,Stigma,"Experienced, Internalized"
kkp8l4,sexualassault,2021-01-22 12:35:11,Applicable,Stigma,Internalized
kkp7ss,sexualassault,2020-12-27 3:47:25,Applicable,Stigma,Internalized
kko2pb,sexualassault,2020-12-26 22:35:33,Applicable,Stigma,Experienced
kko2pb,sexualassault,2020-12-26 23:54:42,Applicable,Stigma,Experienced
kko2pb,sexualassault,2020-12-27 1:38:06,Applicable,Stigma,Experienced
kkmux1,sexualassault,2020-12-26 21:19:58,Applicable,Stigma,
kkmux1,sexualassault,2020-12-26 19:08:39,Applicable,Stigma,
kkjc4w,sexualassault,2020-12-27 3:19:39,Applicable,Stigma,Internalized
kkjc4w,sexualassault,2020-12-27 2:26:47,Applicable,Stigma,Internalized
kkhgd2,sexualassault,2021-01-22 12:27:45,Applicable,Stigma,"Experienced, Internalized, Anticipated, Structural"
kkg4tr,sexualassault,2020-12-26 15:10:09,Applicable,Stigma,"Experienced, Internalized, Anticipated"
kkaxrx,sexualassault,2021-01-22 12:24:30,Applicable,Stigma,"Experienced, Internalized"
kkat0l,sexualassault,2021-01-21 23:24:05,Applicable,Stigma,Internalized
kkaoyb,sexualassault,2020-12-26 3:18:20,Applicable,Stigma,"Experienced, Internalized, Anticipated, Structural"
kk56u2,sexualassault,2020-12-25 22:08:33,Applicable,Stigma,Internalized
kk56u2,sexualassault,2020-12-26 10:22:59,Applicable,Stigma,Internalized
kjy6yk,sexualassault,2020-12-25 12:54:16,Applicable,Stigma,"Internalized, Anticipated, Structural"
kjy6yk,sexualassault,2020-12-25 12:21:10,Applicable,Stigma,"Internalized, Anticipated, Structural"
kjud61,sexualassault,2020-12-25 6:16:29,Applicable,Stigma,"Experienced, Internalized, Anticipated"
kjtpxx,sexualassault,2020-12-25 6:22:39,Applicable,Stigma,Internalized
kjtmu7,sexualassault,2020-12-25 5:32:49,Applicable,Stigma,"Experienced, Internalized, Anticipated"
kjddpx,sexualassault,2020-12-24 13:46:45,Applicable,Stigma,"Experienced, Internalized, Anticipated, Structural"
kjddpx,sexualassault,2020-12-24 13:54:13,Applicable,Stigma,"Experienced, Internalized, Anticipated, Structural"
kjddpx,sexualassault,2020-12-24 15:19:56,Applicable,Stigma,"Experienced, Internalized, Anticipated, Structural"
kjddpx,sexualassault,2020-12-24 16:29:36,Applicable,Stigma,"Experienced, Internalized, Anticipated, Structural"
kjddpx,sexualassault,2020-12-24 17:57:04,Applicable,Stigma,"Experienced, Internalized, Anticipated, Structural"
kjddpx,sexualassault,2020-12-25 5:39:55,Applicable,Stigma,"Experienced, Internalized, Anticipated, Structural"
kjddpx,sexualassault,2020-12-27 14:08:49,Applicable,Stigma,"Experienced, Internalized, Anticipated, Structural"
kjdamn,sexualassault,2020-12-24 10:36:56,Applicable,Stigma,"Internalized, Anticipated"
kj41jg,sexualassault,2020-12-24 0:56:29,Applicable,Stigma,"Experienced, Internalized"
kj41jg,sexualassault,2020-12-24 1:22:31,Applicable,Stigma,"Experienced, Internalized"
kj41jg,sexualassault,2020-12-24 2:12:03,Applicable,Stigma,"Experienced, Internalized"
kj41jg,sexualassault,2020-12-24 4:48:52,Applicable,Stigma,"Experienced, Internalized"
kj2b6s,sexualassault,2020-12-26 0:00:43,Applicable,Stigma,"Experienced, Internalized"
kj2b6s,sexualassault,2020-12-24 4:03:06,Applicable,Stigma,"Experienced, Internalized"
kixcdk,sexualassault,2020-12-23 22:22:23,Applicable,Stigma,Internalized
kixcdk,sexualassault,2020-12-23 19:39:19,Applicable,Stigma,Internalized
kixcdk,sexualassault,2020-12-23 22:44:56,Applicable,Stigma,Internalized
kixcdk,sexualassault,2020-12-23 22:33:44,Applicable,Stigma,Internalized
kixcdk,sexualassault,2020-12-25 11:30:01,Applicable,Stigma,Internalized
kiwtzh,sexualassault,2020-12-23 18:11:44,Applicable,Stigma,
kiwtzh,sexualassault,2020-12-24 4:09:09,Applicable,Stigma,
kiq8ga,sexualassault,2021-01-04 16:53:18,Applicable,Stigma,"Experienced, Anticipated"
kiq8ga,sexualassault,2020-12-23 11:13:46,Applicable,Stigma,"Experienced, Anticipated"
kiout0,sexualassault,2020-12-23 10:57:49,Applicable,Stigma,Anticipated
kiout0,sexualassault,2020-12-23 17:53:20,Applicable,Stigma,Anticipated
kiout0,sexualassault,2020-12-29 10:14:13,Applicable,Stigma,Anticipated
kio0qt,sexualassault,2020-12-23 7:38:08,Applicable,Stigma,"Internalized, Anticipated"
kinjl5,sexualassault,2020-12-23 14:13:47,Applicable,Stigma,"Experienced, Internalized, Anticipated"
kii9lr,sexualassault,2020-12-23 12:19:28,Applicable,Stigma,"Experienced, Anticipated, Structural"
kifes5,sexualassault,2020-12-22 23:04:36,Applicable,Stigma,"Experienced, Anticipated"
kifes5,sexualassault,2020-12-23 1:08:34,Applicable,Stigma,"Experienced, Anticipated"
kifes5,sexualassault,2020-12-23 1:26:20,Applicable,Stigma,"Experienced, Anticipated"
kifes5,sexualassault,2020-12-23 18:58:45,Applicable,Stigma,"Experienced, Anticipated"
kiez52,sexualassault,2020-12-23 11:21:30,Applicable,Stigma,Internalized
kiaev5,sexualassault,2020-12-22 19:38:54,Applicable,Stigma,"Experienced, Anticipated, Structural"
ki6sjy,sexualassault,2020-12-22 15:00:28,Applicable,Stigma,Anticipated
ki61u1,sexualassault,2020-12-22 14:29:14,Applicable,Stigma,"Experienced, Internalized, Anticipated"
ki61u1,sexualassault,2020-12-22 22:48:56,Applicable,Stigma,"Experienced, Internalized, Anticipated"
ki0mci,sexualassault,2021-01-21 17:30:00,Applicable,Stigma,"Experienced, Internalized, Anticipated"
khznhz,sexualassault,2020-12-22 14:15:42,Applicable,Stigma,"Experienced, Internalized"
khk4lz,sexualassault,2021-01-16 5:05:53,Applicable,Stigma,"Experienced, Internalized"
khc9ui,sexualassault,2021-01-16 5:00:21,Applicable,Stigma,"Experienced, Internalized, Anticipated"
khaine,sexualassault,2020-12-21 5:01:25,Applicable,Stigma,"Experienced, Internalized, Anticipated"
khaine,sexualassault,2020-12-21 10:19:52,Applicable,Stigma,"Experienced, Internalized, Anticipated"
khaine,sexualassault,2020-12-21 7:31:54,Applicable,Stigma,"Experienced, Internalized, Anticipated"
khaine,sexualassault,2020-12-21 8:28:04,Applicable,Stigma,"Experienced, Internalized, Anticipated"
khaine,sexualassault,2020-12-21 14:00:23,Applicable,Stigma,"Experienced, Internalized, Anticipated"
khaine,sexualassault,2020-12-21 15:39:18,Applicable,Stigma,"Experienced, Internalized, Anticipated"
khaine,sexualassault,2020-12-21 17:26:57,Applicable,Stigma,"Experienced, Internalized, Anticipated"
kh8l8i,sexualassault,2020-12-21 4:41:24,Applicable,Stigma,"Experienced, Internalized"
kgxfwg,sexualassault,2021-01-15 14:07:39,Applicable,Stigma,"Internalized, Anticipated"
kgxe28,sexualassault,2020-12-20 16:52:13,Applicable,Stigma,"Experienced, Internalized"
kgxe28,sexualassault,2020-12-20 16:59:35,Applicable,Stigma,"Experienced, Internalized"
kgv5ib,sexualassault,2020-12-20 18:33:45,Applicable,Stigma,"Internalized, Anticipated"
kgv5ib,sexualassault,2020-12-21 3:06:42,Applicable,Stigma,"Internalized, Anticipated"
kgu9tj,sexualassault,2020-12-20 18:38:38,Applicable,Stigma,"Experienced, Internalized, Anticipated"
kgu9tj,sexualassault,2021-05-19 2:45:04,Applicable,Stigma,"Experienced, Internalized, Anticipated"
kgs49b,sexualassault,2020-12-20 12:18:35,Applicable,Stigma,"Experienced, Internalized, Anticipated"
kgs0xv,sexualassault,2020-12-20 18:36:11,Applicable,Stigma,"Experienced, Internalized"
kgs0xv,sexualassault,2020-12-21 8:14:58,Applicable,Stigma,"Experienced, Internalized"
kgqajz,sexualassault,2020-12-20 8:13:02,Applicable,Stigma,"Experienced, Internalized, Anticipated"
kgqajz,sexualassault,2020-12-20 9:15:55,Applicable,Stigma,"Experienced, Internalized, Anticipated"
kgqajz,sexualassault,2020-12-21 0:55:33,Applicable,Stigma,"Experienced, Internalized, Anticipated"
kgqajz,sexualassault,2020-12-24 9:42:18,Applicable,Stigma,"Experienced, Internalized, Anticipated"
kgqajz,sexualassault,2021-01-14 8:14:56,Applicable,Stigma,"Experienced, Internalized, Anticipated"
kgq4lq,sexualassault,2020-12-20 18:45:52,Applicable,Stigma,"Experienced, Internalized, Anticipated"
kgo9c3,sexualassault,2020-12-20 6:02:36,Applicable,Stigma,"Experienced, Internalized, Anticipated"
kgo9c3,sexualassault,2020-12-20 18:51:36,Applicable,Stigma,"Experienced, Internalized, Anticipated"
kgmy5i,sexualassault,2020-12-20 6:43:08,Applicable,Stigma,"Internalized, Anticipated"
kgmy5i,sexualassault,2021-01-14 8:07:50,Applicable,Stigma,"Internalized, Anticipated"
kgje79,sexualassault,2021-01-14 8:03:26,Applicable,Stigma,"Experienced, Anticipated, Structural"
kgj2et,sexualassault,2020-12-20 2:05:22,Applicable,Stigma,"Experienced, Internalized"
kgj2et,sexualassault,2020-12-20 3:33:08,Applicable,Stigma,"Experienced, Internalized"
kggeea,sexualassault,2020-12-20 5:04:12,Applicable,Stigma,Internalized
kggeea,sexualassault,2020-12-20 5:03:05,Applicable,Stigma,Internalized
kgb0e3,sexualassault,2020-12-19 22:38:19,Applicable,Stigma,"Experienced, Internalized"
kg7bc7,sexualassault,2020-12-19 16:45:16,Applicable,Stigma,"Experienced, Internalized"
kg3jun,sexualassault,2021-01-14 7:58:51,Applicable,Stigma,"Experienced, Internalized"
kfzvhe,sexualassault,2020-12-19 17:03:21,Applicable,Stigma,"Internalized, Anticipated"
kfzvhe,sexualassault,2020-12-19 10:09:31,Applicable,Stigma,"Internalized, Anticipated"
kfvi64,sexualassault,2020-12-21 8:41:05,Applicable,Stigma,"Internalized, Anticipated"
kfvi64,sexualassault,2021-01-14 7:43:03,Applicable,Stigma,"Internalized, Anticipated"
kfsb9b,sexualassault,2020-12-18 20:06:11,Applicable,Stigma,Internalized
kfsb9b,sexualassault,2020-12-18 22:08:22,Applicable,Stigma,Internalized
kfj8kn,sexualassault,2021-01-14 7:31:46,Applicable,Stigma,Experienced
kfeko8,sexualassault,2020-12-18 13:37:24,Applicable,Stigma,"Experienced, Internalized"
kfeko8,sexualassault,2020-12-18 7:50:26,Applicable,Stigma,"Experienced, Internalized"
kfac8c,sexualassault,2020-12-18 2:59:17,Applicable,Stigma,"Internalized, Anticipated"
kfac8c,sexualassault,2021-01-14 6:53:54,Applicable,Stigma,"Internalized, Anticipated"
kf9u58,sexualassault,2020-12-18 7:20:45,Applicable,Stigma,"Experienced, Internalized, Anticipated"
kf6rjn,sexualassault,2020-12-17 22:21:42,Applicable,Stigma,"Experienced, Anticipated, Structural"
kf6rjn,sexualassault,2020-12-17 22:22:12,Applicable,Stigma,"Experienced, Anticipated, Structural"
kf109s,sexualassault,2020-12-17 19:26:08,Applicable,Stigma,"Experienced, Internalized, Anticipated"
keyejt,sexualassault,2020-12-17 18:11:25,Applicable,Stigma,"Experienced, Anticipated"
ketk3e,sexualassault,2020-12-17 8:27:34,Applicable,Stigma,"Internalized, Anticipated"
ketk3e,sexualassault,2021-01-14 6:38:05,Applicable,Stigma,"Internalized, Anticipated"
ker64u,sexualassault,2020-12-17 7:53:53,Applicable,Stigma,"Experienced, Internalized"
ker64u,sexualassault,2020-12-17 8:53:30,Applicable,Stigma,"Experienced, Internalized"
ker64u,sexualassault,2020-12-17 9:29:17,Applicable,Stigma,"Experienced, Internalized"
ker64u,sexualassault,2020-12-17 13:23:48,Applicable,Stigma,"Experienced, Internalized"
ker1x0,sexualassault,2020-12-17 6:59:56,Applicable,Stigma,"Experienced, Internalized, Anticipated"
keps44,sexualassault,2020-12-17 6:46:23,Applicable,Stigma,Internalized
kemelg,sexualassault,2020-12-17 2:07:09,Applicable,Stigma,"Experienced, Internalized, Anticipated"
keguw2,sexualassault,2020-12-16 22:43:46,Applicable,Stigma,Internalized
keguw2,sexualassault,2020-12-17 0:42:20,Applicable,Stigma,Internalized
kegs9s,sexualassault,2020-12-17 0:16:07,Applicable,Stigma,"Experienced, Internalized, Anticipated"
ke7nff,sexualassault,2020-12-16 11:45:55,Applicable,Stigma,"Experienced, Internalized"
ke44dz,sexualassault,2020-12-16 16:48:12,Applicable,Stigma,"Internalized, Anticipated"
ke3kzn,sexualassault,2021-01-13 23:54:41,Applicable,Stigma,Anticipated
kdzlbf,sexualassault,2020-12-16 3:03:29,Applicable,Stigma,Experienced
kdzlbf,sexualassault,2020-12-16 4:28:52,Applicable,Stigma,Experienced
kdpfxx,sexualassault,2020-12-15 17:04:12,Applicable,Stigma,"Internalized, Anticipated"
kdo4pu,sexualassault,2020-12-15 17:05:00,Applicable,Stigma,"Experienced, Internalized"
kdo4pu,sexualassault,2020-12-15 16:21:15,Applicable,Stigma,"Experienced, Internalized"
kdo4pu,sexualassault,2020-12-15 17:41:44,Applicable,Stigma,"Experienced, Internalized"
kdjokc,sexualassault,2020-12-15 20:21:50,Applicable,Stigma,"Experienced, Internalized, Anticipated"
kdf4cq,sexualassault,2020-12-15 8:03:50,Applicable,Stigma,"Internalized, Anticipated"
kdf0kf,sexualassault,2020-12-15 5:33:35,Applicable,Stigma,Anticipated
kdew52,sexualassault,2020-12-15 5:00:47,Applicable,Stigma,"Experienced, Internalized, Anticipated"
kdew52,sexualassault,2020-12-15 12:35:23,Applicable,Stigma,"Experienced, Internalized, Anticipated"
kdew52,sexualassault,2020-12-15 8:30:39,Applicable,Stigma,"Experienced, Internalized, Anticipated"
kdew52,sexualassault,2021-06-04 22:25:43,Applicable,Stigma,"Experienced, Internalized, Anticipated"
kdeq5j,sexualassault,2020-12-15 4:28:10,Applicable,Stigma,"Internalized, Anticipated"
kdeq5j,sexualassault,2020-12-15 5:26:33,Applicable,Stigma,"Internalized, Anticipated"
kdbyc3,sexualassault,2020-12-20 1:09:59,Applicable,Stigma,
kdbyc3,sexualassault,2020-12-20 1:25:58,Applicable,Stigma,
kdbyc3,sexualassault,2020-12-20 1:30:21,Applicable,Stigma,
kdbyc3,sexualassault,2021-01-12 14:48:17,Applicable,Stigma,
kdbyc3,sexualassault,2020-12-15 2:50:43,Applicable,Stigma,
kdbyc3,sexualassault,2020-12-20 1:03:48,Applicable,Stigma,
kdaoix,sexualassault,2020-12-15 1:34:46,Applicable,Stigma,"Experienced, Internalized"
kda5mq,sexualassault,2020-12-15 0:28:39,Applicable,Stigma,Internalized
kda5mq,sexualassault,2020-12-16 1:43:47,Applicable,Stigma,Internalized
kda5mq,sexualassault,2021-01-12 14:45:12,Applicable,Stigma,Internalized
kd1zl6,sexualassault,2021-01-12 14:34:09,Applicable,Stigma,"Experienced, Internalized, Anticipated"
kd0vsu,sexualassault,2020-12-14 18:11:05,Applicable,Stigma,Internalized
kd0vsu,sexualassault,2020-12-14 17:14:27,Applicable,Stigma,Internalized
kd0vsu,sexualassault,2020-12-14 21:13:45,Applicable,Stigma,Internalized
kd0vsu,sexualassault,2020-12-14 22:22:20,Applicable,Stigma,Internalized
kcueyg,sexualassault,2020-12-14 9:22:38,Applicable,Stigma,"Experienced, Internalized, Anticipated"
kcsqb4,sexualassault,2021-01-04 14:44:10,Applicable,Stigma,"Experienced, Internalized"
kcsqb4,sexualassault,2020-12-14 19:17:20,Applicable,Stigma,"Experienced, Internalized"
kcofoc,sexualassault,2021-01-12 14:19:20,Applicable,Stigma,Internalized
kclpch,sexualassault,2021-01-12 14:15:34,Applicable,Stigma,Anticipated
kcl8p3,sexualassault,2020-12-14 0:23:25,Applicable,Stigma,Internalized
kcl8p3,sexualassault,2020-12-14 2:23:07,Applicable,Stigma,Internalized
kciwx3,sexualassault,2020-12-13 21:20:31,Applicable,Stigma,"Experienced, Internalized, Anticipated"
kciwx3,sexualassault,2020-12-14 1:27:45,Applicable,Stigma,"Experienced, Internalized, Anticipated"
kche8e,sexualassault,2020-12-14 16:21:39,Applicable,Stigma,"Experienced, Internalized, Anticipated"
kche8e,sexualassault,2021-01-12 14:03:21,Applicable,Stigma,"Experienced, Internalized, Anticipated"
kchaxe,sexualassault,2020-12-14 2:44:08,Applicable,Stigma,"Internalized, Anticipated"
kchaxe,sexualassault,2021-01-12 14:00:30,Applicable,Stigma,"Internalized, Anticipated"
kcfby8,sexualassault,2020-12-14 0:48:39,Applicable,Stigma,Internalized
kcfby8,sexualassault,2021-01-12 13:58:53,Applicable,Stigma,Internalized
kcdpil,sexualassault,2020-12-13 16:55:17,Applicable,Stigma,"Internalized, Anticipated"
kc554m,sexualassault,2021-01-12 13:41:37,Applicable,Stigma,Internalized
kc4mxk,sexualassault,2020-12-14 6:37:14,Applicable,Stigma,"Experienced, Anticipated"
kc4mxk,sexualassault,2021-01-12 13:36:18,Applicable,Stigma,"Experienced, Anticipated"
kbok7z,sexualassault,2020-12-12 15:11:04,Applicable,Stigma,"Internalized, Anticipated"
kbn2yp,sexualassault,2020-12-12 21:04:56,Applicable,Stigma,
kbn2yp,sexualassault,2020-12-12 11:53:11,Applicable,Stigma,
kbjy6h,sexualassault,2020-12-12 17:24:58,Applicable,Stigma,Internalized
kbjy6h,sexualassault,2021-01-12 13:23:35,Applicable,Stigma,Internalized
kbilhj,sexualassault,2020-12-12 6:31:32,Applicable,Stigma,"Experienced, Internalized, Anticipated"
kbilhj,sexualassault,2020-12-12 4:23:58,Applicable,Stigma,"Experienced, Internalized, Anticipated"
kbilhj,sexualassault,2020-12-12 8:27:33,Applicable,Stigma,"Experienced, Internalized, Anticipated"
kbilhj,sexualassault,2020-12-12 8:37:33,Applicable,Stigma,"Experienced, Internalized, Anticipated"
kbilhj,sexualassault,2020-12-12 8:49:28,Applicable,Stigma,"Experienced, Internalized, Anticipated"
kbilhj,sexualassault,2020-12-12 12:42:59,Applicable,Stigma,"Experienced, Internalized, Anticipated"
kbilhj,sexualassault,2020-12-12 13:56:30,Applicable,Stigma,"Experienced, Internalized, Anticipated"
kbilfp,sexualassault,2020-12-12 17:26:55,Applicable,Stigma,"Internalized, Anticipated"
kbilfp,sexualassault,2021-01-12 13:11:13,Applicable,Stigma,"Internalized, Anticipated"
kbfmgr,sexualassault,2020-12-12 2:02:52,Applicable,Stigma,"Experienced, Internalized, Anticipated"
kbdpyb,sexualassault,2020-12-11 23:47:02,Applicable,Stigma,"Experienced, Internalized, Anticipated"
kbdpyb,sexualassault,2021-01-12 13:05:05,Applicable,Stigma,"Experienced, Internalized, Anticipated"
kbc6hq,sexualassault,2020-12-12 0:42:18,Applicable,Stigma,"Experienced, Anticipated"
kbb7xj,sexualassault,2020-12-11 23:30:13,Applicable,Stigma,Experienced
kbb7xj,sexualassault,2020-12-11 23:05:48,Applicable,Stigma,Experienced
kbayek,sexualassault,2020-12-11 21:20:07,Applicable,Stigma,"Internalized, Anticipated"
kbayek,sexualassault,2020-12-11 22:12:09,Applicable,Stigma,"Internalized, Anticipated"
kbayek,sexualassault,2020-12-11 23:55:05,Applicable,Stigma,"Internalized, Anticipated"
kbayek,sexualassault,2020-12-12 3:44:37,Applicable,Stigma,"Internalized, Anticipated"
kbayek,sexualassault,2020-12-12 4:31:31,Applicable,Stigma,"Internalized, Anticipated"
kb2kp8,sexualassault,2021-01-12 12:57:17,Applicable,Stigma,"Experienced, Internalized, Anticipated, Structural"
kazlan,sexualassault,2020-12-11 10:58:31,Applicable,Stigma,"Experienced, Internalized, Anticipated"
kazj7e,sexualassault,2021-01-12 12:53:33,Applicable,Stigma,"Experienced, Internalized, Structural"
kazj7e,sexualassault,2020-12-11 11:08:58,Applicable,Stigma,"Experienced, Internalized, Structural"
kayaet,sexualassault,2020-12-11 8:50:27,Applicable,Stigma,
kayaet,sexualassault,2020-12-11 11:29:39,Applicable,Stigma,
kay66z,sexualassault,2021-01-12 12:44:06,Applicable,Stigma,"Experienced, Internalized, Anticipated"
kau0o1,sexualassault,2020-12-11 2:54:06,Applicable,Stigma,Experienced
kau0o1,sexualassault,2020-12-11 3:40:59,Applicable,Stigma,Experienced
kau0o1,sexualassault,2020-12-11 9:39:25,Applicable,Stigma,Experienced
kau0o1,sexualassault,2020-12-11 12:18:22,Applicable,Stigma,Experienced
katulv,sexualassault,2020-12-11 12:13:20,Applicable,Stigma,Internalized
kasqsr,sexualassault,2020-12-11 3:46:09,Applicable,Stigma,Internalized
kasqsr,sexualassault,2020-12-11 23:57:27,Applicable,Stigma,Internalized
kasqsr,sexualassault,2020-12-12 7:27:40,Applicable,Stigma,Internalized
kaefny,sexualassault,2020-12-10 16:21:24,Applicable,Stigma,Internalized
kaefny,sexualassault,2020-12-10 20:41:29,Applicable,Stigma,Internalized
kaefny,sexualassault,2021-01-11 8:13:56,Applicable,Stigma,Internalized
kaax3a,sexualassault,2021-01-11 7:54:57,Applicable,Stigma,Internalized
kaahl3,sexualassault,2021-01-11 7:50:57,Applicable,Stigma,Internalized
kaaaie,sexualassault,2020-12-10 13:18:27,Applicable,Stigma,"Internalized, Anticipated"
kaaaie,sexualassault,2020-12-10 20:38:50,Applicable,Stigma,"Internalized, Anticipated"
ka9og5,sexualassault,2021-01-11 7:46:56,Applicable,Stigma,Internalized
ka0ikh,sexualassault,2020-12-09 21:18:13,Applicable,Stigma,Internalized
k9tyj4,sexualassault,2020-12-09 16:44:06,Applicable,Stigma,"Experienced, Internalized, Anticipated"
k9tyj4,sexualassault,2021-01-11 7:25:31,Applicable,Stigma,"Experienced, Internalized, Anticipated"
k9s9t4,sexualassault,2020-12-09 17:31:02,Applicable,Stigma,"Experienced, Anticipated"
k9s9t4,sexualassault,2020-12-09 15:45:14,Applicable,Stigma,"Experienced, Anticipated"
k9s9t4,sexualassault,2020-12-09 20:45:04,Applicable,Stigma,"Experienced, Anticipated"
k9s9t4,sexualassault,2020-12-09 17:34:41,Applicable,Stigma,"Experienced, Anticipated"
k9od7p,sexualassault,2020-12-09 9:32:51,Applicable,Stigma,"Internalized, Anticipated"
k9od7p,sexualassault,2020-12-10 3:45:07,Applicable,Stigma,"Internalized, Anticipated"
k9nu8k,sexualassault,2020-12-09 9:18:50,Applicable,Stigma,"Experienced, Internalized, Anticipated, Structural"
k9nu8k,sexualassault,2020-12-09 16:45:57,Applicable,Stigma,"Experienced, Internalized, Anticipated, Structural"
k9nu8k,sexualassault,2020-12-09 17:00:59,Applicable,Stigma,"Experienced, Internalized, Anticipated, Structural"
k9nu8k,sexualassault,2020-12-09 19:19:55,Applicable,Stigma,"Experienced, Internalized, Anticipated, Structural"
k9nq56,sexualassault,2021-01-11 7:07:41,Applicable,Stigma,"Experienced, Internalized"
k9l5y5,sexualassault,2021-01-11 7:04:51,Applicable,Stigma,Internalized
k9juns,sexualassault,2020-12-09 11:00:37,Applicable,Stigma,Internalized
k9juns,sexualassault,2021-01-11 6:57:55,Applicable,Stigma,Internalized
k9gq2v,sexualassault,2020-12-09 2:19:52,Applicable,Stigma,"Experienced, Internalized, Anticipated"
k9gq2v,sexualassault,2020-12-09 17:46:30,Applicable,Stigma,"Experienced, Internalized, Anticipated"
k9c8e6,sexualassault,2020-12-09 7:19:57,Applicable,Stigma,Internalized
k99xtd,sexualassault,2021-01-10 5:05:21,Applicable,Stigma,Anticipated
k99xtd,sexualassault,2020-12-08 19:44:43,Applicable,Stigma,Anticipated
k96gmx,sexualassault,2020-12-08 16:08:03,Applicable,Stigma,Internalized
k90yzu,sexualassault,2020-12-08 9:29:41,Applicable,Stigma,"Experienced, Internalized, Anticipated"
k90yzu,sexualassault,2020-12-09 7:31:53,Applicable,Stigma,"Experienced, Internalized, Anticipated"
k8wau2,sexualassault,2020-12-08 14:16:39,Applicable,Stigma,
k8wau2,sexualassault,2020-12-08 14:17:44,Applicable,Stigma,
k8wau2,sexualassault,2020-12-09 10:06:47,Applicable,Stigma,
k8w7ml,sexualassault,2021-01-10 4:55:33,Applicable,Stigma,"Experienced, Internalized, Anticipated"
k8w7ml,sexualassault,2020-12-08 12:40:44,Applicable,Stigma,"Experienced, Internalized, Anticipated"
k8szmj,sexualassault,2020-12-08 1:54:34,Applicable,Stigma,"Experienced, Anticipated"
k8szmj,sexualassault,2020-12-08 3:15:56,Applicable,Stigma,"Experienced, Anticipated"
k8szmj,sexualassault,2020-12-08 6:02:14,Applicable,Stigma,"Experienced, Anticipated"
k8szmj,sexualassault,2020-12-08 7:05:42,Applicable,Stigma,"Experienced, Anticipated"
k8phlc,sexualassault,2020-12-08 2:08:48,Applicable,Stigma,"Experienced, Internalized"
k8nh7e,sexualassault,2020-12-08 14:25:08,Applicable,Stigma,
k8ly9j,sexualassault,2020-12-07 18:38:41,Applicable,Stigma,"Experienced, Internalized"
k8ly9j,sexualassault,2020-12-07 20:49:04,Applicable,Stigma,"Experienced, Internalized"
k8k497,sexualassault,2020-12-07 18:42:58,Applicable,Stigma,Internalized
k8k497,sexualassault,2020-12-11 22:39:55,Applicable,Stigma,Internalized
k8h4oj,sexualassault,2020-12-07 14:06:15,Applicable,Stigma,"Experienced, Anticipated"
k8h4oj,sexualassault,2020-12-07 17:31:38,Applicable,Stigma,"Experienced, Anticipated"
k8h4oj,sexualassault,2020-12-07 15:41:31,Applicable,Stigma,"Experienced, Anticipated"
k8h4oj,sexualassault,2020-12-07 15:38:13,Applicable,Stigma,"Experienced, Anticipated"
k841p6,sexualassault,2020-12-07 1:31:36,Applicable,Stigma,"Experienced, Internalized, Anticipated"
k841p6,sexualassault,2020-12-07 1:57:26,Applicable,Stigma,"Experienced, Internalized, Anticipated"
k841p6,sexualassault,2020-12-07 3:56:45,Applicable,Stigma,"Experienced, Internalized, Anticipated"
k7z0o3,sexualassault,2020-12-06 20:09:31,Applicable,Stigma,"Experienced, Internalized, Anticipated"
k7z0o3,sexualassault,2023-07-28 3:58:40,Applicable,Stigma,"Experienced, Internalized, Anticipated"
k7z0o3,sexualassault,2023-07-28 7:58:36,Applicable,Stigma,"Experienced, Internalized, Anticipated"
k7z0o3,sexualassault,2023-07-28 19:24:19,Applicable,Stigma,"Experienced, Internalized, Anticipated"
k7nhox,sexualassault,2020-12-06 6:33:05,Applicable,Stigma,Experienced
k7mza4,sexualassault,2021-01-08 13:23:52,Applicable,Stigma,"Experienced, Internalized"
k7mza4,sexualassault,2020-12-06 7:30:10,Applicable,Stigma,"Experienced, Internalized"
k7ksq8,sexualassault,2021-01-08 13:20:33,Applicable,Stigma,"Experienced, Anticipated"
k7ksq8,sexualassault,2020-12-06 3:54:22,Applicable,Stigma,"Experienced, Anticipated"
k79u2m,sexualassault,2021-01-08 13:12:35,Applicable,Stigma,Anticipated
k795f3,sexualassault,2020-12-05 15:45:24,Applicable,Stigma,
k72blz,sexualassault,2021-01-08 12:54:44,Applicable,Stigma,Internalized
k72blz,sexualassault,2020-12-06 7:46:36,Applicable,Stigma,Internalized
k6yx1u,sexualassault,2020-12-05 4:11:32,Applicable,Stigma,Anticipated
k6y9yx,sexualassault,2020-12-05 2:21:31,Applicable,Stigma,"Experienced, Internalized"
k6wfad,sexualassault,2020-12-05 3:05:14,Applicable,Stigma,Internalized
k6wfad,sexualassault,2020-12-05 2:25:04,Applicable,Stigma,Internalized
k6wfad,sexualassault,2020-12-05 1:28:50,Applicable,Stigma,Internalized
k6t560,sexualassault,2020-12-05 1:24:29,Applicable,Stigma,Internalized
k6t560,sexualassault,2020-12-05 3:39:51,Applicable,Stigma,Internalized
k6d9ie,sexualassault,2021-01-08 12:29:32,Applicable,Stigma,
k6d9ie,sexualassault,2020-12-04 10:47:12,Applicable,Stigma,
k6090c,sexualassault,2020-12-04 15:42:06,Applicable,Stigma,"Experienced, Internalized"
k606om,sexualassault,2021-01-08 12:19:35,Applicable,Stigma,Experienced
k5t08l,sexualassault,2020-12-03 8:08:55,Applicable,Stigma,"Experienced, Internalized, Anticipated"
k5scuz,sexualassault,2020-12-03 8:23:19,Applicable,Stigma,"Experienced, Internalized, Anticipated"
k5scuz,sexualassault,2020-12-03 14:53:10,Applicable,Stigma,"Experienced, Internalized, Anticipated"
k5rip4,sexualassault,2021-01-04 4:03:48,Applicable,Stigma,Anticipated
k5rip4,sexualassault,2020-12-03 12:27:07,Applicable,Stigma,Anticipated
k5rip4,sexualassault,2020-12-03 15:38:19,Applicable,Stigma,Anticipated
k5rip4,sexualassault,2020-12-04 15:34:10,Applicable,Stigma,Anticipated
k5rip4,sexualassault,2020-12-05 5:48:53,Applicable,Stigma,Anticipated
k5qqvl,sexualassault,2021-01-04 4:00:26,Applicable,Stigma,"Experienced, Anticipated"
k5qqvl,sexualassault,2020-12-05 5:57:02,Applicable,Stigma,"Experienced, Anticipated"
k5n0xy,sexualassault,2021-01-04 3:53:23,Applicable,Stigma,"Experienced, Internalized, Anticipated"
k5n0xy,sexualassault,2020-12-03 1:16:12,Applicable,Stigma,"Experienced, Internalized, Anticipated"
k5imc6,sexualassault,2021-01-04 3:41:03,Applicable,Stigma,
k5g5vx,sexualassault,2021-01-04 3:17:36,Applicable,Stigma,"Internalized, Anticipated"
k5ei46,sexualassault,2021-01-04 3:14:11,Applicable,Stigma,"Internalized, Anticipated"
k5ei46,sexualassault,2020-12-04 11:12:19,Applicable,Stigma,"Internalized, Anticipated"
k5ei46,sexualassault,2021-01-20 15:47:05,Applicable,Stigma,"Internalized, Anticipated"
k57w6c,sexualassault,2021-01-04 3:07:06,Applicable,Stigma,Internalized
k57w6c,sexualassault,2020-12-02 20:36:24,Applicable,Stigma,Internalized
k57w6c,sexualassault,2020-12-04 11:19:10,Applicable,Stigma,Internalized
k51rri,sexualassault,2021-01-04 3:00:56,Applicable,Stigma,Internalized
k4vgme,sexualassault,2020-12-02 1:00:55,Applicable,Stigma,"Experienced, Internalized"
k4vgme,sexualassault,2020-12-02 6:38:39,Applicable,Stigma,"Experienced, Internalized"
k4vgme,sexualassault,2020-12-02 6:54:10,Applicable,Stigma,"Experienced, Internalized"
k4ooyx,sexualassault,2020-12-01 19:30:53,Applicable,Stigma,"Experienced, Internalized, Anticipated, Structural"
k4ooyx,sexualassault,2020-12-01 21:20:09,Applicable,Stigma,"Experienced, Internalized, Anticipated, Structural"
k4cotm,sexualassault,2020-12-01 4:05:05,Applicable,Stigma,Internalized
k4cotm,sexualassault,2020-12-01 4:50:24,Applicable,Stigma,Internalized
k4cotm,sexualassault,2020-12-01 11:55:35,Applicable,Stigma,Internalized
k4cotm,sexualassault,2020-12-01 20:48:49,Applicable,Stigma,Internalized
k4cotm,sexualassault,2021-01-01 0:28:41,Applicable,Stigma,Internalized
k4agzv,sexualassault,2020-12-01 12:06:56,Applicable,Stigma,"Internalized, Structural"
k4agzv,sexualassault,2021-01-01 0:07:41,Applicable,Stigma,"Internalized, Structural"
k49pwl,sexualassault,2020-12-01 2:45:22,Applicable,Stigma,"Experienced, Anticipated"
k49pwl,sexualassault,2020-12-01 2:55:41,Applicable,Stigma,"Experienced, Anticipated"
k49pwl,sexualassault,2020-12-01 4:04:20,Applicable,Stigma,"Experienced, Anticipated"
k49pwl,sexualassault,2020-12-01 4:34:19,Applicable,Stigma,"Experienced, Anticipated"
k47wum,sexualassault,2020-11-30 23:38:41,Applicable,Stigma,Internalized
k47wum,sexualassault,2020-12-01 1:09:00,Applicable,Stigma,Internalized
k47wum,sexualassault,2021-01-01 0:02:02,Applicable,Stigma,Internalized
k46tlb,sexualassault,2020-11-30 23:01:18,Applicable,Stigma,"Experienced, Internalized"
k4319e,sexualassault,2020-11-30 19:34:22,Applicable,Stigma,"Internalized, Anticipated"
k4319e,sexualassault,2020-11-30 20:18:53,Applicable,Stigma,"Internalized, Anticipated"
k4319e,sexualassault,2020-11-30 21:43:21,Applicable,Stigma,"Internalized, Anticipated"
k4319e,sexualassault,2020-12-01 0:01:06,Applicable,Stigma,"Internalized, Anticipated"
k3zuj6,sexualassault,2020-12-30 12:52:05,Applicable,Stigma,"Experienced, Internalized, Anticipated"
k3zuj6,sexualassault,2020-11-30 20:41:51,Applicable,Stigma,"Experienced, Internalized, Anticipated"
k3xw33,sexualassault,2020-12-30 12:48:23,Applicable,Stigma,Internalized
k3t4w2,sexualassault,2020-11-30 10:07:55,Applicable,Stigma,Anticipated
k3p1li,sexualassault,2020-11-30 10:57:15,Applicable,Stigma,"Internalized, Anticipated, Structural"
k3p1li,sexualassault,2020-11-30 14:13:28,Applicable,Stigma,"Internalized, Anticipated, Structural"
k3m2hu,sexualassault,2020-11-30 4:57:17,Applicable,Stigma,"Internalized, Anticipated"
k3fnig,sexualassault,2020-11-29 23:42:35,Applicable,Stigma,Experienced
k3fnig,sexualassault,2020-11-30 3:03:38,Applicable,Stigma,Experienced
k399vk,sexualassault,2020-11-29 15:44:21,Applicable,Stigma,"Experienced, Internalized"
k399vk,sexualassault,2020-11-29 14:52:46,Applicable,Stigma,"Experienced, Internalized"
k35lsj,sexualassault,2020-11-29 14:00:02,Applicable,Stigma,"Experienced, Internalized, Anticipated"
k33v8i,sexualassault,2020-11-29 6:19:42,Applicable,Stigma,"Internalized, Structural"
k32sbc,sexualassault,2020-11-29 4:31:48,Applicable,Stigma,Internalized
k326zk,sexualassault,2020-12-26 4:47:46,Applicable,Stigma,"Internalized, Anticipated"
k326zk,sexualassault,2020-11-29 4:05:35,Applicable,Stigma,"Internalized, Anticipated"
k321pd,sexualassault,2020-12-26 4:40:19,Applicable,Stigma,"Experienced, Internalized, Anticipated, Structural"
k321pd,sexualassault,2020-12-02 23:57:54,Applicable,Stigma,"Experienced, Internalized, Anticipated, Structural"
k2njs8,sexualassault,2020-12-26 4:17:00,Applicable,Stigma,"Experienced, Anticipated"
k2njs8,sexualassault,2020-11-28 14:39:43,Applicable,Stigma,"Experienced, Anticipated"
k2njs8,sexualassault,2020-11-28 15:52:11,Applicable,Stigma,"Experienced, Anticipated"
k2njs8,sexualassault,2020-11-28 18:08:50,Applicable,Stigma,"Experienced, Anticipated"
k2hy1w,sexualassault,2020-11-28 7:19:16,Applicable,Stigma,"Experienced, Internalized, Structural"
k2e9ze,sexualassault,2020-11-28 2:03:30,Applicable,Stigma,Internalized
k2e9ze,sexualassault,2020-11-28 3:17:05,Applicable,Stigma,Internalized
k2930u,sexualassault,2020-12-03 0:03:20,Applicable,Stigma,"Experienced, Internalized"
k27k39,sexualassault,2020-11-27 22:26:49,Applicable,Stigma,"Experienced, Internalized, Anticipated"
k27k39,sexualassault,2020-12-04 9:39:16,Applicable,Stigma,"Experienced, Internalized, Anticipated"
k22jtb,sexualassault,2020-11-27 19:58:07,Applicable,Stigma,"Experienced, Internalized"
k22jtb,sexualassault,2020-11-29 0:03:15,Applicable,Stigma,"Experienced, Internalized"
k1yl50,sexualassault,2020-11-27 16:51:20,Applicable,Stigma,Anticipated
k1yl50,sexualassault,2020-11-27 22:43:18,Applicable,Stigma,Anticipated
k1yl50,sexualassault,2020-11-27 19:31:58,Applicable,Stigma,Anticipated
k1tln0,sexualassault,2020-11-27 5:14:03,Applicable,Stigma,Internalized
k1tln0,sexualassault,2020-11-27 4:35:24,Applicable,Stigma,Internalized
k1tln0,sexualassault,2020-11-28 2:55:14,Applicable,Stigma,Internalized
k1f7d4,sexualassault,2020-11-26 15:26:07,Applicable,Stigma,"Experienced, Internalized"
k1f7d4,sexualassault,2020-11-26 13:27:22,Applicable,Stigma,"Experienced, Internalized"
k1bp4e,sexualassault,2020-11-28 7:32:18,Applicable,Stigma,"Internalized, Anticipated"
k1bebg,sexualassault,2021-10-27 17:00:04,Applicable,Stigma,Internalized
k1b0hn,sexualassault,2020-11-29 8:50:44,Applicable,Stigma,"Experienced, Anticipated"
k17odn,sexualassault,2020-11-26 4:30:54,Applicable,Stigma,Anticipated
k13tra,sexualassault,2020-11-26 4:43:18,Applicable,Stigma,"Experienced, Internalized, Anticipated"
k12eyw,sexualassault,2020-11-25 22:55:01,Applicable,Stigma,"Internalized, Anticipated"
k0p35w,sexualassault,2020-11-25 17:55:02,Applicable,Stigma,"Experienced, Internalized, Anticipated"
k0mp8s,sexualassault,2020-11-25 20:30:36,Applicable,Stigma,"Experienced, Anticipated"
k0mp8s,sexualassault,2020-11-25 22:53:40,Applicable,Stigma,"Experienced, Anticipated"
k0mp8s,sexualassault,2020-11-29 6:59:04,Applicable,Stigma,"Experienced, Anticipated"
k04yqi,sexualassault,2020-11-24 14:51:59,Applicable,Stigma,Internalized
k04yqi,sexualassault,2020-11-24 14:51:46,Applicable,Stigma,Internalized
k04yqi,sexualassault,2020-11-25 23:05:24,Applicable,Stigma,Internalized
k015xr,sexualassault,2020-11-24 14:57:06,Applicable,Stigma,"Internalized, Anticipated"
jzyx95,sexualassault,2020-11-24 6:10:24,Applicable,Stigma,Internalized
jzy5ig,sexualassault,2020-11-26 4:45:07,Applicable,Stigma,"Internalized, Anticipated"
jzwnpy,sexualassault,2020-11-25 23:06:06,Applicable,Stigma,"Experienced, Anticipated, Structural"
jzvr61,sexualassault,2020-11-24 2:13:34,Applicable,Stigma,Internalized
jzvr61,sexualassault,2020-11-24 2:59:59,Applicable,Stigma,Internalized
jzvr61,sexualassault,2020-11-24 12:06:46,Applicable,Stigma,Internalized
jzs780,sexualassault,2020-11-24 0:43:49,Applicable,Stigma,"Experienced, Internalized, Anticipated"
jzesg7,sexualassault,2020-11-24 6:33:06,Applicable,Stigma,"Experienced, Anticipated"
jzdfin,sexualassault,2020-11-23 12:59:42,Applicable,Stigma,Internalized
jz9yko,sexualassault,2020-11-26 18:08:28,Applicable,Stigma,Anticipated
jz7awk,sexualassault,2020-11-23 7:58:46,Applicable,Stigma,Internalized
jz4dmn,sexualassault,2020-11-23 0:27:17,Applicable,Stigma,"Internalized, Anticipated"
jz4dmn,sexualassault,2020-11-23 4:24:03,Applicable,Stigma,"Internalized, Anticipated"
jz44ex,sexualassault,2020-11-22 21:57:35,Applicable,Stigma,"Internalized, Anticipated"
jz23cw,sexualassault,2020-11-24 17:04:01,Applicable,Stigma,"Experienced, Internalized, Structural"
jypp16,sexualassault,2020-11-22 16:45:30,Applicable,Stigma,"Experienced, Internalized, Anticipated"
jypbb1,sexualassault,2020-11-22 21:57:16,Applicable,Stigma,"Internalized, Anticipated"
jymuvs,sexualassault,2020-11-22 3:21:31,Applicable,Stigma,"Internalized, Anticipated"
jymuvs,sexualassault,2020-11-22 22:45:27,Applicable,Stigma,"Internalized, Anticipated"
jyiow0,sexualassault,2020-11-21 21:37:02,Applicable,Stigma,Internalized
jyhphb,sexualassault,2020-11-22 0:01:30,Applicable,Stigma,"Experienced, Internalized, Anticipated"
jyhphb,sexualassault,2020-11-23 0:39:18,Applicable,Stigma,"Experienced, Internalized, Anticipated"
jyfxyp,sexualassault,2020-11-23 3:45:59,Applicable,Stigma,"Internalized, Anticipated"
jyburv,sexualassault,2020-11-21 15:18:41,Applicable,Stigma,
jyburv,sexualassault,2020-11-21 15:26:12,Applicable,Stigma,
jyburv,sexualassault,2020-11-22 0:15:29,Applicable,Stigma,
jy13ep,sexualassault,2020-11-21 8:27:41,Applicable,Stigma,"Internalized, Anticipated"
jxyk4r,sexualassault,2020-11-20 22:59:37,Applicable,Stigma,Internalized
jxye3d,sexualassault,2020-11-20 23:12:01,Applicable,Stigma,
jxxnts,sexualassault,2020-11-21 5:02:31,Applicable,Stigma,Anticipated
jxwkdu,sexualassault,2020-11-20 21:55:48,Applicable,Stigma,"Internalized, Anticipated"
jxtltv,sexualassault,2020-11-20 18:09:58,Applicable,Stigma,Internalized
jxmboj,sexualassault,2020-11-20 13:19:48,Applicable,Stigma,"Experienced, Internalized, Anticipated, Structural"
jxmboj,sexualassault,2020-11-20 15:15:53,Applicable,Stigma,"Experienced, Internalized, Anticipated, Structural"
jxmboj,sexualassault,2020-11-20 19:15:55,Applicable,Stigma,"Experienced, Internalized, Anticipated, Structural"
jxmboj,sexualassault,2020-11-20 21:43:23,Applicable,Stigma,"Experienced, Internalized, Anticipated, Structural"
jxjtgt,sexualassault,2020-11-20 11:53:53,Applicable,Stigma,"Internalized, Anticipated"
jxamzc,sexualassault,2020-11-20 1:38:05,Applicable,Stigma,Internalized
jxamzc,sexualassault,2020-11-20 5:40:05,Applicable,Stigma,Internalized
jxa9ap,sexualassault,2020-11-20 5:56:16,Applicable,Stigma,"Experienced, Internalized, Anticipated, Structural"
jx6q68,sexualassault,2020-11-19 19:01:38,Applicable,Stigma,"Experienced, Internalized, Anticipated"
jx6q68,sexualassault,2020-11-19 20:27:23,Applicable,Stigma,"Experienced, Internalized, Anticipated"
jx6q68,sexualassault,2020-11-19 23:25:45,Applicable,Stigma,"Experienced, Internalized, Anticipated"
jx6gos,sexualassault,2020-11-19 17:06:02,Applicable,Stigma,Internalized
jx5yiy,sexualassault,2020-11-19 21:57:05,Applicable,Stigma,"Experienced, Internalized, Anticipated"
jx3e2p,sexualassault,2020-11-19 15:56:17,Applicable,Stigma,"Experienced, Internalized, Anticipated, Structural"
jx0y3x,sexualassault,2020-11-19 12:47:12,Applicable,Stigma,"Experienced, Anticipated"
jx0y3x,sexualassault,2020-11-19 14:50:37,Applicable,Stigma,"Experienced, Anticipated"
jx0y3x,sexualassault,2020-11-20 13:37:58,Applicable,Stigma,"Experienced, Anticipated"
jx0y3x,sexualassault,2020-11-19 14:42:52,Applicable,Stigma,"Experienced, Anticipated"
jx0y3x,sexualassault,2020-11-19 18:37:54,Applicable,Stigma,"Experienced, Anticipated"
jwyyrl,sexualassault,2020-11-19 8:38:54,Applicable,Stigma,"Internalized, Anticipated"
jwyyrl,sexualassault,2020-11-19 8:42:19,Applicable,Stigma,"Internalized, Anticipated"
jwyyrl,sexualassault,2020-11-19 8:40:53,Applicable,Stigma,"Internalized, Anticipated"
jwyyrl,sexualassault,2020-11-23 6:12:36,Applicable,Stigma,"Internalized, Anticipated"
jwybd8,sexualassault,2020-11-19 7:28:44,Applicable,Stigma,Internalized
jwybd8,sexualassault,2020-11-19 16:34:08,Applicable,Stigma,Internalized
jwwpnh,sexualassault,2020-11-19 8:29:13,Applicable,Stigma,"Experienced, Internalized"
jwt1v5,sexualassault,2020-11-19 21:39:52,Applicable,Stigma,Experienced
jwrdgy,sexualassault,2020-11-19 2:15:49,Applicable,Stigma,"Experienced, Internalized"
jwrdgy,sexualassault,2020-11-18 23:48:37,Applicable,Stigma,"Experienced, Internalized"
jwi8v0,sexualassault,2020-11-18 22:51:00,Applicable,Stigma,Internalized
jwhqn5,sexualassault,2020-11-18 15:41:59,Applicable,Stigma,"Experienced, Internalized, Anticipated"
jwhqn5,sexualassault,2020-11-18 22:05:16,Applicable,Stigma,"Experienced, Internalized, Anticipated"
jw9xjp,sexualassault,2020-11-18 11:43:33,Applicable,Stigma,"Experienced, Internalized"
jw9xjp,sexualassault,2020-11-18 5:51:57,Applicable,Stigma,"Experienced, Internalized"
jw9xjp,sexualassault,2020-11-22 3:05:21,Applicable,Stigma,"Experienced, Internalized"
jw9ud3,sexualassault,2020-11-18 5:59:00,Applicable,Stigma,"Experienced, Internalized"
jw3prk,sexualassault,2020-11-18 0:35:31,Applicable,Stigma,"Experienced, Internalized, Anticipated"
jvt67d,sexualassault,2020-11-17 16:08:07,Applicable,Stigma,"Experienced, Internalized, Anticipated"
jvt67d,sexualassault,2020-11-17 20:19:45,Applicable,Stigma,"Experienced, Internalized, Anticipated"
jvot4y,sexualassault,2020-11-17 20:29:58,Applicable,Stigma,Internalized
jvl0o6,sexualassault,2020-11-17 19:01:11,Applicable,Stigma,Internalized
jvcnuc,sexualassault,2020-11-16 19:10:34,Applicable,Stigma,Internalized
jvcnuc,sexualassault,2020-11-16 20:21:03,Applicable,Stigma,Internalized
jvcnuc,sexualassault,2020-11-16 19:41:16,Applicable,Stigma,Internalized
jvcnuc,sexualassault,2020-11-16 19:54:48,Applicable,Stigma,Internalized
jvcnuc,sexualassault,2020-11-16 19:41:25,Applicable,Stigma,Internalized
jvcnuc,sexualassault,2020-11-16 20:26:43,Applicable,Stigma,Internalized
jvcnuc,sexualassault,2020-11-17 1:25:06,Applicable,Stigma,Internalized
jvcnuc,sexualassault,2020-11-16 21:06:05,Applicable,Stigma,Internalized
jvcnuc,sexualassault,2020-11-16 20:57:12,Applicable,Stigma,Internalized
jvcnuc,sexualassault,2020-11-16 23:06:31,Applicable,Stigma,Internalized
jvcnuc,sexualassault,2020-11-17 0:09:33,Applicable,Stigma,Internalized
jvcnuc,sexualassault,2020-11-17 0:19:32,Applicable,Stigma,Internalized
jvcnuc,sexualassault,2020-11-17 2:51:38,Applicable,Stigma,Internalized
jvcnuc,sexualassault,2020-11-17 6:03:54,Applicable,Stigma,Internalized
jvcnuc,sexualassault,2020-11-17 20:24:19,Applicable,Stigma,Internalized
jvcnuc,sexualassault,2020-11-18 9:35:57,Applicable,Stigma,Internalized
jvcnuc,sexualassault,2020-11-21 2:58:37,Applicable,Stigma,Internalized
jvcnuc,sexualassault,2020-11-23 19:50:44,Applicable,Stigma,Internalized
jvcnuc,sexualassault,2020-12-15 11:19:17,Applicable,Stigma,Internalized
jvbta1,sexualassault,2020-11-16 21:04:24,Applicable,Stigma,"Experienced, Internalized, Anticipated"
jvbg63,sexualassault,2020-11-16 21:07:16,Applicable,Stigma,Internalized
jv8nvx,sexualassault,2020-11-16 15:32:43,Applicable,Stigma,Internalized
jv5xjy,sexualassault,2020-11-16 16:14:58,Applicable,Stigma,Internalized
jv5xjy,sexualassault,2020-11-17 8:12:07,Applicable,Stigma,Internalized
juyzi6,sexualassault,2020-11-16 4:03:06,Applicable,Stigma,"Experienced, Anticipated"
juvajd,sexualassault,2020-11-16 1:42:12,Applicable,Stigma,"Experienced, Internalized"
jutea0,sexualassault,2020-11-15 22:12:10,Applicable,Stigma,"Internalized, Anticipated"
juqgvt,sexualassault,2020-11-15 19:01:14,Applicable,Stigma,Structural
juqgvt,sexualassault,2020-11-16 1:36:52,Applicable,Stigma,Structural
juqgvt,sexualassault,2020-11-15 19:13:33,Applicable,Stigma,Structural
juqgvt,sexualassault,2020-11-15 19:04:08,Applicable,Stigma,Structural
jupr0g,sexualassault,2020-11-15 17:41:00,Applicable,Stigma,"Experienced, Anticipated, Structural"
jujrcz,sexualassault,2020-11-15 13:41:36,Applicable,Stigma,"Experienced, Internalized, Anticipated"
jugr1v,sexualassault,2020-11-15 5:43:02,Applicable,Stigma,Internalized
jugr1v,sexualassault,2020-11-16 23:32:06,Applicable,Stigma,Internalized
jug7mj,sexualassault,2020-11-15 5:06:02,Applicable,Stigma,Internalized
jug4i0,sexualassault,2020-11-15 8:35:47,Applicable,Stigma,Internalized
ju41kk,sexualassault,2020-11-14 15:55:40,Applicable,Stigma,Internalized
ju41kk,sexualassault,2020-11-14 17:24:07,Applicable,Stigma,Internalized
ju0jei,sexualassault,2020-11-14 16:59:19,Applicable,Stigma,Internalized
jtq55s,sexualassault,2020-11-14 1:04:46,Applicable,Stigma,"Experienced, Internalized, Anticipated"
jtq55s,sexualassault,2020-11-16 23:19:47,Applicable,Stigma,"Experienced, Internalized, Anticipated"
jt73t5,sexualassault,2020-11-13 3:01:56,Applicable,Stigma,Internalized
jt73t5,sexualassault,2020-11-13 7:41:17,Applicable,Stigma,Internalized
jt73t5,sexualassault,2020-11-13 21:56:01,Applicable,Stigma,Internalized
jt4z8k,sexualassault,2020-11-12 23:27:54,Applicable,Stigma,Internalized
jt4z8k,sexualassault,2020-11-12 22:40:48,Applicable,Stigma,Internalized
jsqelt,sexualassault,2020-11-12 11:49:51,Applicable,Stigma,"Experienced, Internalized, Anticipated"
jsqelt,sexualassault,2020-11-12 18:23:01,Applicable,Stigma,"Experienced, Internalized, Anticipated"
jsqelt,sexualassault,2020-11-12 8:06:57,Applicable,Stigma,"Experienced, Internalized, Anticipated"
jsqelt,sexualassault,2020-11-17 23:11:06,Applicable,Stigma,"Experienced, Internalized, Anticipated"
jsklaj,sexualassault,2020-11-12 6:11:01,Applicable,Stigma,"Experienced, Internalized, Anticipated"
jsh0xm,sexualassault,2020-11-12 0:57:48,Applicable,Stigma,"Internalized, Anticipated"
jsh0xm,sexualassault,2020-11-12 5:52:51,Applicable,Stigma,"Internalized, Anticipated"
jsh0xm,sexualassault,2020-11-12 6:07:23,Applicable,Stigma,"Internalized, Anticipated"
jsgh2r,sexualassault,2020-11-11 20:49:57,Applicable,Stigma,Internalized
js3jcf,sexualassault,2020-11-11 23:36:21,Applicable,Stigma,"Internalized, Anticipated"
jryevm,sexualassault,2020-11-13 15:36:20,Applicable,Stigma,Internalized
jrtuir,sexualassault,2020-11-10 21:34:21,Applicable,Stigma,"Experienced, Internalized, Anticipated"
jrones,sexualassault,2020-11-10 18:11:07,Applicable,Stigma,"Internalized, Anticipated"
jrones,sexualassault,2020-11-12 5:58:13,Applicable,Stigma,"Internalized, Anticipated"
jrndwf,sexualassault,2020-11-10 19:31:44,Applicable,Stigma,"Experienced, Internalized, Anticipated"
jrmrsw,sexualassault,2020-11-10 22:56:23,Applicable,Stigma,"Experienced, Anticipated"
jrmrsw,sexualassault,2020-11-10 22:13:38,Applicable,Stigma,"Experienced, Anticipated"
jri0i3,sexualassault,2020-11-10 10:11:50,Applicable,Stigma,Structural
jri0i3,sexualassault,2020-11-10 12:24:49,Applicable,Stigma,Structural
jrhsop,sexualassault,2020-11-10 15:36:26,Applicable,Stigma,"Experienced, Internalized, Anticipated"
jrhsop,sexualassault,2020-11-10 12:33:42,Applicable,Stigma,"Experienced, Internalized, Anticipated"
jrhsop,sexualassault,2020-11-10 15:54:24,Applicable,Stigma,"Experienced, Internalized, Anticipated"
jrhsop,sexualassault,2020-11-10 17:20:55,Applicable,Stigma,"Experienced, Internalized, Anticipated"
jrbbxz,sexualassault,2020-11-10 13:38:27,Applicable,Stigma,Internalized
jranbu,sexualassault,2020-11-10 1:33:35,Applicable,Stigma,"Experienced, Anticipated"
jranbu,sexualassault,2020-11-12 5:15:34,Applicable,Stigma,"Experienced, Anticipated"
jr32t5,sexualassault,2020-11-09 19:23:35,Applicable,Stigma,"Experienced, Internalized, Anticipated, Structural"
jr32t5,sexualassault,2020-11-09 23:50:13,Applicable,Stigma,"Experienced, Internalized, Anticipated, Structural"
jr32t5,sexualassault,2020-11-12 5:46:31,Applicable,Stigma,"Experienced, Internalized, Anticipated, Structural"
jqwibd,sexualassault,2020-11-09 16:17:33,Applicable,Stigma,Internalized
jqwibd,sexualassault,2020-11-09 19:31:19,Applicable,Stigma,Internalized
jquhxt,sexualassault,2020-11-09 12:26:59,Applicable,Stigma,"Internalized, Anticipated"
jquhxt,sexualassault,2020-11-09 12:54:47,Applicable,Stigma,"Internalized, Anticipated"
jquhxt,sexualassault,2020-11-09 15:40:45,Applicable,Stigma,"Internalized, Anticipated"
jquhxt,sexualassault,2020-11-09 15:49:23,Applicable,Stigma,"Internalized, Anticipated"
jqch8k,sexualassault,2020-12-02 5:37:11,Applicable,Stigma,"Experienced, Internalized, Anticipated"
jq5ovt,sexualassault,2020-11-08 5:53:21,Applicable,Stigma,Internalized
jq3z7f,sexualassault,2020-11-08 2:45:08,Applicable,Stigma,Internalized
jpyljd,sexualassault,2020-11-07 22:08:44,Applicable,Stigma,"Experienced, Anticipated"
jplsso,sexualassault,2020-11-07 9:25:08,Applicable,Stigma,"Experienced, Internalized, Anticipated"
jpk2tm,sexualassault,2020-11-09 22:17:45,Applicable,Stigma,"Experienced, Anticipated, Structural"
jpk2tm,sexualassault,2021-02-19 0:17:07,Applicable,Stigma,"Experienced, Anticipated, Structural"
jpjcjn,sexualassault,2020-11-11 6:38:44,Applicable,Stigma,
jpeq23,sexualassault,2020-11-07 15:05:05,Applicable,Stigma,Internalized
jo3gyo,sexualassault,2020-11-05 0:44:53,Applicable,Stigma,"Experienced, Internalized, Anticipated"
jo3gyo,sexualassault,2020-11-04 20:23:28,Applicable,Stigma,"Experienced, Internalized, Anticipated"
jo09b9,sexualassault,2020-11-04 18:01:46,Applicable,Stigma,Experienced
jo09b9,sexualassault,2020-11-04 19:29:28,Applicable,Stigma,Experienced
jo09b9,sexualassault,2020-11-04 23:58:13,Applicable,Stigma,Experienced
jnshvw,sexualassault,2020-11-04 14:00:37,Applicable,Stigma,"Experienced, Internalized, Anticipated"
jnorg3,sexualassault,2020-11-04 3:45:40,Applicable,Stigma,"Internalized, Anticipated"
jnorg3,sexualassault,2020-11-04 3:54:17,Applicable,Stigma,"Internalized, Anticipated"
jnorg3,sexualassault,2020-11-04 3:19:18,Applicable,Stigma,"Internalized, Anticipated"
jnorg3,sexualassault,2020-11-04 10:03:44,Applicable,Stigma,"Internalized, Anticipated"
jniemp,sexualassault,2020-11-04 16:23:32,Applicable,Stigma,"Experienced, Internalized, Anticipated"
jniemp,sexualassault,2020-11-05 19:54:00,Applicable,Stigma,"Experienced, Internalized, Anticipated"
jnfy33,sexualassault,2020-11-03 19:46:22,Applicable,Stigma,"Internalized, Anticipated"
jnfy33,sexualassault,2020-11-03 19:30:59,Applicable,Stigma,"Internalized, Anticipated"
jnd8el,sexualassault,2020-11-03 18:38:35,Applicable,Stigma,"Internalized, Structural"
jnd48o,sexualassault,2020-11-03 17:32:08,Applicable,Stigma,"Experienced, Anticipated"
jnd48o,sexualassault,2020-11-03 17:47:47,Applicable,Stigma,"Experienced, Anticipated"
jn5rl3,sexualassault,2020-11-03 17:53:50,Applicable,Stigma,Internalized
jn4zcm,sexualassault,2020-11-05 20:12:38,Applicable,Stigma,"Experienced, Internalized, Anticipated"
jn3p2f,sexualassault,2020-11-03 5:59:36,Applicable,Stigma,"Experienced, Internalized, Anticipated, Structural"
jn2ysz,sexualassault,2020-11-03 5:10:30,Applicable,Stigma,Internalized
jn2ysz,sexualassault,2020-11-03 6:35:17,Applicable,Stigma,Internalized
jmzq6v,sexualassault,2020-11-03 6:29:43,Applicable,Stigma,"Internalized, Anticipated"
jmzq6v,sexualassault,2020-11-04 2:40:04,Applicable,Stigma,"Internalized, Anticipated"
jmzq6v,sexualassault,2020-11-04 2:50:51,Applicable,Stigma,"Internalized, Anticipated"
jmy2rg,sexualassault,2020-11-03 1:28:03,Applicable,Stigma,"Anticipated, Structural"
jmv09c,sexualassault,2020-11-02 20:24:08,Applicable,Stigma,"Internalized, Anticipated"
jmv09c,sexualassault,2020-11-02 20:17:23,Applicable,Stigma,"Internalized, Anticipated"
jmv09c,sexualassault,2020-11-02 20:33:43,Applicable,Stigma,"Internalized, Anticipated"
jmv09c,sexualassault,2020-11-02 21:22:31,Applicable,Stigma,"Internalized, Anticipated"
jmv09c,sexualassault,2020-11-02 20:22:23,Applicable,Stigma,"Internalized, Anticipated"
jmv09c,sexualassault,2020-11-03 1:06:36,Applicable,Stigma,"Internalized, Anticipated"
jmv09c,sexualassault,2020-11-20 8:06:38,Applicable,Stigma,"Internalized, Anticipated"
jmkjxj,sexualassault,2020-11-02 19:08:45,Applicable,Stigma,Internalized
jmjos1,sexualassault,2020-11-02 11:28:28,Applicable,Stigma,Internalized
jmibrg,sexualassault,2020-11-02 17:36:30,Applicable,Stigma,Internalized
jm23yf,sexualassault,2020-11-01 19:15:20,Applicable,Stigma,"Experienced, Internalized, Anticipated"
jm23yf,sexualassault,2020-11-01 20:55:54,Applicable,Stigma,"Experienced, Internalized, Anticipated"
jm23yf,sexualassault,2020-11-02 2:13:35,Applicable,Stigma,"Experienced, Internalized, Anticipated"
jltb4p,sexualassault,2020-11-01 0:58:57,Applicable,Stigma,Internalized
jlta8f,sexualassault,2020-11-01 1:04:03,Applicable,Stigma,"Experienced, Internalized"
jlta8f,sexualassault,2020-11-01 14:13:54,Applicable,Stigma,"Experienced, Internalized"
jlta8f,sexualassault,2020-11-01 3:15:05,Applicable,Stigma,"Experienced, Internalized"
jlta8f,sexualassault,2020-11-01 8:12:35,Applicable,Stigma,"Experienced, Internalized"
jln2uj,sexualassault,2020-10-31 21:02:03,Applicable,Stigma,"Internalized, Anticipated"
jln2uj,sexualassault,2020-10-31 22:43:22,Applicable,Stigma,"Internalized, Anticipated"
jln2uj,sexualassault,2020-10-31 21:35:48,Applicable,Stigma,"Internalized, Anticipated"
jkz6yv,sexualassault,2020-10-30 17:08:01,Applicable,Stigma,"Internalized, Anticipated"
jkz6yv,sexualassault,2020-10-30 15:56:19,Applicable,Stigma,"Internalized, Anticipated"
jkz6yv,sexualassault,2020-10-30 16:00:31,Applicable,Stigma,"Internalized, Anticipated"
jkz6yv,sexualassault,2020-10-30 18:05:52,Applicable,Stigma,"Internalized, Anticipated"
jktqba,sexualassault,2020-10-30 17:18:40,Applicable,Stigma,"Experienced, Internalized, Anticipated, Structural"
jkqg7u,sexualassault,2020-10-30 16:49:44,Applicable,Stigma,Internalized
jkpgvn,sexualassault,2020-10-30 5:43:39,Applicable,Stigma,"Experienced, Anticipated"
jkpgvn,sexualassault,2020-10-30 4:42:27,Applicable,Stigma,"Experienced, Anticipated"
jkpgvn,sexualassault,2020-10-30 8:38:25,Applicable,Stigma,"Experienced, Anticipated"
jkpgvn,sexualassault,2020-10-30 20:12:50,Applicable,Stigma,"Experienced, Anticipated"
jkl2xv,sexualassault,2020-10-30 3:26:06,Applicable,Stigma,Anticipated
jkkvjk,sexualassault,2020-10-30 2:26:14,Applicable,Stigma,"Experienced, Internalized, Anticipated"
jkgd3r,sexualassault,2020-10-30 0:10:21,Applicable,Stigma,"Experienced, Anticipated, Structural"
jkgd3r,sexualassault,2020-10-30 9:20:37,Applicable,Stigma,"Experienced, Anticipated, Structural"
jkgd3r,sexualassault,2020-10-29 19:34:37,Applicable,Stigma,"Experienced, Anticipated, Structural"
jju0ed,sexualassault,2020-10-29 3:52:03,Applicable,Stigma,Internalized
jjqmja,sexualassault,2020-10-28 20:17:45,Applicable,Stigma,"Internalized, Anticipated"
jjqmja,sexualassault,2020-10-29 4:12:20,Applicable,Stigma,"Internalized, Anticipated"
jjhraq,sexualassault,2020-10-28 7:35:13,Applicable,Stigma,Experienced
jjbq2a,sexualassault,2020-10-27 23:59:21,Applicable,Stigma,
jjbmny,sexualassault,2020-10-28 1:05:19,Applicable,Stigma,"Experienced, Anticipated"
jjbmny,sexualassault,2020-10-28 14:32:22,Applicable,Stigma,"Experienced, Anticipated"
jj9zwk,sexualassault,2020-10-27 22:38:52,Applicable,Stigma,"Experienced, Anticipated"
jj9zwk,sexualassault,2020-10-27 23:47:26,Applicable,Stigma,"Experienced, Anticipated"
jj1pur,sexualassault,2020-11-18 14:46:04,Applicable,Stigma,Anticipated
jj12xf,sexualassault,2020-10-27 15:25:40,Applicable,Stigma,"Internalized, Anticipated"
jj12xf,sexualassault,2020-10-27 16:37:10,Applicable,Stigma,"Internalized, Anticipated"
jiy226,sexualassault,2020-10-28 5:22:01,Applicable,Stigma,"Experienced, Internalized, Anticipated"
jiy226,sexualassault,2020-10-27 12:35:43,Applicable,Stigma,"Experienced, Internalized, Anticipated"
jiy226,sexualassault,2020-10-27 15:11:23,Applicable,Stigma,"Experienced, Internalized, Anticipated"
jit3a4,sexualassault,2020-10-27 3:30:55,Applicable,Stigma,"Experienced, Internalized, Anticipated, Structural"
jis5bd,sexualassault,2020-10-27 20:59:15,Applicable,Stigma,"Experienced, Internalized, Anticipated, Structural"
jinr4g,sexualassault,2020-10-26 21:45:08,Applicable,Stigma,"Experienced, Internalized"
jinmfb,sexualassault,2020-10-26 22:07:56,Applicable,Stigma,"Experienced, Internalized, Anticipated"
jinmfb,sexualassault,2020-10-28 22:17:36,Applicable,Stigma,"Experienced, Internalized, Anticipated"
jinmfb,sexualassault,2020-10-26 23:42:49,Applicable,Stigma,"Experienced, Internalized, Anticipated"
jinmfb,sexualassault,2020-10-27 1:04:14,Applicable,Stigma,"Experienced, Internalized, Anticipated"
jinmfb,sexualassault,2020-10-27 1:24:59,Applicable,Stigma,"Experienced, Internalized, Anticipated"
jikmgj,sexualassault,2020-10-26 19:25:05,Applicable,Stigma,"Experienced, Internalized, Anticipated, Structural"
jikmgj,sexualassault,2020-10-27 2:29:11,Applicable,Stigma,"Experienced, Internalized, Anticipated, Structural"
jiexmv,sexualassault,2020-10-26 14:22:45,Applicable,Stigma,"Internalized, Structural"
jiexmv,sexualassault,2020-10-26 14:26:29,Applicable,Stigma,"Internalized, Structural"
jibncn,sexualassault,2020-10-26 11:12:57,Applicable,Stigma,Experienced
jibncn,sexualassault,2020-10-26 12:21:07,Applicable,Stigma,Experienced
jial98,sexualassault,2020-10-26 8:00:06,Applicable,Stigma,"Experienced, Internalized, Anticipated"
ji81kx,sexualassault,2020-10-27 2:44:43,Applicable,Stigma,Experienced
ji7j70,sexualassault,2020-10-26 10:53:20,Applicable,Stigma,"Experienced, Internalized, Anticipated"
ji7j70,sexualassault,2020-10-26 12:46:25,Applicable,Stigma,"Experienced, Internalized, Anticipated"
ji7j70,sexualassault,2020-10-26 13:39:04,Applicable,Stigma,"Experienced, Internalized, Anticipated"
ji6dzj,sexualassault,2020-10-26 3:07:16,Applicable,Stigma,"Experienced, Internalized"
ji2tdz,sexualassault,2020-10-25 23:15:25,Applicable,Stigma,Internalized
ji2tdz,sexualassault,2020-10-26 2:46:32,Applicable,Stigma,Internalized
jhzuzk,sexualassault,2020-10-25 20:46:56,Applicable,Stigma,"Internalized, Anticipated"
jhws5e,sexualassault,2020-10-25 17:11:53,Applicable,Stigma,"Experienced, Internalized"
jhws5e,sexualassault,2020-10-25 17:33:25,Applicable,Stigma,"Experienced, Internalized"
jhp8d0,sexualassault,2020-10-25 9:34:40,Applicable,Stigma,Experienced
jhn0wt,sexualassault,2020-10-25 4:02:43,Applicable,Stigma,Internalized
jhmbdr,sexualassault,2020-10-25 4:23:05,Applicable,Stigma,Internalized
jhmbdr,sexualassault,2020-10-25 4:22:19,Applicable,Stigma,Internalized
jhemkt,sexualassault,2020-10-26 3:22:31,Applicable,Stigma,
jhe1bo,sexualassault,2020-10-24 18:55:29,Applicable,Stigma,"Internalized, Anticipated"
jhe1bo,sexualassault,2020-10-24 23:39:59,Applicable,Stigma,"Internalized, Anticipated"
jhe1bo,sexualassault,2020-10-25 0:41:37,Applicable,Stigma,"Internalized, Anticipated"
jh6x8o,sexualassault,2020-10-24 12:33:53,Applicable,Stigma,
jh6x8o,sexualassault,2020-10-24 17:33:36,Applicable,Stigma,
jh6x8o,sexualassault,2020-10-24 17:59:57,Applicable,Stigma,
jh59p8,sexualassault,2020-10-24 8:35:24,Applicable,Stigma,"Experienced, Internalized"
jgzux8,sexualassault,2020-10-24 4:02:08,Applicable,Stigma,"Experienced, Internalized, Anticipated, Structural"
jgqn7x,sexualassault,2020-10-23 18:22:53,Applicable,Stigma,"Internalized, Anticipated"
jgqn7x,sexualassault,2020-10-23 18:27:20,Applicable,Stigma,"Internalized, Anticipated"
jghr8c,sexualassault,2020-10-23 8:55:44,Applicable,Stigma,"Experienced, Internalized, Anticipated"
jgg76k,sexualassault,2020-10-23 18:54:44,Applicable,Stigma,
jgg76k,sexualassault,2020-10-26 5:49:09,Applicable,Stigma,
jgdf4e,sexualassault,2020-10-23 3:25:41,Applicable,Stigma,"Internalized, Anticipated"
jgdf4e,sexualassault,2020-10-23 2:01:02,Applicable,Stigma,"Internalized, Anticipated"
jg84me,sexualassault,2020-10-23 0:10:44,Applicable,Stigma,"Internalized, Anticipated"
jg78up,sexualassault,2020-10-22 21:28:28,Applicable,Stigma,"Experienced, Internalized, Anticipated"
jg78up,sexualassault,2020-10-23 5:15:08,Applicable,Stigma,"Experienced, Internalized, Anticipated"
jg32an,sexualassault,2020-10-22 17:41:45,Applicable,Stigma,"Experienced, Anticipated"
jg32an,sexualassault,2020-10-22 16:34:11,Applicable,Stigma,"Experienced, Anticipated"
jg32an,sexualassault,2020-10-22 19:19:32,Applicable,Stigma,"Experienced, Anticipated"
jg32an,sexualassault,2020-10-23 3:47:51,Applicable,Stigma,"Experienced, Anticipated"
jg18yr,sexualassault,2020-10-22 15:33:36,Applicable,Stigma,"Experienced, Anticipated"
jg18yr,sexualassault,2020-10-22 15:34:11,Applicable,Stigma,"Experienced, Anticipated"
jg18yr,sexualassault,2020-12-01 9:54:10,Applicable,Stigma,"Experienced, Anticipated"
jfx2ax,sexualassault,2020-10-22 10:29:25,Applicable,Stigma,"Experienced, Anticipated, Structural"
jfx2ax,sexualassault,2020-10-22 10:38:01,Applicable,Stigma,"Experienced, Anticipated, Structural"
jfx2ax,sexualassault,2020-10-22 10:35:28,Applicable,Stigma,"Experienced, Anticipated, Structural"
jfwbq7,sexualassault,2020-10-23 5:01:07,Applicable,Stigma,Internalized
jfsoqu,sexualassault,2020-10-22 8:22:01,Applicable,Stigma,Internalized
jfpnyj,sexualassault,2020-10-22 1:02:13,Applicable,Stigma,"Internalized, Anticipated"
jfpnyj,sexualassault,2020-10-22 1:15:12,Applicable,Stigma,"Internalized, Anticipated"
jfp4vu,sexualassault,2020-10-22 0:31:04,Applicable,Stigma,"Internalized, Anticipated"
jfp4vu,sexualassault,2020-10-22 0:29:47,Applicable,Stigma,"Internalized, Anticipated"
jfp4vu,sexualassault,2020-10-22 8:29:51,Applicable,Stigma,"Internalized, Anticipated"
jfp4vu,sexualassault,2020-10-22 14:42:52,Applicable,Stigma,"Internalized, Anticipated"
jfp2xr,sexualassault,2020-10-22 0:38:02,Applicable,Stigma,"Experienced, Internalized, Anticipated"
jfoota,sexualassault,2020-10-22 0:16:07,Applicable,Stigma,"Experienced, Anticipated, Structural"
jfoota,sexualassault,2020-10-27 19:14:01,Applicable,Stigma,"Experienced, Anticipated, Structural"
jfnv4c,sexualassault,2020-10-21 23:59:32,Applicable,Stigma,Internalized
jfnv4c,sexualassault,2020-10-22 10:13:38,Applicable,Stigma,Internalized
jfnv4c,sexualassault,2020-10-22 10:17:28,Applicable,Stigma,Internalized
jfnv4c,sexualassault,2020-10-22 10:25:40,Applicable,Stigma,Internalized
jfmo5b,sexualassault,2020-10-22 0:06:47,Applicable,Stigma,"Experienced, Structural"
jfmo5b,sexualassault,2020-10-23 0:34:39,Applicable,Stigma,"Experienced, Structural"
jfl269,sexualassault,2020-10-21 21:19:27,Applicable,Stigma,"Internalized, Anticipated"
jfl269,sexualassault,2020-10-21 21:33:20,Applicable,Stigma,"Internalized, Anticipated"
jfj3va,sexualassault,2020-10-21 22:42:01,Applicable,Stigma,Anticipated
jfhz62,sexualassault,2020-10-21 21:32:22,Applicable,Stigma,Internalized
jfhp59,sexualassault,2020-10-21 18:56:28,Applicable,Stigma,Internalized
jfhp59,sexualassault,2020-10-21 17:47:15,Applicable,Stigma,Internalized
jfhp59,sexualassault,2020-10-21 17:49:49,Applicable,Stigma,Internalized
jfhp59,sexualassault,2020-10-21 20:18:15,Applicable,Stigma,Internalized
jfdhtj,sexualassault,2020-10-21 16:22:18,Applicable,Stigma,
jfczn4,sexualassault,2020-10-21 17:32:06,Applicable,Stigma,"Experienced, Internalized"
jf7nay,sexualassault,2020-10-21 8:55:35,Applicable,Stigma,Internalized
jf4wsj,sexualassault,2020-10-21 3:11:56,Applicable,Stigma,
jf4wsj,sexualassault,2020-10-21 4:29:49,Applicable,Stigma,
jf4wsj,sexualassault,2020-10-21 11:58:42,Applicable,Stigma,
jf3i72,sexualassault,2020-10-21 2:08:50,Applicable,Stigma,
jez87a,sexualassault,2020-10-21 0:01:39,Applicable,Stigma,"Experienced, Internalized"
jez87a,sexualassault,2020-10-21 2:43:31,Applicable,Stigma,"Experienced, Internalized"
jez87a,sexualassault,2020-10-20 23:22:07,Applicable,Stigma,"Experienced, Internalized"
jez7no,sexualassault,2020-10-21 1:43:34,Applicable,Stigma,Internalized
jey99s,sexualassault,2020-10-20 21:54:38,Applicable,Stigma,"Experienced, Internalized, Structural"
jey99s,sexualassault,2020-10-20 22:51:04,Applicable,Stigma,"Experienced, Internalized, Structural"
jey99s,sexualassault,2020-10-20 23:50:40,Applicable,Stigma,"Experienced, Internalized, Structural"
jey99s,sexualassault,2020-12-27 22:29:09,Applicable,Stigma,"Experienced, Internalized, Structural"
jexk5h,sexualassault,2020-10-20 20:34:46,Applicable,Stigma,"Experienced, Internalized"
jexk5h,sexualassault,2020-10-20 22:33:34,Applicable,Stigma,"Experienced, Internalized"
jewis2,sexualassault,2020-10-20 19:53:51,Applicable,Stigma,Internalized
jewis2,sexualassault,2020-10-20 20:04:33,Applicable,Stigma,Internalized
jettws,sexualassault,2020-10-20 22:43:50,Applicable,Stigma,Internalized
jesujp,sexualassault,2020-10-20 16:37:02,Applicable,Stigma,Internalized
jesujp,sexualassault,2020-10-20 19:24:27,Applicable,Stigma,Internalized
jesujp,sexualassault,2020-10-20 19:47:39,Applicable,Stigma,Internalized
jesujp,sexualassault,2020-10-20 20:23:46,Applicable,Stigma,Internalized
jesujp,sexualassault,2020-10-20 23:59:24,Applicable,Stigma,Internalized
jes6du,sexualassault,2020-10-20 19:49:26,Applicable,Stigma,"Internalized, Anticipated"
jes6du,sexualassault,2020-10-20 16:00:25,Applicable,Stigma,"Internalized, Anticipated"
jes6du,sexualassault,2020-10-20 16:28:01,Applicable,Stigma,"Internalized, Anticipated"
jes171,sexualassault,2020-10-20 20:31:29,Applicable,Stigma,"Experienced, Anticipated"
jes171,sexualassault,2020-10-21 14:49:15,Applicable,Stigma,"Experienced, Anticipated"
jeo9a0,sexualassault,2020-10-20 14:11:13,Applicable,Stigma,Internalized
jeo9a0,sexualassault,2020-10-20 13:52:08,Applicable,Stigma,Internalized
jdxnyg,sexualassault,2020-10-19 12:20:32,Applicable,Stigma,Internalized
jdxnyg,sexualassault,2020-10-19 12:16:45,Applicable,Stigma,Internalized
jdvh6t,sexualassault,2020-10-19 8:04:59,Applicable,Stigma,"Experienced, Internalized, Anticipated, Structural"
jdv44t,sexualassault,2020-10-19 12:30:03,Applicable,Stigma,"Experienced, Internalized, Anticipated"
jdtqnl,sexualassault,2020-10-19 4:36:49,Applicable,Stigma,Internalized
jdtqnl,sexualassault,2020-10-19 7:55:49,Applicable,Stigma,Internalized
jdq215,sexualassault,2020-10-18 22:46:32,Applicable,Stigma,"Experienced, Internalized"
jdmwi8,sexualassault,2020-10-18 20:27:44,Applicable,Stigma,Experienced
jdfuul,sexualassault,2020-10-18 19:37:11,Applicable,Stigma,Experienced
jdfuul,sexualassault,2020-10-18 20:05:29,Applicable,Stigma,Experienced
jdf1ny,sexualassault,2020-10-18 11:55:12,Applicable,Stigma,"Internalized, Anticipated"
jd6jz5,sexualassault,2020-10-18 20:41:04,Applicable,Stigma,Internalized
jd28b4,sexualassault,2020-10-17 20:13:57,Applicable,Stigma,"Experienced, Internalized, Anticipated, Structural"
jd1oas,sexualassault,2020-10-18 13:02:01,Applicable,Stigma,Internalized
jcz39q,sexualassault,2020-10-18 2:12:01,Applicable,Stigma,"Experienced, Internalized, Anticipated"
jcxqjz,sexualassault,2020-10-17 23:38:54,Applicable,Stigma,Internalized
jcxqjz,sexualassault,2020-10-17 16:03:22,Applicable,Stigma,Internalized
jcvwn2,sexualassault,2020-10-17 14:52:38,Applicable,Stigma,"Internalized, Anticipated"
jcvwn2,sexualassault,2020-10-18 2:02:44,Applicable,Stigma,"Internalized, Anticipated"
jcm8cd,sexualassault,2020-10-17 9:19:15,Applicable,Stigma,"Experienced, Internalized, Anticipated"
jck96z,sexualassault,2020-10-17 0:45:13,Applicable,Stigma,
jck96z,sexualassault,2020-10-16 23:13:25,Applicable,Stigma,
jck96z,sexualassault,2020-10-17 14:10:40,Applicable,Stigma,
jchizt,sexualassault,2020-10-16 21:27:01,Applicable,Stigma,"Experienced, Internalized"
jchizt,sexualassault,2020-10-16 22:25:47,Applicable,Stigma,"Experienced, Internalized"
jchizt,sexualassault,2020-10-16 20:49:33,Applicable,Stigma,"Experienced, Internalized"
jchizt,sexualassault,2020-10-16 20:49:03,Applicable,Stigma,"Experienced, Internalized"
jchizt,sexualassault,2020-10-16 20:49:12,Applicable,Stigma,"Experienced, Internalized"
jchizt,sexualassault,2020-10-16 20:49:44,Applicable,Stigma,"Experienced, Internalized"
jchizt,sexualassault,2020-10-16 20:50:01,Applicable,Stigma,"Experienced, Internalized"
jchizt,sexualassault,2020-10-17 1:48:24,Applicable,Stigma,"Experienced, Internalized"
jcc3ce,sexualassault,2020-10-16 17:23:00,Applicable,Stigma,"Internalized, Anticipated"
jcc3ce,sexualassault,2020-10-16 18:51:54,Applicable,Stigma,"Internalized, Anticipated"
jc3xf6,sexualassault,2020-10-16 7:56:32,Applicable,Stigma,"Experienced, Internalized"
jc2p8h,sexualassault,2020-10-16 3:51:04,Applicable,Stigma,Internalized
jc2p8h,sexualassault,2020-10-16 3:58:36,Applicable,Stigma,Internalized
jc2p8h,sexualassault,2020-10-16 7:32:08,Applicable,Stigma,Internalized
jc139b,sexualassault,2020-10-16 3:10:23,Applicable,Stigma,"Internalized, Anticipated"
jbw5bf,sexualassault,2020-10-16 3:34:06,Applicable,Stigma,"Anticipated, Structural"
jbvzlb,sexualassault,2020-10-15 22:24:14,Applicable,Stigma,Internalized
jbvzlb,sexualassault,2020-10-16 2:01:55,Applicable,Stigma,Internalized
jbuws1,sexualassault,2020-10-16 3:20:43,Applicable,Stigma,"Internalized, Anticipated"
9h0gg9,sexualassault,2018-09-19 1:23:43,Applicable,Stigma,Internalized
9grw9s,sexualassault,2018-09-18 11:24:48,Applicable,Stigma,"Experienced, Anticipated"
9grw9s,sexualassault,2019-03-07 7:32:50,Applicable,Stigma,"Experienced, Anticipated"
9grw9s,sexualassault,2019-03-07 21:23:24,Applicable,Stigma,"Experienced, Anticipated"
9gj5gq,sexualassault,2018-09-17 18:51:02,Applicable,Stigma,"Experienced, Internalized, Anticipated"
9g2dq5,sexualassault,2018-09-15 17:41:00,Applicable,Stigma,"Experienced, Internalized, Anticipated"
9fyodr,sexualassault,2018-09-15 22:30:08,Applicable,Stigma,"Experienced, Internalized, Anticipated"
9fxa97,sexualassault,2018-09-15 0:44:53,Applicable,Stigma,"Experienced, Anticipated"
9fxa97,sexualassault,2018-09-15 1:18:08,Applicable,Stigma,"Experienced, Anticipated"
9fxa97,sexualassault,2018-09-15 13:57:51,Applicable,Stigma,"Experienced, Anticipated"
9feh7s,sexualassault,2018-09-13 7:50:36,Applicable,Stigma,"Experienced, Internalized"
9f17pj,sexualassault,2018-09-13 3:16:25,Applicable,Stigma,Internalized
9eroxs,sexualassault,2018-09-10 22:29:03,Applicable,Stigma,"Experienced, Internalized, Anticipated"
9ehbmx,sexualassault,2018-09-09 23:38:05,Applicable,Stigma,"Experienced, Internalized, Structural"
9ehbmx,sexualassault,2018-09-14 6:29:06,Applicable,Stigma,"Experienced, Internalized, Structural"
9edyp2,sexualassault,2018-09-12 5:01:45,Applicable,Stigma,"Experienced, Internalized, Anticipated"
9ebcse,sexualassault,2018-09-09 15:12:10,Applicable,Stigma,Internalized
9ebcse,sexualassault,2018-09-13 3:26:59,Applicable,Stigma,Internalized
9e54le,sexualassault,2018-09-08 16:51:36,Applicable,Stigma,Internalized
9e54le,sexualassault,2018-09-12 5:52:01,Applicable,Stigma,Internalized
9djx5k,sexualassault,2018-09-06 18:06:30,Applicable,Stigma,"Experienced, Internalized, Anticipated"
9dahpm,sexualassault,2018-09-05 20:26:33,Applicable,Stigma,"Experienced, Internalized, Anticipated"
9cl78m,sexualassault,2018-09-03 16:32:13,Applicable,Stigma,"Experienced, Structural"
9cl78m,sexualassault,2018-09-04 7:09:22,Applicable,Stigma,"Experienced, Structural"
9cl78m,sexualassault,2018-09-03 14:27:32,Applicable,Stigma,"Experienced, Structural"
9c5use,sexualassault,2018-09-01 22:45:14,Applicable,Stigma,"Anticipated, Structural"
9bh02t,sexualassault,2018-08-31 3:26:37,Applicable,Stigma,"Experienced, Internalized, Anticipated"
9b69oc,sexualassault,2018-08-29 11:14:08,Applicable,Stigma,"Experienced, Internalized, Anticipated"
9at5yn,sexualassault,2018-08-27 22:14:28,Applicable,Stigma,Internalized
9at5yn,sexualassault,2018-08-27 22:05:09,Applicable,Stigma,Internalized
99yi99,sexualassault,2018-08-24 15:45:34,Applicable,Stigma,Experienced
99jm0b,sexualassault,2018-08-23 5:11:37,Applicable,Stigma,"Experienced, Internalized, Anticipated"
993o3f,sexualassault,2018-08-21 17:02:33,Applicable,Stigma,Anticipated
993o3f,sexualassault,2018-08-22 6:56:45,Applicable,Stigma,Anticipated
993o3f,sexualassault,2018-08-23 11:51:00,Applicable,Stigma,Anticipated
990eb7,sexualassault,2018-08-21 21:59:09,Applicable,Stigma,Internalized
990eb7,sexualassault,2018-08-21 19:51:07,Applicable,Stigma,Internalized
98y86n,sexualassault,2018-08-21 4:36:20,Applicable,Stigma,"Experienced, Internalized"
98vhjw,sexualassault,2018-08-20 18:33:22,Applicable,Stigma,"Internalized, Anticipated"
98rv16,sexualassault,2018-08-20 19:46:46,Applicable,Stigma,Internalized
98rv16,sexualassault,2018-08-20 10:47:21,Applicable,Stigma,Internalized
98pgoj,sexualassault,2018-08-20 3:23:06,Applicable,Stigma,"Experienced, Internalized, Anticipated"
98eln9,sexualassault,2018-08-21 6:00:56,Applicable,Stigma,"Experienced, Anticipated"
98eln9,sexualassault,2018-08-21 8:41:25,Applicable,Stigma,"Experienced, Anticipated"
989hcw,sexualassault,2018-08-18 13:42:46,Applicable,Stigma,"Experienced, Anticipated"
989hcw,sexualassault,2018-08-20 3:10:00,Applicable,Stigma,"Experienced, Anticipated"
96vtir,sexualassault,2018-08-18 7:01:18,Applicable,Stigma,Internalized
96jxn2,sexualassault,2018-08-11 21:39:49,Applicable,Stigma,"Experienced, Internalized, Anticipated"
964rky,sexualassault,2018-08-10 11:29:16,Applicable,Stigma,"Experienced, Internalized, Anticipated, Structural"
961wll,sexualassault,2018-08-11 10:06:08,Applicable,Stigma,Internalized
949vnn,sexualassault,2018-08-11 7:22:52,Applicable,Stigma,Internalized
93vacv,sexualassault,2018-08-13 3:22:41,Applicable,Stigma,Internalized
93l36d,sexualassault,2018-08-01 6:55:38,Applicable,Stigma,"Internalized, Anticipated"
93l36d,sexualassault,2018-08-02 16:46:13,Applicable,Stigma,"Internalized, Anticipated"
92x2wi,sexualassault,2018-07-30 0:24:07,Applicable,Stigma,"Internalized, Anticipated"
92x2wi,sexualassault,2018-07-29 20:36:43,Applicable,Stigma,"Internalized, Anticipated"
92x2wi,sexualassault,2018-07-30 2:50:37,Applicable,Stigma,"Internalized, Anticipated"
92x2wi,sexualassault,2018-07-29 20:34:57,Applicable,Stigma,"Internalized, Anticipated"
92jpjq,sexualassault,2018-07-28 13:43:01,Applicable,Stigma,"Experienced, Internalized, Anticipated"
92jpjq,sexualassault,2018-08-01 18:35:41,Applicable,Stigma,"Experienced, Internalized, Anticipated"
91zb93,sexualassault,2018-07-26 5:45:43,Applicable,Stigma,"Experienced, Internalized, Anticipated"
91zb93,sexualassault,2018-07-26 6:00:20,Applicable,Stigma,"Experienced, Internalized, Anticipated"
91cavq,sexualassault,2018-07-24 10:45:11,Applicable,Stigma,"Experienced, Internalized, Anticipated, Structural"
915jon,sexualassault,2018-07-23 20:30:32,Applicable,Stigma,"Experienced, Internalized, Anticipated"
915jon,sexualassault,2018-07-25 16:56:42,Applicable,Stigma,"Experienced, Internalized, Anticipated"
90ldzi,sexualassault,2018-07-21 4:34:27,Applicable,Stigma,"Experienced, Internalized, Anticipated"
8zsqzq,sexualassault,2018-07-23 20:45:21,Applicable,Stigma,Anticipated
8zsqzq,sexualassault,2018-07-25 3:13:58,Applicable,Stigma,Anticipated
8zdoy3,sexualassault,2018-07-16 21:42:21,Applicable,Stigma,"Experienced, Anticipated"
8zdoy3,sexualassault,2018-08-04 7:29:47,Applicable,Stigma,"Experienced, Anticipated"
8z8teo,sexualassault,2018-07-16 10:51:16,Applicable,Stigma,
8z8teo,sexualassault,2018-07-16 18:32:08,Applicable,Stigma,
8z8teo,sexualassault,2018-07-25 23:15:32,Applicable,Stigma,
8z8teo,sexualassault,2018-08-15 20:15:10,Applicable,Stigma,
8yxsyf,sexualassault,2018-07-15 15:32:51,Applicable,Stigma,"Internalized, Structural"
8y8pb9,sexualassault,2018-07-12 11:39:05,Applicable,Stigma,Internalized
8y7j31,sexualassault,2018-07-23 21:01:16,Applicable,Stigma,Internalized
8y5r69,sexualassault,2018-07-12 4:12:53,Applicable,Stigma,"Experienced, Internalized"
8y5r69,sexualassault,2018-07-12 5:32:58,Applicable,Stigma,"Experienced, Internalized"
8y5r69,sexualassault,2018-07-21 21:46:32,Applicable,Stigma,"Experienced, Internalized"
8xvzh9,sexualassault,2018-07-11 13:59:24,Applicable,Stigma,Internalized
8x2cyw,sexualassault,2018-07-08 18:37:08,Applicable,Stigma,"Experienced, Internalized, Anticipated"
8wzyww,sexualassault,2018-07-08 15:26:18,Applicable,Stigma,Anticipated
8wzyww,sexualassault,2018-08-02 7:53:18,Applicable,Stigma,Anticipated
8wtpyl,sexualassault,2018-07-08 3:04:59,Applicable,Stigma,
8wrais,sexualassault,2018-08-04 5:48:24,Applicable,Stigma,"Experienced, Internalized, Anticipated, Structural"
8wgmul,sexualassault,2018-07-06 17:59:27,Applicable,Stigma,"Experienced, Internalized, Anticipated"
8v6ahe,sexualassault,2018-07-01 3:15:20,Applicable,Stigma,"Experienced, Internalized, Anticipated, Structural"
8uo1c1,sexualassault,2018-06-28 22:37:11,Applicable,Stigma,Internalized
8uo1c1,sexualassault,2018-06-30 4:42:43,Applicable,Stigma,Internalized
8uo1c1,sexualassault,2018-06-29 10:55:44,Applicable,Stigma,Internalized
8uo1c1,sexualassault,2018-06-29 17:08:15,Applicable,Stigma,Internalized
8uo1c1,sexualassault,2018-07-01 5:21:10,Applicable,Stigma,Internalized
8tzeuk,sexualassault,2018-06-27 22:37:42,Applicable,Stigma,"Experienced, Structural"
8tzeuk,sexualassault,2018-06-28 19:18:29,Applicable,Stigma,"Experienced, Structural"
8tnwxl,sexualassault,2018-06-25 7:25:16,Applicable,Stigma,"Experienced, Internalized, Anticipated"
8tf7eb,sexualassault,2018-06-24 11:40:35,Applicable,Stigma,Internalized
8s69og,sexualassault,2018-06-30 1:27:12,Applicable,Stigma,Internalized
8rwzqx,sexualassault,2018-06-18 13:58:30,Applicable,Stigma,"Internalized, Anticipated"
8rwzqx,sexualassault,2018-06-18 10:46:24,Applicable,Stigma,"Internalized, Anticipated"
8rwzqx,sexualassault,2018-06-20 23:01:09,Applicable,Stigma,"Internalized, Anticipated"
8rwfdu,sexualassault,2018-06-18 3:44:14,Applicable,Stigma,"Internalized, Anticipated"
8rs49e,sexualassault,2018-06-17 22:08:47,Applicable,Stigma,"Internalized, Anticipated"
8rs49e,sexualassault,2018-06-20 23:03:42,Applicable,Stigma,"Internalized, Anticipated"
8rs49e,sexualassault,2018-06-18 3:32:34,Applicable,Stigma,"Internalized, Anticipated"
8rs49e,sexualassault,2018-06-18 3:46:15,Applicable,Stigma,"Internalized, Anticipated"
8rs49e,sexualassault,2018-06-21 2:59:19,Applicable,Stigma,"Internalized, Anticipated"
8rpqpn,sexualassault,2018-06-17 11:09:32,Applicable,Stigma,"Experienced, Internalized"
8rpqpn,sexualassault,2018-06-17 11:36:43,Applicable,Stigma,"Experienced, Internalized"
8rpqpn,sexualassault,2018-08-12 9:19:40,Applicable,Stigma,"Experienced, Internalized"
8rn1ca,sexualassault,2018-06-17 4:16:43,Applicable,Stigma,"Internalized, Structural"
8res69,sexualassault,2018-06-16 1:11:03,Applicable,Stigma,"Internalized, Anticipated"
8res69,sexualassault,2018-06-28 22:44:35,Applicable,Stigma,"Internalized, Anticipated"
8res69,sexualassault,2018-06-15 22:43:46,Applicable,Stigma,"Internalized, Anticipated"
8rc6fn,sexualassault,2018-06-15 20:25:59,Applicable,Stigma,"Internalized, Anticipated"
8rc6fn,sexualassault,2018-06-15 19:32:09,Applicable,Stigma,"Internalized, Anticipated"
8r8vp8,sexualassault,2018-06-15 16:19:40,Applicable,Stigma,
8r8vp8,sexualassault,2018-06-15 15:39:41,Applicable,Stigma,
8r8vp8,sexualassault,2018-06-21 18:04:28,Applicable,Stigma,
8r8vp8,sexualassault,2018-06-29 18:47:19,Applicable,Stigma,
8r7hni,sexualassault,2018-06-15 3:35:17,Applicable,Stigma,"Experienced, Internalized, Anticipated"
8qo572,sexualassault,2018-06-14 3:38:38,Applicable,Stigma,"Anticipated, Structural"
8qo572,sexualassault,2018-06-29 19:09:11,Applicable,Stigma,"Anticipated, Structural"
8qo572,sexualassault,2018-06-13 1:08:29,Applicable,Stigma,"Anticipated, Structural"
8qo572,sexualassault,2018-06-13 6:03:44,Applicable,Stigma,"Anticipated, Structural"
8qkz8f,sexualassault,2018-06-13 7:27:47,Applicable,Stigma,"Experienced, Internalized"
8q9l58,sexualassault,2018-06-11 19:12:19,Applicable,Stigma,Internalized
8q8tjp,sexualassault,2018-06-12 9:30:30,Applicable,Stigma,"Internalized, Anticipated"
8q8tjp,sexualassault,2018-06-14 3:21:57,Applicable,Stigma,"Internalized, Anticipated"
8q8tjp,sexualassault,2018-06-11 19:11:43,Applicable,Stigma,"Internalized, Anticipated"
8ptvaq,sexualassault,2018-06-11 4:45:59,Applicable,Stigma,"Internalized, Anticipated"
8ptvaq,sexualassault,2018-06-10 21:57:39,Applicable,Stigma,"Internalized, Anticipated"
8pnigh,sexualassault,2018-06-08 23:07:10,Applicable,Stigma,
8pnigh,sexualassault,2018-06-09 3:24:36,Applicable,Stigma,
8pi5vz,sexualassault,2018-06-11 4:53:17,Applicable,Stigma,Anticipated
8pi5vz,sexualassault,2018-06-09 3:25:01,Applicable,Stigma,Anticipated
8p35sr,sexualassault,2018-06-06 18:59:34,Applicable,Stigma,Experienced
8p35sr,sexualassault,2018-06-07 19:52:17,Applicable,Stigma,Experienced
8nxf7q,sexualassault,2018-06-07 20:46:22,Applicable,Stigma,"Experienced, Internalized, Anticipated"
8n3g1a,sexualassault,2018-06-01 12:56:56,Applicable,Stigma,Internalized
8n3g1a,sexualassault,2018-05-29 23:42:24,Applicable,Stigma,Internalized
8n34bu,sexualassault,2018-06-07 20:53:56,Applicable,Stigma,Experienced
8n34bu,sexualassault,2018-06-01 23:31:32,Applicable,Stigma,Experienced
8n34bu,sexualassault,2018-05-31 3:48:05,Applicable,Stigma,Experienced
8n0e5l,sexualassault,2018-05-31 19:49:24,Applicable,Stigma,"Experienced, Internalized, Anticipated"
8n0e5l,sexualassault,2018-05-31 20:31:43,Applicable,Stigma,"Experienced, Internalized, Anticipated"
8n0e5l,sexualassault,2018-06-07 20:56:59,Applicable,Stigma,"Experienced, Internalized, Anticipated"
8mwjzu,sexualassault,2018-05-29 16:37:23,Applicable,Stigma,"Internalized, Anticipated"
8mwjzu,sexualassault,2018-06-07 20:58:32,Applicable,Stigma,"Internalized, Anticipated"
8lq44v,sexualassault,2018-05-24 5:07:19,Applicable,Stigma,Experienced
8lq44v,sexualassault,2018-05-24 16:35:13,Applicable,Stigma,Experienced
8lpyhg,sexualassault,2018-05-25 7:07:35,Applicable,Stigma,Internalized
8lkcup,sexualassault,2018-05-23 16:36:09,Applicable,Stigma,"Internalized, Anticipated"
8lkcup,sexualassault,2018-05-23 23:36:10,Applicable,Stigma,"Internalized, Anticipated"
8lkcup,sexualassault,2018-05-23 23:53:38,Applicable,Stigma,"Internalized, Anticipated"
8lkcup,sexualassault,2018-05-24 0:28:06,Applicable,Stigma,"Internalized, Anticipated"
8lkcup,sexualassault,2018-06-07 21:01:21,Applicable,Stigma,"Internalized, Anticipated"
8lgym6,sexualassault,2018-05-23 10:15:38,Applicable,Stigma,"Experienced, Anticipated"
8lgym6,sexualassault,2018-05-23 5:47:52,Applicable,Stigma,"Experienced, Anticipated"
8lgym6,sexualassault,2018-06-07 21:05:13,Applicable,Stigma,"Experienced, Anticipated"
8l89d7,sexualassault,2018-05-22 17:24:41,Applicable,Stigma,Internalized
8l89d7,sexualassault,2018-05-25 7:09:50,Applicable,Stigma,Internalized
8l89d7,sexualassault,2018-05-25 7:16:05,Applicable,Stigma,Internalized
8l89d7,sexualassault,2018-06-26 12:14:26,Applicable,Stigma,Internalized
8l88e4,sexualassault,2018-05-22 17:23:32,Applicable,Stigma,Internalized
8l0h1r,sexualassault,2018-05-21 13:13:53,Applicable,Stigma,"Internalized, Anticipated"
8l0h1r,sexualassault,2018-05-24 3:50:53,Applicable,Stigma,"Internalized, Anticipated"
8l0h1r,sexualassault,2018-05-22 4:51:48,Applicable,Stigma,"Internalized, Anticipated"
8l0h1r,sexualassault,2018-06-05 4:14:35,Applicable,Stigma,"Internalized, Anticipated"
8l0h1r,sexualassault,2018-06-07 21:22:12,Applicable,Stigma,"Internalized, Anticipated"
8kjbtz,sexualassault,2018-06-07 21:49:21,Applicable,Stigma,Anticipated
8k8d54,sexualassault,2018-05-21 7:21:15,Applicable,Stigma,"Experienced, Anticipated, Structural"
8k8d54,sexualassault,2018-06-09 14:48:57,Applicable,Stigma,"Experienced, Anticipated, Structural"
8jq7jy,sexualassault,2018-06-07 21:38:22,Applicable,Stigma,"Internalized, Anticipated"
8jpf67,sexualassault,2018-05-16 4:09:42,Applicable,Stigma,"Experienced, Internalized, Anticipated"
8jpf67,sexualassault,2018-06-05 4:04:11,Applicable,Stigma,"Experienced, Internalized, Anticipated"
8jpf67,sexualassault,2018-06-07 21:12:30,Applicable,Stigma,"Experienced, Internalized, Anticipated"
8jojtf,sexualassault,2018-05-15 23:46:35,Applicable,Stigma,Internalized
8iqgtp,sexualassault,2018-06-07 21:50:28,Applicable,Stigma,
8ilern,sexualassault,2018-05-11 8:44:35,Applicable,Stigma,Structural
8hkl1o,sexualassault,2018-05-07 21:55:15,Applicable,Stigma,Internalized
8hkl1o,sexualassault,2018-05-21 7:01:29,Applicable,Stigma,Internalized
8hkl1o,sexualassault,2018-06-07 21:17:32,Applicable,Stigma,Internalized
8fx32u,sexualassault,2018-05-01 4:38:19,Applicable,Stigma,"Experienced, Internalized, Anticipated"
8ffl2n,sexualassault,2018-06-09 14:53:11,Applicable,Stigma,"Experienced, Internalized"
8fajqe,sexualassault,2018-06-10 22:10:32,Applicable,Stigma,"Experienced, Internalized, Anticipated"
8erhcu,sexualassault,2018-04-25 11:02:32,Applicable,Stigma,"Internalized, Anticipated"
8erhcu,sexualassault,2018-04-26 22:54:32,Applicable,Stigma,"Internalized, Anticipated"
8dn2o2,sexualassault,2018-04-20 20:37:11,Applicable,Stigma,
8dn2o2,sexualassault,2018-05-14 23:46:08,Applicable,Stigma,
8d9dbm,sexualassault,2018-04-19 4:05:31,Applicable,Stigma,Internalized
8d9dbm,sexualassault,2018-04-19 4:39:42,Applicable,Stigma,Internalized
8cusgg,sexualassault,2018-05-14 23:49:45,Applicable,Stigma,"Internalized, Anticipated"
8cusgg,sexualassault,2018-06-10 22:16:45,Applicable,Stigma,"Internalized, Anticipated"
8c04fx,sexualassault,2018-04-13 23:49:28,Applicable,Stigma,"Internalized, Anticipated"
8c04fx,sexualassault,2018-06-10 22:18:14,Applicable,Stigma,"Internalized, Anticipated"
8at5hr,sexualassault,2018-04-10 2:27:30,Applicable,Stigma,"Experienced, Internalized, Anticipated, Structural"
8at5hr,sexualassault,2018-06-09 15:31:07,Applicable,Stigma,"Experienced, Internalized, Anticipated, Structural"
8afvwk,sexualassault,2018-04-07 21:56:25,Applicable,Stigma,"Experienced, Internalized, Anticipated"
8afvwk,sexualassault,2018-06-09 15:38:37,Applicable,Stigma,"Experienced, Internalized, Anticipated"
8a1h5i,sexualassault,2018-04-07 19:23:34,Applicable,Stigma,Internalized
8a1h5i,sexualassault,2018-06-07 21:33:50,Applicable,Stigma,Internalized
88nu9r,sexualassault,2018-04-01 14:21:00,Applicable,Stigma,Internalized
88nu9r,sexualassault,2018-04-02 0:15:43,Applicable,Stigma,Internalized
88k0et,sexualassault,2018-06-09 15:41:08,Applicable,Stigma,"Experienced, Internalized, Anticipated"
88k0et,sexualassault,2018-04-01 13:07:04,Applicable,Stigma,"Experienced, Internalized, Anticipated"
8872hf,sexualassault,2018-03-30 15:29:35,Applicable,Stigma,"Internalized, Anticipated"
886ebp,sexualassault,2018-04-03 1:43:43,Applicable,Stigma,"Internalized, Anticipated"
886ebp,sexualassault,2018-06-10 22:20:01,Applicable,Stigma,"Internalized, Anticipated"
86tqno,sexualassault,2018-03-24 15:46:57,Applicable,Stigma,Internalized
86ow4k,sexualassault,2018-06-10 22:26:00,Applicable,Stigma,"Experienced, Anticipated"
86bqeq,sexualassault,2018-03-28 5:07:54,Applicable,Stigma,"Experienced, Anticipated, Structural"
85iuit,sexualassault,2018-03-22 15:28:50,Applicable,Stigma,"Experienced, Internalized"
85iuit,sexualassault,2018-06-09 15:48:35,Applicable,Stigma,"Experienced, Internalized"
85i0jk,sexualassault,2018-03-31 19:32:27,Applicable,Stigma,"Experienced, Internalized, Anticipated"
85i0jk,sexualassault,2018-06-08 3:24:49,Applicable,Stigma,"Experienced, Internalized, Anticipated"
84zni4,sexualassault,2018-03-16 23:15:34,Applicable,Stigma,Experienced
84hed0,sexualassault,2018-03-15 13:34:59,Applicable,Stigma,"Experienced, Internalized"
83vrto,sexualassault,2018-03-16 11:38:29,Applicable,Stigma,
83l2j5,sexualassault,2018-03-22 15:31:49,Applicable,Stigma,
83l2j5,sexualassault,2018-06-09 15:51:38,Applicable,Stigma,
83hqh0,sexualassault,2018-06-09 15:53:28,Applicable,Stigma,"Experienced, Anticipated"
839r2w,sexualassault,2018-03-12 17:17:23,Applicable,Stigma,Anticipated
839r2w,sexualassault,2018-03-23 6:17:21,Applicable,Stigma,Anticipated
839r2w,sexualassault,2018-06-08 3:23:41,Applicable,Stigma,Anticipated
82vobx,sexualassault,2018-06-09 17:07:00,Applicable,Stigma,Internalized
81sdjx,sexualassault,2018-03-03 21:29:42,Applicable,Stigma,"Experienced, Internalized"
81sdjx,sexualassault,2018-03-08 6:50:15,Applicable,Stigma,"Experienced, Internalized"
81sdjx,sexualassault,2018-06-09 17:10:42,Applicable,Stigma,"Experienced, Internalized"
81o0gn,sexualassault,2018-03-03 19:15:20,Applicable,Stigma,Internalized
7zmcx2,sexualassault,2018-06-09 17:23:52,Applicable,Stigma,"Experienced, Anticipated"
7wz66f,sexualassault,2018-02-13 4:55:16,Applicable,Stigma,Internalized
7wkbm3,sexualassault,2018-02-10 18:16:30,Applicable,Stigma,"Experienced, Internalized, Anticipated"
7wkbm3,sexualassault,2018-02-15 3:22:07,Applicable,Stigma,"Experienced, Internalized, Anticipated"
7wc4rh,sexualassault,2018-02-09 15:39:12,Applicable,Stigma,Internalized
7wc4rh,sexualassault,2018-02-11 21:03:37,Applicable,Stigma,Internalized
7w2ix7,sexualassault,2018-02-08 7:18:26,Applicable,Stigma,Anticipated
7w2ix7,sexualassault,2018-02-11 22:18:59,Applicable,Stigma,Anticipated
7w2ix7,sexualassault,2018-06-09 17:32:21,Applicable,Stigma,Anticipated
7vsqop,sexualassault,2018-06-10 22:29:34,Applicable,Stigma,
7ub6ts,sexualassault,2018-02-01 22:08:43,Applicable,Stigma,"Experienced, Internalized"
7ub6ts,sexualassault,2018-02-06 16:54:24,Applicable,Stigma,"Experienced, Internalized"
7ub6ts,sexualassault,2018-02-14 14:56:42,Applicable,Stigma,"Experienced, Internalized"
7ub6ts,sexualassault,2018-06-09 17:36:39,Applicable,Stigma,"Experienced, Internalized"
7u21k3,sexualassault,2018-02-01 22:06:16,Applicable,Stigma,Internalized
7u21k3,sexualassault,2018-02-09 2:18:41,Applicable,Stigma,Internalized
7u21k3,sexualassault,2018-03-08 7:53:32,Applicable,Stigma,Internalized
7u21k3,sexualassault,2018-01-31 15:15:08,Applicable,Stigma,Internalized
7u21k3,sexualassault,2018-06-09 17:37:43,Applicable,Stigma,Internalized
7srcq5,sexualassault,2018-01-25 1:04:58,Applicable,Stigma,Internalized
7s9yg1,sexualassault,2018-06-10 22:32:16,Applicable,Stigma,"Experienced, Internalized, Anticipated"
7qov0g,sexualassault,2018-01-16 6:00:14,Applicable,Stigma,"Experienced, Internalized, Anticipated"
7qov0g,sexualassault,2018-01-16 16:58:11,Applicable,Stigma,"Experienced, Internalized, Anticipated"
7qov0g,sexualassault,2018-01-19 1:29:31,Applicable,Stigma,"Experienced, Internalized, Anticipated"
7qov0g,sexualassault,2018-01-19 19:15:18,Applicable,Stigma,"Experienced, Internalized, Anticipated"
7qov0g,sexualassault,2018-06-07 21:09:30,Applicable,Stigma,"Experienced, Internalized, Anticipated"
7qhrj3,sexualassault,2018-01-18 3:20:48,Applicable,Stigma,"Experienced, Internalized"
7pqtod,sexualassault,2018-01-17 20:06:24,Applicable,Stigma,"Experienced, Structural"
7pqtod,sexualassault,2018-01-17 20:06:56,Applicable,Stigma,"Experienced, Structural"
7pqtod,sexualassault,2018-06-09 17:49:22,Applicable,Stigma,"Experienced, Structural"
7p6rpi,sexualassault,2018-06-09 17:50:25,Applicable,Stigma,"Internalized, Anticipated"
7p4xfl,sexualassault,2018-01-14 3:46:14,Applicable,Stigma,
7p4xfl,sexualassault,2018-06-08 3:28:00,Applicable,Stigma,
7ott20,sexualassault,2018-01-14 3:57:47,Applicable,Stigma,"Internalized, Anticipated"
7ott20,sexualassault,2018-01-08 3:22:57,Applicable,Stigma,"Internalized, Anticipated"
7ott20,sexualassault,2018-06-08 3:28:36,Applicable,Stigma,"Internalized, Anticipated"
7nla8l,sexualassault,2018-01-08 19:37:01,Applicable,Stigma,"Experienced, Anticipated"
7nla8l,sexualassault,2018-06-09 17:52:08,Applicable,Stigma,"Experienced, Anticipated"
7mmdvb,sexualassault,2018-01-04 6:12:33,Applicable,Stigma,"Experienced, Internalized, Anticipated"
7mmdvb,sexualassault,2017-12-28 17:03:08,Applicable,Stigma,"Experienced, Internalized, Anticipated"
7mmdvb,sexualassault,2017-12-28 18:30:01,Applicable,Stigma,"Experienced, Internalized, Anticipated"
7mlmem,sexualassault,2017-12-28 12:38:41,Applicable,Stigma,"Experienced, Internalized, Anticipated"
7mlmem,sexualassault,2018-01-29 17:33:22,Applicable,Stigma,"Experienced, Internalized, Anticipated"
7lhl59,sexualassault,2017-12-28 17:09:29,Applicable,Stigma,Anticipated
7l7jet,sexualassault,2017-12-28 17:15:36,Applicable,Stigma,"Experienced, Internalized, Anticipated, Structural"
7l7jet,sexualassault,2018-06-09 17:54:35,Applicable,Stigma,"Experienced, Internalized, Anticipated, Structural"
7krks6,sexualassault,2018-06-09 17:55:27,Applicable,Stigma,"Experienced, Internalized, Anticipated"
7jycwd,sexualassault,2017-12-16 3:54:17,Applicable,Stigma,Internalized
7i81qz,sexualassault,2017-12-07 17:37:57,Applicable,Stigma,Internalized
7hvkh0,sexualassault,2017-12-17 20:09:45,Applicable,Stigma,Internalized
7gsvgt,sexualassault,2017-12-02 2:21:45,Applicable,Stigma,"Experienced, Internalized, Anticipated"
7gsvgt,sexualassault,2017-12-01 14:57:35,Applicable,Stigma,"Experienced, Internalized, Anticipated"
7g4o8d,sexualassault,2017-11-29 2:39:53,Applicable,Stigma,"Experienced, Internalized, Anticipated"
7fgdwk,sexualassault,2017-12-19 14:13:44,Applicable,Stigma,"Experienced, Internalized"
7f6gnb,sexualassault,2020-10-15 4:58:36,Applicable,Stigma,Experienced
7f6gnb,sexualassault,2017-11-24 12:09:56,Applicable,Stigma,Experienced
7etlry,sexualassault,2017-11-23 7:17:57,Applicable,Stigma,"Internalized, Anticipated"
7edpi3,sexualassault,2017-11-21 22:27:40,Applicable,Stigma,"Experienced, Internalized"
7edpi3,sexualassault,2017-12-07 1:31:17,Applicable,Stigma,"Experienced, Internalized"
7dpzpp,sexualassault,2017-12-07 1:35:25,Applicable,Stigma,"Experienced, Internalized, Anticipated"
7dj2oo,sexualassault,2017-11-28 21:03:49,Applicable,Stigma,Internalized
7dj2oo,sexualassault,2017-12-07 2:52:15,Applicable,Stigma,Internalized
7ctjlf,sexualassault,2017-11-14 23:11:00,Applicable,Stigma,"Internalized, Anticipated"
7ctjlf,sexualassault,2017-11-14 6:49:50,Applicable,Stigma,"Internalized, Anticipated"
7csr72,sexualassault,2017-11-14 23:21:06,Applicable,Stigma,"Experienced, Internalized, Anticipated"
7csr72,sexualassault,2017-11-28 21:26:27,Applicable,Stigma,"Experienced, Internalized, Anticipated"
7ci70f,sexualassault,2017-11-12 22:24:19,Applicable,Stigma,"Internalized, Structural"
7ci70f,sexualassault,2017-11-28 21:41:34,Applicable,Stigma,"Internalized, Structural"
7cg4ks,sexualassault,2017-12-18 6:34:36,Applicable,Stigma,Internalized
790bca,sexualassault,2017-10-31 13:42:04,Applicable,Stigma,Anticipated
784pzq,sexualassault,2017-10-23 3:21:32,Applicable,Stigma,"Internalized, Structural"
784pzq,sexualassault,2017-11-28 22:14:27,Applicable,Stigma,"Internalized, Structural"
782amq,sexualassault,2017-11-05 10:28:24,Applicable,Stigma,"Experienced, Anticipated, Structural"
773hq6,sexualassault,2017-11-28 22:26:48,Applicable,Stigma,"Internalized, Anticipated"
76w8uw,sexualassault,2017-10-17 4:33:22,Applicable,Stigma,"Experienced, Internalized"
75ufs5,sexualassault,2017-10-17 17:53:21,Applicable,Stigma,"Experienced, Internalized"
74v619,sexualassault,2017-10-15 5:02:58,Applicable,Stigma,"Experienced, Internalized, Anticipated"
73qgve,sexualassault,2017-10-02 15:34:31,Applicable,Stigma,"Experienced, Internalized"
73ji6e,sexualassault,2017-10-07 0:55:34,Applicable,Stigma,"Internalized, Anticipated"
6yh5jz,sexualassault,2017-10-13 13:30:29,Applicable,Stigma,"Experienced, Internalized, Anticipated"
6lo1l1,sexualassault,2017-07-19 16:42:15,Applicable,Stigma,"Internalized, Anticipated"
6ln4x4,sexualassault,2017-07-19 16:51:12,Applicable,Stigma,Internalized
6iog3r,sexualassault,2017-06-24 17:53:04,Applicable,Stigma,Internalized
6iog3r,sexualassault,2017-06-26 12:40:14,Applicable,Stigma,Internalized
6hxikk,sexualassault,2017-06-18 3:28:12,Applicable,Stigma,Experienced
5tvh33,sexualassault,2017-02-26 19:56:29,Applicable,Stigma,Internalized
5qxk2s,sexualassault,2017-05-16 3:19:40,Applicable,Stigma,Internalized
5irtrb,sexualassault,2016-12-17 1:59:33,Applicable,Stigma,"Experienced, Internalized, Anticipated"
5irtrb,sexualassault,2016-12-17 2:45:53,Applicable,Stigma,"Experienced, Internalized, Anticipated"
5gcsqs,sexualassault,2016-12-04 0:45:37,Applicable,Stigma,Anticipated
5a0bfw,sexualassault,2016-10-30 1:54:55,Applicable,Stigma,"Experienced, Internalized, Anticipated, Structural"
5a0bfw,sexualassault,2016-11-03 2:06:59,Applicable,Stigma,"Experienced, Internalized, Anticipated, Structural"
4jtexv,sexualassault,2016-10-17 22:12:43,Applicable,Stigma,"Experienced, Anticipated"
4jtexv,sexualassault,2016-10-29 12:59:39,Applicable,Stigma,"Experienced, Anticipated"
olzhm4,meToo,2021-07-17 12:22:34,Applicable,Stigma,Structural
olzhm4,meToo,2021-07-17 7:10:49,Applicable,Stigma,Structural
olf2wo,meToo,2021-07-16 16:54:06,Applicable,Stigma,Anticipated
olf2wo,meToo,2021-08-05 14:10:14,Applicable,Stigma,Anticipated
olf2wo,meToo,2021-08-05 14:10:23,Applicable,Stigma,Anticipated
olf2wo,meToo,2021-07-16 11:34:40,Applicable,Stigma,Anticipated
okedph,meToo,2021-07-14 21:41:15,Applicable,Stigma,"Experienced, Internalized"
okedph,meToo,2021-07-15 20:17:51,Applicable,Stigma,"Experienced, Internalized"
oj36yu,meToo,2021-07-12 23:48:58,Applicable,Stigma,"Experienced, Anticipated, Structural"
oj36yu,meToo,2021-07-13 4:16:22,Applicable,Stigma,"Experienced, Anticipated, Structural"
oj36yu,meToo,2021-07-12 23:27:04,Applicable,Stigma,"Experienced, Anticipated, Structural"
og7vl6,meToo,2021-07-08 14:05:06,Applicable,Stigma,"Internalized, Anticipated"
oekvn3,meToo,2021-07-06 19:06:16,Applicable,Stigma,Internalized
oefin7,meToo,2021-07-10 2:55:14,Applicable,Stigma,Experienced
oefin7,meToo,2021-07-05 20:22:51,Applicable,Stigma,Experienced
od6b2t,meToo,2021-07-03 21:02:03,Applicable,Stigma,"Experienced, Anticipated"
od6b2t,meToo,2021-07-03 22:52:10,Applicable,Stigma,"Experienced, Anticipated"
octlpy,meToo,2021-07-03 8:36:33,Applicable,Stigma,Internalized
octlpy,meToo,2021-07-03 7:52:17,Applicable,Stigma,Internalized
o7vrih,meToo,2021-06-25 20:24:04,Applicable,Stigma,"Experienced, Internalized, Anticipated"
o7pe13,meToo,2021-06-25 21:18:46,Applicable,Stigma,"Experienced, Anticipated, Structural"
o7pe13,meToo,2021-06-25 14:59:08,Applicable,Stigma,"Experienced, Anticipated, Structural"
o69jy5,meToo,2021-06-23 16:56:32,Applicable,Stigma,Internalized
o69jy5,meToo,2021-06-23 16:58:39,Applicable,Stigma,Internalized
o69jy5,meToo,2021-06-23 9:43:54,Applicable,Stigma,Internalized
o5tbaa,meToo,2021-06-23 13:25:14,Applicable,Stigma,Internalized
o5tbaa,meToo,2021-06-23 22:31:30,Applicable,Stigma,Internalized
o5tbaa,meToo,2021-06-22 18:07:59,Applicable,Stigma,Internalized
o56a22,meToo,2021-06-21 21:38:08,Applicable,Stigma,"Experienced, Anticipated, Structural"
o56a22,meToo,2021-06-23 22:37:03,Applicable,Stigma,"Experienced, Anticipated, Structural"
o4nhs7,meToo,2021-06-21 4:59:06,Applicable,Stigma,"Experienced, Internalized"
o397ik,meToo,2021-06-19 9:08:05,Applicable,Stigma,"Experienced, Internalized, Structural"
o397ik,meToo,2021-06-19 5:41:35,Applicable,Stigma,"Experienced, Internalized, Structural"
o397ik,meToo,2021-06-19 18:11:14,Applicable,Stigma,"Experienced, Internalized, Structural"
o2b7om,meToo,2021-06-18 0:02:48,Applicable,Stigma,Internalized
o2b7om,meToo,2021-06-18 1:41:42,Applicable,Stigma,Internalized
o2b7om,meToo,2021-06-18 8:31:06,Applicable,Stigma,Internalized
o2b7om,meToo,2021-06-18 13:26:21,Applicable,Stigma,Internalized
o2b7om,meToo,2021-06-17 23:40:20,Applicable,Stigma,Internalized
o2b7om,meToo,2021-06-18 22:03:10,Applicable,Stigma,Internalized
o1tbbz,meToo,2021-06-17 13:11:56,Applicable,Stigma,Internalized
o1tbbz,meToo,2021-06-17 21:39:55,Applicable,Stigma,Internalized
o1tbbz,meToo,2021-06-17 9:43:39,Applicable,Stigma,Internalized
nzydjb,meToo,2021-06-14 22:06:41,Applicable,Stigma,"Experienced, Internalized"
nzydjb,meToo,2021-06-14 23:46:31,Applicable,Stigma,"Experienced, Internalized"
nxszmc,meToo,2021-06-11 23:19:10,Applicable,Stigma,"Experienced, Anticipated, Structural"
nwzeog,meToo,2021-06-10 21:45:01,Applicable,Stigma,"Experienced, Anticipated, Structural"
nwzeog,meToo,2021-06-11 11:52:19,Applicable,Stigma,"Experienced, Anticipated, Structural"
nw3qag,meToo,2021-06-09 22:19:53,Applicable,Stigma,"Experienced, Internalized"
nw3qag,meToo,2021-06-09 19:10:39,Applicable,Stigma,"Experienced, Internalized"
nw3qag,meToo,2021-07-03 21:18:15,Applicable,Stigma,"Experienced, Internalized"
ns4u4v,meToo,2021-06-04 19:39:01,Applicable,Stigma,Internalized
ns4u4v,meToo,2021-06-04 13:14:04,Applicable,Stigma,Internalized
nruo17,meToo,2021-06-04 3:41:28,Applicable,Stigma,"Experienced, Internalized, Anticipated"
nruo17,meToo,2021-06-04 10:17:16,Applicable,Stigma,"Experienced, Internalized, Anticipated"
nruo17,meToo,2021-06-04 2:40:33,Applicable,Stigma,"Experienced, Internalized, Anticipated"
nq53gt,meToo,2021-06-02 1:40:41,Applicable,Stigma,"Experienced, Internalized"
nq53gt,meToo,2021-06-01 21:27:01,Applicable,Stigma,"Experienced, Internalized"
nq53gt,meToo,2023-07-02 23:04:50,Applicable,Stigma,"Experienced, Internalized"
nk9ybm,meToo,2021-05-25 0:18:52,Applicable,Stigma,"Experienced, Internalized"
nk9ybm,meToo,2021-05-24 22:16:50,Applicable,Stigma,"Experienced, Internalized"
nk9ybm,meToo,2021-05-24 22:35:49,Applicable,Stigma,"Experienced, Internalized"
nk9ybm,meToo,2021-05-25 1:42:43,Applicable,Stigma,"Experienced, Internalized"
nk24ud,meToo,2021-05-24 22:08:41,Applicable,Stigma,"Experienced, Structural"
nk24ud,meToo,2021-05-24 16:36:15,Applicable,Stigma,"Experienced, Structural"
nfm0ju,meToo,2021-05-20 15:17:17,Applicable,Stigma,Structural
nfm0ju,meToo,2021-05-18 21:56:34,Applicable,Stigma,Structural
nfavdc,meToo,2021-05-18 13:34:48,Applicable,Stigma,Anticipated
n9p1wk,meToo,2021-05-11 9:17:01,Applicable,Stigma,"Experienced, Internalized"
n9p1wk,meToo,2021-05-11 4:45:14,Applicable,Stigma,"Experienced, Internalized"
n9p1wk,meToo,2021-05-11 12:14:24,Applicable,Stigma,"Experienced, Internalized"
n8umeo,meToo,2021-05-10 3:18:27,Applicable,Stigma,"Experienced, Internalized, Anticipated"
n8umeo,meToo,2021-05-10 4:03:03,Applicable,Stigma,"Experienced, Internalized, Anticipated"
n7knfi,meToo,2021-05-08 9:48:36,Applicable,Stigma,
n7knfi,meToo,2021-05-08 8:23:24,Applicable,Stigma,
n4zg5g,meToo,2021-05-05 1:16:53,Applicable,Stigma,
n4zg5g,meToo,2021-05-04 21:55:41,Applicable,Stigma,
n0suo0,meToo,2021-04-29 6:33:41,Applicable,Stigma,"Experienced, Anticipated"
n0suo0,meToo,2021-04-29 13:17:04,Applicable,Stigma,"Experienced, Anticipated"
n0suo0,meToo,2021-04-29 13:24:27,Applicable,Stigma,"Experienced, Anticipated"
n0suo0,meToo,2021-04-29 17:36:16,Applicable,Stigma,"Experienced, Anticipated"
n0suo0,meToo,2021-04-30 14:03:54,Applicable,Stigma,"Experienced, Anticipated"
n0suo0,meToo,2021-04-29 0:32:19,Applicable,Stigma,"Experienced, Anticipated"
n0suo0,meToo,2021-04-29 17:09:37,Applicable,Stigma,"Experienced, Anticipated"
mz16u5,meToo,2021-04-26 16:08:42,Applicable,Stigma,Internalized
myrjzv,meToo,2021-04-26 11:22:19,Applicable,Stigma,"Experienced, Anticipated"
myphgu,meToo,2021-04-26 4:25:12,Applicable,Stigma,"Experienced, Anticipated, Structural"
mwpdap,meToo,2021-04-23 8:17:00,Applicable,Stigma,"Experienced, Internalized, Anticipated, Structural"
mwpdap,meToo,2021-04-24 1:16:17,Applicable,Stigma,"Experienced, Internalized, Anticipated, Structural"
mwpdap,meToo,2021-04-23 6:49:45,Applicable,Stigma,"Experienced, Internalized, Anticipated, Structural"
mn703c,meToo,2021-04-09 1:55:06,Applicable,Stigma,"Experienced, Internalized, Anticipated"
mjfp7x,meToo,2021-04-03 21:31:36,Applicable,Stigma,"Internalized, Anticipated"
m2ajy9,meToo,2021-03-10 22:19:08,Applicable,Stigma,"Experienced, Internalized"
m2ajy9,meToo,2021-03-21 6:40:18,Applicable,Stigma,"Experienced, Internalized"
lokq8t,meToo,2021-02-21 0:27:18,Applicable,Stigma,Internalized
lhf3c4,meToo,2021-02-11 9:41:27,Applicable,Stigma,Experienced
lhf3c4,meToo,2021-02-11 6:55:43,Applicable,Stigma,Experienced
lcjydq,meToo,2021-02-05 0:10:29,Applicable,Stigma,Internalized
lcjydq,meToo,2021-02-04 16:48:42,Applicable,Stigma,Internalized
lbz86k,meToo,2021-02-04 13:55:23,Applicable,Stigma,Internalized
l809zo,meToo,2021-01-29 18:37:01,Applicable,Stigma,"Experienced, Structural"
l6zoeh,meToo,2021-03-16 3:25:12,Applicable,Stigma,Structural
l6zoeh,meToo,2024-06-30 2:53:05,Applicable,Stigma,Structural
l6zoeh,meToo,2021-01-29 2:41:18,Applicable,Stigma,Structural
l6zoeh,meToo,2021-03-14 10:13:41,Applicable,Stigma,Structural
l6jua8,meToo,2021-02-03 4:48:15,Applicable,Stigma,"Experienced, Internalized"
l57qel,meToo,2021-02-03 5:15:58,Applicable,Stigma,"Internalized, Anticipated"
l57qel,meToo,2021-01-26 6:06:27,Applicable,Stigma,"Internalized, Anticipated"
l4gyy4,meToo,2021-01-26 6:11:01,Applicable,Stigma,Internalized
l4gyy4,meToo,2021-01-25 5:33:28,Applicable,Stigma,Internalized
l45tsi,meToo,2021-01-24 20:05:52,Applicable,Stigma,
l45tsi,meToo,2021-01-24 20:40:24,Applicable,Stigma,
l45tsi,meToo,2021-01-24 19:29:51,Applicable,Stigma,
l2ixpw,meToo,2021-01-22 14:57:07,Applicable,Stigma,"Experienced, Internalized, Anticipated"
l2ixpw,meToo,2021-01-22 7:48:41,Applicable,Stigma,"Experienced, Internalized, Anticipated"
l101e3,meToo,2021-01-20 4:47:50,Applicable,Stigma,"Experienced, Internalized"
l101e3,meToo,2021-01-20 21:53:43,Applicable,Stigma,"Experienced, Internalized"
l101e3,meToo,2021-01-20 5:07:34,Applicable,Stigma,"Experienced, Internalized"
l101e3,meToo,2021-01-20 12:37:34,Applicable,Stigma,"Experienced, Internalized"
l101e3,meToo,2021-01-20 22:31:47,Applicable,Stigma,"Experienced, Internalized"
l101e3,meToo,2021-01-20 6:45:59,Applicable,Stigma,"Experienced, Internalized"
l101e3,meToo,2021-01-20 2:53:11,Applicable,Stigma,"Experienced, Internalized"
l101e3,meToo,2021-01-20 17:36:46,Applicable,Stigma,"Experienced, Internalized"
kzivyr,meToo,2021-01-18 0:29:57,Applicable,Stigma,"Experienced, Internalized"
kx650k,meToo,2021-01-14 14:00:03,Applicable,Stigma,"Internalized, Anticipated"
kw937w,meToo,2021-01-13 19:36:33,Applicable,Stigma,"Internalized, Anticipated"
kw937w,meToo,2021-01-13 4:36:18,Applicable,Stigma,"Internalized, Anticipated"
kvspia,meToo,2021-01-12 14:31:11,Applicable,Stigma,"Experienced, Anticipated"
kv6vvd,meToo,2021-01-11 23:45:29,Applicable,Stigma,"Experienced, Internalized, Structural"
kv6vvd,meToo,2021-01-17 22:45:20,Applicable,Stigma,"Experienced, Internalized, Structural"
kv6vvd,meToo,2021-01-11 17:06:42,Applicable,Stigma,"Experienced, Internalized, Structural"
kuq5bn,meToo,2021-01-11 2:43:09,Applicable,Stigma,"Experienced, Anticipated"
kuq5bn,meToo,2021-01-11 0:36:29,Applicable,Stigma,"Experienced, Anticipated"
kuacnj,meToo,2021-01-10 9:44:13,Applicable,Stigma,"Internalized, Anticipated"
kuacnj,meToo,2021-01-10 11:40:16,Applicable,Stigma,"Internalized, Anticipated"
kuacnj,meToo,2021-01-10 11:38:47,Applicable,Stigma,"Internalized, Anticipated"
kuacnj,meToo,2021-01-10 17:44:33,Applicable,Stigma,"Internalized, Anticipated"
ksy1iz,meToo,2021-01-08 7:58:02,Applicable,Stigma,"Internalized, Anticipated"
ks7ivj,meToo,2021-01-07 12:28:22,Applicable,Stigma,"Experienced, Internalized, Anticipated, Structural"
ks7ivj,meToo,2021-01-07 12:59:09,Applicable,Stigma,"Experienced, Internalized, Anticipated, Structural"
ks7ivj,meToo,2021-01-07 8:58:33,Applicable,Stigma,"Experienced, Internalized, Anticipated, Structural"
ks7ivj,meToo,2021-01-07 16:31:03,Applicable,Stigma,"Experienced, Internalized, Anticipated, Structural"
ks7ivj,meToo,2021-01-07 6:33:18,Applicable,Stigma,"Experienced, Internalized, Anticipated, Structural"
ks7ivj,meToo,2021-01-08 10:09:30,Applicable,Stigma,"Experienced, Internalized, Anticipated, Structural"
kr6hjg,meToo,2021-01-05 20:05:55,Applicable,Stigma,"Experienced, Internalized, Anticipated"
kr6hjg,meToo,2021-01-07 6:50:29,Applicable,Stigma,"Experienced, Internalized, Anticipated"
kfo4tn,meToo,2020-12-18 17:35:13,Applicable,Stigma,"Experienced, Internalized, Anticipated, Structural"
kfo4tn,meToo,2020-12-18 16:19:08,Applicable,Stigma,"Experienced, Internalized, Anticipated, Structural"
kfo4tn,meToo,2020-12-19 10:24:00,Applicable,Stigma,"Experienced, Internalized, Anticipated, Structural"
kfo4tn,meToo,2020-12-18 17:15:20,Applicable,Stigma,"Experienced, Internalized, Anticipated, Structural"
k8ov7s,meToo,2020-12-07 20:34:56,Applicable,Stigma,"Internalized, Anticipated"
k7mpky,meToo,2020-12-06 5:51:37,Applicable,Stigma,Internalized
k7mpky,meToo,2020-12-06 13:35:49,Applicable,Stigma,Internalized
k7mpky,meToo,2020-12-08 1:30:48,Applicable,Stigma,Internalized
jyj6bg,meToo,2020-11-21 22:15:57,Applicable,Stigma,"Experienced, Anticipated, Structural"
jyj6bg,meToo,2020-11-22 0:01:52,Applicable,Stigma,"Experienced, Anticipated, Structural"
jyj6bg,meToo,2020-11-21 21:41:23,Applicable,Stigma,"Experienced, Anticipated, Structural"
jyj6bg,meToo,2020-11-21 22:13:41,Applicable,Stigma,"Experienced, Anticipated, Structural"
jyj6bg,meToo,2020-11-21 22:24:13,Applicable,Stigma,"Experienced, Anticipated, Structural"
jyj6bg,meToo,2020-11-21 22:35:57,Applicable,Stigma,"Experienced, Anticipated, Structural"
jxrd44,meToo,2020-11-21 8:17:39,Applicable,Stigma,"Experienced, Internalized, Anticipated"
jxrd44,meToo,2020-11-20 15:45:48,Applicable,Stigma,"Experienced, Internalized, Anticipated"
jwvzsv,meToo,2020-11-19 4:49:20,Applicable,Stigma,"Experienced, Internalized"
jwvzsv,meToo,2020-11-19 4:25:13,Applicable,Stigma,"Experienced, Internalized"
jvje9v,meToo,2020-11-17 1:03:21,Applicable,Stigma,"Experienced, Anticipated"
jvje9v,meToo,2020-11-21 8:24:58,Applicable,Stigma,"Experienced, Anticipated"
jvg2r4,meToo,2020-11-21 8:27:25,Applicable,Stigma,Anticipated
jvg2r4,meToo,2020-11-16 21:53:03,Applicable,Stigma,Anticipated
jv1vs9,meToo,2020-11-16 6:14:01,Applicable,Stigma,Internalized
jukwap,meToo,2020-11-15 17:56:30,Applicable,Stigma,"Experienced, Internalized, Anticipated, Structural"
jukwap,meToo,2020-11-15 20:07:26,Applicable,Stigma,"Experienced, Internalized, Anticipated, Structural"
jukwap,meToo,2020-11-16 1:58:49,Applicable,Stigma,"Experienced, Internalized, Anticipated, Structural"
jukwap,meToo,2020-11-16 2:55:48,Applicable,Stigma,"Experienced, Internalized, Anticipated, Structural"
jukwap,meToo,2020-11-15 12:05:39,Applicable,Stigma,"Experienced, Internalized, Anticipated, Structural"
jtdf5h,meToo,2020-11-13 8:15:11,Applicable,Stigma,"Experienced, Internalized, Anticipated"
jtau8o,meToo,2020-11-13 5:38:56,Applicable,Stigma,"Internalized, Anticipated"
jtau8o,meToo,2020-11-13 15:18:35,Applicable,Stigma,"Internalized, Anticipated"
jtau8o,meToo,2020-11-13 21:25:42,Applicable,Stigma,"Internalized, Anticipated"
jtau8o,meToo,2020-11-13 4:45:45,Applicable,Stigma,"Internalized, Anticipated"
jtau8o,meToo,2020-11-28 19:38:55,Applicable,Stigma,"Internalized, Anticipated"
jpex0i,meToo,2020-11-06 22:27:28,Applicable,Stigma,"Experienced, Anticipated, Structural"
jpex0i,meToo,2020-11-21 8:42:09,Applicable,Stigma,"Experienced, Anticipated, Structural"
jo8amz,meToo,2020-11-05 2:43:32,Applicable,Stigma,"Experienced, Anticipated, Structural"
jisgrk,meToo,2020-11-07 1:25:58,Applicable,Stigma,"Experienced, Internalized, Anticipated"
jisgrk,meToo,2020-10-27 2:01:09,Applicable,Stigma,"Experienced, Internalized, Anticipated"
jisgrk,meToo,2020-12-08 23:29:18,Applicable,Stigma,"Experienced, Internalized, Anticipated"
jfnylr,meToo,2020-10-21 23:11:39,Applicable,Stigma,Anticipated
jf6x1m,meToo,2020-10-21 12:49:56,Applicable,Stigma,Structural
jf6x1m,meToo,2020-10-21 5:26:45,Applicable,Stigma,Structural
jf6x1m,meToo,2020-10-22 6:08:59,Applicable,Stigma,Structural
jbqcvz,meToo,2020-10-15 18:05:53,Applicable,Stigma,"Experienced, Anticipated"
jbqcvz,meToo,2020-10-15 16:01:58,Applicable,Stigma,"Experienced, Anticipated"
jbethi,meToo,2020-10-15 5:57:08,Applicable,Stigma,"Experienced, Anticipated, Structural"
jbethi,meToo,2020-10-15 2:11:01,Applicable,Stigma,"Experienced, Anticipated, Structural"
jb62co,meToo,2020-10-15 1:58:42,Applicable,Stigma,"Experienced, Anticipated"
jb62co,meToo,2020-10-14 18:09:18,Applicable,Stigma,"Experienced, Anticipated"
j9tm45,meToo,2020-10-12 17:30:25,Applicable,Stigma,Experienced
j9tm45,meToo,2020-10-12 20:25:22,Applicable,Stigma,Experienced
j9tm45,meToo,2020-10-12 20:40:28,Applicable,Stigma,Experienced
j9tm45,meToo,2020-10-12 16:02:20,Applicable,Stigma,Experienced
j9tm45,meToo,2020-10-13 0:35:38,Applicable,Stigma,Experienced
j72ybw,meToo,2020-10-08 3:07:34,Applicable,Stigma,"Experienced, Anticipated, Structural"
j72ybw,meToo,2020-10-08 4:36:31,Applicable,Stigma,"Experienced, Anticipated, Structural"
j72ybw,meToo,2020-10-08 0:31:32,Applicable,Stigma,"Experienced, Anticipated, Structural"
j3lqox,meToo,2020-10-02 1:40:34,Applicable,Stigma,Anticipated
j3kj0e,meToo,2020-10-02 0:18:16,Applicable,Stigma,"Experienced, Internalized"
j2zoxz,meToo,2020-10-01 2:04:45,Applicable,Stigma,
j2zoxz,meToo,2020-10-01 6:57:51,Applicable,Stigma,
j1gwuw,meToo,2020-09-28 17:49:59,Applicable,Stigma,"Internalized, Anticipated"
j1gwuw,meToo,2020-10-08 4:55:25,Applicable,Stigma,"Internalized, Anticipated"
izzhxf,meToo,2020-09-26 4:43:30,Applicable,Stigma,Internalized
iys4s2,meToo,2020-09-24 6:55:53,Applicable,Stigma,Experienced
iys4s2,meToo,2020-09-24 8:00:25,Applicable,Stigma,Experienced
ivkuuu,meToo,2020-09-19 9:05:29,Applicable,Stigma,"Internalized, Anticipated"
iuty60,meToo,2020-09-18 6:35:55,Applicable,Stigma,"Experienced, Internalized, Anticipated, Structural"
iuty60,meToo,2020-09-17 22:31:17,Applicable,Stigma,"Experienced, Internalized, Anticipated, Structural"
iuty60,meToo,2020-10-03 22:24:23,Applicable,Stigma,"Experienced, Internalized, Anticipated, Structural"
irzlc0,meToo,2020-09-13 14:52:06,Applicable,Stigma,"Internalized, Anticipated"
ioneay,meToo,2020-09-08 5:33:13,Applicable,Stigma,"Experienced, Anticipated, Structural"
ioneay,meToo,2020-09-08 4:48:34,Applicable,Stigma,"Experienced, Anticipated, Structural"
ioneay,meToo,2020-09-09 3:15:34,Applicable,Stigma,"Experienced, Anticipated, Structural"
io91wc,meToo,2020-09-07 16:57:54,Applicable,Stigma,"Experienced, Internalized, Anticipated"
io91wc,meToo,2020-09-07 16:45:05,Applicable,Stigma,"Experienced, Internalized, Anticipated"
io91wc,meToo,2020-09-07 15:05:47,Applicable,Stigma,"Experienced, Internalized, Anticipated"
in0tp6,meToo,2020-09-05 13:08:24,Applicable,Stigma,"Experienced, Internalized, Anticipated"
in0tp6,meToo,2020-09-06 5:26:16,Applicable,Stigma,"Experienced, Internalized, Anticipated"
ilqijj,meToo,2020-09-03 14:42:05,Applicable,Stigma,"Experienced, Internalized, Anticipated"
ikc9x9,meToo,2020-09-01 8:42:38,Applicable,Stigma,Structural
ikc9x9,meToo,2020-09-01 2:47:13,Applicable,Stigma,Structural
iihio7,meToo,2020-08-29 0:11:40,Applicable,Stigma,"Experienced, Anticipated"
iihio7,meToo,2020-08-28 22:58:39,Applicable,Stigma,"Experienced, Anticipated"
ig15po,meToo,2020-08-25 0:52:58,Applicable,Stigma,"Experienced, Internalized, Anticipated"
ig15po,meToo,2020-08-25 4:47:18,Applicable,Stigma,"Experienced, Internalized, Anticipated"
ig15po,meToo,2020-08-25 1:03:03,Applicable,Stigma,"Experienced, Internalized, Anticipated"
ig15po,meToo,2020-08-25 0:06:00,Applicable,Stigma,"Experienced, Internalized, Anticipated"
ifbiqv,meToo,2020-08-24 3:31:45,Applicable,Stigma,"Internalized, Anticipated"
ifbiqv,meToo,2020-08-24 0:20:30,Applicable,Stigma,"Internalized, Anticipated"
ifbiqv,meToo,2020-08-23 21:18:04,Applicable,Stigma,"Internalized, Anticipated"
id1he8,meToo,2020-08-20 2:00:00,Applicable,Stigma,"Internalized, Anticipated"
id1he8,meToo,2020-08-20 19:40:23,Applicable,Stigma,"Internalized, Anticipated"
id1he8,meToo,2020-08-25 3:31:44,Applicable,Stigma,"Internalized, Anticipated"
id1he8,meToo,2020-08-25 16:12:26,Applicable,Stigma,"Internalized, Anticipated"
icgjz3,meToo,2020-08-19 3:59:07,Applicable,Stigma,"Internalized, Anticipated"
ic50ka,meToo,2020-08-18 19:59:16,Applicable,Stigma,"Experienced, Internalized"
ic50ka,meToo,2020-08-18 17:05:37,Applicable,Stigma,"Experienced, Internalized"
iacpjo,meToo,2020-08-15 20:44:11,Applicable,Stigma,"Experienced, Anticipated"
iacpjo,meToo,2020-08-16 6:36:14,Applicable,Stigma,"Experienced, Anticipated"
iacpjo,meToo,2020-08-15 18:33:19,Applicable,Stigma,"Experienced, Anticipated"
i9fi4f,meToo,2020-08-14 4:35:05,Applicable,Stigma,"Experienced, Anticipated"
i8xhmm,meToo,2020-08-13 10:29:27,Applicable,Stigma,"Experienced, Internalized, Anticipated"
i8xhmm,meToo,2020-08-14 13:26:34,Applicable,Stigma,"Experienced, Internalized, Anticipated"
i8r5ic,meToo,2020-08-13 4:37:30,Applicable,Stigma,"Experienced, Internalized, Anticipated, Structural"
i8r5ic,meToo,2020-08-13 1:55:59,Applicable,Stigma,"Experienced, Internalized, Anticipated, Structural"
i7qjg9,meToo,2020-08-11 15:35:36,Applicable,Stigma,"Internalized, Anticipated"
i7qjg9,meToo,2020-08-11 20:07:13,Applicable,Stigma,"Internalized, Anticipated"
i7qjg9,meToo,2020-08-11 12:02:11,Applicable,Stigma,"Internalized, Anticipated"
i7qjg9,meToo,2020-09-17 20:08:58,Applicable,Stigma,"Internalized, Anticipated"
i76vvc,meToo,2020-08-10 16:46:50,Applicable,Stigma,"Experienced, Anticipated"
i76vvc,meToo,2020-08-10 20:10:36,Applicable,Stigma,"Experienced, Anticipated"
i76vvc,meToo,2020-08-10 21:13:50,Applicable,Stigma,"Experienced, Anticipated"
i76vvc,meToo,2020-08-10 16:23:20,Applicable,Stigma,"Experienced, Anticipated"
i76vvc,meToo,2020-08-10 15:25:48,Applicable,Stigma,"Experienced, Anticipated"
i5ydyc,meToo,2020-08-08 12:35:10,Applicable,Stigma,"Experienced, Internalized, Anticipated"
i5ydyc,meToo,2020-08-08 14:31:45,Applicable,Stigma,"Experienced, Internalized, Anticipated"
i5ydyc,meToo,2020-08-25 19:17:12,Applicable,Stigma,"Experienced, Internalized, Anticipated"
i5ydyc,meToo,2020-08-08 16:26:53,Applicable,Stigma,"Experienced, Internalized, Anticipated"
i539dh,meToo,2020-08-07 4:43:26,Applicable,Stigma,"Internalized, Anticipated, Structural"
i539dh,meToo,2020-08-07 6:07:14,Applicable,Stigma,"Internalized, Anticipated, Structural"
i333fr,meToo,2020-08-03 18:57:20,Applicable,Stigma,Experienced
i27zc1,meToo,2020-08-02 12:39:26,Applicable,Stigma,Internalized
i27zc1,meToo,2020-08-02 7:05:08,Applicable,Stigma,Internalized
i1tlnb,meToo,2020-08-01 16:26:54,Applicable,Stigma,"Experienced, Internalized"
i1tlnb,meToo,2020-08-01 15:23:27,Applicable,Stigma,"Experienced, Internalized"
i1tlnb,meToo,2020-08-01 15:03:31,Applicable,Stigma,"Experienced, Internalized"
i0qwh4,meToo,2020-07-30 20:29:04,Applicable,Stigma,Internalized
i0qwh4,meToo,2020-07-30 18:05:36,Applicable,Stigma,Internalized
hztkge,meToo,2020-07-29 3:47:42,Applicable,Stigma,
hztkge,meToo,2020-07-29 4:52:32,Applicable,Stigma,
hxzadc,meToo,2020-07-26 5:59:47,Applicable,Stigma,"Experienced, Anticipated, Structural"
hxcjlb,meToo,2020-07-25 2:07:48,Applicable,Stigma,"Experienced, Anticipated"
hxcjlb,meToo,2020-07-25 0:14:53,Applicable,Stigma,"Experienced, Anticipated"
hxcjlb,meToo,2020-07-24 23:38:41,Applicable,Stigma,"Experienced, Anticipated"
hwudd4,meToo,2020-07-24 3:28:18,Applicable,Stigma,"Experienced, Anticipated, Structural"
hwudd4,meToo,2020-07-24 3:43:33,Applicable,Stigma,"Experienced, Anticipated, Structural"
hvy4pl,meToo,2020-07-22 18:18:21,Applicable,Stigma,"Anticipated, Structural"
hvy4pl,meToo,2020-07-23 22:56:16,Applicable,Stigma,"Anticipated, Structural"
hvy4pl,meToo,2020-07-23 23:02:28,Applicable,Stigma,"Anticipated, Structural"
hvy4pl,meToo,2020-07-22 17:34:22,Applicable,Stigma,"Anticipated, Structural"
hvy4pl,meToo,2020-07-22 20:37:14,Applicable,Stigma,"Anticipated, Structural"
hvy4pl,meToo,2020-07-22 21:14:57,Applicable,Stigma,"Anticipated, Structural"
huiire,meToo,2020-07-21 21:00:13,Applicable,Stigma,"Experienced, Internalized"
hu6zfo,meToo,2020-07-19 21:27:20,Applicable,Stigma,"Experienced, Anticipated"
hu6zfo,meToo,2020-07-19 19:59:38,Applicable,Stigma,"Experienced, Anticipated"
hu6zfo,meToo,2020-07-20 2:16:10,Applicable,Stigma,"Experienced, Anticipated"
hu6zfo,meToo,2020-07-26 22:30:11,Applicable,Stigma,"Experienced, Anticipated"
hu24m7,meToo,2020-07-19 18:41:13,Applicable,Stigma,"Experienced, Anticipated, Structural"
hu24m7,meToo,2020-07-19 15:19:11,Applicable,Stigma,"Experienced, Anticipated, Structural"
htzwwy,meToo,2020-07-19 13:51:41,Applicable,Stigma,"Experienced, Anticipated"
htzwwy,meToo,2020-07-19 12:43:38,Applicable,Stigma,"Experienced, Anticipated"
htzwwy,meToo,2020-07-19 16:56:56,Applicable,Stigma,"Experienced, Anticipated"
hr67n1,meToo,2020-07-14 23:29:41,Applicable,Stigma,"Experienced, Internalized, Anticipated"
hr67n1,meToo,2020-07-16 3:43:43,Applicable,Stigma,"Experienced, Internalized, Anticipated"
hr1uni,meToo,2020-07-14 17:50:52,Applicable,Stigma,Internalized
hr1uni,meToo,2020-07-14 19:47:11,Applicable,Stigma,Internalized
howw5l,meToo,2020-07-10 22:29:32,Applicable,Stigma,"Experienced, Internalized, Anticipated"
howw5l,meToo,2020-07-10 21:19:56,Applicable,Stigma,"Experienced, Internalized, Anticipated"
howw5l,meToo,2020-07-10 20:48:32,Applicable,Stigma,"Experienced, Internalized, Anticipated"
hokufl,meToo,2020-07-10 7:47:27,Applicable,Stigma,"Internalized, Anticipated"
hokufl,meToo,2020-07-10 10:04:57,Applicable,Stigma,"Internalized, Anticipated"
hokufl,meToo,2020-07-10 16:02:00,Applicable,Stigma,"Internalized, Anticipated"
hokufl,meToo,2020-07-10 20:21:16,Applicable,Stigma,"Internalized, Anticipated"
hokufl,meToo,2020-07-11 6:39:50,Applicable,Stigma,"Internalized, Anticipated"
ho2lio,meToo,2020-07-10 2:38:44,Applicable,Stigma,Internalized
ho2lio,meToo,2020-07-10 5:01:14,Applicable,Stigma,Internalized
hnxnnl,meToo,2020-07-09 7:54:57,Applicable,Stigma,"Internalized, Anticipated"
hnxnnl,meToo,2020-07-09 5:45:12,Applicable,Stigma,"Internalized, Anticipated"
hlfgc9,meToo,2020-07-05 17:11:34,Applicable,Stigma,"Experienced, Internalized"
hlfgc9,meToo,2020-07-06 1:01:53,Applicable,Stigma,"Experienced, Internalized"
hlfgc9,meToo,2020-07-05 12:10:28,Applicable,Stigma,"Experienced, Internalized"
hkb8d6,meToo,2020-07-03 3:00:44,Applicable,Stigma,"Experienced, Anticipated, Structural"
hkb8d6,meToo,2020-07-03 3:17:23,Applicable,Stigma,"Experienced, Anticipated, Structural"
hkb8d6,meToo,2020-07-03 5:08:09,Applicable,Stigma,"Experienced, Anticipated, Structural"
hjy5mr,meToo,2020-07-02 14:42:43,Applicable,Stigma,Anticipated
hjy5mr,meToo,2020-07-02 14:43:32,Applicable,Stigma,Anticipated
hjy5mr,meToo,2020-07-03 7:05:35,Applicable,Stigma,Anticipated
hjs43b,meToo,2020-07-02 10:20:07,Applicable,Stigma,Internalized
hjs43b,meToo,2020-07-02 7:10:55,Applicable,Stigma,Internalized
hjs43b,meToo,2020-07-02 15:19:51,Applicable,Stigma,Internalized
hjcq6f,meToo,2020-07-01 18:07:33,Applicable,Stigma,"Experienced, Internalized, Anticipated"
hj82c8,meToo,2020-07-02 5:37:14,Applicable,Stigma,"Experienced, Internalized, Anticipated"
hj82c8,meToo,2020-07-02 5:57:56,Applicable,Stigma,"Experienced, Internalized, Anticipated"
hiciu5,meToo,2020-06-30 6:25:44,Applicable,Stigma,"Experienced, Internalized, Anticipated, Structural"
hi91nr,meToo,2020-06-29 22:20:03,Applicable,Stigma,Experienced
hi91nr,meToo,2020-06-30 0:45:47,Applicable,Stigma,Experienced
hi91nr,meToo,2020-06-29 22:53:34,Applicable,Stigma,Experienced
hevlqm,meToo,2020-06-24 9:33:35,Applicable,Stigma,"Experienced, Internalized, Structural"
hevlqm,meToo,2020-06-24 13:53:43,Applicable,Stigma,"Experienced, Internalized, Structural"
hdnwhp,meToo,2020-06-24 10:49:52,Applicable,Stigma,"Experienced, Internalized, Anticipated"
hcuqh1,meToo,2020-06-20 22:42:56,Applicable,Stigma,"Experienced, Internalized, Anticipated"
hc01lp,meToo,2020-06-19 16:51:48,Applicable,Stigma,
h90lar,meToo,2022-09-04 23:06:56,Applicable,Stigma,Internalized
h8xytk,meToo,2020-06-14 19:22:18,Applicable,Stigma,Internalized
h8muhy,meToo,2020-06-14 13:30:57,Applicable,Stigma,"Anticipated, Structural"
h15zw3,meToo,2020-06-12 7:48:05,Applicable,Stigma,"Experienced, Internalized"
h0dzxc,meToo,2020-06-10 17:32:37,Applicable,Stigma,Anticipated
h0dzxc,meToo,2020-06-10 16:37:08,Applicable,Stigma,Anticipated
h0dzxc,meToo,2020-06-10 17:12:44,Applicable,Stigma,Anticipated
h0dzxc,meToo,2020-06-10 20:05:16,Applicable,Stigma,Anticipated
gzu3wb,meToo,2020-06-09 21:40:55,Applicable,Stigma,Internalized
gzu3wb,meToo,2020-06-09 23:03:24,Applicable,Stigma,Internalized
gzu3wb,meToo,2020-06-10 4:26:50,Applicable,Stigma,Internalized
gytxjz,meToo,2020-06-08 8:07:53,Applicable,Stigma,Internalized
gxu9ja,meToo,2020-06-06 19:16:46,Applicable,Stigma,"Experienced, Internalized, Anticipated"
gwnb4k,meToo,2020-06-04 19:56:17,Applicable,Stigma,"Experienced, Internalized, Anticipated"
gwnb4k,meToo,2020-06-04 19:18:10,Applicable,Stigma,"Experienced, Internalized, Anticipated"
gwnb4k,meToo,2020-06-05 12:38:46,Applicable,Stigma,"Experienced, Internalized, Anticipated"
gwnb4k,meToo,2020-06-05 16:47:17,Applicable,Stigma,"Experienced, Internalized, Anticipated"
gtpe60,meToo,2020-05-31 1:15:26,Applicable,Stigma,Experienced
gtpe60,meToo,2020-05-31 20:33:47,Applicable,Stigma,Experienced
gtpe60,meToo,2020-05-31 23:13:08,Applicable,Stigma,Experienced
gtpe60,meToo,2020-06-01 16:17:49,Applicable,Stigma,Experienced
gt43su,meToo,2020-05-30 1:39:06,Applicable,Stigma,"Experienced, Anticipated, Structural"
gswly7,meToo,2020-05-29 20:17:03,Applicable,Stigma,"Experienced, Internalized, Anticipated"
gsuhyc,meToo,2020-05-31 23:28:39,Applicable,Stigma,Internalized
gsuhyc,meToo,2020-05-29 22:24:29,Applicable,Stigma,Internalized
gmeq08,meToo,2020-05-19 4:25:00,Applicable,Stigma,Anticipated
gmeq08,meToo,2020-06-15 16:33:40,Applicable,Stigma,Anticipated
glg7gx,meToo,2020-05-17 14:37:39,Applicable,Stigma,"Experienced, Internalized"
gl1xvp,meToo,2020-05-16 22:50:00,Applicable,Stigma,"Experienced, Internalized, Structural"
gl1xvp,meToo,2020-05-22 3:29:24,Applicable,Stigma,"Experienced, Internalized, Structural"
gkq14f,meToo,2020-05-16 11:10:25,Applicable,Stigma,"Experienced, Anticipated"
gkq14f,meToo,2020-05-16 15:35:43,Applicable,Stigma,"Experienced, Anticipated"
gj79ie,meToo,2020-05-16 0:49:24,Applicable,Stigma,"Experienced, Anticipated"
gj79ie,meToo,2020-05-13 20:43:47,Applicable,Stigma,"Experienced, Anticipated"
gj1vya,meToo,2020-05-13 16:14:12,Applicable,Stigma,"Experienced, Internalized, Anticipated"
gj1vya,meToo,2020-05-13 17:31:42,Applicable,Stigma,"Experienced, Internalized, Anticipated"
gj1vya,meToo,2020-05-15 5:53:10,Applicable,Stigma,"Experienced, Internalized, Anticipated"
givf9z,meToo,2020-05-13 9:59:44,Applicable,Stigma,"Internalized, Anticipated"
givf9z,meToo,2020-05-13 9:56:58,Applicable,Stigma,"Internalized, Anticipated"
gfcxg2,meToo,2020-05-07 19:32:47,Applicable,Stigma,"Internalized, Anticipated"
gfcxg2,meToo,2020-05-07 19:38:04,Applicable,Stigma,"Internalized, Anticipated"
gfcxg2,meToo,2020-05-07 22:47:59,Applicable,Stigma,"Internalized, Anticipated"
gezms3,meToo,2020-05-07 5:47:14,Applicable,Stigma,"Experienced, Internalized, Anticipated"
gezms3,meToo,2020-05-07 4:49:50,Applicable,Stigma,"Experienced, Internalized, Anticipated"
gezms3,meToo,2020-05-07 9:14:49,Applicable,Stigma,"Experienced, Internalized, Anticipated"
gezms3,meToo,2020-05-07 10:57:58,Applicable,Stigma,"Experienced, Internalized, Anticipated"
gef0wy,meToo,2020-05-06 7:30:34,Applicable,Stigma,
gef0wy,meToo,2020-05-06 9:53:10,Applicable,Stigma,
gbwoj0,meToo,2020-05-02 2:43:04,Applicable,Stigma,Internalized
gbwoj0,meToo,2020-05-02 2:29:43,Applicable,Stigma,Internalized
gbwoj0,meToo,2020-05-07 6:41:14,Applicable,Stigma,Internalized
gats5n,meToo,2020-04-30 20:25:40,Applicable,Stigma,"Experienced, Internalized, Anticipated"
g7f2cy,meToo,2020-04-25 5:00:34,Applicable,Stigma,Experienced
g7f2cy,meToo,2020-04-24 21:39:18,Applicable,Stigma,Experienced
g7012o,meToo,2020-04-24 3:02:04,Applicable,Stigma,"Experienced, Internalized, Anticipated"
g45v1x,meToo,2020-04-19 19:06:15,Applicable,Stigma,"Experienced, Anticipated, Structural"
g21v51,meToo,2020-04-16 0:47:46,Applicable,Stigma,"Experienced, Anticipated"
g21v51,meToo,2020-04-16 11:13:30,Applicable,Stigma,"Experienced, Anticipated"
g21v51,meToo,2020-04-16 8:58:19,Applicable,Stigma,"Experienced, Anticipated"
frt6qo,meToo,2020-04-06 8:01:57,Applicable,Stigma,"Experienced, Structural"
frt6qo,meToo,2020-05-16 12:41:45,Applicable,Stigma,"Experienced, Structural"
frlfz9,meToo,2020-04-23 4:20:39,Applicable,Stigma,Internalized
frau2g,meToo,2020-03-29 18:48:17,Applicable,Stigma,"Experienced, Structural"
frau2g,meToo,2020-03-29 19:03:17,Applicable,Stigma,"Experienced, Structural"
frau2g,meToo,2020-03-29 19:27:03,Applicable,Stigma,"Experienced, Structural"
frau2g,meToo,2020-03-29 20:46:59,Applicable,Stigma,"Experienced, Structural"
fowfi5,meToo,2020-03-25 20:33:23,Applicable,Stigma,"Experienced, Internalized, Anticipated"
fowfi5,meToo,2020-04-13 21:47:50,Applicable,Stigma,"Experienced, Internalized, Anticipated"
fowfi5,meToo,2020-03-26 11:54:26,Applicable,Stigma,"Experienced, Internalized, Anticipated"
fowfi5,meToo,2020-03-26 23:58:37,Applicable,Stigma,"Experienced, Internalized, Anticipated"
fh1nwx,meToo,2020-03-12 17:43:36,Applicable,Stigma,Internalized
ffox2g,meToo,2020-03-09 4:41:33,Applicable,Stigma,"Experienced, Internalized, Anticipated"
ffox2g,meToo,2020-03-09 11:01:51,Applicable,Stigma,"Experienced, Internalized, Anticipated"
fdl0p2,meToo,2020-03-05 13:29:26,Applicable,Stigma,"Experienced, Internalized"
fcz197,meToo,2020-03-04 7:48:53,Applicable,Stigma,"Experienced, Internalized, Anticipated"
fcz197,meToo,2020-03-04 9:00:12,Applicable,Stigma,"Experienced, Internalized, Anticipated"
fcs6mv,meToo,2020-03-04 15:17:31,Applicable,Stigma,"Experienced, Structural"
fa2h24,meToo,2020-02-27 2:45:32,Applicable,Stigma,"Experienced, Internalized"
f9vw7h,meToo,2020-02-26 17:24:31,Applicable,Stigma,
f8dmrj,meToo,2020-02-24 4:38:52,Applicable,Stigma,"Experienced, Anticipated, Structural"
f8dmrj,meToo,2020-02-25 21:00:45,Applicable,Stigma,"Experienced, Anticipated, Structural"
f7zask,meToo,2020-02-23 1:54:08,Applicable,Stigma,Experienced
f7zask,meToo,2020-03-07 17:38:59,Applicable,Stigma,Experienced
f4yre3,meToo,2020-02-16 23:18:16,Applicable,Stigma,"Experienced, Internalized, Anticipated"
f4yre3,meToo,2020-02-17 2:06:14,Applicable,Stigma,"Experienced, Internalized, Anticipated"
f4yre3,meToo,2020-02-17 2:15:18,Applicable,Stigma,"Experienced, Internalized, Anticipated"
f4epeb,meToo,2020-02-15 19:59:59,Applicable,Stigma,"Experienced, Internalized, Anticipated, Structural"
f4epeb,meToo,2020-02-16 3:39:24,Applicable,Stigma,"Experienced, Internalized, Anticipated, Structural"
f3ey7b,meToo,2020-02-13 21:43:09,Applicable,Stigma,"Experienced, Anticipated"
f38bd4,meToo,2020-02-24 23:40:39,Applicable,Stigma,"Experienced, Internalized"
f38bd4,meToo,2020-02-27 19:13:36,Applicable,Stigma,"Experienced, Internalized"
f322w3,meToo,2020-02-13 15:30:13,Applicable,Stigma,"Experienced, Internalized"
f322w3,meToo,2020-02-13 21:33:33,Applicable,Stigma,"Experienced, Internalized"
f322w3,meToo,2020-02-24 19:45:26,Applicable,Stigma,"Experienced, Internalized"
f2labw,meToo,2020-02-12 14:28:16,Applicable,Stigma,"Experienced, Internalized, Anticipated, Structural"
f2labw,meToo,2020-02-12 4:14:34,Applicable,Stigma,"Experienced, Internalized, Anticipated, Structural"
f1e8rl,meToo,2020-02-09 20:34:41,Applicable,Stigma,"Experienced, Internalized"
f0v23x,meToo,2020-02-08 18:05:17,Applicable,Stigma,"Experienced, Internalized, Anticipated, Structural"
eyn7dq,meToo,2020-02-05 1:54:53,Applicable,Stigma,"Experienced, Internalized, Anticipated, Structural"
eyn7dq,meToo,2020-02-07 4:54:11,Applicable,Stigma,"Experienced, Internalized, Anticipated, Structural"
ey5nxe,meToo,2020-02-03 14:58:19,Applicable,Stigma,Internalized
exhia9,meToo,2020-02-02 7:34:37,Applicable,Stigma,"Experienced, Anticipated, Structural"
exhia9,meToo,2020-02-08 22:11:36,Applicable,Stigma,"Experienced, Anticipated, Structural"
ewz4nq,meToo,2020-02-01 6:40:52,Applicable,Stigma,Internalized
euz1ur,meToo,2020-01-28 3:24:32,Applicable,Stigma,Internalized
euz1ur,meToo,2020-01-28 3:23:57,Applicable,Stigma,Internalized
euz1ur,meToo,2020-02-03 22:02:02,Applicable,Stigma,Internalized
eurds0,meToo,2020-01-27 20:20:52,Applicable,Stigma,
eurds0,meToo,2020-01-27 17:46:45,Applicable,Stigma,
eurds0,meToo,2020-01-27 18:02:47,Applicable,Stigma,
eurds0,meToo,2020-01-28 4:05:37,Applicable,Stigma,
eurds0,meToo,2020-01-29 7:00:53,Applicable,Stigma,
eurds0,meToo,2020-02-01 0:48:54,Applicable,Stigma,
eurds0,meToo,2020-01-31 15:03:46,Applicable,Stigma,
eurds0,meToo,2020-01-29 17:59:30,Applicable,Stigma,
etsimd,meToo,2020-01-25 18:13:59,Applicable,Stigma,"Experienced, Internalized"
etsimd,meToo,2020-01-25 16:07:45,Applicable,Stigma,"Experienced, Internalized"
etpoy2,meToo,2020-01-25 11:34:39,Applicable,Stigma,"Experienced, Internalized"
etpoy2,meToo,2020-01-25 17:21:43,Applicable,Stigma,"Experienced, Internalized"
esgmdp,meToo,2020-01-22 21:15:48,Applicable,Stigma,"Experienced, Internalized, Anticipated"
esgmdp,meToo,2020-01-22 21:20:30,Applicable,Stigma,"Experienced, Internalized, Anticipated"
esgmdp,meToo,2020-01-23 6:41:44,Applicable,Stigma,"Experienced, Internalized, Anticipated"
es6z6k,meToo,2020-01-22 6:02:26,Applicable,Stigma,"Experienced, Internalized, Anticipated"
eq3jfp,meToo,2020-01-17 18:47:23,Applicable,Stigma,"Experienced, Internalized, Anticipated, Structural"
epjs06,meToo,2020-01-16 16:05:22,Applicable,Stigma,
epjs06,meToo,2020-01-17 21:08:10,Applicable,Stigma,
ene28s,meToo,2020-01-11 22:36:29,Applicable,Stigma,"Experienced, Anticipated"
ene28s,meToo,2020-01-12 8:28:03,Applicable,Stigma,"Experienced, Anticipated"
ene28s,meToo,2020-01-12 6:52:31,Applicable,Stigma,"Experienced, Anticipated"
emwj69,meToo,2020-01-10 20:51:39,Applicable,Stigma,"Experienced, Internalized, Anticipated, Structural"
emwj69,meToo,2020-01-10 22:04:09,Applicable,Stigma,"Experienced, Internalized, Anticipated, Structural"
emwj69,meToo,2020-01-11 0:19:38,Applicable,Stigma,"Experienced, Internalized, Anticipated, Structural"
ek2sew,meToo,2020-01-04 23:15:11,Applicable,Stigma,"Experienced, Internalized, Anticipated"
ek2sew,meToo,2020-01-08 18:55:53,Applicable,Stigma,"Experienced, Internalized, Anticipated"
ek2sew,meToo,2020-01-08 18:41:52,Applicable,Stigma,"Experienced, Internalized, Anticipated"
ej79lc,meToo,2020-01-03 1:07:11,Applicable,Stigma,Anticipated
ej79lc,meToo,2020-01-08 19:00:33,Applicable,Stigma,Anticipated
eiipd8,meToo,2020-01-01 15:12:45,Applicable,Stigma,Internalized
ehnweu,meToo,2019-12-30 22:29:05,Applicable,Stigma,"Experienced, Internalized"
ehnweu,meToo,2019-12-30 23:01:38,Applicable,Stigma,"Experienced, Internalized"
eewql5,meToo,2019-12-24 8:54:46,Applicable,Stigma,Experienced
eeg0js,meToo,2019-12-23 5:37:08,Applicable,Stigma,"Experienced, Anticipated"
eeg0js,meToo,2019-12-23 8:47:17,Applicable,Stigma,"Experienced, Anticipated"
eeg0js,meToo,2019-12-23 20:39:55,Applicable,Stigma,"Experienced, Anticipated"
ee0zvj,meToo,2019-12-23 5:46:42,Applicable,Stigma,"Internalized, Anticipated"
ee0zvj,meToo,2020-03-25 20:41:57,Applicable,Stigma,"Internalized, Anticipated"
eb87ta,meToo,2019-12-16 3:06:53,Applicable,Stigma,"Experienced, Internalized"
eb87ta,meToo,2019-12-18 1:58:25,Applicable,Stigma,"Experienced, Internalized"
eb87ta,meToo,2019-12-16 3:51:07,Applicable,Stigma,"Experienced, Internalized"
e5b2u1,meToo,2019-12-03 6:57:21,Applicable,Stigma,"Internalized, Anticipated"
e5b2u1,meToo,2019-12-04 23:00:41,Applicable,Stigma,"Internalized, Anticipated"
e2ptz4,meToo,2019-11-28 2:31:08,Applicable,Stigma,"Internalized, Anticipated"
e2ptz4,meToo,2019-11-29 1:55:35,Applicable,Stigma,"Internalized, Anticipated"
e2ptz4,meToo,2019-11-28 0:41:18,Applicable,Stigma,"Internalized, Anticipated"
e2ptz4,meToo,2019-11-28 0:43:36,Applicable,Stigma,"Internalized, Anticipated"
e2ptz4,meToo,2019-11-28 2:41:11,Applicable,Stigma,"Internalized, Anticipated"
e2ptz4,meToo,2019-11-28 2:42:05,Applicable,Stigma,"Internalized, Anticipated"
e2ptz4,meToo,2019-11-28 2:45:33,Applicable,Stigma,"Internalized, Anticipated"
e2ptz4,meToo,2019-11-28 6:43:53,Applicable,Stigma,"Internalized, Anticipated"
e2ptz4,meToo,2019-11-29 4:08:47,Applicable,Stigma,"Internalized, Anticipated"
e28ikj,meToo,2019-11-27 2:35:52,Applicable,Stigma,"Experienced, Internalized, Anticipated, Structural"
e28ikj,meToo,2019-11-27 2:49:50,Applicable,Stigma,"Experienced, Internalized, Anticipated, Structural"
e28ikj,meToo,2019-11-27 14:36:08,Applicable,Stigma,"Experienced, Internalized, Anticipated, Structural"
e28ikj,meToo,2019-11-27 12:29:05,Applicable,Stigma,"Experienced, Internalized, Anticipated, Structural"
e26dup,meToo,2019-11-27 1:24:09,Applicable,Stigma,"Experienced, Anticipated, Structural"
e26dup,meToo,2019-11-27 2:53:22,Applicable,Stigma,"Experienced, Anticipated, Structural"
e26dup,meToo,2019-12-18 20:22:56,Applicable,Stigma,"Experienced, Anticipated, Structural"
dxo1z9,meToo,2019-11-18 13:47:03,Applicable,Stigma,Anticipated
dxo1z9,meToo,2019-11-17 19:06:24,Applicable,Stigma,Anticipated
dxo1z9,meToo,2019-11-17 20:43:52,Applicable,Stigma,Anticipated
dxo1z9,meToo,2019-11-22 4:14:11,Applicable,Stigma,Anticipated
dvk9pr,meToo,2020-01-11 16:43:58,Applicable,Stigma,"Experienced, Internalized, Structural"
dvarky,meToo,2019-11-12 19:55:11,Applicable,Stigma,Internalized
dvarky,meToo,2019-11-13 4:15:55,Applicable,Stigma,Internalized
dvarky,meToo,2020-01-11 16:29:18,Applicable,Stigma,Internalized
du16u2,meToo,2019-11-09 23:18:28,Applicable,Stigma,
du16u2,meToo,2019-11-13 4:44:11,Applicable,Stigma,
dru3oe,meToo,2019-11-05 5:03:41,Applicable,Stigma,Experienced
dpon6k,meToo,2019-11-01 0:32:19,Applicable,Stigma,Internalized
dpf6mx,meToo,2019-10-31 0:44:35,Applicable,Stigma,"Experienced, Internalized, Anticipated, Structural"
dmprrn,meToo,2019-10-25 3:56:44,Applicable,Stigma,"Experienced, Internalized, Anticipated, Structural"
di1kma,meToo,2019-10-15 2:58:45,Applicable,Stigma,"Experienced, Internalized, Anticipated"
di1kma,meToo,2019-10-15 14:25:47,Applicable,Stigma,"Experienced, Internalized, Anticipated"
di1kma,meToo,2019-10-15 17:24:08,Applicable,Stigma,"Experienced, Internalized, Anticipated"
d8h6ne,meToo,2019-09-24 8:17:32,Applicable,Stigma,"Experienced, Internalized"
d8h6ne,meToo,2019-09-25 2:39:01,Applicable,Stigma,"Experienced, Internalized"
d7tpad,meToo,2019-09-22 23:30:55,Applicable,Stigma,Internalized
d7tpad,meToo,2019-09-24 2:56:00,Applicable,Stigma,Internalized
d587vt,meToo,2019-09-16 23:18:23,Applicable,Stigma,Anticipated
d18mpe,meToo,2019-09-09 2:46:20,Applicable,Stigma,Internalized
d109nq,meToo,2019-09-15 3:43:10,Applicable,Stigma,Internalized
cz7kev,meToo,2019-09-05 0:15:13,Applicable,Stigma,"Internalized, Anticipated, Structural"
cxziv8,meToo,2019-08-31 19:17:15,Applicable,Stigma,"Experienced, Internalized, Anticipated, Structural"
cwdo1f,meToo,2019-08-28 3:22:00,Applicable,Stigma,"Experienced, Internalized, Anticipated"
cwdo1f,meToo,2019-09-16 23:40:22,Applicable,Stigma,"Experienced, Internalized, Anticipated"
cvvubw,meToo,2019-08-26 23:48:29,Applicable,Stigma,Internalized
cvvubw,meToo,2019-08-27 20:10:34,Applicable,Stigma,Internalized
cvvubw,meToo,2019-08-27 20:13:12,Applicable,Stigma,Internalized
cv1vqu,meToo,2019-08-25 18:56:58,Applicable,Stigma,"Experienced, Internalized"
ctnryb,meToo,2019-08-22 12:48:52,Applicable,Stigma,"Experienced, Structural"
ctnryb,meToo,2019-08-22 16:52:57,Applicable,Stigma,"Experienced, Structural"
cssgz6,meToo,2019-10-30 6:48:43,Applicable,Stigma,
crnvnt,meToo,2019-08-17 18:02:23,Applicable,Stigma,"Experienced, Internalized, Anticipated, Structural"
cqhri9,meToo,2019-08-15 4:36:58,Applicable,Stigma,Internalized
cokp6z,meToo,2019-08-10 17:11:25,Applicable,Stigma,"Experienced, Internalized"
cokp6z,meToo,2019-08-12 23:24:45,Applicable,Stigma,"Experienced, Internalized"
cokp6z,meToo,2019-08-12 23:51:07,Applicable,Stigma,"Experienced, Internalized"
cokp6z,meToo,2019-08-13 17:28:11,Applicable,Stigma,"Experienced, Internalized"
clrjro,meToo,2019-08-10 9:16:44,Applicable,Stigma,"Internalized, Anticipated"
clrjro,meToo,2019-08-04 4:53:47,Applicable,Stigma,"Internalized, Anticipated"
clrjro,meToo,2019-08-04 13:08:15,Applicable,Stigma,"Internalized, Anticipated"
clrads,meToo,2019-08-04 2:37:49,Applicable,Stigma,"Experienced, Anticipated"
clrads,meToo,2019-08-04 10:24:49,Applicable,Stigma,"Experienced, Anticipated"
clrads,meToo,2019-08-04 23:08:37,Applicable,Stigma,"Experienced, Anticipated"
cl4grd,meToo,2019-08-02 15:50:54,Applicable,Stigma,Internalized
cl4grd,meToo,2019-08-02 15:33:12,Applicable,Stigma,Internalized
cjyfiq,meToo,2019-07-30 23:26:10,Applicable,Stigma,"Internalized, Anticipated"
cjk3h9,meToo,2019-07-30 1:29:43,Applicable,Stigma,Internalized
cjk3h9,meToo,2019-07-30 2:10:19,Applicable,Stigma,Internalized
cjk3h9,meToo,2019-07-30 3:59:10,Applicable,Stigma,Internalized
cjk3h9,meToo,2019-07-30 6:45:18,Applicable,Stigma,Internalized
cjk3h9,meToo,2019-07-30 9:44:02,Applicable,Stigma,Internalized
cj3a0d,meToo,2019-07-29 0:03:51,Applicable,Stigma,Internalized
ciq4z8,meToo,2019-07-30 10:07:39,Applicable,Stigma,"Internalized, Anticipated"
cfjnl1,meToo,2019-07-21 0:17:45,Applicable,Stigma,"Internalized, Structural"
cfjnl1,meToo,2019-07-21 6:51:04,Applicable,Stigma,"Internalized, Structural"
cfjnl1,meToo,2019-07-22 6:51:04,Applicable,Stigma,"Internalized, Structural"
cep6fy,meToo,2019-07-18 12:23:12,Applicable,Stigma,Experienced
cdsfy2,meToo,2019-09-23 16:43:35,Applicable,Stigma,Experienced
cdsfy2,meToo,2019-07-16 15:47:57,Applicable,Stigma,Experienced
cdsfy2,meToo,2019-07-16 4:48:42,Applicable,Stigma,Experienced
cc5u1i,meToo,2019-07-12 4:51:34,Applicable,Stigma,"Experienced, Internalized"
cagd7k,meToo,2019-07-08 6:28:58,Applicable,Stigma,Anticipated
cagd7k,meToo,2019-07-08 8:11:19,Applicable,Stigma,Anticipated
cagd7k,meToo,2019-07-08 9:56:19,Applicable,Stigma,Anticipated
cagd7k,meToo,2019-07-09 22:59:21,Applicable,Stigma,Anticipated
cagd7k,meToo,2019-07-21 20:19:55,Applicable,Stigma,Anticipated
cae5lb,meToo,2019-07-11 18:08:50,Applicable,Stigma,"Internalized, Anticipated"
ca9zpc,meToo,2019-07-07 19:27:51,Applicable,Stigma,"Experienced, Internalized, Anticipated, Structural"
ca9zpc,meToo,2019-07-07 23:33:14,Applicable,Stigma,"Experienced, Internalized, Anticipated, Structural"
ca2rwf,meToo,2019-07-07 9:40:36,Applicable,Stigma,
c87sog,meToo,2019-07-02 20:26:11,Applicable,Stigma,"Experienced, Structural"
c87sog,meToo,2019-07-05 9:03:21,Applicable,Stigma,"Experienced, Structural"
c87sog,meToo,2019-07-07 11:00:23,Applicable,Stigma,"Experienced, Structural"
c87sog,meToo,2019-07-21 17:05:12,Applicable,Stigma,"Experienced, Structural"
c87sog,meToo,2019-07-02 11:50:52,Applicable,Stigma,"Experienced, Structural"
c7orff,meToo,2019-07-01 6:44:49,Applicable,Stigma,"Experienced, Anticipated"
c7orff,meToo,2019-07-02 20:52:55,Applicable,Stigma,"Experienced, Anticipated"
c54a4i,meToo,2019-08-02 0:40:59,Applicable,Stigma,"Internalized, Anticipated"
c44nom,meToo,2019-06-29 9:59:04,Applicable,Stigma,Internalized
c3xai7,meToo,2019-06-23 2:02:46,Applicable,Stigma,Internalized
c3xai7,meToo,2019-06-23 14:11:41,Applicable,Stigma,Internalized
c3xai7,meToo,2019-06-24 13:32:39,Applicable,Stigma,Internalized
c3xai7,meToo,2019-07-02 21:01:50,Applicable,Stigma,Internalized
c2oexy,meToo,2019-06-19 23:55:01,Applicable,Stigma,"Experienced, Internalized, Anticipated"
c2oexy,meToo,2019-06-20 3:17:08,Applicable,Stigma,"Experienced, Internalized, Anticipated"
c1i0dh,meToo,2019-06-17 5:36:53,Applicable,Stigma,Internalized
c1i0dh,meToo,2019-06-17 14:01:24,Applicable,Stigma,Internalized
c1i0dh,meToo,2019-07-08 8:28:05,Applicable,Stigma,Internalized
c19m8m,meToo,2019-06-16 14:30:04,Applicable,Stigma,"Internalized, Anticipated"
c18fd7,meToo,2019-06-16 16:53:19,Applicable,Stigma,"Experienced, Anticipated"
c10n3t,meToo,2019-06-15 21:09:35,Applicable,Stigma,"Experienced, Anticipated"
c10n3t,meToo,2019-06-16 0:21:14,Applicable,Stigma,"Experienced, Anticipated"
bzw0ka,meToo,2019-06-12 22:48:00,Applicable,Stigma,"Experienced, Internalized, Anticipated"
bzw0ka,meToo,2019-06-16 2:05:38,Applicable,Stigma,"Experienced, Internalized, Anticipated"
bzjsq4,meToo,2019-06-12 3:09:25,Applicable,Stigma,"Experienced, Structural"
bzjsq4,meToo,2019-06-12 13:13:28,Applicable,Stigma,"Experienced, Structural"
bzbm7m,meToo,2019-06-11 12:09:02,Applicable,Stigma,"Internalized, Anticipated"
bydgi9,meToo,2019-06-09 1:21:36,Applicable,Stigma,"Experienced, Internalized, Anticipated"
by3f0d,meToo,2019-06-10 18:36:49,Applicable,Stigma,"Internalized, Anticipated"
by3f0d,meToo,2019-06-08 3:51:59,Applicable,Stigma,"Internalized, Anticipated"
bx9wxm,meToo,2019-06-06 0:48:27,Applicable,Stigma,"Internalized, Anticipated"
bx9wxm,meToo,2019-06-06 13:53:40,Applicable,Stigma,"Internalized, Anticipated"
bx9wxm,meToo,2019-06-07 9:47:34,Applicable,Stigma,"Internalized, Anticipated"
bwr16x,meToo,2019-06-04 22:33:52,Applicable,Stigma,"Experienced, Internalized, Anticipated"
bwr16x,meToo,2019-06-05 3:20:03,Applicable,Stigma,"Experienced, Internalized, Anticipated"
bwhqkq,meToo,2019-06-04 0:12:31,Applicable,Stigma,Internalized
bwhqkq,meToo,2019-06-04 0:35:20,Applicable,Stigma,Internalized
buz6qi,meToo,2019-05-30 23:29:04,Applicable,Stigma,"Experienced, Internalized, Anticipated"
bup391,meToo,2019-05-30 16:50:07,Applicable,Stigma,"Experienced, Internalized, Anticipated"
bup391,meToo,2019-05-30 19:00:22,Applicable,Stigma,"Experienced, Internalized, Anticipated"
bulfi7,meToo,2019-05-30 1:28:18,Applicable,Stigma,"Experienced, Internalized, Anticipated"
bulfi7,meToo,2019-06-01 5:00:42,Applicable,Stigma,"Experienced, Internalized, Anticipated"
bulfi7,meToo,2019-05-30 4:57:16,Applicable,Stigma,"Experienced, Internalized, Anticipated"
btqodk,meToo,2019-05-28 0:49:47,Applicable,Stigma,"Experienced, Anticipated, Structural"
btqodk,meToo,2019-05-28 13:25:07,Applicable,Stigma,"Experienced, Anticipated, Structural"
btqodk,meToo,2019-05-28 16:37:55,Applicable,Stigma,"Experienced, Anticipated, Structural"
btqodk,meToo,2019-05-28 15:35:44,Applicable,Stigma,"Experienced, Anticipated, Structural"
btphh4,meToo,2019-05-27 20:30:38,Applicable,Stigma,"Internalized, Structural"
bt6571,meToo,2019-05-26 9:51:32,Applicable,Stigma,"Internalized, Anticipated"
bt6571,meToo,2019-05-31 1:26:08,Applicable,Stigma,"Internalized, Anticipated"
bt6571,meToo,2019-06-01 5:05:51,Applicable,Stigma,"Internalized, Anticipated"
bsxohh,meToo,2019-05-26 3:56:30,Applicable,Stigma,"Experienced, Anticipated"
bsxohh,meToo,2019-06-03 2:18:46,Applicable,Stigma,"Experienced, Anticipated"
bsxohh,meToo,2019-06-06 3:06:55,Applicable,Stigma,"Experienced, Anticipated"
bsxohh,meToo,2019-11-19 6:19:36,Applicable,Stigma,"Experienced, Anticipated"
bsxohh,meToo,2019-05-26 0:02:41,Applicable,Stigma,"Experienced, Anticipated"
bss5ne,meToo,2019-05-27 0:30:28,Applicable,Stigma,"Experienced, Internalized, Anticipated"
bsnw6q,meToo,2019-05-24 23:48:13,Applicable,Stigma,Internalized
bsnw6q,meToo,2019-05-25 0:18:31,Applicable,Stigma,Internalized
bsnw6q,meToo,2019-06-01 23:10:27,Applicable,Stigma,Internalized
brvppn,meToo,2019-05-23 1:14:29,Applicable,Stigma,"Experienced, Internalized, Anticipated"
brvppn,meToo,2019-05-23 4:40:13,Applicable,Stigma,"Experienced, Internalized, Anticipated"
brvppn,meToo,2019-05-23 13:51:17,Applicable,Stigma,"Experienced, Internalized, Anticipated"
brmbyg,meToo,2019-05-22 13:52:44,Applicable,Stigma,"Experienced, Internalized, Anticipated"
bqssh7,meToo,2019-05-20 9:54:18,Applicable,Stigma,"Experienced, Anticipated"
bp8ce3,meToo,2019-05-16 19:22:16,Applicable,Stigma,Internalized
bp8ce3,meToo,2019-05-16 23:12:00,Applicable,Stigma,Internalized
bp8ce3,meToo,2019-05-31 9:54:23,Applicable,Stigma,Internalized
bp7qd4,meToo,2019-05-16 10:48:05,Applicable,Stigma,Experienced
bp7qd4,meToo,2019-05-16 12:56:38,Applicable,Stigma,Experienced
bo61zp,meToo,2019-05-13 21:33:18,Applicable,Stigma,"Experienced, Internalized"
bmudhy,meToo,2019-05-10 9:10:51,Applicable,Stigma,Anticipated
bmudhy,meToo,2019-05-10 13:34:30,Applicable,Stigma,Anticipated
bmudhy,meToo,2019-05-10 17:49:01,Applicable,Stigma,Anticipated
bl6gqj,meToo,2019-05-06 3:18:17,Applicable,Stigma,"Internalized, Anticipated"
bl6gqj,meToo,2019-05-06 14:29:54,Applicable,Stigma,"Internalized, Anticipated"
bkxm4w,meToo,2019-05-05 23:42:19,Applicable,Stigma,"Experienced, Anticipated"
bkxm4w,meToo,2019-05-06 11:03:17,Applicable,Stigma,"Experienced, Anticipated"
bkxm4w,meToo,2019-05-06 21:59:39,Applicable,Stigma,"Experienced, Anticipated"
bkxm4w,meToo,2019-06-07 18:44:42,Applicable,Stigma,"Experienced, Anticipated"
bkxm4w,meToo,2019-06-07 21:34:25,Applicable,Stigma,"Experienced, Anticipated"
bkf1ub,meToo,2019-05-05 4:59:19,Applicable,Stigma,"Experienced, Anticipated"
bkf1ub,meToo,2019-05-05 8:34:53,Applicable,Stigma,"Experienced, Anticipated"
bkf1ub,meToo,2019-05-20 21:04:49,Applicable,Stigma,"Experienced, Anticipated"
bk0crl,meToo,2019-05-03 0:38:24,Applicable,Stigma,"Internalized, Anticipated"
bk0crl,meToo,2019-05-03 1:20:48,Applicable,Stigma,"Internalized, Anticipated"
bk0crl,meToo,2019-05-03 12:45:50,Applicable,Stigma,"Internalized, Anticipated"
bk0crl,meToo,2019-05-05 5:16:30,Applicable,Stigma,"Internalized, Anticipated"
bk0crl,meToo,2019-05-08 4:09:31,Applicable,Stigma,"Internalized, Anticipated"
bjvw7q,meToo,2019-05-02 18:49:19,Applicable,Stigma,Internalized
bjvw7q,meToo,2019-05-03 18:14:39,Applicable,Stigma,Internalized
bjvw7q,meToo,2019-05-03 18:18:36,Applicable,Stigma,Internalized
bjv0oz,meToo,2019-05-02 14:54:23,Applicable,Stigma,"Anticipated, Structural"
bjv0oz,meToo,2019-05-02 22:32:12,Applicable,Stigma,"Anticipated, Structural"
bjlafw,meToo,2019-05-01 19:31:56,Applicable,Stigma,Internalized
bjlafw,meToo,2019-05-01 20:03:52,Applicable,Stigma,Internalized
bjbayv,meToo,2019-05-01 3:08:06,Applicable,Stigma,"Experienced, Anticipated, Structural"
bjbayv,meToo,2019-05-02 10:07:57,Applicable,Stigma,"Experienced, Anticipated, Structural"
bi60bh,meToo,2019-04-28 2:13:12,Applicable,Stigma,"Experienced, Anticipated"
bi60bh,meToo,2019-04-29 11:00:08,Applicable,Stigma,"Experienced, Anticipated"
bi60bh,meToo,2019-04-28 2:49:43,Applicable,Stigma,"Experienced, Anticipated"
bi60bh,meToo,2019-04-28 3:20:36,Applicable,Stigma,"Experienced, Anticipated"
bi60bh,meToo,2019-04-28 17:08:26,Applicable,Stigma,"Experienced, Anticipated"
bhps9t,meToo,2019-04-27 14:48:40,Applicable,Stigma,Internalized
bgw54y,meToo,2019-04-30 1:16:44,Applicable,Stigma,Internalized
bgutnu,meToo,2019-04-24 20:17:24,Applicable,Stigma,"Experienced, Internalized, Anticipated"
bgutnu,meToo,2020-11-28 11:41:26,Applicable,Stigma,"Experienced, Internalized, Anticipated"
bgqg4q,meToo,2019-04-24 13:58:35,Applicable,Stigma,Experienced
be72p3,meToo,2019-04-17 13:06:26,Applicable,Stigma,Experienced
be72p3,meToo,2019-04-17 14:27:20,Applicable,Stigma,Experienced
be72p3,meToo,2019-04-17 17:33:41,Applicable,Stigma,Experienced
be72p3,meToo,2019-04-18 7:08:53,Applicable,Stigma,Experienced
be72p3,meToo,2019-04-17 12:40:42,Applicable,Stigma,Experienced
be72p3,meToo,2019-04-17 15:25:46,Applicable,Stigma,Experienced
bdcl1q,meToo,2019-04-15 10:00:41,Applicable,Stigma,
bd7pmn,meToo,2019-04-18 15:47:12,Applicable,Stigma,"Experienced, Internalized, Anticipated"
bbrc0m,meToo,2019-04-30 3:36:06,Applicable,Stigma,Internalized
bbaf2m,meToo,2019-04-09 20:12:42,Applicable,Stigma,"Internalized, Anticipated"
bb918h,meToo,2019-04-09 19:04:59,Applicable,Stigma,Anticipated
ba2pfm,meToo,2019-04-06 10:57:39,Applicable,Stigma,"Experienced, Internalized, Anticipated"
ba2pfm,meToo,2019-04-06 13:37:28,Applicable,Stigma,"Experienced, Internalized, Anticipated"
ba2pfm,meToo,2019-04-06 13:39:02,Applicable,Stigma,"Experienced, Internalized, Anticipated"
ba2pfm,meToo,2019-04-06 14:08:19,Applicable,Stigma,"Experienced, Internalized, Anticipated"
ba2pfm,meToo,2019-04-06 20:12:02,Applicable,Stigma,"Experienced, Internalized, Anticipated"
ba2pfm,meToo,2019-04-10 14:53:50,Applicable,Stigma,"Experienced, Internalized, Anticipated"
ba2pfm,meToo,2019-04-24 13:14:30,Applicable,Stigma,"Experienced, Internalized, Anticipated"
b9juld,meToo,2019-04-05 15:56:42,Applicable,Stigma,Experienced
b6o87f,meToo,2019-03-28 21:40:40,Applicable,Stigma,"Experienced, Internalized, Anticipated"
b6cykf,meToo,2019-04-10 15:51:37,Applicable,Stigma,"Experienced, Anticipated"
b65pkp,meToo,2019-03-27 18:17:43,Applicable,Stigma,"Experienced, Internalized"
b65pkp,meToo,2019-03-27 17:22:01,Applicable,Stigma,"Experienced, Internalized"
b65pkp,meToo,2019-04-25 5:25:16,Applicable,Stigma,"Experienced, Internalized"
b4udsg,meToo,2019-03-24 13:29:26,Applicable,Stigma,"Internalized, Anticipated"
b4udsg,meToo,2019-03-24 15:26:45,Applicable,Stigma,"Internalized, Anticipated"
b4udsg,meToo,2019-03-25 4:30:55,Applicable,Stigma,"Internalized, Anticipated"
b4udsg,meToo,2019-03-27 4:43:19,Applicable,Stigma,"Internalized, Anticipated"
b4ob5d,meToo,2019-03-23 21:40:10,Applicable,Stigma,"Experienced, Internalized, Anticipated, Structural"
b4ob5d,meToo,2019-03-24 3:19:46,Applicable,Stigma,"Experienced, Internalized, Anticipated, Structural"
b4ob5d,meToo,2019-03-27 4:42:13,Applicable,Stigma,"Experienced, Internalized, Anticipated, Structural"
b4ob5d,meToo,2019-04-07 7:01:44,Applicable,Stigma,"Experienced, Internalized, Anticipated, Structural"
b4ltrr,meToo,2019-03-23 23:11:36,Applicable,Stigma,"Experienced, Structural"
b4fghz,meToo,2019-03-23 9:06:13,Applicable,Stigma,"Experienced, Internalized, Anticipated"
b4fghz,meToo,2019-03-25 17:15:49,Applicable,Stigma,"Experienced, Internalized, Anticipated"
b4fghz,meToo,2019-04-05 2:19:56,Applicable,Stigma,"Experienced, Internalized, Anticipated"
b4fghz,meToo,2019-04-11 12:34:41,Applicable,Stigma,"Experienced, Internalized, Anticipated"
b2tkd7,meToo,2019-03-19 7:41:42,Applicable,Stigma,Internalized
b2so7c,meToo,2019-03-19 13:04:55,Applicable,Stigma,Anticipated
b2so7c,meToo,2019-03-27 4:49:27,Applicable,Stigma,Anticipated
b2so7c,meToo,2019-03-19 23:02:54,Applicable,Stigma,Anticipated
b2eqb2,meToo,2019-03-18 12:00:30,Applicable,Stigma,"Experienced, Internalized, Anticipated"
b20kz8,meToo,2019-03-17 6:44:44,Applicable,Stigma,"Internalized, Anticipated"
ayy71h,meToo,2019-03-09 5:59:26,Applicable,Stigma,Anticipated
axt30s,meToo,2019-03-06 2:24:30,Applicable,Stigma,Experienced
axl3tf,meToo,2019-03-05 18:59:22,Applicable,Stigma,"Experienced, Internalized, Anticipated, Structural"
axl3tf,meToo,2019-03-06 17:22:04,Applicable,Stigma,"Experienced, Internalized, Anticipated, Structural"
axgz7z,meToo,2019-03-08 16:24:50,Applicable,Stigma,"Experienced, Internalized, Anticipated, Structural"
awrbyd,meToo,2019-03-03 7:56:19,Applicable,Stigma,Anticipated
awrbyd,meToo,2019-03-03 9:50:37,Applicable,Stigma,Anticipated
awrbyd,meToo,2019-03-06 22:03:12,Applicable,Stigma,Anticipated
awrbyd,meToo,2019-03-08 16:34:48,Applicable,Stigma,Anticipated
awrbyd,meToo,2019-03-15 0:16:26,Applicable,Stigma,Anticipated
aut9aw,meToo,2019-02-26 1:41:15,Applicable,Stigma,Anticipated
aut9aw,meToo,2019-02-26 4:18:56,Applicable,Stigma,Anticipated
aun3hx,meToo,2019-02-25 18:58:32,Applicable,Stigma,"Experienced, Internalized"
aun3hx,meToo,2019-02-25 22:32:42,Applicable,Stigma,"Experienced, Internalized"
aun3hx,meToo,2019-03-04 0:33:46,Applicable,Stigma,"Experienced, Internalized"
atd16e,meToo,2019-02-22 18:49:27,Applicable,Stigma,Experienced
atd16e,meToo,2019-02-24 1:59:17,Applicable,Stigma,Experienced
atd16e,meToo,2019-02-25 10:01:37,Applicable,Stigma,Experienced
asq5de,meToo,2019-02-20 18:22:16,Applicable,Stigma,"Experienced, Internalized, Anticipated"
armw4a,meToo,2019-02-17 18:09:13,Applicable,Stigma,Internalized
armw4a,meToo,2019-02-17 22:26:29,Applicable,Stigma,Internalized
armw4a,meToo,2019-03-02 6:57:07,Applicable,Stigma,Internalized
aqt125,meToo,2019-02-15 16:13:22,Applicable,Stigma,"Internalized, Anticipated"
aqt125,meToo,2019-03-04 0:41:37,Applicable,Stigma,"Internalized, Anticipated"
aqt125,meToo,2019-02-15 5:15:55,Applicable,Stigma,"Internalized, Anticipated"
aqqubq,meToo,2019-02-15 0:52:01,Applicable,Stigma,"Experienced, Anticipated"
aqqubq,meToo,2019-02-15 1:05:01,Applicable,Stigma,"Experienced, Anticipated"
aqqubq,meToo,2019-02-15 3:37:30,Applicable,Stigma,"Experienced, Anticipated"
aq0ncn,meToo,2019-02-13 1:02:23,Applicable,Stigma,"Experienced, Internalized, Anticipated"
aq0ncn,meToo,2019-02-13 3:02:03,Applicable,Stigma,"Experienced, Internalized, Anticipated"
aq0ncn,meToo,2019-02-16 1:12:58,Applicable,Stigma,"Experienced, Internalized, Anticipated"
aoaz7h,meToo,2019-02-08 1:10:56,Applicable,Stigma,"Experienced, Structural"
aoaz7h,meToo,2019-02-08 1:31:45,Applicable,Stigma,"Experienced, Structural"
aoaz7h,meToo,2019-02-08 1:32:56,Applicable,Stigma,"Experienced, Structural"
aoaz7h,meToo,2019-02-08 4:30:09,Applicable,Stigma,"Experienced, Structural"
aoaz7h,meToo,2019-02-08 5:28:36,Applicable,Stigma,"Experienced, Structural"
aoaz7h,meToo,2019-02-08 6:20:09,Applicable,Stigma,"Experienced, Structural"
an8uxd,meToo,2019-02-05 2:29:25,Applicable,Stigma,
amghv7,meToo,2019-02-02 18:54:24,Applicable,Stigma,"Experienced, Internalized, Anticipated"
amghv7,meToo,2019-02-06 8:33:16,Applicable,Stigma,"Experienced, Internalized, Anticipated"
akjlnv,meToo,2019-01-28 5:04:01,Applicable,Stigma,"Experienced, Internalized"
akjlnv,meToo,2019-01-28 13:23:23,Applicable,Stigma,"Experienced, Internalized"
akjlnv,meToo,2019-02-03 5:02:00,Applicable,Stigma,"Experienced, Internalized"
aim7ky,meToo,2019-01-22 12:20:18,Applicable,Stigma,Experienced
aim7ky,meToo,2019-01-22 20:55:48,Applicable,Stigma,Experienced
ai83ss,meToo,2019-01-25 7:16:03,Applicable,Stigma,"Experienced, Internalized, Anticipated"
ai1ccb,meToo,2019-01-20 19:49:58,Applicable,Stigma,"Experienced, Internalized, Anticipated"
ai1ccb,meToo,2019-01-20 19:36:13,Applicable,Stigma,"Experienced, Internalized, Anticipated"
ai1ccb,meToo,2019-01-21 1:14:37,Applicable,Stigma,"Experienced, Internalized, Anticipated"
ai1ccb,meToo,2019-01-21 3:16:54,Applicable,Stigma,"Experienced, Internalized, Anticipated"
ahihu5,meToo,2019-01-19 4:05:09,Applicable,Stigma,
agtkp6,meToo,2019-01-17 20:35:49,Applicable,Stigma,Experienced
agtkp6,meToo,2019-01-17 4:55:53,Applicable,Stigma,Experienced
aecuyf,meToo,2019-02-03 5:52:48,Applicable,Stigma,"Experienced, Anticipated"
aebx0o,meToo,2019-01-09 22:14:02,Applicable,Stigma,"Experienced, Internalized, Anticipated, Structural"
aebx0o,meToo,2019-01-10 4:17:24,Applicable,Stigma,"Experienced, Internalized, Anticipated, Structural"
aebx0o,meToo,2019-01-14 6:46:24,Applicable,Stigma,"Experienced, Internalized, Anticipated, Structural"
aebx0o,meToo,2019-01-10 23:41:09,Applicable,Stigma,"Experienced, Internalized, Anticipated, Structural"
ae79lv,meToo,2019-01-09 19:15:44,Applicable,Stigma,Anticipated
ae79lv,meToo,2019-02-03 5:54:28,Applicable,Stigma,Anticipated
ae0kgn,meToo,2019-01-08 23:53:44,Applicable,Stigma,"Experienced, Anticipated, Structural"
ae0kgn,meToo,2019-02-03 6:04:47,Applicable,Stigma,"Experienced, Anticipated, Structural"
ae0kgn,meToo,2019-01-26 0:57:30,Applicable,Stigma,"Experienced, Anticipated, Structural"
adoa08,meToo,2019-01-08 0:51:41,Applicable,Stigma,"Experienced, Internalized, Anticipated, Structural"
adoa08,meToo,2019-01-08 1:47:59,Applicable,Stigma,"Experienced, Internalized, Anticipated, Structural"
aczjvs,meToo,2019-01-07 21:06:18,Applicable,Stigma,"Experienced, Internalized"
aawskh,meToo,2018-12-30 23:13:15,Applicable,Stigma,"Internalized, Anticipated"
aategv,meToo,2018-12-30 6:07:02,Applicable,Stigma,"Experienced, Anticipated"
aategv,meToo,2018-12-30 6:36:33,Applicable,Stigma,"Experienced, Anticipated"
aategv,meToo,2018-12-30 7:46:21,Applicable,Stigma,"Experienced, Anticipated"
aategv,meToo,2018-12-30 8:55:24,Applicable,Stigma,"Experienced, Anticipated"
aarg3c,meToo,2018-12-30 7:45:17,Applicable,Stigma,"Experienced, Anticipated"
aaos0r,meToo,2018-12-29 22:43:53,Applicable,Stigma,"Experienced, Internalized, Anticipated, Structural"
a8uel9,meToo,2018-12-26 2:31:30,Applicable,Stigma,Internalized
a8dtna,meToo,2018-12-21 20:47:08,Applicable,Stigma,"Experienced, Anticipated"
a8dtna,meToo,2018-12-22 4:29:08,Applicable,Stigma,"Experienced, Anticipated"
a7yb0y,meToo,2018-12-21 0:02:04,Applicable,Stigma,"Experienced, Anticipated"
a702wv,meToo,2018-12-19 4:00:24,Applicable,Stigma,Internalized
a702wv,meToo,2018-12-24 7:54:14,Applicable,Stigma,Internalized
a55zvp,meToo,2018-12-11 13:45:54,Applicable,Stigma,Internalized
a55zvp,meToo,2018-12-13 19:31:58,Applicable,Stigma,Internalized
a55zvp,meToo,2019-01-02 14:48:16,Applicable,Stigma,Internalized
a46h37,meToo,2018-12-08 3:27:56,Applicable,Stigma,Internalized
a46h37,meToo,2018-12-08 11:43:47,Applicable,Stigma,Internalized
a46h37,meToo,2018-12-12 12:06:17,Applicable,Stigma,Internalized
a43kxv,meToo,2018-12-07 21:00:52,Applicable,Stigma,
a39khg,meToo,2018-12-05 19:38:07,Applicable,Stigma,"Experienced, Anticipated, Structural"
a2st47,meToo,2018-12-03 21:04:59,Applicable,Stigma,"Experienced, Internalized, Anticipated"
a2st47,meToo,2018-12-03 21:15:42,Applicable,Stigma,"Experienced, Internalized, Anticipated"
a2st47,meToo,2018-12-03 22:00:18,Applicable,Stigma,"Experienced, Internalized, Anticipated"
a2st47,meToo,2018-12-04 6:25:51,Applicable,Stigma,"Experienced, Internalized, Anticipated"
a2st47,meToo,2018-12-03 21:44:32,Applicable,Stigma,"Experienced, Internalized, Anticipated"
a1znf8,meToo,2018-12-01 4:54:16,Applicable,Stigma,"Internalized, Anticipated"
a1znf8,meToo,2018-12-01 8:12:52,Applicable,Stigma,"Internalized, Anticipated"
a1znf8,meToo,2018-12-01 6:59:36,Applicable,Stigma,"Internalized, Anticipated"
a1mce5,meToo,2018-11-30 2:55:14,Applicable,Stigma,"Experienced, Internalized, Structural"
a1mce5,meToo,2018-11-30 2:20:24,Applicable,Stigma,"Experienced, Internalized, Structural"
a1m8bt,meToo,2018-11-30 3:26:03,Applicable,Stigma,"Experienced, Internalized, Anticipated"
a1m8bt,meToo,2018-11-30 11:13:31,Applicable,Stigma,"Experienced, Internalized, Anticipated"
a1m8bt,meToo,2021-11-02 20:12:19,Applicable,Stigma,"Experienced, Internalized, Anticipated"
a1bej5,meToo,2018-11-29 1:29:06,Applicable,Stigma,"Experienced, Anticipated"
a146s8,meToo,2018-11-28 11:17:33,Applicable,Stigma,"Experienced, Internalized, Anticipated"
a146s8,meToo,2018-11-29 1:01:06,Applicable,Stigma,"Experienced, Internalized, Anticipated"
a11ss3,meToo,2018-11-28 2:53:45,Applicable,Stigma,"Experienced, Internalized"
a11ss3,meToo,2018-11-28 18:47:19,Applicable,Stigma,"Experienced, Internalized"
a0a6py,meToo,2018-11-25 17:52:37,Applicable,Stigma,"Experienced, Internalized"
a0a6py,meToo,2018-11-25 18:52:59,Applicable,Stigma,"Experienced, Internalized"
a0a6py,meToo,2018-11-28 13:59:52,Applicable,Stigma,"Experienced, Internalized"
9z74b6,meToo,2018-11-21 23:08:29,Applicable,Stigma,"Internalized, Anticipated"
9z74b6,meToo,2018-11-21 21:08:46,Applicable,Stigma,"Internalized, Anticipated"
9yf24z,meToo,2018-11-19 8:51:06,Applicable,Stigma,"Experienced, Anticipated, Structural"
9vhqa3,meToo,2018-11-10 0:21:23,Applicable,Stigma,Experienced
9vhqa3,meToo,2018-11-09 21:56:52,Applicable,Stigma,Experienced
9vhqa3,meToo,2018-11-09 18:34:31,Applicable,Stigma,Experienced
9vhqa3,meToo,2018-11-14 18:56:33,Applicable,Stigma,Experienced
9vbq8z,meToo,2018-11-08 20:37:44,Applicable,Stigma,"Experienced, Internalized, Anticipated"
9v5rqk,meToo,2018-11-08 2:02:25,Applicable,Stigma,"Experienced, Anticipated"
9v5rqk,meToo,2018-11-08 14:07:09,Applicable,Stigma,"Experienced, Anticipated"
9v5rqk,meToo,2018-11-12 2:30:16,Applicable,Stigma,"Experienced, Anticipated"
9v1agw,meToo,2018-11-12 16:34:55,Applicable,Stigma,"Internalized, Anticipated"
9v1agw,meToo,2018-11-20 2:00:34,Applicable,Stigma,"Internalized, Anticipated"
9v1agw,meToo,2018-11-07 21:56:57,Applicable,Stigma,"Internalized, Anticipated"
9rkjq6,meToo,2018-10-26 17:43:58,Applicable,Stigma,"Anticipated, Structural"
9rgyh2,meToo,2018-10-26 3:15:12,Applicable,Stigma,"Experienced, Internalized, Anticipated"
9rgyh2,meToo,2018-10-26 6:51:27,Applicable,Stigma,"Experienced, Internalized, Anticipated"
9rgyh2,meToo,2018-10-26 16:12:59,Applicable,Stigma,"Experienced, Internalized, Anticipated"
9ql5ba,meToo,2018-10-23 11:37:14,Applicable,Stigma,"Experienced, Internalized, Anticipated"
9ql5ba,meToo,2018-11-15 5:52:21,Applicable,Stigma,"Experienced, Internalized, Anticipated"
9ql5ba,meToo,2018-12-31 8:04:51,Applicable,Stigma,"Experienced, Internalized, Anticipated"
9ql5ba,meToo,2019-01-19 17:56:47,Applicable,Stigma,"Experienced, Internalized, Anticipated"
9q3p0k,meToo,2018-10-21 18:38:17,Applicable,Stigma,Internalized
9q3ban,meToo,2018-10-21 18:06:43,Applicable,Stigma,"Experienced, Internalized, Anticipated"
9q3ban,meToo,2018-10-21 14:31:45,Applicable,Stigma,"Experienced, Internalized, Anticipated"
9q3ban,meToo,2018-10-22 23:13:14,Applicable,Stigma,"Experienced, Internalized, Anticipated"
9pzt3u,meToo,2018-10-21 6:34:34,Applicable,Stigma,
9p6fbr,meToo,2018-10-18 5:44:50,Applicable,Stigma,"Experienced, Internalized, Structural"
9oowai,meToo,2018-10-16 16:50:26,Applicable,Stigma,"Experienced, Internalized, Anticipated"
9oowai,meToo,2018-10-17 1:54:44,Applicable,Stigma,"Experienced, Internalized, Anticipated"
9oowai,meToo,2018-10-17 16:38:22,Applicable,Stigma,"Experienced, Internalized, Anticipated"
9oowai,meToo,2018-10-22 15:40:07,Applicable,Stigma,"Experienced, Internalized, Anticipated"
9olmlz,meToo,2018-10-16 17:00:43,Applicable,Stigma,"Experienced, Anticipated"
9olmlz,meToo,2018-10-16 10:03:32,Applicable,Stigma,"Experienced, Anticipated"
9n4ozv,meToo,2018-10-16 10:31:50,Applicable,Stigma,"Experienced, Anticipated"
9n0b75,meToo,2018-10-10 21:33:23,Applicable,Stigma,
9n0b75,meToo,2018-10-16 10:40:45,Applicable,Stigma,
9mlogq,meToo,2018-10-09 9:52:09,Applicable,Stigma,"Experienced, Anticipated, Structural"
9mlogq,meToo,2018-10-09 17:21:57,Applicable,Stigma,"Experienced, Anticipated, Structural"
9mdxg0,meToo,2018-10-09 3:08:03,Applicable,Stigma,Experienced
9m85hb,meToo,2018-10-07 19:55:24,Applicable,Stigma,Experienced
9m85hb,meToo,2018-10-09 17:50:42,Applicable,Stigma,Experienced
9m85hb,meToo,2018-10-07 20:01:39,Applicable,Stigma,Experienced
9m2a7a,meToo,2018-10-07 19:34:35,Applicable,Stigma,"Experienced, Internalized, Anticipated, Structural"
9kirys,meToo,2018-10-01 19:26:27,Applicable,Stigma,"Experienced, Internalized, Anticipated"
9khq1i,meToo,2018-10-01 21:56:53,Applicable,Stigma,
9khq1i,meToo,2018-10-02 6:55:57,Applicable,Stigma,
9k7i5e,meToo,2018-09-30 20:16:03,Applicable,Stigma,"Experienced, Internalized, Anticipated"
9k7i5e,meToo,2018-10-02 5:55:47,Applicable,Stigma,"Experienced, Internalized, Anticipated"
9k2cv9,meToo,2018-09-30 14:27:42,Applicable,Stigma,Anticipated
9k2cv9,meToo,2018-09-30 2:04:09,Applicable,Stigma,Anticipated
9jzocq,meToo,2018-09-30 13:56:12,Applicable,Stigma,"Experienced, Anticipated"
9jzocq,meToo,2018-10-04 19:04:56,Applicable,Stigma,"Experienced, Anticipated"
9jzocq,meToo,2018-09-29 21:12:46,Applicable,Stigma,"Experienced, Anticipated"
9jzocq,meToo,2018-09-30 0:41:44,Applicable,Stigma,"Experienced, Anticipated"
9jzocq,meToo,2018-09-29 21:38:28,Applicable,Stigma,"Experienced, Anticipated"
9jzocq,meToo,2018-09-29 22:45:40,Applicable,Stigma,"Experienced, Anticipated"
9jzocq,meToo,2018-10-25 3:37:57,Applicable,Stigma,"Experienced, Anticipated"
9jzocq,meToo,2018-09-30 1:20:08,Applicable,Stigma,"Experienced, Anticipated"
9jy3lj,meToo,2018-09-29 16:25:11,Applicable,Stigma,"Experienced, Anticipated, Structural"
9jy3lj,meToo,2018-09-29 16:46:17,Applicable,Stigma,"Experienced, Anticipated, Structural"
9jsjqa,meToo,2018-10-02 20:14:40,Applicable,Stigma,"Experienced, Anticipated"
9jsjqa,meToo,2018-11-27 0:03:28,Applicable,Stigma,"Experienced, Anticipated"
9jga48,meToo,2018-09-27 20:57:00,Applicable,Stigma,"Experienced, Internalized"
9jf7yi,meToo,2018-09-28 18:22:39,Applicable,Stigma,Internalized
9jf7yi,meToo,2018-09-30 2:42:51,Applicable,Stigma,Internalized
9jf7yi,meToo,2018-09-29 1:28:58,Applicable,Stigma,Internalized
9jf7yi,meToo,2018-09-28 7:42:32,Applicable,Stigma,Internalized
9iy2w6,meToo,2018-09-26 1:43:54,Applicable,Stigma,
9hvetb,meToo,2018-09-25 2:44:00,Applicable,Stigma,"Experienced, Internalized, Anticipated"
9hvetb,meToo,2018-09-26 1:24:13,Applicable,Stigma,"Experienced, Internalized, Anticipated"
9g62x4,meToo,2018-09-17 18:44:34,Applicable,Stigma,"Experienced, Internalized"
9fziev,meToo,2018-09-15 15:19:38,Applicable,Stigma,Experienced
9fodpn,meToo,2018-09-14 3:56:37,Applicable,Stigma,"Experienced, Internalized, Anticipated"
9fodpn,meToo,2018-09-14 7:40:27,Applicable,Stigma,"Experienced, Internalized, Anticipated"
9fodpn,meToo,2018-09-14 12:16:34,Applicable,Stigma,"Experienced, Internalized, Anticipated"
9cs6dr,meToo,2018-09-04 14:51:03,Applicable,Stigma,Internalized
9cg8l0,meToo,2018-09-09 17:39:29,Applicable,Stigma,"Experienced, Internalized, Anticipated"
99jhr2,meToo,2018-08-24 0:53:45,Applicable,Stigma,"Experienced, Internalized, Anticipated"
99jhr2,meToo,2018-08-25 1:52:14,Applicable,Stigma,"Experienced, Internalized, Anticipated"
99jhr2,meToo,2018-08-24 0:58:07,Applicable,Stigma,"Experienced, Internalized, Anticipated"
99jhr2,meToo,2018-09-05 17:40:17,Applicable,Stigma,"Experienced, Internalized, Anticipated"
96g28l,meToo,2018-08-11 12:23:40,Applicable,Stigma,"Experienced, Internalized, Anticipated"
96g28l,meToo,2018-08-11 21:10:13,Applicable,Stigma,"Experienced, Internalized, Anticipated"
948q66,meToo,2018-08-03 21:36:33,Applicable,Stigma,Anticipated
93wr47,meToo,2018-08-02 7:45:19,Applicable,Stigma,
93wr47,meToo,2018-08-02 20:33:39,Applicable,Stigma,
8yqmuu,meToo,2018-07-14 5:16:34,Applicable,Stigma,Experienced
8ybr5c,meToo,2018-07-12 17:41:08,Applicable,Stigma,"Experienced, Internalized, Anticipated"
8ybr5c,meToo,2018-07-20 18:57:38,Applicable,Stigma,"Experienced, Internalized, Anticipated"
8y9tar,meToo,2018-07-19 21:58:53,Applicable,Stigma,"Experienced, Anticipated"
8y9tar,meToo,2018-07-12 15:18:00,Applicable,Stigma,"Experienced, Anticipated"
8y9tar,meToo,2018-07-12 20:37:38,Applicable,Stigma,"Experienced, Anticipated"
8y9tar,meToo,2018-07-27 3:16:42,Applicable,Stigma,"Experienced, Anticipated"
8y9tar,meToo,2018-10-05 16:16:06,Applicable,Stigma,"Experienced, Anticipated"
8y9iid,meToo,2018-07-12 13:39:56,Applicable,Stigma,"Experienced, Anticipated"
8y9iid,meToo,2018-07-12 15:59:43,Applicable,Stigma,"Experienced, Anticipated"
8wio73,meToo,2018-07-06 15:36:32,Applicable,Stigma,"Experienced, Internalized, Anticipated, Structural"
8wio73,meToo,2018-07-12 20:54:03,Applicable,Stigma,"Experienced, Internalized, Anticipated, Structural"
8veizq,meToo,2018-07-02 1:05:18,Applicable,Stigma,"Experienced, Anticipated, Structural"
8uy9vn,meToo,2018-06-30 3:37:26,Applicable,Stigma,"Experienced, Internalized, Anticipated"
8urbyr,meToo,2018-06-29 12:23:51,Applicable,Stigma,"Experienced, Anticipated, Structural"
8urbyr,meToo,2018-06-29 17:50:54,Applicable,Stigma,"Experienced, Anticipated, Structural"
8urbyr,meToo,2018-06-29 18:07:28,Applicable,Stigma,"Experienced, Anticipated, Structural"
8s66v9,meToo,2018-06-21 15:30:16,Applicable,Stigma,"Experienced, Anticipated"
8s66v9,meToo,2018-07-03 20:37:17,Applicable,Stigma,"Experienced, Anticipated"
8omntt,meToo,2018-06-05 12:20:17,Applicable,Stigma,"Experienced, Anticipated, Structural"
8nu1qt,meToo,2018-06-02 0:56:41,Applicable,Stigma,"Experienced, Anticipated, Structural"
8nu1qt,meToo,2018-06-01 19:02:08,Applicable,Stigma,"Experienced, Anticipated, Structural"
8nu1qt,meToo,2018-06-06 19:33:29,Applicable,Stigma,"Experienced, Anticipated, Structural"
8nl1ye,meToo,2018-05-31 19:40:51,Applicable,Stigma,"Experienced, Internalized"
8nl1ye,meToo,2018-06-01 5:17:49,Applicable,Stigma,"Experienced, Internalized"
8nl1ye,meToo,2018-06-01 4:07:49,Applicable,Stigma,"Experienced, Internalized"
8nl1ye,meToo,2018-06-05 6:52:58,Applicable,Stigma,"Experienced, Internalized"
8nl1ye,meToo,2018-06-01 14:59:20,Applicable,Stigma,"Experienced, Internalized"
8ndqoj,meToo,2018-05-31 2:27:36,Applicable,Stigma,"Experienced, Internalized, Anticipated"
8ndqoj,meToo,2018-05-31 5:50:07,Applicable,Stigma,"Experienced, Internalized, Anticipated"
8m48kg,meToo,2018-05-25 21:09:01,Applicable,Stigma,Structural
8m48kg,meToo,2018-05-28 20:50:42,Applicable,Stigma,Structural
8m48kg,meToo,2018-08-14 19:19:32,Applicable,Stigma,Structural
8m48kg,meToo,2018-05-26 9:22:29,Applicable,Stigma,Structural
8lqr3l,meToo,2018-05-24 7:24:32,Applicable,Stigma,Internalized
8kyxnz,meToo,2018-05-21 22:42:47,Applicable,Stigma,Internalized
8kyxnz,meToo,2018-05-22 13:36:08,Applicable,Stigma,Internalized
8ky751,meToo,2018-06-29 23:06:10,Applicable,Stigma,Anticipated
8kevey,meToo,2018-05-18 18:25:51,Applicable,Stigma,"Experienced, Internalized, Anticipated, Structural"
8jdl2y,meToo,2018-05-15 18:35:09,Applicable,Stigma,Internalized
8jdl2y,meToo,2018-05-14 20:20:45,Applicable,Stigma,Internalized
8hquq6,meToo,2018-05-08 5:34:17,Applicable,Stigma,"Experienced, Anticipated, Structural"
8e1v0c,meToo,2018-04-22 23:25:51,Applicable,Stigma,"Internalized, Anticipated"
8e1v0c,meToo,2018-04-22 7:38:54,Applicable,Stigma,"Internalized, Anticipated"
8c0h55,meToo,2018-04-13 16:26:19,Applicable,Stigma,"Experienced, Anticipated, Structural"
8c0h55,meToo,2018-04-13 19:57:53,Applicable,Stigma,"Experienced, Anticipated, Structural"
88ybyt,meToo,2018-04-02 18:37:22,Applicable,Stigma,"Experienced, Internalized, Anticipated"
88ybyt,meToo,2018-04-02 10:30:58,Applicable,Stigma,"Experienced, Internalized, Anticipated"
88ybyt,meToo,2018-04-26 20:51:29,Applicable,Stigma,"Experienced, Internalized, Anticipated"
88ybyt,meToo,2018-04-03 3:45:09,Applicable,Stigma,"Experienced, Internalized, Anticipated"
84jv1j,meToo,2018-03-15 22:57:15,Applicable,Stigma,Anticipated
84jv1j,meToo,2018-03-29 0:15:45,Applicable,Stigma,Anticipated
848ds9,meToo,2018-03-14 6:58:54,Applicable,Stigma,Internalized
7yib5a,meToo,2018-03-01 22:41:29,Applicable,Stigma,"Experienced, Anticipated, Structural"
7yib5a,meToo,2018-02-23 14:55:08,Applicable,Stigma,"Experienced, Anticipated, Structural"
7yib5a,meToo,2018-02-23 17:00:08,Applicable,Stigma,"Experienced, Anticipated, Structural"
7yib5a,meToo,2018-02-26 5:16:46,Applicable,Stigma,"Experienced, Anticipated, Structural"
7wh0kq,meToo,2018-02-10 0:26:05,Applicable,Stigma,"Experienced, Internalized, Anticipated"
7uw7um,meToo,2018-02-03 20:00:41,Applicable,Stigma,"Experienced, Internalized, Anticipated"
7toiqi,meToo,2018-01-29 0:45:26,Applicable,Stigma,"Experienced, Internalized, Structural"
7toiqi,meToo,2018-01-29 19:12:40,Applicable,Stigma,"Experienced, Internalized, Structural"
7row7k,meToo,2018-01-29 11:18:28,Applicable,Stigma,"Internalized, Anticipated"
7r75rx,meToo,2018-01-19 21:25:51,Applicable,Stigma,"Experienced, Internalized, Anticipated, Structural"
7r75rx,meToo,2018-01-18 18:47:49,Applicable,Stigma,"Experienced, Internalized, Anticipated, Structural"
7r75rx,meToo,2018-02-06 10:53:10,Applicable,Stigma,"Experienced, Internalized, Anticipated, Structural"
7r75rx,meToo,2018-01-18 18:42:14,Applicable,Stigma,"Experienced, Internalized, Anticipated, Structural"
7qhyct,meToo,2018-01-21 4:54:30,Applicable,Stigma,Internalized
7qhyct,meToo,2018-01-18 23:13:14,Applicable,Stigma,Internalized
7qhyct,meToo,2018-01-18 23:14:12,Applicable,Stigma,Internalized
7qhyct,meToo,2018-01-20 19:29:20,Applicable,Stigma,Internalized
7qhyct,meToo,2018-01-20 22:18:55,Applicable,Stigma,Internalized
7qhyct,meToo,2018-01-20 0:27:08,Applicable,Stigma,Internalized
7m9ikt,meToo,2017-12-27 15:51:45,Applicable,Stigma,"Experienced, Anticipated"
7m9ikt,meToo,2018-01-20 23:11:36,Applicable,Stigma,"Experienced, Anticipated"
7m9ikt,meToo,2018-01-08 8:01:54,Applicable,Stigma,"Experienced, Anticipated"
7kqs5q,meToo,2017-12-19 18:56:54,Applicable,Stigma,"Experienced, Internalized, Anticipated"
7kqs5q,meToo,2017-12-26 19:03:40,Applicable,Stigma,"Experienced, Internalized, Anticipated"
7klvhi,meToo,2017-12-19 18:58:01,Applicable,Stigma,Internalized
7klvhi,meToo,2017-12-20 21:30:24,Applicable,Stigma,Internalized
7jhqne,meToo,2017-12-20 21:37:04,Applicable,Stigma,
7jbj4u,meToo,2017-12-16 5:01:41,Applicable,Stigma,"Internalized, Anticipated"
7jbj4u,meToo,2017-12-23 1:27:48,Applicable,Stigma,"Internalized, Anticipated"
7h02oz,meToo,2017-12-09 19:05:58,Applicable,Stigma,"Experienced, Anticipated"
7h02oz,meToo,2017-12-06 18:33:37,Applicable,Stigma,"Experienced, Anticipated"
7h02oz,meToo,2017-12-08 22:47:20,Applicable,Stigma,"Experienced, Anticipated"
7gtioo,meToo,2017-12-01 20:25:04,Applicable,Stigma,"Experienced, Anticipated, Structural"
7gdc0w,meToo,2017-12-09 18:31:45,Applicable,Stigma,Experienced
7gdc0w,meToo,2017-12-12 17:36:36,Applicable,Stigma,Experienced
7eqqpu,meToo,2017-12-01 5:48:40,Applicable,Stigma,"Experienced, Internalized, Anticipated"
7eqqpu,meToo,2017-12-08 15:54:18,Applicable,Stigma,"Experienced, Internalized, Anticipated"
7af0ow,meToo,2017-11-03 18:04:48,Applicable,Stigma,"Experienced, Internalized, Anticipated"
77feji,meToo,2017-10-19 16:09:24,Applicable,Stigma,
773p38,meToo,2017-10-22 19:03:34,Applicable,Stigma,"Experienced, Internalized, Anticipated"